/*******************************************************************************
 * Size: 96 px
 * Bpp: 4
 * Opts: --font ..\..\components\flightview_views\fonts\source_ttf\JetBrainsMono-Bold.ttf --range 0x20-0x7E,0xB0 --size 96 --format lvgl --bpp 4 --lv-font-name fv_mono_96 --lv-include lvgl.h --no-kerning -o ..\..\components\flightview_views\fonts\fv_mono_96.c
 ******************************************************************************/

#ifdef LV_LVGL_H_INCLUDE_SIMPLE
#include "lvgl.h"
#else
#include "lvgl.h"
#endif

#ifndef FV_MONO_96
#define FV_MONO_96 1
#endif

#if FV_MONO_96

/*-----------------
 *    BITMAPS
 *----------------*/

/*Store the image of the glyphs*/
static LV_ATTRIBUTE_LARGE_CONST const uint8_t glyph_bitmap[] = {
    /* U+0020 " " */

    /* U+0021 "!" */
    0x0, 0x5f, 0xff, 0xff, 0x1, 0x0, 0x3f, 0xf9,
    0x2, 0x1, 0xff, 0xd1, 0x70, 0x8, 0xc0, 0x3f,
    0xfa, 0x22, 0x1, 0x8, 0x7, 0xff, 0x44, 0xc0,
    0x3f, 0xf9, 0x1e, 0x1, 0xff, 0xd1, 0x10, 0x8,
    0x40, 0x3f, 0xfa, 0xa6, 0x1, 0xff, 0xd0, 0x10,
    0xc, 0x20, 0x1f, 0xfd, 0x3, 0x0, 0xff, 0xe4,
    0xb8, 0x7, 0xff, 0x40, 0x40, 0x30, 0x80, 0x7f,
    0xf4, 0x1c, 0x3, 0x18, 0x7, 0xff, 0x40, 0x40,
    0x30, 0x80, 0x7f, 0xf4, 0xc, 0x3, 0xff, 0xcc,
    0x20, 0x1c, 0x20, 0x1f, 0xfc, 0xff, 0x0, 0xe3,
    0x0, 0xff, 0xe7, 0x88, 0x7, 0x8, 0x7, 0xff,
    0x3c, 0xc0, 0x3f, 0xf9, 0x4e, 0x1, 0xff, 0xcf,
    0x10, 0xe, 0x10, 0xf, 0xfe, 0x7b, 0x80, 0x71,
    0x80, 0x7f, 0xf3, 0xc4, 0x3, 0x84, 0x3, 0xff,
    0x9e, 0x60, 0x1f, 0xfc, 0xaf, 0x0, 0xff, 0xe7,
    0x88, 0x7, 0x8, 0x7, 0xff, 0x11, 0x5d, 0xff,
    0xa0, 0x3, 0xc7, 0x11, 0xfc, 0xe0, 0x1f, 0xff,
    0xf0, 0xf, 0xff, 0xc1, 0xc5, 0x5d, 0xea, 0x61,
    0x0, 0xf5, 0x63, 0xaa, 0x26, 0x59, 0xe6, 0x0,
    0xd8, 0xa0, 0x1f, 0xe9, 0x60, 0x3, 0x98, 0x7,
    0xff, 0x2, 0x48, 0x24, 0x3, 0xff, 0x85, 0x44,
    0x20, 0x1f, 0xfc, 0x24, 0x10, 0xf, 0xfe, 0x18,
    0x80, 0x7f, 0xf1, 0x4, 0xc0, 0x3f, 0xf8, 0x6a,
    0xa, 0x1, 0xff, 0xc2, 0xa0, 0xb1, 0x0, 0xff,
    0xe0, 0x31, 0x80, 0xe8, 0x80, 0x7f, 0x9a, 0x40,
    0x23, 0xe8, 0x31, 0x0, 0xc2, 0xb9, 0x20, 0x0,

    /* U+0022 "\"" */
    0xef, 0xff, 0xfb, 0x40, 0x3f, 0x93, 0xff, 0xff,
    0x81, 0x0, 0x1f, 0xfe, 0xe7, 0x0, 0xff, 0xe0,
    0x79, 0x80, 0x7f, 0xf8, 0xc4, 0x3, 0xf8, 0x40,
    0x3f, 0xf8, 0x22, 0x1, 0xff, 0xd6, 0x10, 0xf,
    0xfe, 0x3, 0x80, 0x7f, 0x18, 0x7, 0xff, 0x5,
    0xc0, 0x3f, 0xfa, 0xc6, 0x1, 0xff, 0xc0, 0x10,
    0xf, 0xe1, 0x0, 0xff, 0xe0, 0x88, 0x7, 0xff,
    0x58, 0x40, 0x3f, 0xfb, 0x6, 0x1, 0xff, 0x18,
    0x7, 0xff, 0x88, 0x40, 0x3f, 0xe7, 0x10, 0xf,
    0xf8, 0x40, 0x3f, 0xfc, 0x46, 0x1, 0xff, 0xf,
    0x80, 0x7f, 0xde, 0x1, 0xff, 0xe2, 0x10, 0xf,
    0xff, 0x19, 0x88, 0x7, 0xfc, 0x20, 0x1f, 0xfe,
    0x27, 0x0, 0xff, 0x84, 0xc0, 0x3f, 0xe3, 0x0,
    0xff, 0xf1, 0x8, 0x7, 0xff, 0x0, 0x40, 0x3f,
    0xe1, 0x0, 0xff, 0xf1, 0x18, 0x7, 0xff, 0x1,
    0xc0, 0x3f, 0xfa, 0xa2, 0x1, 0xff, 0xc1, 0x70,
    0xf, 0xf0, 0x80, 0x7f, 0xf0, 0x4, 0x3, 0xff,
    0xaa, 0x60, 0x1f, 0xfc, 0x11, 0x0, 0xff, 0x78,
    0x7, 0xff, 0x0, 0xc0, 0x3f, 0xfa, 0xa2, 0x0,

    /* U+0023 "#" */
    0x0, 0xff, 0xe2, 0x37, 0xff, 0xe0, 0xf, 0xfe,
    0xa, 0xff, 0xfe, 0x10, 0xf, 0xfe, 0x47, 0x80,
    0x7c, 0x40, 0x1f, 0xfc, 0x1d, 0x0, 0xf8, 0x44,
    0x1, 0xff, 0xc8, 0x50, 0xf, 0x9c, 0x3, 0xff,
    0x82, 0x60, 0x1f, 0x28, 0x7, 0xff, 0x24, 0xc0,
    0x3e, 0xd0, 0xf, 0xfe, 0xb, 0x0, 0x7c, 0x40,
    0x1f, 0xfc, 0x82, 0x0, 0xfc, 0x60, 0x1f, 0xfc,
    0x12, 0x0, 0xfb, 0xc0, 0x3f, 0xf9, 0xe, 0x1,
    0xf9, 0x80, 0x3f, 0xf8, 0x6, 0x1, 0xf9, 0x40,
    0x3f, 0xf9, 0x4, 0x1, 0xf8, 0x80, 0x3f, 0xf8,
    0xa, 0x1, 0xf8, 0xc0, 0x3f, 0xf9, 0x1a, 0x1,
    0xf1, 0x80, 0x7f, 0xf0, 0x7c, 0x3, 0xe2, 0x0,
    0xff, 0xe4, 0xb8, 0x7, 0xca, 0x1, 0xff, 0xc1,
    0x50, 0xf, 0x9c, 0x3, 0xff, 0x92, 0x40, 0x1f,
    0x78, 0x7, 0xff, 0x4, 0xc0, 0x3e, 0xd0, 0xf,
    0xfe, 0x41, 0x80, 0x7e, 0x50, 0xf, 0xfe, 0x1,
    0x0, 0x7e, 0x30, 0xf, 0xfe, 0x42, 0x80, 0x7e,
    0x30, 0xf, 0xfe, 0x3, 0x80, 0x7e, 0x50, 0xf,
    0xfe, 0x47, 0x80, 0x7c, 0x40, 0x1f, 0xfc, 0x1d,
    0x0, 0xf8, 0x44, 0x1, 0xff, 0xc8, 0x50, 0xf,
    0x9c, 0x3, 0xff, 0x82, 0x40, 0x1f, 0x10, 0x7,
    0xff, 0x24, 0xc0, 0x3e, 0xd0, 0xf, 0xfe, 0xb,
    0x80, 0x7c, 0xa0, 0x1f, 0xfc, 0x82, 0x0, 0xfc,
    0x60, 0x1f, 0xfc, 0x12, 0x0, 0xfb, 0xc0, 0x3f,
    0xf9, 0xc, 0x1, 0xf9, 0x80, 0x3f, 0xf8, 0x6,
    0x1, 0xf9, 0x40, 0x3f, 0xf9, 0x6, 0x1, 0xf8,
    0x80, 0x3f, 0xf8, 0xa, 0x1, 0xf8, 0xc0, 0x3f,
    0xc9, 0xff, 0xfd, 0x0, 0x1f, 0xbf, 0xff, 0xf8,
    0x32, 0x1, 0xfb, 0xff, 0xe3, 0x0, 0xff, 0xff,
    0x80, 0x7f, 0xff, 0xc0, 0x3f, 0xff, 0xe0, 0x1f,
    0xff, 0xf0, 0xf, 0xff, 0xba, 0x66, 0x7d, 0x60,
    0x1f, 0xa3, 0x33, 0xff, 0x82, 0x1, 0xf9, 0xf3,
    0x3f, 0x18, 0x6, 0x33, 0xf8, 0x3, 0xf9, 0xc,
    0xff, 0xf8, 0x2, 0x1, 0xfb, 0xc, 0xff, 0x0,
    0x7f, 0xf0, 0x8, 0x3, 0xf1, 0x80, 0x7f, 0xf0,
    0x1c, 0x3, 0xf2, 0x80, 0x7f, 0xf2, 0x3c, 0x3,
    0xe2, 0x0, 0xff, 0xe0, 0xe8, 0x7, 0xe1, 0x0,
    0xff, 0xe4, 0x28, 0x7, 0xcc, 0x1, 0xff, 0xc1,
    0x20, 0xf, 0x8c, 0x3, 0xff, 0x92, 0x40, 0x1f,
    0x18, 0x7, 0xff, 0x5, 0xc0, 0x3e, 0x50, 0xf,
    0xfe, 0x40, 0x88, 0x3, 0xed, 0x0, 0xff, 0xe0,
    0x90, 0x7, 0xde, 0x1, 0xff, 0xc8, 0x50, 0xf,
    0xce, 0x1, 0xff, 0xc0, 0x20, 0xf, 0xc4, 0x1,
    0xff, 0xc8, 0x20, 0xf, 0xc4, 0x1, 0xff, 0xc0,
    0x70, 0xf, 0xca, 0x1, 0xff, 0xc8, 0xf0, 0xf,
    0x88, 0x3, 0xff, 0x83, 0xa0, 0x1f, 0x8, 0x80,
    0x3f, 0xf9, 0xa, 0x1, 0xf3, 0x80, 0x7f, 0xf0,
    0x4c, 0x3, 0xe2, 0x0, 0xff, 0xe4, 0x90, 0x7,
    0xc4, 0x1, 0xff, 0xc1, 0x60, 0xf, 0x94, 0x3,
    0xff, 0x90, 0x22, 0x0, 0xfb, 0x40, 0x3f, 0xf8,
    0x24, 0x1, 0xf7, 0x80, 0x7f, 0xf2, 0x14, 0x3,
    0xf3, 0x80, 0x7f, 0xf0, 0xc, 0x3, 0xf1, 0x0,
    0x7f, 0xf2, 0xc, 0x3, 0xf1, 0x0, 0x7f, 0xf0,
    0x18, 0x3, 0xf2, 0x80, 0x7f, 0xf2, 0x38, 0x3,
    0xe2, 0x0, 0xff, 0xe0, 0xe8, 0x7, 0xc2, 0x20,
    0xf, 0xfe, 0x42, 0x80, 0x7c, 0xe0, 0x1f, 0xfc,
    0x13, 0x0, 0xf9, 0x40, 0x3f, 0xf8, 0x4, 0x67,
    0xfc, 0x1, 0xf1, 0x9f, 0xff, 0x9, 0x40, 0x3e,
    0x13, 0x3f, 0x88, 0x3, 0x46, 0x67, 0xe0, 0xf,
    0xcd, 0x99, 0xff, 0xc1, 0x10, 0xf, 0x97, 0x33,
    0xf0, 0x7, 0xff, 0xfc, 0x3, 0xff, 0xfe, 0x1,
    0xff, 0xff, 0x0, 0xff, 0xff, 0x80, 0x7f, 0xfe,
    0x2b, 0xff, 0xd2, 0x1, 0xf0, 0xff, 0xff, 0xf0,
    0x68, 0x3, 0xf7, 0xff, 0xf7, 0x0, 0x7f, 0xde,
    0x1, 0xf1, 0x0, 0x7f, 0xf0, 0x74, 0x3, 0xe2,
    0x0, 0xff, 0xe4, 0xa8, 0x7, 0xca, 0x1, 0xff,
    0xc1, 0x30, 0xf, 0x9c, 0x3, 0xff, 0x92, 0x60,
    0x1f, 0x78, 0x7, 0xff, 0x5, 0x40, 0x3e, 0xd0,
    0xf, 0xfe, 0x41, 0x0, 0x7e, 0x50, 0xf, 0xfe,
    0x8, 0x80, 0x7c, 0x40, 0x1f, 0xfc, 0x87, 0x0,
    0xfc, 0x40, 0x1f, 0xfc, 0x3, 0x0, 0xfc, 0xe0,
    0x1f, 0xfc, 0x82, 0x0, 0xf8, 0x44, 0x1, 0xff,
    0xc0, 0x50, 0xf, 0xc4, 0x1, 0xff, 0xc8, 0xd0,
    0xf, 0x94, 0x3, 0xff, 0x83, 0xe0, 0x1f, 0x18,
    0x7, 0xff, 0x25, 0xc0, 0x3e, 0x30, 0xf, 0xfe,
    0xa, 0x80, 0x7c, 0xc0, 0x1f, 0xfc, 0x92, 0x0,
    0xfb, 0x80, 0x3f, 0xf8, 0x26, 0x1, 0xf6, 0x80,
    0x7f, 0xf2, 0xc, 0x3, 0xf2, 0x80, 0x7f, 0xf0,
    0x4, 0x3, 0xf1, 0x80, 0x7f, 0xf2, 0x14, 0x3,
    0xf1, 0x80, 0x7f, 0xf0, 0x14, 0x3, 0xf2, 0x80,
    0x7f, 0xf2, 0x38, 0x3, 0xe2, 0x0, 0xff, 0xe0,
    0x98, 0x7, 0xe1, 0x0, 0xff, 0xe4, 0x18, 0x7,
    0xcc, 0x1, 0xff, 0xc1, 0xd0, 0xf, 0x8c, 0x3,
    0xff, 0x92, 0xa0, 0x1f, 0x18, 0x7, 0xff, 0x5,
    0xc0, 0x3e, 0x50, 0xf, 0xfe, 0x40, 0x88, 0x3,
    0xed, 0x0, 0xff, 0xe0, 0x90, 0x7, 0xde, 0x1,
    0xff, 0xc8, 0x50, 0xf, 0xce, 0x1, 0xff, 0xc0,
    0x20, 0xf, 0xc4, 0x1, 0xff, 0xc8, 0x20, 0xf,
    0xc4, 0x1, 0xff, 0xc0, 0x70, 0xf, 0xca, 0x1,
    0xff, 0xc8, 0x27, 0x7f, 0xa0, 0x3, 0xff, 0x82,
    0xce, 0xff, 0x40, 0x80, 0x7f, 0xf1, 0x0,

    /* U+0024 "$" */
    0x0, 0xff, 0xe4, 0xb, 0x37, 0x20, 0x7, 0xff,
    0x74, 0xe6, 0x7a, 0x0, 0x3f, 0xff, 0xe0, 0x1f,
    0xff, 0xf0, 0xf, 0xff, 0xf8, 0x7, 0xff, 0xfc,
    0x3, 0xff, 0xfe, 0x1, 0xff, 0xff, 0x0, 0xff,
    0xff, 0x80, 0x7f, 0xf7, 0x49, 0x5e, 0x0, 0x38,
    0xea, 0x18, 0x80, 0x3f, 0xfa, 0x6b, 0x5d, 0xb5,
    0xa, 0x1, 0xe5, 0x79, 0xde, 0xa5, 0x0, 0xff,
    0xe6, 0x8c, 0x75, 0x28, 0x80, 0x7f, 0xf0, 0x85,
    0x6b, 0xe0, 0x40, 0x3f, 0xf9, 0x2d, 0xce, 0x20,
    0x1f, 0xfc, 0x97, 0xe7, 0x0, 0xff, 0xe3, 0xe,
    0x48, 0x7, 0xff, 0x3a, 0x30, 0x40, 0x3f, 0xf8,
    0x65, 0xe6, 0x1, 0xff, 0xd0, 0x3f, 0x20, 0xf,
    0xfe, 0x9, 0x60, 0x80, 0x7f, 0xf4, 0x87, 0x8,
    0x3, 0xfe, 0x1c, 0x10, 0xf, 0xfe, 0xa0, 0xe0,
    0x80, 0x7f, 0xa8, 0x40, 0x3f, 0xfa, 0xc3, 0x40,
    0x1f, 0xcc, 0x80, 0x1f, 0xfd, 0x84, 0x60, 0xf,
    0xd0, 0x1, 0xff, 0xda, 0x80, 0xf, 0x9c, 0x40,
    0x3f, 0xf8, 0x2b, 0x78, 0x1, 0xc7, 0xb2, 0x40,
    0x1f, 0xfc, 0x11, 0x70, 0xf, 0x50, 0x7, 0xff,
    0x0, 0xf6, 0x90, 0x40, 0x3c, 0x4d, 0xb4, 0x20,
    0x1f, 0xfc, 0xa, 0x0, 0xe3, 0x20, 0xf, 0xf8,
    0xf0, 0x80, 0x3f, 0xf8, 0xb, 0x82, 0x1, 0xff,
    0x11, 0x0, 0x32, 0x0, 0x7f, 0xf0, 0x34, 0x3,
    0xff, 0x86, 0x54, 0x1, 0xff, 0xc0, 0x50, 0xd,
    0x80, 0x1f, 0xf3, 0x8, 0x7, 0xff, 0x11, 0x10,
    0x1, 0xff, 0x68, 0x6, 0x60, 0xf, 0xfa, 0x80,
    0x3f, 0xf8, 0xdc, 0x1, 0xff, 0x38, 0x6, 0x20,
    0xf, 0xf8, 0xc0, 0x3f, 0xf8, 0xc8, 0x1, 0xff,
    0x10, 0x7, 0xff, 0x5c, 0x40, 0x3f, 0xf8, 0x62,
    0x1, 0xff, 0x8, 0x7, 0xff, 0x21, 0xdf, 0xff,
    0x80, 0x1, 0xff, 0xc3, 0x10, 0xf, 0xfe, 0x44,
    0x47, 0xff, 0x0, 0x2, 0x10, 0xf, 0xfe, 0x1,
    0x0, 0x7f, 0xf8, 0xd0, 0x3, 0xff, 0xae, 0x40,
    0x1f, 0xf5, 0x80, 0x7f, 0xf5, 0xdc, 0x3, 0xfe,
    0x25, 0x0, 0xff, 0xeb, 0x60, 0x7, 0xff, 0x2,
    0xc8, 0x3, 0xff, 0xaa, 0x80, 0x1f, 0xfc, 0x1,
    0xf2, 0x0, 0xff, 0xea, 0x11, 0x80, 0x7f, 0xf0,
    0xb, 0x58, 0x3, 0xff, 0xa9, 0x40, 0x1f, 0xfc,
    0x29, 0xdb, 0x0, 0xff, 0xe9, 0x30, 0x80, 0x7f,
    0xf0, 0x89, 0x80, 0x3f, 0xfa, 0x70, 0x1, 0xff,
    0xc9, 0x26, 0x10, 0xf, 0xfe, 0x5b, 0x18, 0x7,
    0xff, 0x20, 0x67, 0xb6, 0xc, 0x3, 0xff, 0x93,
    0xc0, 0x1f, 0xfc, 0xb2, 0x7c, 0xd8, 0x20, 0xf,
    0xfe, 0x31, 0x58, 0x7, 0xff, 0x34, 0x9f, 0x68,
    0x80, 0x3f, 0xf8, 0xa9, 0x40, 0x1f, 0xfc, 0xf5,
    0xd9, 0x0, 0xff, 0xe2, 0xad, 0x0, 0x7f, 0xf4,
    0x1b, 0x4c, 0x3, 0xff, 0x88, 0xba, 0x40, 0x1f,
    0xfc, 0xf2, 0xc6, 0x0, 0xff, 0xe2, 0x16, 0xb0,
    0x7, 0xff, 0x42, 0x54, 0x3, 0xff, 0x8b, 0x3a,
    0xa0, 0x1f, 0xfc, 0xfa, 0x50, 0xf, 0xfe, 0x29,
    0x56, 0xb0, 0x80, 0x7f, 0xf3, 0x68, 0xc0, 0x3f,
    0xf8, 0xc5, 0x3d, 0x8c, 0x20, 0x1f, 0xfc, 0xbe,
    0x0, 0xff, 0xe4, 0x9c, 0xf5, 0x80, 0x7f, 0xf2,
    0x89, 0xc0, 0x3f, 0xf9, 0x6c, 0x1, 0xff, 0xcb,
    0x80, 0xf, 0xfe, 0x89, 0x52, 0x80, 0x7f, 0xf1,
    0x1c, 0x3, 0xff, 0xa0, 0x2b, 0x5c, 0xc0, 0x1f,
    0xfc, 0x2a, 0x0, 0xff, 0xe9, 0x8c, 0xd8, 0x7,
    0xff, 0x4, 0x88, 0x1, 0xff, 0xd4, 0x4b, 0x0,
    0xff, 0xe0, 0xa8, 0x7, 0xff, 0x55, 0x20, 0x3,
    0xff, 0x81, 0xa0, 0x1f, 0xfd, 0x67, 0x20, 0xf,
    0xf9, 0xc0, 0x3f, 0xfa, 0xf4, 0x1, 0xff, 0x10,
    0x7, 0xff, 0x5d, 0x40, 0x3f, 0xfc, 0x64, 0x1,
    0xff, 0xc0, 0x13, 0x66, 0xff, 0x8c, 0x3, 0xff,
    0x94, 0x20, 0x1f, 0xfc, 0x4, 0x99, 0xff, 0xac,
    0x3, 0xff, 0xae, 0x20, 0x1f, 0xf1, 0x0, 0x7f,
    0xf2, 0x84, 0x3, 0xfe, 0x13, 0x0, 0xff, 0x90,
    0x3, 0xff, 0x92, 0x80, 0x1f, 0xf0, 0x83, 0x80,
    0x7f, 0xc2, 0xa0, 0x1f, 0xfc, 0x8d, 0x0, 0xff,
    0x94, 0x8, 0x3, 0xff, 0x81, 0x0, 0x1f, 0xfc,
    0x72, 0x60, 0xf, 0xf8, 0xc0, 0x8, 0x1, 0xff,
    0x15, 0x0, 0x7f, 0xf1, 0xb8, 0x3, 0xff, 0x81,
    0x60, 0xd, 0x0, 0xff, 0xe0, 0x2d, 0x88, 0x7,
    0xff, 0x8, 0x70, 0xc0, 0x3f, 0xe1, 0x30, 0x3,
    0x0, 0x7f, 0xf0, 0x53, 0xdc, 0x3, 0xff, 0x80,
    0xde, 0x60, 0x1f, 0xfc, 0x6, 0x0, 0xce, 0x1,
    0xff, 0xc1, 0x18, 0xfa, 0xa0, 0x7, 0xb, 0x4f,
    0x48, 0x80, 0x7f, 0xf0, 0x64, 0x3, 0x48, 0x80,
    0x7f, 0xf0, 0xd5, 0xc0, 0x38, 0xa5, 0x84, 0x3,
    0xff, 0x85, 0x2, 0x1, 0x86, 0x0, 0x3f, 0xfb,
    0x66, 0xe0, 0x1e, 0x65, 0x0, 0xff, 0xed, 0x70,
    0x7, 0xea, 0x40, 0xf, 0xfe, 0xc6, 0x10, 0x7,
    0xf5, 0xa0, 0x7, 0xff, 0x5a, 0xcc, 0x3, 0xfe,
    0xb6, 0x0, 0xff, 0xe9, 0x96, 0x20, 0x7, 0xff,
    0x6, 0x68, 0x40, 0x3f, 0xfa, 0xb, 0xa6, 0x1,
    0xff, 0xc3, 0x5e, 0x70, 0xf, 0xfe, 0x69, 0xe5,
    0x0, 0x7f, 0xf1, 0xe3, 0xe4, 0xc0, 0x3f, 0xf9,
    0xb, 0x78, 0x60, 0x1f, 0xfc, 0xa6, 0xcd, 0x95,
    0x20, 0xf, 0xfe, 0x1, 0x35, 0x75, 0x20, 0x7,
    0xff, 0x38, 0x9a, 0xb7, 0xf6, 0x80, 0x38, 0xaf,
    0x7f, 0x65, 0x44, 0x3, 0xff, 0xaa, 0x4e, 0x1,
    0xc2, 0x84, 0x1, 0xff, 0xff, 0x0, 0xff, 0xff,
    0x80, 0x7f, 0xff, 0xc0, 0x3f, 0xff, 0xe0, 0x1f,
    0xff, 0xf0, 0xf, 0xff, 0xf8, 0x7, 0xff, 0xfc,
    0x3, 0xff, 0x94,

    /* U+0025 "%" */
    0x0, 0xff, 0x8d, 0x15, 0x95, 0xc, 0x3, 0xff,
    0xc8, 0xf7, 0xf9, 0x75, 0x35, 0x79, 0xf6, 0xc0,
    0x1f, 0xfc, 0xf5, 0xff, 0xfc, 0x80, 0x1e, 0x8e,
    0x84, 0x0, 0xfe, 0x49, 0xe7, 0x0, 0xff, 0xe6,
    0xd, 0x0, 0x7c, 0xc8, 0x1, 0x8b, 0x1c, 0x40,
    0x3f, 0xf8, 0x23, 0x16, 0x20, 0x1f, 0xfc, 0xaa,
    0x0, 0xf8, 0xa4, 0x3, 0x16, 0x18, 0x7, 0xff,
    0x15, 0x30, 0x40, 0x3f, 0xf9, 0xe, 0x80, 0x1f,
    0x70, 0x6, 0x1f, 0x10, 0xf, 0xfe, 0x39, 0x68,
    0x7, 0xff, 0x1c, 0xa0, 0x3, 0xe8, 0x30, 0xd,
    0x64, 0x1, 0xff, 0xc9, 0x38, 0x0, 0xff, 0xe3,
    0x70, 0x7, 0xc6, 0xe0, 0x18, 0x94, 0x3, 0xff,
    0x96, 0xe2, 0x1, 0xff, 0xc4, 0x83, 0x0, 0xfb,
    0x80, 0x3a, 0xc0, 0x3f, 0x8e, 0xbb, 0xfa, 0xd0,
    0x3, 0xfa, 0x40, 0x3f, 0xf8, 0x66, 0xe0, 0x1f,
    0x49, 0x0, 0x73, 0x80, 0x7e, 0x5c, 0x51, 0x1,
    0x4b, 0x70, 0xf, 0xca, 0x1, 0xff, 0xc3, 0xe0,
    0xf, 0x91, 0x80, 0x38, 0x84, 0x3, 0xe2, 0xa0,
    0xf, 0xa0, 0xc0, 0x3e, 0x22, 0x0, 0x7f, 0xf0,
    0x64, 0x80, 0x3c, 0x34, 0x1, 0xe6, 0x0, 0xfd,
    0x40, 0x1f, 0xd2, 0x1, 0xf9, 0x80, 0x3f, 0xf8,
    0x8, 0xc0, 0x1f, 0x58, 0x80, 0x78, 0x40, 0x3f,
    0x20, 0x7, 0xf3, 0x80, 0x7e, 0x20, 0xf, 0xf8,
    0x68, 0x3, 0xe5, 0x50, 0x7, 0xc6, 0x1, 0xf8,
    0x40, 0x3f, 0x88, 0x3, 0xf0, 0x80, 0x7f, 0xd4,
    0x20, 0x1e, 0x1a, 0x0, 0xff, 0xec, 0x78, 0x7,
    0xf9, 0x90, 0x3, 0xea, 0x0, 0xff, 0xf1, 0x94,
    0x80, 0x7c, 0xe8, 0x1, 0xff, 0xe3, 0xe0, 0xf,
    0x8a, 0x0, 0x3f, 0xfc, 0x6e, 0x60, 0x1f, 0x78,
    0x7, 0xff, 0x8c, 0xe0, 0x3, 0xe8, 0x20, 0xf,
    0xff, 0x1f, 0x0, 0x7c, 0x6e, 0x1, 0xff, 0xd3,
    0x10, 0xf, 0xde, 0x1, 0xe9, 0x20, 0xf, 0xb8,
    0x3, 0xff, 0x82, 0x60, 0x1f, 0x98, 0x3, 0xf8,
    0x80, 0x3f, 0x8, 0x7, 0x23, 0x0, 0x7d, 0x24,
    0x1, 0xff, 0xc1, 0x60, 0xf, 0xda, 0x1, 0xfd,
    0x60, 0x1f, 0x88, 0x3, 0xd, 0x0, 0x7c, 0x8c,
    0x1, 0xff, 0xc2, 0x30, 0xf, 0xcc, 0x40, 0x1f,
    0x13, 0x80, 0x7e, 0x50, 0xd, 0x62, 0x1, 0xe1,
    0xa0, 0xf, 0xfe, 0x21, 0x80, 0x7e, 0xc3, 0x0,
    0xe3, 0xf0, 0xf, 0xc6, 0x20, 0x12, 0xa8, 0x3,
    0xea, 0x10, 0xf, 0xfe, 0x25, 0x80, 0x7e, 0x1c,
    0xb8, 0x78, 0xbc, 0x20, 0xf, 0xd6, 0x1, 0xd,
    0x80, 0x7c, 0xc8, 0x1, 0xff, 0xc5, 0x71, 0x0,
    0xfe, 0x47, 0x87, 0x40, 0xf, 0xe1, 0x70, 0xa,
    0x84, 0x3, 0xc5, 0x20, 0x1f, 0xfc, 0x78, 0x0,
    0xff, 0xe5, 0xd8, 0x4, 0xc8, 0x1, 0xf7, 0x0,
    0x7f, 0xf2, 0x19, 0x80, 0x1f, 0xfc, 0x97, 0x50,
    0x1, 0x48, 0x7, 0xce, 0x60, 0x1f, 0xfc, 0x99,
    0x50, 0xf, 0xfe, 0x3b, 0x40, 0x5, 0xc0, 0x1f,
    0x1c, 0x0, 0x7f, 0xf2, 0xea, 0x0, 0x3f, 0xf8,
    0xb3, 0x20, 0xa, 0xc, 0x3, 0xee, 0x0, 0xff,
    0xe6, 0xbe, 0xb0, 0x7, 0xff, 0x5, 0xf9, 0x80,
    0x23, 0x70, 0xf, 0xa0, 0x80, 0x3f, 0xf9, 0xc5,
    0x3d, 0x4c, 0x64, 0x20, 0x24, 0x6f, 0x7f, 0x2,
    0x1, 0xb8, 0x3, 0xe4, 0x70, 0xf, 0xfe, 0x88,
    0xac, 0xe6, 0xf7, 0xf6, 0xe4, 0x20, 0x7, 0xa4,
    0x80, 0x3c, 0x34, 0x1, 0xff, 0xe3, 0x46, 0x0,
    0xfa, 0xc4, 0x3, 0xff, 0xc4, 0x34, 0x1, 0xf2,
    0xa8, 0x3, 0xff, 0xc7, 0x62, 0x1, 0xe1, 0xb0,
    0xf, 0xff, 0x1a, 0xa8, 0x3, 0xea, 0x10, 0xf,
    0xff, 0x10, 0xd0, 0x7, 0xcc, 0x80, 0x1f, 0xfe,
    0x3d, 0x0, 0xf8, 0xa4, 0x3, 0xe1, 0x34, 0x66,
    0x21, 0x88, 0x7, 0xff, 0x51, 0xcc, 0x3, 0xee,
    0x0, 0xe3, 0x9d, 0xec, 0xb9, 0x95, 0xe7, 0x6c,
    0x98, 0x7, 0xff, 0x40, 0xa0, 0x3, 0xe8, 0x30,
    0x8, 0xaf, 0x18, 0x80, 0x3f, 0x13, 0x65, 0x98,
    0x7, 0xff, 0x3b, 0xc0, 0x3e, 0x37, 0x0, 0x9b,
    0x50, 0x3, 0xff, 0x84, 0x98, 0xe0, 0x1f, 0xfc,
    0xc8, 0x20, 0xf, 0xb8, 0x2, 0x89, 0x0, 0xff,
    0xe3, 0x44, 0x80, 0x7f, 0xf2, 0x8d, 0xc0, 0x3e,
    0x92, 0x0, 0x2b, 0x80, 0x7f, 0xf2, 0x19, 0x80,
    0x1f, 0xfc, 0x9e, 0x0, 0xf9, 0x18, 0x0, 0x34,
    0x1, 0xff, 0xca, 0x92, 0x0, 0xff, 0xe3, 0xd1,
    0x0, 0x78, 0x68, 0x2, 0x80, 0xf, 0xfe, 0x64,
    0x0, 0x7f, 0xf1, 0x95, 0x40, 0x1f, 0x58, 0x80,
    0x4c, 0x1, 0xfc, 0xf9, 0xfe, 0xd7, 0x0, 0xfe,
    0x52, 0x0, 0xff, 0xe2, 0xd, 0x80, 0x7c, 0xaa,
    0x0, 0x94, 0x3, 0xfb, 0x20, 0xc0, 0x5, 0x1a,
    0x20, 0x1f, 0x90, 0x3, 0xff, 0x89, 0x42, 0x1,
    0xe1, 0xa0, 0xd, 0x80, 0x1f, 0xa4, 0xc0, 0x3c,
    0x54, 0x1, 0xfb, 0x40, 0x3f, 0xf8, 0x6c, 0x80,
    0x1f, 0x68, 0x7, 0x10, 0x7, 0xc2, 0xc0, 0x1f,
    0x90, 0x80, 0x3e, 0x60, 0xf, 0xfe, 0x11, 0x48,
    0x7, 0xce, 0x60, 0x1c, 0xc0, 0x1f, 0x28, 0x7,
    0xf9, 0x0, 0x3e, 0x30, 0xf, 0xfe, 0x17, 0x0,
    0x7c, 0x50, 0x1, 0xe3, 0x0, 0xf8, 0x40, 0x3f,
    0xc2, 0x1, 0xf0, 0x80, 0x7f, 0xf0, 0x5c, 0xc0,
    0x3e, 0xf0, 0xf, 0xff, 0x19, 0xc0, 0x7, 0xd0,
    0x40, 0x1f, 0xfe, 0x3e, 0x0, 0xf8, 0xdc, 0x3,
    0xff, 0xc7, 0x24, 0x1, 0xf7, 0x0, 0x7f, 0xf8,
    0xd1, 0x80, 0x3e, 0x92, 0x0, 0xff, 0xf1, 0xd,
    0x0, 0x7c, 0xac, 0x1, 0xff, 0xe3, 0xb1, 0x0,
    0xf0, 0xd8, 0x7, 0xfc, 0x60, 0x1f, 0xfc, 0x61,
    0x0, 0xff, 0xe2, 0x2a, 0x80, 0x3e, 0xa1, 0x0,
    0xff, 0x84, 0x3, 0xe6, 0x0, 0xff, 0x10, 0x7,
    0xc2, 0x1, 0xf0, 0xd8, 0x7, 0xcc, 0x80, 0x1f,
    0xfc, 0x7, 0x0, 0xf8, 0xc4, 0x3, 0xf0, 0xa0,
    0x7, 0xc4, 0x1, 0xf5, 0x8, 0x7, 0x8a, 0x40,
    0x3f, 0xf8, 0x38, 0x1, 0xfa, 0xc0, 0x3f, 0x58,
    0x7, 0xe5, 0x0, 0xf3, 0x20, 0x7, 0xdc, 0x1,
    0xff, 0xc2, 0x40, 0xf, 0xcb, 0x42, 0x1, 0x86,
    0x54, 0x3, 0xf6, 0x80, 0x71, 0x48, 0x7, 0xce,
    0x60, 0x1f, 0xfc, 0x23, 0x20, 0xf, 0xcb, 0xd7,
    0x10, 0xbe, 0x60, 0xf, 0xc2, 0x80, 0x1d, 0xc0,
    0x1f, 0x1c, 0x0, 0x7f, 0xf1, 0x20, 0x3, 0xfc,
    0x8e, 0xe4, 0x0, 0xff, 0x48, 0x7, 0x41, 0x80,
    0x7d, 0xc0, 0x1f, 0xfc, 0x55, 0x30, 0xf, 0xfe,
    0x51, 0x38, 0x6, 0x37, 0x0, 0xfa, 0x48, 0x3,
    0xff, 0x8d, 0xa4, 0x1, 0xff, 0xc8, 0x1f, 0x0,
    0xee, 0x0, 0xf9, 0x18, 0x3, 0xff, 0x8e, 0x3e,
    0x40, 0x1f, 0xfc, 0x61, 0xd2, 0x0, 0xd2, 0x40,
    0x1e, 0x1a, 0x0, 0xff, 0xe4, 0x96, 0x20, 0x7,
    0xff, 0x10, 0xfc, 0xc0, 0x32, 0x30, 0x7, 0xd6,
    0x20, 0x1f, 0xfc, 0xa1, 0xbb, 0x20, 0x7, 0xff,
    0x0, 0xeb, 0x4, 0x3, 0x89, 0xdf, 0xe9, 0x50,
    0xf, 0xfe, 0x6a, 0x5e, 0xca, 0x90, 0x80, 0x4,
    0x96, 0x77, 0x14, 0x3, 0xe0,

    /* U+0026 "&" */
    0x0, 0xff, 0xe4, 0x24, 0x5e, 0xf7, 0xfb, 0xb6,
    0xe1, 0x40, 0x3f, 0xfc, 0x7, 0x5f, 0x6e, 0x84,
    0x20, 0x1, 0x24, 0x7a, 0xfb, 0x40, 0xf, 0xfe,
    0xd9, 0x5e, 0x28, 0x7, 0xff, 0x9, 0x2f, 0xc,
    0x3, 0xff, 0xb0, 0xfa, 0x80, 0x1f, 0xfc, 0x63,
    0xc8, 0x0, 0xff, 0xeb, 0x5c, 0x0, 0x7f, 0xf2,
    0x9e, 0xc0, 0x3f, 0xfa, 0x96, 0x80, 0x1f, 0xfc,
    0xc4, 0xc0, 0xf, 0xfe, 0x94, 0xa0, 0x7, 0xff,
    0x38, 0xe8, 0x3, 0xff, 0xa0, 0x8c, 0x1, 0xff,
    0xd0, 0x56, 0x0, 0xff, 0xe7, 0xc8, 0x7, 0xff,
    0x4a, 0x44, 0x3, 0xff, 0x9a, 0xa4, 0x1, 0xff,
    0xc1, 0x13, 0x30, 0x80, 0x7f, 0xf0, 0xa0, 0x3,
    0xff, 0x9b, 0xc0, 0x1f, 0xfc, 0x4, 0xce, 0xcc,
    0x76, 0xb0, 0x7, 0xff, 0x1, 0x84, 0x3, 0xff,
    0x96, 0x28, 0x1, 0xff, 0x45, 0x98, 0x6, 0x29,
    0xb0, 0xf, 0xfe, 0x3, 0x0, 0x7f, 0xf2, 0xd4,
    0x3, 0xfe, 0x67, 0x0, 0xfc, 0x96, 0x1, 0xff,
    0x58, 0x7, 0xff, 0x2c, 0xc0, 0x3f, 0xe8, 0x0,
    0xff, 0x23, 0x0, 0x7f, 0x8c, 0x40, 0x3f, 0xf9,
    0x5e, 0x1, 0xfe, 0x31, 0x0, 0xff, 0xac, 0x3,
    0xfe, 0x50, 0xf, 0xfe, 0x50, 0x80, 0x7f, 0x94,
    0x3, 0xff, 0x80, 0x46, 0x1, 0xfe, 0x30, 0xf,
    0xfe, 0x50, 0x80, 0x7f, 0xf3, 0x10, 0x3, 0xfd,
    0xc0, 0x1f, 0xfc, 0xaf, 0x0, 0xff, 0x10, 0x7,
    0xff, 0x7, 0x80, 0x3f, 0xc6, 0x1, 0xff, 0xca,
    0x30, 0xf, 0xf2, 0x80, 0x7f, 0xf0, 0x48, 0xcf,
    0xfc, 0x40, 0x1f, 0xfc, 0xa4, 0x0, 0xff, 0xa,
    0x80, 0x7f, 0xf0, 0x13, 0x33, 0xfd, 0x0, 0x1f,
    0xfc, 0xb4, 0x0, 0xff, 0x48, 0x7, 0xff, 0x8f,
    0xc0, 0x3f, 0xc6, 0xc0, 0x1f, 0xfe, 0x24, 0x20,
    0xf, 0xf4, 0x90, 0x7, 0xff, 0x8a, 0x0, 0x3f,
    0xef, 0x0, 0xff, 0xf1, 0x29, 0x80, 0x7f, 0x8a,
    0x80, 0x3f, 0xfc, 0x5c, 0x1, 0xff, 0x2b, 0x0,
    0x7f, 0xf8, 0x4a, 0x0, 0x3f, 0xe9, 0x30, 0xf,
    0xff, 0xb, 0xa0, 0x7, 0xfd, 0xa2, 0x1, 0xff,
    0xe1, 0xa1, 0x0, 0xff, 0xd, 0x0, 0x7f, 0xf8,
    0x98, 0x3, 0xfe, 0x47, 0x0, 0xff, 0xee, 0xa5,
    0x77, 0x1c, 0x3, 0xff, 0x81, 0x6, 0x1, 0xff,
    0xda, 0x5d, 0xb5, 0x10, 0xf, 0xfe, 0x1e, 0x88,
    0x7, 0xff, 0x5c, 0x6a, 0x84, 0x1, 0xff, 0xc6,
    0x1a, 0x0, 0xff, 0xeb, 0x17, 0xa8, 0x7, 0xff,
    0x25, 0x20, 0x3, 0xff, 0xa8, 0x58, 0x20, 0x1f,
    0xfc, 0xb7, 0x40, 0xf, 0xfe, 0x9f, 0x88, 0x7,
    0xff, 0x36, 0x84, 0x3, 0xff, 0x82, 0x26, 0x7f,
    0xf1, 0x0, 0x50, 0x40, 0x1f, 0xfc, 0xe1, 0xd0,
    0xf, 0xfe, 0x0, 0xe6, 0x7f, 0xf0, 0x1c, 0x0,
    0x6e, 0x1, 0xff, 0xd0, 0x38, 0x0, 0xff, 0xa8,
    0x80, 0x3f, 0xcc, 0xa0, 0x9, 0x0, 0xff, 0xe1,
    0x1b, 0xc4, 0xb0, 0x7, 0xfc, 0xea, 0x1, 0xfd,
    0x8, 0x1, 0xfe, 0x39, 0x0, 0xa, 0x80, 0x7f,
    0xf0, 0x17, 0x72, 0x1d, 0xa5, 0x0, 0x3f, 0xea,
    0x20, 0xf, 0x91, 0xc0, 0x3f, 0xc3, 0xa0, 0x13,
    0x0, 0x7f, 0xf0, 0x22, 0x88, 0x3, 0xa8, 0x40,
    0x3f, 0xee, 0x0, 0xf1, 0x58, 0x7, 0xfd, 0xa2,
    0x1, 0x68, 0x7, 0xfc, 0xae, 0x1, 0xf0, 0xe8,
    0x7, 0xfc, 0x72, 0x1, 0xde, 0x1, 0xff, 0x41,
    0x80, 0x64, 0x0, 0xff, 0xac, 0x3, 0xf8, 0xe0,
    0x3, 0xfe, 0x65, 0x0, 0xa8, 0x80, 0x3f, 0xca,
    0xe0, 0x18, 0x44, 0x1, 0xfe, 0x61, 0x0, 0xff,
    0x3a, 0x0, 0x7f, 0xd4, 0x40, 0xea, 0x1, 0xfe,
    0x2a, 0x0, 0xe2, 0x0, 0xff, 0xb0, 0x3, 0xff,
    0x81, 0x42, 0x1, 0xff, 0x7a, 0x40, 0x7, 0xfd,
    0xe0, 0x1e, 0x70, 0xf, 0xf9, 0xc0, 0x3f, 0xf8,
    0x3, 0xa0, 0x1f, 0xf1, 0x58, 0x7, 0xfd, 0x64,
    0x1, 0xe1, 0x0, 0xff, 0x8c, 0x3, 0xff, 0x82,
    0x70, 0x1, 0xff, 0xca, 0x74, 0x0, 0xf8, 0xc0,
    0x3f, 0xf9, 0xce, 0x80, 0x1f, 0xfc, 0x84, 0x80,
    0xf, 0xfe, 0xc5, 0x8, 0x7, 0xff, 0x18, 0xa8,
    0x3, 0xff, 0xb2, 0x3a, 0x1, 0xff, 0xc6, 0xe1,
    0x0, 0xff, 0xed, 0x1c, 0x0, 0x7f, 0xf1, 0x24,
    0xc0, 0x3f, 0xfb, 0x8e, 0x80, 0x1f, 0xfc, 0x26,
    0x60, 0x7, 0xff, 0x7a, 0x84, 0x3, 0xff, 0x80,
    0x72, 0x1, 0xff, 0xc0, 0x30, 0xf, 0xfe, 0x90,
    0xb0, 0x7, 0xff, 0x1, 0x0, 0x3f, 0xf9, 0xa6,
    0x1, 0xff, 0xc6, 0x37, 0x0, 0xff, 0xe0, 0x3a,
    0x0, 0x7f, 0xf0, 0x4, 0x3, 0xfe, 0x60, 0xf,
    0xfe, 0x28, 0xe8, 0x7, 0xff, 0xa, 0x84, 0x3,
    0xfe, 0x60, 0xf, 0xfb, 0x0, 0x3f, 0xf8, 0xba,
    0x20, 0x1f, 0xfc, 0x21, 0xa0, 0xf, 0xf8, 0x80,
    0x3f, 0xe6, 0x0, 0xff, 0xe2, 0x49, 0x80, 0x7f,
    0xf1, 0x11, 0xc0, 0x3f, 0xe3, 0x0, 0xff, 0xb,
    0x80, 0x7f, 0xf0, 0x9d, 0x80, 0x3f, 0xf8, 0xd0,
    0x80, 0x1f, 0xe4, 0x0, 0xff, 0xa1, 0x40, 0x3f,
    0xf8, 0x11, 0x0, 0xf, 0xfe, 0x45, 0x8, 0x7,
    0xf5, 0x80, 0x7f, 0xf0, 0x29, 0xc0, 0x3f, 0x8b,
    0x1c, 0x3, 0xff, 0x92, 0x34, 0x1, 0xfc, 0x64,
    0x1, 0xff, 0xc0, 0x8e, 0x84, 0x20, 0x12, 0x6b,
    0xd3, 0x0, 0xff, 0x8c, 0x3, 0xfe, 0x47, 0x0,
    0xfe, 0x80, 0xf, 0xfe, 0x8, 0xbd, 0xef, 0xf6,
    0xca, 0x0, 0x7f, 0xf0, 0x7, 0x68, 0x3, 0xfe,
    0x84, 0x0, 0xfc, 0xa6, 0x1, 0xff, 0xd5, 0xd1,
    0x56, 0x0, 0xff, 0xa8, 0x40, 0x3f, 0x78, 0x7,
    0xff, 0x52, 0x8c, 0x1, 0x26, 0x1, 0xfe, 0x1a,
    0x0, 0xfc, 0x72, 0x1, 0xff, 0xd2, 0x75, 0x0,
    0xdc, 0x1, 0xff, 0x23, 0x80, 0x7e, 0x68, 0x0,
    0xff, 0xe8, 0x3c, 0x0, 0x71, 0x50, 0x7, 0xfd,
    0x6, 0x1, 0xf9, 0xe4, 0x3, 0xff, 0x9d, 0x30,
    0x1, 0xf2, 0xb0, 0x7, 0xfd, 0xa2, 0x1, 0xf9,
    0xb0, 0x80, 0x3f, 0xf9, 0x47, 0xac, 0x1, 0xfd,
    0x26, 0x1, 0xfe, 0x1a, 0x0, 0xfe, 0x3d, 0x70,
    0xf, 0xfe, 0x38, 0xce, 0x10, 0x7, 0xfd, 0xc0,
    0x1f, 0xf2, 0x38, 0x7, 0xfa, 0x3a, 0x8, 0x3,
    0xff, 0x84, 0x75, 0xcc, 0x1, 0xff, 0xc1, 0x2a,
    0x0, 0xff, 0xa0, 0xc0, 0x3f, 0xc2, 0xfb, 0xd4,
    0xc8, 0x42, 0x1, 0x9, 0xb5, 0x76, 0x28, 0x7,
    0xff, 0x11, 0x7f, 0xff, 0xf8, 0x6,

    /* U+0027 "'" */
    0x9f, 0xff, 0xfe, 0x1, 0x80, 0x7f, 0xf0, 0x84,
    0x3, 0xff, 0x80, 0x20, 0x1f, 0xfc, 0x2f, 0x0,
    0xff, 0xe0, 0x18, 0x7, 0xff, 0x8, 0x40, 0x3f,
    0xf9, 0xc2, 0x1, 0xff, 0xc2, 0x30, 0xf, 0xfe,
    0x78, 0x80, 0x7f, 0xc2, 0x1, 0xff, 0xc3, 0x70,
    0xf, 0xfe, 0x69, 0x80, 0x80, 0x7f, 0xf3, 0x44,
    0xc, 0x3, 0xff, 0x9a, 0xe0, 0x20, 0x1f, 0xfd,
    0xb1, 0x0, 0xff, 0xe2, 0x8, 0x7, 0xf8, 0xc0,
    0x3f, 0xf8, 0x86, 0x1, 0xfe, 0x10, 0xf, 0xfe,
    0x90, 0x80, 0x7f, 0xbc, 0x0,

    /* U+0028 "(" */
    0x0, 0xff, 0xe7, 0x93, 0x5c, 0x0, 0x7f, 0xf3,
    0x9, 0xf7, 0x52, 0x82, 0x1, 0xff, 0xca, 0x5c,
    0xd8, 0x20, 0xf, 0xfe, 0x63, 0xf5, 0x18, 0x7,
    0xff, 0x35, 0xba, 0x4, 0x3, 0xff, 0x9a, 0x7b,
    0x22, 0x1, 0xff, 0xce, 0x8c, 0x20, 0xf, 0xfe,
    0x71, 0x63, 0x80, 0x7f, 0xf3, 0xd3, 0xc, 0x3,
    0xff, 0x9e, 0xb6, 0x20, 0x1f, 0xfc, 0xf6, 0xa0,
    0xf, 0xfe, 0x83, 0x48, 0x7, 0xff, 0x1c, 0x40,
    0x3f, 0x24, 0x80, 0x7f, 0xf1, 0x45, 0xee, 0x0,
    0x3e, 0x2b, 0x0, 0xff, 0xe2, 0x1d, 0xf4, 0x20,
    0x7, 0xef, 0x0, 0xff, 0xe1, 0x95, 0xe2, 0x0,
    0x7f, 0xa4, 0x80, 0x3f, 0xf8, 0x4f, 0xa8, 0x1,
    0xff, 0x23, 0x0, 0x7f, 0xf0, 0x46, 0xe0, 0x3,
    0xff, 0x83, 0x20, 0x1f, 0xfc, 0x11, 0xc4, 0x0,
    0xff, 0xe0, 0xb9, 0x0, 0x7f, 0xf0, 0x7, 0x8,
    0x3, 0xff, 0x85, 0x20, 0x1f, 0xfc, 0x1d, 0x20,
    0xf, 0xfe, 0x13, 0x88, 0x7, 0xff, 0x2, 0x8c,
    0x3, 0xff, 0x87, 0x20, 0x1f, 0xfc, 0x5, 0x50,
    0x7, 0xff, 0xd, 0x4, 0x3, 0xfe, 0x1b, 0x0,
    0xff, 0xe2, 0x70, 0x7, 0xff, 0x2, 0x44, 0x3,
    0xff, 0x88, 0xa0, 0x1f, 0xf0, 0xb8, 0x7, 0xff,
    0x11, 0x40, 0x3f, 0xf8, 0x12, 0x1, 0xff, 0xc5,
    0xc0, 0xf, 0xfe, 0x3, 0x0, 0x7f, 0xf1, 0x50,
    0x3, 0xfe, 0x41, 0x0, 0xff, 0xe2, 0x9, 0x0,
    0x7f, 0xdc, 0x1, 0xff, 0xc5, 0x50, 0xf, 0xfe,
    0x2, 0x0, 0x7f, 0xf1, 0x48, 0x3, 0xfe, 0x21,
    0x0, 0xff, 0xe2, 0xf8, 0x7, 0xfc, 0xe0, 0x1f,
    0xfc, 0x63, 0x0, 0xff, 0xb4, 0x3, 0xff, 0x8c,
    0xc0, 0x1f, 0xf1, 0x0, 0x7f, 0xf1, 0x84, 0x3,
    0xfe, 0x10, 0xf, 0xfe, 0x31, 0x80, 0x7f, 0xce,
    0x1, 0xff, 0xd2, 0x10, 0xf, 0xfe, 0x30, 0x80,
    0x7f, 0xff, 0xc0, 0x3f, 0xff, 0xe0, 0x1f, 0xff,
    0xf0, 0xf, 0xff, 0xf8, 0x7, 0xff, 0xfc, 0x3,
    0xff, 0xfe, 0x1, 0xff, 0xff, 0x0, 0xff, 0xf9,
    0x88, 0x7, 0xff, 0x78, 0x40, 0x3f, 0xf8, 0xc6,
    0x1, 0xff, 0x30, 0x7, 0xff, 0x19, 0x80, 0x3f,
    0xe3, 0x0, 0xff, 0xe3, 0x8, 0x7, 0xfd, 0xe0,
    0x1f, 0xfc, 0x62, 0x0, 0xff, 0x94, 0x3, 0xff,
    0x8d, 0xa0, 0x1f, 0xf1, 0x80, 0x7f, 0xf1, 0x9c,
    0x3, 0xff, 0x80, 0x60, 0x1f, 0xfc, 0x52, 0x0,
    0xff, 0xe0, 0x58, 0x7, 0xff, 0x18, 0xc0, 0x3f,
    0xe5, 0x0, 0xff, 0xe3, 0x58, 0x7, 0xfc, 0x48,
    0x1, 0xff, 0xc5, 0x40, 0xf, 0xfe, 0x7, 0x80,
    0x7f, 0xf1, 0x4c, 0x40, 0x3f, 0xe4, 0x30, 0xf,
    0xfe, 0x2b, 0x0, 0x7f, 0xf0, 0x20, 0x3, 0xff,
    0x8b, 0x40, 0x1f, 0xfc, 0x4, 0x50, 0xf, 0xfe,
    0x21, 0x20, 0x7, 0xff, 0x2, 0xc4, 0x3, 0xff,
    0x89, 0xe0, 0x1f, 0xfc, 0x1, 0xa0, 0xf, 0xfe,
    0x22, 0x18, 0x7, 0xff, 0x1, 0x24, 0x3, 0xff,
    0x89, 0xe0, 0x1f, 0xfc, 0x16, 0x80, 0xf, 0xfe,
    0x19, 0xa8, 0x7, 0xff, 0x5, 0xe4, 0x3, 0xff,
    0x87, 0x60, 0x1f, 0xfc, 0x26, 0xb1, 0x0, 0xff,
    0xe0, 0x8d, 0x0, 0x7f, 0xf0, 0x93, 0xd4, 0x3,
    0xff, 0x82, 0xac, 0x1, 0xff, 0xc2, 0x1a, 0xc4,
    0x0, 0xff, 0xe0, 0x49, 0x80, 0x7f, 0xf0, 0xce,
    0xf1, 0x84, 0x3, 0xfd, 0xa4, 0x1, 0xff, 0xc4,
    0x39, 0xec, 0x50, 0xf, 0xc3, 0xe2, 0x1, 0xff,
    0xc6, 0x3c, 0x0, 0xfe, 0x2c, 0x10, 0xf, 0xfe,
    0x89, 0x61, 0x0, 0x7f, 0xf4, 0x4b, 0x10, 0x3,
    0xff, 0xa2, 0x36, 0xe0, 0x1f, 0xfd, 0x28, 0xc2,
    0x0, 0xff, 0xe8, 0x9e, 0xc0, 0x7, 0xff, 0x49,
    0xf9, 0x80, 0x3f, 0xfa, 0x23, 0x3c, 0xe2, 0x1,
    0xff, 0xd0, 0x18, 0xe9, 0x30, 0xf, 0xfe, 0x8b,
    0x67, 0x42, 0x0, 0x7f, 0xf4, 0x5, 0xef, 0xef,
    0x40,

    /* U+0029 ")" */
    0xd9, 0x50, 0xf, 0xfe, 0x81, 0x35, 0x7d, 0xa8,
    0x7, 0xff, 0x45, 0x2b, 0xe4, 0x80, 0x3f, 0xfa,
    0x2d, 0xb6, 0x60, 0x1f, 0xfd, 0x14, 0xcb, 0x20,
    0xf, 0xfe, 0x8a, 0x6c, 0x80, 0x7f, 0xf4, 0x9b,
    0x90, 0x3, 0xff, 0xa2, 0x37, 0x0, 0x1f, 0xfd,
    0x27, 0xb1, 0x0, 0xff, 0xe8, 0xa6, 0x8, 0x7,
    0xff, 0x44, 0xb0, 0x80, 0x3f, 0xfa, 0x25, 0xe2,
    0x1, 0xfd, 0xd2, 0x80, 0x1f, 0xfc, 0x52, 0xd0,
    0xf, 0xe1, 0x6b, 0xe8, 0x10, 0xf, 0xfe, 0x19,
    0xd8, 0x7, 0xfc, 0x2f, 0xce, 0x1, 0xff, 0xc3,
    0x47, 0x0, 0xff, 0xe0, 0xc6, 0x98, 0x7, 0xff,
    0xa, 0xc, 0x3, 0xff, 0x82, 0x58, 0xc0, 0x1f,
    0xfc, 0x2e, 0x0, 0xff, 0xe1, 0xcc, 0x0, 0x7f,
    0xf0, 0x49, 0xc0, 0x3f, 0xf8, 0x6f, 0x0, 0x1f,
    0xfc, 0x18, 0x10, 0xf, 0xfe, 0x1b, 0xb0, 0x7,
    0xff, 0x6, 0x40, 0x3f, 0xf8, 0x92, 0x60, 0x1f,
    0xfc, 0x7, 0x10, 0xf, 0xfe, 0x27, 0x0, 0x7f,
    0xf0, 0x58, 0x3, 0xff, 0x88, 0x52, 0x1, 0xff,
    0xc0, 0x90, 0xf, 0xfe, 0x2b, 0x10, 0x7, 0xfc,
    0x28, 0x1, 0xff, 0xc5, 0x80, 0xf, 0xfe, 0x6,
    0x80, 0x7f, 0xf1, 0x54, 0x40, 0x3f, 0xe7, 0x0,
    0xff, 0xe3, 0x48, 0x7, 0xfc, 0x24, 0x1, 0xff,
    0xc5, 0x60, 0xf, 0xfe, 0x2, 0x80, 0x7f, 0xf1,
    0x44, 0xc0, 0x3f, 0xed, 0x0, 0xff, 0xe3, 0x20,
    0x7, 0xfc, 0xe0, 0x1f, 0xfc, 0x6c, 0x0, 0xff,
    0x88, 0x3, 0xff, 0x8c, 0xa0, 0x1f, 0xfc, 0x2,
    0x0, 0xff, 0xe2, 0x88, 0x80, 0x3f, 0xe6, 0x0,
    0xff, 0xe3, 0x10, 0x7, 0xfc, 0x20, 0x1f, 0xfc,
    0x66, 0x0, 0xff, 0x88, 0x3, 0xff, 0x8c, 0x60,
    0x1f, 0xfd, 0xef, 0x0, 0xff, 0xe3, 0x8, 0x7,
    0xff, 0x78, 0x40, 0x3f, 0xff, 0xe0, 0x1f, 0xff,
    0xf0, 0xf, 0xff, 0xf8, 0x7, 0xff, 0xfc, 0x3,
    0xff, 0xfe, 0x1, 0xff, 0xff, 0x0, 0xff, 0xf0,
    0x88, 0x7, 0xff, 0x94, 0x40, 0x3f, 0xfa, 0x46,
    0x1, 0xff, 0x78, 0x7, 0xff, 0x18, 0x40, 0x3f,
    0xe1, 0x0, 0xff, 0xe3, 0x30, 0x7, 0xfc, 0x60,
    0x1f, 0xfc, 0x62, 0x0, 0xff, 0x98, 0x3, 0xff,
    0x8a, 0x40, 0x1f, 0xfc, 0x2, 0x0, 0xff, 0xe2,
    0xa0, 0x7, 0xff, 0x0, 0x40, 0x3f, 0xf8, 0xb8,
    0x1, 0xff, 0x18, 0x7, 0xff, 0x19, 0x0, 0x3f,
    0xe5, 0x0, 0xff, 0xe2, 0xa0, 0x80, 0x7f, 0xd8,
    0x1, 0xff, 0xc5, 0xe0, 0xf, 0xfe, 0x2, 0x0,
    0x7f, 0xf1, 0x9, 0x40, 0x3f, 0xe3, 0x10, 0xf,
    0xfe, 0x25, 0x80, 0x7f, 0xf0, 0x2c, 0x3, 0xff,
    0x88, 0x4c, 0x1, 0xff, 0xc0, 0x60, 0xf, 0xfe,
    0x27, 0x0, 0x7f, 0xf0, 0x10, 0x40, 0x3f, 0xf8,
    0x6c, 0x60, 0x1f, 0xfc, 0xe, 0x0, 0xff, 0xe1,
    0x9c, 0x80, 0x7f, 0xf0, 0x9, 0x40, 0x3f, 0xf8,
    0x43, 0xa0, 0x1f, 0xfc, 0x18, 0x0, 0xff, 0xe1,
    0xe, 0x8, 0x7, 0xff, 0x0, 0x94, 0x3, 0xff,
    0x82, 0x58, 0x40, 0x1f, 0xfc, 0x1e, 0x0, 0xff,
    0xe0, 0xae, 0x10, 0x7, 0xff, 0x5, 0x4c, 0x3,
    0xfe, 0x19, 0xa1, 0x0, 0xff, 0xe0, 0x95, 0x0,
    0x7f, 0xcf, 0xec, 0x1, 0xff, 0xc3, 0xe0, 0xf,
    0xe3, 0x9f, 0x81, 0x0, 0xff, 0xe1, 0xc9, 0x80,
    0x7d, 0x3d, 0x8c, 0x1, 0xff, 0xc5, 0x76, 0x0,
    0xfc, 0xc2, 0x1, 0xff, 0xc6, 0x58, 0x0, 0xff,
    0xe8, 0x2d, 0x0, 0x7f, 0xf4, 0x1a, 0x80, 0x3f,
    0xfa, 0x13, 0x20, 0xf, 0xfe, 0x78, 0xe3, 0x0,
    0x7f, 0xf3, 0xdb, 0x8c, 0x3, 0xff, 0x9c, 0x59,
    0x20, 0x1f, 0xfc, 0xe2, 0xad, 0x30, 0xf, 0xfe,
    0x69, 0xd6, 0xa8, 0x7, 0xff, 0x30, 0x5b, 0x30,
    0xa0, 0x1f, 0xfc, 0xb1, 0x5b, 0xe9, 0x30, 0xf,
    0xfe, 0x5c, 0xef, 0x52, 0x0, 0x7f, 0xf3, 0x80,

    /* U+002A "*" */
    0x0, 0xff, 0xe4, 0xf, 0xff, 0xf5, 0x80, 0x7f,
    0xff, 0xc0, 0x3f, 0xff, 0xe0, 0x1f, 0xff, 0xf0,
    0xf, 0xff, 0xf8, 0x7, 0xff, 0xfc, 0x3, 0xff,
    0xfe, 0x1, 0xff, 0xff, 0x0, 0xff, 0xff, 0x80,
    0x7f, 0xf2, 0xc4, 0x3, 0xff, 0x99, 0x98, 0x61,
    0x0, 0xff, 0xe0, 0x88, 0x7, 0xff, 0x30, 0xe3,
    0x98, 0x3, 0x88, 0xcd, 0x3d, 0x6a, 0x1, 0xff,
    0xc9, 0x20, 0xf, 0xf8, 0x5f, 0x71, 0xc6, 0x80,
    0x3a, 0x80, 0x32, 0x57, 0x49, 0x80, 0x7f, 0x10,
    0x7, 0xee, 0x0, 0xfe, 0x6b, 0xe8, 0x20, 0x8,
    0xc8, 0x3, 0x30, 0x7, 0x85, 0xb3, 0x60, 0x80,
    0x3c, 0xc0, 0x1f, 0x88, 0x3, 0xc9, 0x5f, 0x28,
    0x1, 0xf5, 0x0, 0x48, 0x20, 0x1f, 0xc4, 0xfb,
    0x68, 0x1, 0xb0, 0x3, 0xf2, 0x80, 0x67, 0xdb,
    0x50, 0xf, 0xf3, 0x0, 0x5c, 0x1, 0xff, 0xc1,
    0x4b, 0xc4, 0x0, 0x18, 0x7, 0xc2, 0x20, 0x4,
    0x7c, 0x10, 0x7, 0xff, 0x0, 0x50, 0x0, 0xa0,
    0x1f, 0xfc, 0x33, 0xbb, 0x12, 0x80, 0x7c, 0x80,
    0xdc, 0xe0, 0x1f, 0xfc, 0x4d, 0x6, 0x0, 0xff,
    0xe3, 0x26, 0xc8, 0x80, 0x78, 0xf6, 0x44, 0x3,
    0xff, 0x8a, 0xc1, 0xa0, 0x1f, 0xfc, 0x87, 0x10,
    0xf, 0x31, 0x0, 0x7f, 0xf2, 0x16, 0x5c, 0x40,
    0x3f, 0xfc, 0x49, 0x4a, 0x51, 0xd6, 0xa0, 0x1f,
    0xfd, 0xd2, 0x8e, 0xb5, 0x0, 0xc9, 0x5f, 0x26,
    0x1, 0xff, 0xd8, 0x6c, 0xd7, 0x10, 0xf, 0xe6,
    0xcd, 0x72, 0x0, 0xff, 0xe9, 0x25, 0x7c, 0x98,
    0x7, 0xff, 0x8, 0xa3, 0x71, 0xc8, 0x3, 0xff,
    0x98, 0x93, 0xd6, 0xa0, 0x1f, 0xfc, 0x83, 0x8d,
    0xeb, 0x85, 0x31, 0x0, 0xff, 0xe0, 0x12, 0x34,
    0xe7, 0xdb, 0x8, 0x7, 0xff, 0x34, 0x51, 0xeb,
    0x1c, 0x3, 0xff, 0x81, 0x37, 0x2c, 0x60, 0x1f,
    0xfd, 0x5a, 0x60, 0xf, 0xfe, 0x5, 0xa0, 0x7,
    0xff, 0x5e, 0xd4, 0x3, 0xff, 0x85, 0x6a, 0x1,
    0xff, 0xd5, 0xb4, 0x0, 0xff, 0xe2, 0x52, 0x80,
    0x7f, 0xf4, 0xe9, 0x0, 0x3f, 0x20, 0x7, 0xf5,
    0x20, 0x7, 0xff, 0x45, 0xd4, 0x3, 0xfa, 0x14,
    0x3, 0xfa, 0x88, 0x3, 0xff, 0x9e, 0x90, 0x1,
    0xfc, 0x66, 0x90, 0xf, 0xe1, 0xe0, 0xf, 0xfe,
    0x70, 0xd0, 0x7, 0xfa, 0x40, 0xcc, 0x1, 0xfc,
    0x72, 0x1, 0xff, 0xcd, 0xb1, 0x0, 0xfe, 0x25,
    0x0, 0x40, 0x7, 0xf9, 0x90, 0x3, 0xff, 0x96,
    0xca, 0x1, 0xfe, 0x80, 0x9, 0x10, 0x1, 0xfe,
    0xa1, 0x0, 0xff, 0xe4, 0x94, 0x80, 0x7f, 0x89,
    0x40, 0x34, 0x80, 0x7f, 0x86, 0xc0, 0x3f, 0xf9,
    0x3c, 0x1, 0xff, 0x70, 0x7, 0x13, 0x80, 0x7f,
    0x95, 0x80, 0x3f, 0xf8, 0xee, 0x60, 0x1f, 0xe6,
    0x30, 0xf, 0x40, 0x80, 0x7f, 0xa4, 0x80, 0x3f,
    0xf8, 0xa7, 0x0, 0x1f, 0xe2, 0x90, 0xf, 0xd4,
    0x1, 0xff, 0x70, 0x7, 0xff, 0x17, 0x80, 0x3f,
    0xef, 0x0, 0xfe, 0x47, 0x0, 0xff, 0x1b, 0x80,
    0x7f, 0xf0, 0xe4, 0x80, 0x3f, 0xd0, 0x40, 0x1f,
    0xe8, 0x20, 0xf, 0xf4, 0x18, 0x7, 0xff, 0x4,
    0x98, 0x3, 0xfc, 0x8e, 0x1, 0xff, 0xc0, 0xf0,
    0xf, 0xfb, 0xc0, 0x3f, 0xf8, 0x25, 0x62, 0x1,
    0xf8, 0x68, 0x3, 0xff, 0x82, 0x52, 0x1, 0xfc,
    0x9a, 0x1, 0xff, 0xc2, 0x4f, 0x40, 0xf, 0xa8,
    0x40, 0x3f, 0xf8, 0x4c, 0x80, 0x1f, 0x4d, 0x88,
    0x7, 0xff, 0xc, 0x6e, 0x40, 0x39, 0x90, 0x3,
    0xff, 0x89, 0x42, 0x1, 0x8b, 0x58, 0x3, 0xff,
    0x8e, 0xda, 0x40, 0x2, 0x90, 0xf, 0xfe, 0x28,
    0xd0, 0x4, 0xda, 0x40, 0x1f, 0xfc, 0x92, 0xd6,
    0xf, 0x0, 0xff, 0xe3, 0xa3, 0x8d, 0xc8, 0x7,
    0xff, 0x36, 0x78, 0x80, 0x3f, 0xf9, 0x11, 0xe8,
    0x1, 0xff, 0xc1,

    /* U+002B "+" */
    0x0, 0xff, 0xe2, 0x97, 0x77, 0xfd, 0x40, 0x1f,
    0xfd, 0x71, 0x1f, 0xf9, 0x80, 0x3f, 0xff, 0xe0,
    0x1f, 0xff, 0xf0, 0xf, 0xff, 0xf8, 0x7, 0xff,
    0xfc, 0x3, 0xff, 0xfe, 0x1, 0xff, 0xff, 0x0,
    0xff, 0xff, 0x80, 0x7f, 0xff, 0xc0, 0x3f, 0xff,
    0xe0, 0x1f, 0xfe, 0x31, 0x33, 0xff, 0xe2, 0x38,
    0x7, 0xff, 0x0, 0xcf, 0xff, 0x88, 0x49, 0x99,
    0xff, 0xc4, 0xa0, 0xf, 0xf8, 0xf3, 0x3f, 0xf8,
    0x9a, 0x1, 0xff, 0xff, 0x0, 0xff, 0xff, 0x80,
    0x7f, 0xff, 0xc0, 0x3f, 0xff, 0xe0, 0x1f, 0xff,
    0xf0, 0xf, 0xff, 0xf8, 0x7, 0xff, 0x21, 0x7f,
    0xff, 0xf8, 0x9a, 0x1, 0xff, 0x1f, 0xff, 0xff,
    0x14, 0x3, 0xff, 0xfe, 0x1, 0xff, 0xff, 0x0,
    0xff, 0xff, 0x80, 0x7f, 0xff, 0xc0, 0x3f, 0xff,
    0xe0, 0x1f, 0xff, 0xf0, 0xf, 0xff, 0xf8, 0x7,
    0xff, 0xfc, 0x3, 0xff, 0xfe, 0x1, 0xff, 0xff,
    0x0, 0x0,

    /* U+002C "," */
    0x0, 0xe5, 0x88, 0xff, 0xe0, 0x38, 0x7, 0xa1,
    0xdf, 0xff, 0x81, 0x40, 0x1e, 0x20, 0xf, 0xfe,
    0x2, 0x0, 0x71, 0x80, 0x7f, 0xf0, 0x70, 0x3,
    0x98, 0x3, 0xff, 0x82, 0x80, 0x1d, 0xa0, 0x1f,
    0xfc, 0x2, 0x10, 0xe, 0x30, 0xf, 0xfe, 0x2,
    0x0, 0x79, 0x40, 0x3f, 0xf8, 0x18, 0x1, 0xe1,
    0x0, 0xff, 0xe0, 0x20, 0x7, 0x18, 0x7, 0xff,
    0x0, 0x84, 0x3, 0x94, 0x3, 0xff, 0x80, 0x80,
    0x1e, 0xf0, 0xf, 0xfe, 0x6, 0x0, 0x78, 0x80,
    0x3f, 0xf8, 0x8, 0x1, 0xe5, 0x0, 0xff, 0x88,
    0x40, 0x38, 0x44, 0x1, 0xff, 0x20, 0x7, 0x94,
    0x3, 0xff, 0x81, 0x80, 0x1e, 0x30, 0xf, 0xfe,
    0x2, 0x0, 0x7b, 0x80, 0x3f, 0xe2, 0x10, 0xf,
    0x28, 0x7, 0xfc, 0x80, 0x1f, 0x18, 0x7, 0xfd,
    0x80, 0x1e, 0x20, 0xf, 0xfe, 0x2, 0x0, 0x79,
    0x80, 0x3f, 0xe2, 0x10, 0xf, 0x18, 0x7, 0xfc,
    0x80, 0x1f, 0x68, 0x7, 0xfd, 0x80, 0x1f, 0x38,
    0x7, 0xfc, 0x80, 0x1f, 0x10, 0x7, 0xf8, 0x44,
    0x1, 0xe2, 0x0, 0xff, 0x90, 0x3, 0xe7, 0x0,
    0xff, 0xb0, 0x3, 0xed, 0x0, 0xff, 0x90, 0x3,
    0xe2, 0x0, 0xff, 0x9, 0x0, 0x7c,

    /* U+002D "-" */
    0x13, 0x3f, 0xfe, 0x90, 0x46, 0x67, 0xff, 0x48,
    0x80, 0x3f, 0xff, 0xe0, 0x1f, 0xff, 0xf0, 0xf,
    0xff, 0xf8, 0x7, 0xff, 0xfc, 0x3, 0xff, 0x90,

    /* U+002E "." */
    0x0, 0xf2, 0x4d, 0xee, 0x5b, 0x90, 0x7, 0xf2,
    0x6d, 0xb2, 0x11, 0xa4, 0x6d, 0x8, 0x7, 0x9e,
    0xc8, 0x3, 0xf2, 0xf9, 0x0, 0x65, 0x80, 0xf,
    0xf8, 0x7c, 0x40, 0x2b, 0x0, 0xff, 0xe0, 0x94,
    0x0, 0x1c, 0x40, 0x3f, 0xf8, 0x4c, 0x21, 0x60,
    0x1f, 0xfc, 0x47, 0x3, 0x0, 0xff, 0xe2, 0x78,
    0x80, 0x7f, 0xf1, 0x4c, 0x3, 0xff, 0x8c, 0x22,
    0x0, 0xff, 0xe2, 0x90, 0x10, 0x7, 0xff, 0x13,
    0x81, 0x40, 0x3f, 0xf8, 0x8a, 0x14, 0x1, 0xff,
    0xc3, 0x42, 0x2, 0x70, 0xf, 0xfe, 0x14, 0x80,
    0x50, 0xa0, 0x1f, 0xfc, 0xb, 0x20, 0xd, 0x50,
    0x1, 0xfc, 0x58, 0x80, 0x1e, 0x7e, 0x84, 0x10,
    0x1, 0x2d, 0x69, 0x80, 0x40,

    /* U+002F "/" */
    0x0, 0xff, 0xeb, 0x2c, 0x47, 0xfc, 0xc0, 0x1f,
    0xfd, 0x6a, 0x77, 0xff, 0x84, 0x3, 0xff, 0xaa,
    0xc0, 0x1f, 0xfc, 0x6, 0x0, 0xff, 0xea, 0xd0,
    0x7, 0xfc, 0x82, 0x1, 0xff, 0xd4, 0x23, 0x0,
    0xff, 0xb8, 0x3, 0xff, 0xaa, 0xa0, 0x1f, 0xfc,
    0x5, 0x0, 0xff, 0xea, 0xd0, 0x7, 0xfc, 0xc0,
    0x1f, 0xfd, 0x53, 0x20, 0xf, 0xfa, 0x80, 0x3f,
    0xfa, 0xb4, 0x1, 0xff, 0x11, 0x80, 0x7f, 0xf5,
    0x58, 0x3, 0xfe, 0xa0, 0xf, 0xfe, 0xaa, 0x80,
    0x7f, 0xf0, 0x14, 0x3, 0xff, 0xab, 0xc0, 0x1f,
    0xf1, 0x90, 0x7, 0xff, 0x50, 0x50, 0x3, 0xfe,
    0xa0, 0xf, 0xfe, 0xab, 0x0, 0x7f, 0xf0, 0x18,
    0x3, 0xff, 0xab, 0x40, 0x1f, 0xf2, 0x80, 0x7f,
    0xf5, 0x4c, 0x80, 0x3f, 0xee, 0x0, 0xff, 0xea,
    0xd0, 0x7, 0xfc, 0x28, 0x1, 0xff, 0xd5, 0x70,
    0xf, 0xf9, 0x80, 0x3f, 0xfa, 0xaa, 0x20, 0x1f,
    0xf5, 0x0, 0x7f, 0xf5, 0x78, 0x3, 0xfe, 0x32,
    0x0, 0xff, 0xea, 0xa, 0x0, 0x7f, 0xd4, 0x1,
    0xff, 0xd5, 0x60, 0xf, 0xfe, 0x3, 0x80, 0x7f,
    0xf5, 0x6c, 0x3, 0xfe, 0x51, 0x0, 0xff, 0xea,
    0x11, 0x80, 0x7f, 0xdc, 0x1, 0xff, 0xd5, 0xa0,
    0xf, 0xf8, 0x50, 0x3, 0xff, 0xaa, 0xc0, 0x1f,
    0xf3, 0x0, 0x7f, 0xf5, 0x50, 0x40, 0x3f, 0xea,
    0x0, 0xff, 0xea, 0xf0, 0x7, 0xfc, 0x44, 0x0,
    0xff, 0xea, 0xa, 0x80, 0x7f, 0xd4, 0x1, 0xff,
    0xd5, 0x70, 0xf, 0xfe, 0x3, 0x0, 0x7f, 0xf5,
    0x68, 0x3, 0xfe, 0x41, 0x0, 0xff, 0xea, 0x11,
    0x80, 0x7f, 0xdc, 0x1, 0xff, 0xd5, 0xa0, 0xf,
    0xf8, 0x54, 0x3, 0xff, 0xaa, 0xc0, 0x1f, 0xf3,
    0x80, 0x7f, 0xf5, 0x50, 0x40, 0x3f, 0xea, 0x0,
    0xff, 0xea, 0xf0, 0x7, 0xfc, 0x46, 0x1, 0xff,
    0xd5, 0x50, 0xf, 0xfa, 0x80, 0x3f, 0xfa, 0xac,
    0x1, 0xff, 0xc0, 0x60, 0xf, 0xfe, 0xae, 0x80,
    0x7f, 0xc8, 0x20, 0x1f, 0xfd, 0x41, 0x40, 0xf,
    0xfb, 0x80, 0x3f, 0xfa, 0xac, 0x1, 0xff, 0xc0,
    0x50, 0xf, 0xfe, 0xad, 0x0, 0x7f, 0xcc, 0x1,
    0xff, 0xd5, 0x32, 0x0, 0xff, 0xa8, 0x3, 0xff,
    0xab, 0x40, 0x1f, 0xf1, 0x18, 0x7, 0xff, 0x55,
    0x80, 0x3f, 0xe5, 0x0, 0xff, 0xea, 0xa8, 0x7,
    0xff, 0x2, 0x80, 0x3f, 0xfa, 0xbc, 0x1, 0xff,
    0x19, 0x0, 0x7f, 0xf5, 0x5, 0x0, 0x3f, 0xea,
    0x0, 0xff, 0xea, 0xb0, 0x7, 0xff, 0x1, 0x80,
    0x3f, 0xfa, 0xb4, 0x1, 0xff, 0x28, 0x7, 0xff,
    0x54, 0xc8, 0x3, 0xfe, 0xe0, 0xf, 0xfe, 0xad,
    0x0, 0x7f, 0xc2, 0x80, 0x1f, 0xfd, 0x57, 0x0,
    0xff, 0x98, 0x3, 0xff, 0xaa, 0xa2, 0x1, 0xff,
    0x50, 0x7, 0xff, 0x57, 0x80, 0x3f, 0xe3, 0x20,
    0xf, 0xfe, 0xa0, 0xa0, 0x7, 0xfd, 0x40, 0x1f,
    0xfd, 0x57, 0x0, 0xff, 0xe0, 0x38, 0x7, 0xff,
    0x56, 0x80, 0x3f, 0xe5, 0x10, 0xf, 0xfe, 0xa1,
    0x18, 0x7, 0xfd, 0xc0, 0x1f, 0xfd, 0x5a, 0x0,
    0xff, 0x85, 0x0, 0x3f, 0xfa, 0xac, 0x1, 0xff,
    0x30, 0x7, 0xff, 0x55, 0x4, 0x3, 0xfe, 0xb0,
    0xf, 0xfe, 0xaf, 0x0, 0x7f, 0xc4, 0x60, 0x1f,
    0xfd, 0x55, 0x0, 0xff, 0xa8, 0x3, 0xff, 0xaa,
    0xc0, 0x1f, 0xfc, 0x6, 0x0, 0xff, 0xea, 0xd0,
    0x7, 0xfc, 0x82, 0x1, 0xff, 0xd4, 0x23, 0x0,
    0xff, 0xb8, 0x3, 0xff, 0xab, 0x40, 0x1f, 0xf0,
    0xa8, 0x7, 0xff, 0x55, 0x80, 0x3f, 0xe7, 0x0,
    0xff, 0xea, 0xa0, 0x80, 0x7f, 0xd4, 0x1, 0xff,
    0xd5, 0xe0, 0xf, 0xf8, 0x8c, 0x3, 0xff, 0xaa,
    0xa0, 0x1f, 0xf5, 0x0, 0x7f, 0xf5, 0x54, 0x3,
    0xff, 0x80, 0xc0, 0x1f, 0xfd, 0x5e, 0x0, 0xff,
    0x90, 0x40, 0x3f, 0xfa, 0x82, 0x80, 0x1f, 0xf7,
    0x0, 0x7f, 0xf5, 0x58, 0x3, 0xff, 0x80, 0xa0,
    0x1f, 0xfd, 0x5a, 0x0, 0xff, 0x98, 0x3, 0xff,
    0xaa, 0x64, 0x1, 0xff, 0x50, 0x7, 0xff, 0x56,
    0x80, 0x3f, 0xe2, 0x30, 0xf, 0xfe, 0xab, 0x80,
    0x7f, 0xca, 0x1, 0xff, 0xd5, 0x51, 0x0, 0xff,
    0xa8, 0x3, 0xff, 0xab, 0xc0, 0x1f, 0xf1, 0x90,
    0x7, 0xff, 0x50, 0x50, 0x3, 0xfe, 0xa0, 0xf,
    0xfe, 0xab, 0x0, 0x7f, 0xf0, 0x18, 0x3, 0xff,
    0xab, 0x40, 0x1f, 0xf2, 0x80, 0x7f, 0xf5, 0x4c,
    0x80, 0x3f, 0xee, 0x0, 0xff, 0xea, 0xd0, 0x7,
    0xfc, 0x28, 0x1, 0xff, 0xd5, 0x70, 0xf, 0xf9,
    0x80, 0x3f, 0xfa, 0xa8, 0x20, 0x1f, 0xf5, 0x0,
    0x7f, 0xf5, 0x78, 0x3, 0xfe, 0x32, 0x0, 0xff,
    0xea, 0xa, 0x80, 0x7f, 0xd4, 0x1, 0xff, 0xd5,

    /* U+0030 "0" */
    0x0, 0xff, 0xe3, 0x9, 0xa2, 0xb2, 0xa9, 0x8,
    0x3, 0xff, 0xaa, 0x6f, 0x7d, 0xcc, 0xba, 0x9a,
    0xa5, 0xef, 0xed, 0x28, 0x80, 0x7f, 0xf3, 0x45,
    0xfb, 0x21, 0x4, 0x3, 0xfc, 0x4b, 0x5d, 0x68,
    0x1, 0xff, 0xca, 0x8e, 0x81, 0x0, 0xff, 0xe3,
    0x25, 0xe9, 0x80, 0x7f, 0xf1, 0x93, 0x5c, 0x3,
    0xff, 0x96, 0x59, 0x42, 0x1, 0xff, 0xc3, 0x6b,
    0x20, 0xf, 0xfe, 0x72, 0xe1, 0x0, 0x7f, 0xf0,
    0x66, 0x40, 0x1f, 0xfd, 0x12, 0xd3, 0x0, 0xff,
    0xa1, 0x80, 0x3f, 0xfa, 0x9a, 0x40, 0x1f, 0xca,
    0xe0, 0x1f, 0xfd, 0x51, 0xc0, 0xf, 0xc3, 0x60,
    0x1f, 0xfd, 0x71, 0xa0, 0xf, 0xa8, 0x40, 0x3f,
    0xfb, 0xa, 0x80, 0x1c, 0x68, 0x1, 0xff, 0xc2,
    0x59, 0xce, 0xff, 0x6d, 0xb9, 0x0, 0x7f, 0xf0,
    0xa0, 0x3, 0xa0, 0x3, 0xff, 0x82, 0xdd, 0x4c,
    0x62, 0x0, 0x24, 0x8d, 0xb2, 0x0, 0xff, 0xe0,
    0x1a, 0x0, 0x42, 0x80, 0x1f, 0xfc, 0xa, 0x91,
    0x0, 0xff, 0x26, 0xa8, 0x7, 0xff, 0x3, 0xc0,
    0x27, 0x0, 0xff, 0xe0, 0x5a, 0x80, 0x7f, 0xf0,
    0xa9, 0x0, 0x3f, 0xe4, 0x0, 0xb4, 0x3, 0xfe,
    0x74, 0x0, 0xff, 0xe2, 0x59, 0x0, 0x7f, 0xca,
    0x0, 0x50, 0xf, 0xf0, 0xc0, 0x7, 0xff, 0x1a,
    0xc0, 0x3f, 0xed, 0x1, 0x10, 0x7, 0xf9, 0x80,
    0x3f, 0xf8, 0xec, 0x20, 0x1f, 0xe3, 0x5, 0x0,
    0xff, 0xb0, 0x3, 0xff, 0x90, 0x80, 0x1f, 0xe5,
    0x1, 0x0, 0xff, 0x90, 0x3, 0xff, 0x91, 0x80,
    0x1f, 0xe1, 0x3, 0x0, 0xff, 0xea, 0x18, 0x7,
    0xff, 0x0, 0x40, 0x3f, 0xc4, 0x1, 0xff, 0xc9,
    0x10, 0xf, 0xf8, 0x40, 0x3f, 0xff, 0xe0, 0x1f,
    0xff, 0xf0, 0xf, 0xff, 0xf8, 0x7, 0xff, 0xfc,
    0x3, 0xff, 0xfe, 0x1, 0xff, 0xee, 0x5a, 0xef,
    0xf6, 0xc1, 0x0, 0x7f, 0xf6, 0x6e, 0x94, 0x40,
    0x4, 0xfa, 0xa0, 0x1f, 0xfd, 0x7a, 0x40, 0xf,
    0xd4, 0x60, 0x1f, 0xfd, 0x52, 0x50, 0xf, 0xf4,
    0x0, 0x7f, 0xf5, 0x50, 0x3, 0xfe, 0x40, 0xf,
    0xfe, 0xaf, 0x0, 0x7f, 0xf0, 0x4, 0x3, 0xff,
    0xa9, 0xe0, 0x1f, 0xfe, 0x12, 0x0, 0xff, 0xe0,
    0x8, 0x7, 0xff, 0x51, 0x0, 0x3f, 0xe5, 0x0,
    0xff, 0xea, 0x8b, 0x80, 0x7f, 0xa0, 0x3, 0xff,
    0xad, 0xc, 0x1, 0xf0, 0xd9, 0x0, 0x7f, 0xf5,
    0xe7, 0x18, 0x84, 0x47, 0x1e, 0x80, 0x1f, 0xfd,
    0x93, 0x9d, 0xee, 0x63, 0x88, 0x7, 0xff, 0xfc,
    0x3, 0xff, 0xfe, 0x1, 0xff, 0xff, 0x0, 0xff,
    0xff, 0x80, 0x7f, 0xff, 0xc0, 0x3f, 0xf9, 0x66,
    0x1, 0xff, 0xd5, 0x11, 0x0, 0x7f, 0x84, 0x3,
    0xff, 0x92, 0x40, 0x1f, 0xfc, 0x3, 0x0, 0xff,
    0x84, 0x3, 0xff, 0x91, 0xc0, 0x1f, 0xe1, 0x6,
    0x0, 0xff, 0x9c, 0x3, 0xff, 0x90, 0x80, 0x1f,
    0xe3, 0x3, 0x0, 0xff, 0xb4, 0x3, 0xff, 0x8e,
    0x26, 0x1, 0xfe, 0x70, 0x1, 0x0, 0x7f, 0x90,
    0xc0, 0x3f, 0xf8, 0xd0, 0x1, 0xff, 0x68, 0x1,
    0x0, 0x3f, 0xef, 0x0, 0xff, 0xe2, 0xa3, 0x0,
    0x7f, 0xc8, 0x0, 0xd0, 0xf, 0xf8, 0xe8, 0x3,
    0xff, 0x86, 0x54, 0x1, 0xff, 0x9, 0x80, 0x10,
    0x40, 0x3f, 0xe5, 0xc1, 0x0, 0xff, 0xe0, 0x2e,
    0x88, 0x7, 0xfc, 0xc0, 0x1a, 0x40, 0x3f, 0xf8,
    0x7, 0xd0, 0x20, 0x1f, 0x92, 0xe8, 0x3, 0xff,
    0x83, 0x20, 0x19, 0x80, 0x3f, 0xf8, 0x4f, 0xdb,
    0x30, 0xee, 0x8b, 0xeb, 0x40, 0xf, 0xfe, 0xb,
    0x8, 0x6, 0x18, 0x0, 0xff, 0xe1, 0x93, 0x3c,
    0x41, 0xd0, 0x40, 0x3f, 0xf8, 0x43, 0x0, 0x1e,
    0x73, 0x0, 0xff, 0xec, 0x58, 0x80, 0x7d, 0xa2,
    0x1, 0xff, 0xd6, 0x65, 0x0, 0xfc, 0x38, 0x1,
    0xff, 0xd5, 0x49, 0x0, 0xff, 0x16, 0x8, 0x7,
    0xff, 0x49, 0x6c, 0x3, 0xff, 0x80, 0x7e, 0x60,
    0x1f, 0xfd, 0x7, 0xa0, 0xf, 0xfe, 0x10, 0xe4,
    0x0, 0x7f, 0xf3, 0x4b, 0x20, 0x3, 0xff, 0x8a,
    0xfa, 0xc0, 0x1f, 0xfc, 0x92, 0x9d, 0x30, 0xf,
    0xfe, 0x39, 0x4f, 0x41, 0x80, 0x7f, 0xf1, 0x16,
    0xf5, 0x80, 0x3f, 0xf9, 0x62, 0xf9, 0xd4, 0xea,
    0x42, 0x1, 0x9, 0x1b, 0x46, 0x7d, 0x20, 0x7,
    0xff, 0x4,

    /* U+0031 "1" */
    0x0, 0xff, 0xe2, 0x13, 0xc4, 0x7f, 0xf0, 0x48,
    0x3, 0xff, 0xa2, 0xbb, 0xe, 0xff, 0xfc, 0x16,
    0x0, 0xff, 0xe8, 0x4d, 0x0, 0x7f, 0xf7, 0x8f,
    0x58, 0x3, 0xff, 0xbc, 0xf8, 0x40, 0x1f, 0xfd,
    0xd1, 0xb8, 0x0, 0xff, 0xef, 0x27, 0xa0, 0x7,
    0xff, 0x7a, 0x2c, 0x40, 0x3f, 0xfb, 0xa5, 0x8e,
    0x1, 0xff, 0xde, 0x5d, 0x30, 0xf, 0xfe, 0xf5,
    0x50, 0x3, 0xff, 0xbc, 0x7a, 0xa0, 0x1f, 0xfd,
    0xfc, 0x20, 0xf, 0xfe, 0x19, 0x98, 0x3, 0xff,
    0xbe, 0xf8, 0xe0, 0x1f, 0xfd, 0xd1, 0xb8, 0x0,
    0xff, 0xef, 0x27, 0xa0, 0x7, 0xff, 0x7a, 0x2c,
    0x40, 0x3f, 0xfb, 0xa3, 0x8e, 0x1, 0xff, 0xde,
    0x5f, 0x30, 0xf, 0xfe, 0xf4, 0xd0, 0x80, 0x7f,
    0xf7, 0x4b, 0x18, 0x3, 0xff, 0xbc, 0xba, 0x60,
    0x1f, 0xfd, 0xe9, 0xa0, 0xf, 0xfe, 0xf1, 0x6b,
    0x0, 0x7f, 0xf7, 0x9b, 0x48, 0x3, 0xff, 0xbd,
    0x52, 0x1, 0xff, 0xe0, 0x50, 0xf, 0xff, 0xf8,
    0x7, 0xff, 0xfc, 0x3, 0xff, 0xfe, 0x1, 0xff,
    0xff, 0x0, 0xff, 0xff, 0x80, 0x7f, 0xff, 0xc0,
    0x3f, 0xff, 0xe0, 0x1f, 0xff, 0xf0, 0xf, 0xff,
    0xf8, 0x7, 0xff, 0xfc, 0x3, 0xff, 0xfe, 0x1,
    0xff, 0xff, 0x0, 0xff, 0xff, 0x80, 0x7f, 0xff,
    0xc0, 0x3f, 0xff, 0xe0, 0x1f, 0xff, 0xf0, 0xf,
    0xff, 0xf8, 0x7, 0xff, 0xfc, 0x3, 0xff, 0xfe,
    0x1, 0xff, 0xff, 0x0, 0xff, 0xf9, 0xef, 0x77,
    0xff, 0x15, 0x0, 0x3f, 0xea, 0xee, 0xff, 0xe1,
    0x1, 0x8, 0xff, 0xf1, 0x40, 0x3f, 0xf8, 0x2,
    0x3f, 0xfc, 0x30, 0xf, 0xff, 0xf8, 0x7, 0xff,
    0xfc, 0x3, 0xff, 0xfe, 0x1, 0xff, 0xff, 0x0,
    0xff, 0xff, 0x80, 0x7f, 0xf6, 0xc0,

    /* U+0032 "2" */
    0x0, 0xff, 0xe1, 0x8a, 0xc5, 0x6f, 0x73, 0xfd,
    0xdb, 0x72, 0xc4, 0x1, 0xff, 0xd1, 0x6b, 0xea,
    0x75, 0x21, 0x10, 0x0, 0x49, 0x1a, 0x77, 0xa4,
    0xc0, 0x3f, 0xf9, 0x63, 0x1f, 0x28, 0x1, 0xff,
    0xc3, 0x16, 0xcc, 0x20, 0x7, 0xff, 0x21, 0xbd,
    0xc0, 0x3f, 0xf9, 0x27, 0x76, 0x10, 0xf, 0xfe,
    0x20, 0xdc, 0x88, 0x7, 0xff, 0x31, 0x39, 0x40,
    0x3f, 0xf8, 0x45, 0x88, 0x1, 0xff, 0xd0, 0xa7,
    0x0, 0xff, 0xe0, 0x16, 0x10, 0x7, 0xff, 0x4a,
    0x1c, 0x3, 0xfc, 0x38, 0x20, 0x1f, 0xfd, 0x48,
    0x60, 0xf, 0xed, 0x10, 0xf, 0xfe, 0xb4, 0x90,
    0x7, 0xce, 0x60, 0x1f, 0xfd, 0x8e, 0x0, 0xf1,
    0x40, 0x7, 0xff, 0x14, 0x48, 0x40, 0x3f, 0xf8,
    0xa6, 0xc0, 0x1d, 0x0, 0x1f, 0xfc, 0x21, 0x8d,
    0xfe, 0xde, 0xfc, 0x70, 0xf, 0xfe, 0x1d, 0x80,
    0x62, 0x50, 0xf, 0xfe, 0xc, 0x73, 0x90, 0x7,
    0x1c, 0x72, 0x80, 0x7f, 0xf0, 0x49, 0x40, 0x2a,
    0x0, 0xff, 0xe0, 0xdb, 0x80, 0x7f, 0x86, 0x9c,
    0x3, 0xff, 0x83, 0xe0, 0x12, 0x80, 0x7f, 0xf0,
    0x29, 0x0, 0x3f, 0xf8, 0x30, 0xa0, 0x1f, 0xfc,
    0x5, 0x0, 0x11, 0x0, 0x3f, 0xe5, 0x50, 0x7,
    0xff, 0xe, 0x84, 0x3, 0xff, 0x80, 0x60, 0x80,
    0x1f, 0xfc, 0x8, 0x0, 0xff, 0xe2, 0xc8, 0x7,
    0xff, 0x1, 0x43, 0xc0, 0x3f, 0xe4, 0x20, 0xf,
    0xfe, 0x2b, 0x0, 0x7f, 0xf0, 0x3c, 0x8, 0x3,
    0xfe, 0xc0, 0xf, 0xfe, 0x30, 0x90, 0x7, 0xfc,
    0x60, 0xc0, 0x1f, 0xf2, 0x0, 0x7f, 0xf1, 0xdc,
    0x3, 0xfe, 0x10, 0x30, 0xf, 0xf8, 0x40, 0x3f,
    0xf8, 0xe6, 0x1, 0xff, 0x38, 0x29, 0x9f, 0xfc,
    0x40, 0x1f, 0xfc, 0x71, 0x0, 0xff, 0x9c, 0x2f,
    0x33, 0xfe, 0x0, 0xff, 0xe4, 0x8, 0x7, 0xfc,
    0x20, 0x1f, 0xfd, 0x52, 0x0, 0xff, 0x8c, 0x3,
    0xff, 0xaa, 0xa0, 0x1f, 0xf7, 0x80, 0x7f, 0xf5,
    0x8, 0x40, 0x3f, 0xe5, 0x0, 0xff, 0xea, 0x28,
    0x7, 0xff, 0x0, 0xc0, 0x3f, 0xfa, 0x94, 0x1,
    0xff, 0x20, 0x7, 0xff, 0x51, 0x48, 0x3, 0xfe,
    0xd0, 0xf, 0xfe, 0xa4, 0x0, 0x7f, 0xf0, 0x1c,
    0x3, 0xff, 0xa7, 0x4, 0x1, 0xff, 0x30, 0x80,
    0x7f, 0xf4, 0x91, 0xc0, 0x3f, 0xf8, 0x14, 0x1,
    0xff, 0xd2, 0x1a, 0x0, 0xff, 0xe0, 0x29, 0x80,
    0x7f, 0xf4, 0xb0, 0x40, 0x3f, 0xf8, 0x10, 0x1,
    0xff, 0xd2, 0xc2, 0x0, 0xff, 0xe0, 0x39, 0x0,
    0x7f, 0xf4, 0x6c, 0xc0, 0x3f, 0xf8, 0x7, 0x0,
    0x1f, 0xfd, 0x1b, 0x40, 0xf, 0xfe, 0xf, 0x0,
    0x7f, 0xf4, 0x6d, 0x0, 0x3f, 0xf8, 0x32, 0x40,
    0x1f, 0xfd, 0xb, 0x40, 0xf, 0xfe, 0xb, 0xb0,
    0x7, 0xff, 0x42, 0x90, 0x3, 0xff, 0x82, 0x90,
    0x1, 0xff, 0xd0, 0xa5, 0x0, 0xff, 0xe0, 0x9d,
    0x80, 0x7f, 0xf4, 0x29, 0x40, 0x3f, 0xf8, 0x27,
    0x80, 0x1f, 0xfd, 0xa, 0x50, 0xf, 0xfe, 0x9,
    0x68, 0x7, 0xff, 0x42, 0x54, 0x3, 0xff, 0x82,
    0x78, 0x20, 0x1f, 0xfc, 0xf9, 0x60, 0xf, 0xfe,
    0x9, 0xe8, 0x80, 0x7f, 0xf3, 0xe5, 0x80, 0x3f,
    0xf8, 0x27, 0xa2, 0x1, 0xff, 0xcf, 0x86, 0x0,
    0xff, 0xe0, 0x9e, 0x88, 0x7, 0xff, 0x3e, 0x1c,
    0x3, 0xff, 0x82, 0x7a, 0x20, 0x1f, 0xfc, 0xf8,
    0x70, 0xf, 0xfe, 0x9, 0xe8, 0x80, 0x7f, 0xf3,
    0xdd, 0xc0, 0x1f, 0xfc, 0x13, 0xc1, 0x0, 0xff,
    0xe7, 0xbc, 0x0, 0x7f, 0xf0, 0x4f, 0x0, 0x3f,
    0xfa, 0xf, 0x0, 0x1f, 0xfc, 0x13, 0xc0, 0xf,
    0xfe, 0x83, 0x40, 0x7, 0xff, 0x4, 0xf0, 0x3,
    0xff, 0xa0, 0xd2, 0x1, 0xff, 0xc1, 0x3c, 0x0,
    0xff, 0xe8, 0x34, 0x80, 0x7f, 0xf0, 0x4f, 0x0,
    0x3f, 0xfa, 0xd, 0x20, 0x1f, 0xfc, 0x13, 0xc0,
    0xf, 0xfe, 0x82, 0xc8, 0x7, 0xff, 0x4, 0xf0,
    0x3, 0xff, 0xa0, 0xb4, 0x1, 0xff, 0xc1, 0x3c,
    0x0, 0xff, 0xe8, 0x2d, 0x0, 0x7f, 0xf0, 0x53,
    0x0, 0x3f, 0xfa, 0xb, 0x40, 0x1f, 0xfc, 0x14,
    0xb0, 0xf, 0xfe, 0x8d, 0x80, 0x7f, 0xf0, 0x97,
    0xbb, 0xff, 0xa1, 0x20, 0x1f, 0xfc, 0x41, 0x1f,
    0xfe, 0x89, 0x80, 0x7f, 0xff, 0xc0, 0x3f, 0xff,
    0xe0, 0x1f, 0xff, 0xf0, 0xf, 0xff, 0xf8, 0x7,
    0xff, 0xfc, 0x3, 0xff, 0xb6,

    /* U+0033 "3" */
    0x0, 0xa2, 0x67, 0xff, 0xb6, 0xc0, 0x1c, 0xac,
    0xdf, 0xfd, 0xbc, 0x0, 0xff, 0xff, 0x80, 0x7f,
    0xff, 0xc0, 0x3f, 0xff, 0xe0, 0x1f, 0xff, 0xf0,
    0xf, 0xff, 0xf8, 0x7, 0xff, 0x68, 0xc0, 0x3b,
    0x7f, 0xff, 0xf9, 0xba, 0x40, 0x1f, 0xf2, 0x48,
    0x7, 0xff, 0x48, 0xb0, 0x80, 0x3f, 0xc9, 0x60,
    0x1f, 0xfd, 0x22, 0xc1, 0x0, 0xff, 0x2d, 0x80,
    0x7f, 0xf4, 0x8b, 0x4, 0x3, 0xfc, 0xb4, 0x1,
    0xff, 0xd2, 0x3c, 0x10, 0xf, 0xf3, 0x50, 0x7,
    0xff, 0x48, 0xf0, 0x40, 0x3f, 0xcd, 0x20, 0x1f,
    0xfd, 0x23, 0xc0, 0xf, 0xf9, 0xe4, 0x3, 0xff,
    0xa4, 0x98, 0x1, 0xff, 0x3c, 0x0, 0x7f, 0xf4,
    0x92, 0xc0, 0x3f, 0xe8, 0x80, 0x7, 0xff, 0x49,
    0x6c, 0x3, 0xfe, 0x87, 0x0, 0xff, 0xe9, 0x2d,
    0x0, 0x7f, 0xd2, 0xe0, 0x1f, 0xfd, 0x26, 0xa0,
    0xf, 0xfa, 0x58, 0x3, 0xff, 0xa4, 0xd2, 0x1,
    0xff, 0x53, 0x0, 0x7f, 0xf4, 0x9a, 0x40, 0x3f,
    0xea, 0x50, 0xf, 0xfe, 0x93, 0xc8, 0x7, 0xfd,
    0x4a, 0x1, 0xff, 0xd2, 0x68, 0x0, 0xff, 0x87,
    0x18, 0xc0, 0x3f, 0xfa, 0x3e, 0x1, 0xff, 0xc0,
    0x16, 0x9c, 0xe9, 0x40, 0xf, 0xfe, 0xf8, 0xb5,
    0xea, 0x80, 0x7f, 0xf8, 0xa, 0xb0, 0xc0, 0x3f,
    0xfc, 0x7, 0x8e, 0x1, 0xff, 0xe1, 0x8a, 0x0,
    0xff, 0xf0, 0xad, 0x0, 0x7f, 0xf8, 0x56, 0x0,
    0x3f, 0xfc, 0x2e, 0x80, 0x1f, 0xfe, 0x1a, 0x0,
    0xff, 0xe2, 0xdd, 0xff, 0x54, 0xc2, 0x8, 0x7,
    0xff, 0x8, 0x5c, 0x3, 0xff, 0x88, 0x48, 0x9f,
    0x95, 0x9e, 0xfa, 0x48, 0x3, 0xff, 0x83, 0x20,
    0x1f, 0xfd, 0x26, 0xd5, 0x0, 0xff, 0xe0, 0xb,
    0x0, 0x7f, 0xf4, 0xe9, 0x0, 0x3f, 0xf8, 0x1a,
    0x1, 0xff, 0xd4, 0xb1, 0x0, 0xff, 0x90, 0x3,
    0xff, 0xab, 0x0, 0x1f, 0xfc, 0x3, 0x0, 0xff,
    0xea, 0x30, 0x7, 0xff, 0x1, 0x40, 0x3f, 0xfa,
    0xa8, 0x1, 0xff, 0x70, 0x7, 0xff, 0x54, 0xc0,
    0x3f, 0xe1, 0x0, 0xff, 0xea, 0xf8, 0x7, 0xfc,
    0x60, 0x1f, 0xfd, 0x51, 0x0, 0xff, 0xf6, 0x88,
    0x7, 0xff, 0xfc, 0x3, 0xff, 0xe6, 0x28, 0x9f,
    0xf1, 0x80, 0x7f, 0xf5, 0x5, 0x2e, 0xff, 0xee,
    0x0, 0xff, 0xe4, 0x8, 0x7, 0xff, 0x0, 0x40,
    0x3f, 0xe3, 0x0, 0xff, 0xe4, 0x78, 0x7, 0xfc,
    0x6c, 0x1, 0xff, 0x8, 0x80, 0x3f, 0xf8, 0xe8,
    0x1, 0xff, 0x9, 0x0, 0x7f, 0xf0, 0x1c, 0x3,
    0xff, 0x8c, 0x26, 0x1, 0xff, 0x70, 0x8, 0x7,
    0xfd, 0x60, 0x1f, 0xfc, 0x69, 0x0, 0xff, 0xe0,
    0x28, 0x20, 0x7, 0xfc, 0x4e, 0x1, 0xff, 0xc4,
    0x27, 0x0, 0xff, 0xe0, 0x18, 0x60, 0x7, 0xff,
    0x2, 0x10, 0x3, 0xff, 0x84, 0x3e, 0x1, 0xff,
    0xc0, 0x40, 0x3, 0x80, 0x7f, 0xf0, 0x6d, 0xc0,
    0x3f, 0xf8, 0x7, 0x84, 0x1, 0xff, 0xc0, 0xe0,
    0x0, 0xa8, 0x7, 0xff, 0x6, 0x31, 0x40, 0x3f,
    0x1d, 0x61, 0x0, 0x7f, 0xf0, 0x5, 0x40, 0x28,
    0x0, 0xff, 0xe1, 0x1d, 0x7e, 0x54, 0xc4, 0xdf,
    0x62, 0x80, 0x7f, 0xf0, 0xa4, 0x3, 0x13, 0x0,
    0x7f, 0xf1, 0xd, 0x59, 0xd9, 0x4, 0x3, 0xff,
    0x86, 0x4e, 0x1, 0xd0, 0x20, 0x1f, 0xfd, 0x99,
    0x0, 0xf0, 0xe8, 0x7, 0xff, 0x62, 0x10, 0x3,
    0xe3, 0xa0, 0xf, 0xfe, 0xb3, 0x38, 0x7, 0xf2,
    0xd0, 0x7, 0xff, 0x51, 0xa4, 0x3, 0xfe, 0x5c,
    0x10, 0xf, 0xfe, 0x8c, 0xc8, 0x3, 0xff, 0x82,
    0x7c, 0xc0, 0x1f, 0xfc, 0xe3, 0xd6, 0x0, 0xff,
    0xe2, 0x4e, 0xa0, 0x7, 0xff, 0x28, 0xab, 0x8,
    0x3, 0xff, 0x8c, 0x57, 0xae, 0x40, 0x1f, 0xfc,
    0x41, 0x6c, 0xd5, 0x0, 0xff, 0xe5, 0x14, 0x6f,
    0x53, 0xa1, 0x88, 0x6, 0x12, 0x46, 0x9d, 0xe9,
    0x30, 0xf, 0xfe, 0x0,

    /* U+0034 "4" */
    0x0, 0xff, 0xe7, 0x24, 0x47, 0xff, 0x1, 0x80,
    0x3f, 0xfa, 0x25, 0x6e, 0xff, 0xfc, 0x2, 0x0,
    0xff, 0xe8, 0xc8, 0x7, 0xff, 0x1, 0x90, 0x3,
    0xff, 0xa0, 0xc8, 0x1, 0xff, 0xc, 0x80, 0x7f,
    0xf4, 0xa, 0x40, 0x3f, 0xf8, 0x14, 0x1, 0xff,
    0xd1, 0x90, 0xf, 0xfe, 0x2, 0xa0, 0x7, 0xff,
    0x41, 0x90, 0x3, 0xfe, 0x1b, 0x0, 0xff, 0xe8,
    0xc, 0x80, 0x7f, 0xf0, 0x2c, 0x40, 0x3f, 0xfa,
    0x14, 0x1, 0xff, 0xc0, 0x55, 0x0, 0x7f, 0xf4,
    0x19, 0x0, 0x3f, 0xe1, 0xb0, 0xf, 0xfe, 0x80,
    0xc8, 0x7, 0xff, 0x2, 0xc4, 0x3, 0xff, 0xa1,
    0x40, 0x1f, 0xfc, 0x4, 0x50, 0xf, 0xfe, 0x83,
    0x20, 0x7, 0xfc, 0x34, 0x1, 0xff, 0xd0, 0x19,
    0x0, 0xff, 0xe0, 0x40, 0x80, 0x7f, 0xf4, 0x28,
    0x3, 0xff, 0x80, 0x8c, 0x1, 0xff, 0xd0, 0x64,
    0x0, 0xff, 0xe0, 0x50, 0x7, 0xff, 0x40, 0x64,
    0x3, 0xff, 0x81, 0x22, 0x1, 0xff, 0xd0, 0xa0,
    0xf, 0xfe, 0x1, 0xb0, 0x7, 0xff, 0x41, 0x90,
    0x3, 0xff, 0x81, 0xc0, 0x1f, 0xfd, 0x1, 0x80,
    0xf, 0xfe, 0x4, 0x10, 0x7, 0xff, 0x42, 0x84,
    0x3, 0xfe, 0x37, 0x0, 0xff, 0xe8, 0x2a, 0x0,
    0x7f, 0xf0, 0x38, 0x3, 0xff, 0xa0, 0x36, 0x1,
    0xff, 0xc0, 0x82, 0x0, 0xff, 0xe8, 0x50, 0x80,
    0x7f, 0xc6, 0xe0, 0x1f, 0xfd, 0x5, 0x40, 0xf,
    0xfe, 0x7, 0x0, 0x7f, 0xf4, 0x6, 0xc0, 0x3f,
    0xf8, 0xe, 0x40, 0x1f, 0xfd, 0xb, 0x10, 0xf,
    0xf8, 0xa0, 0x3, 0xff, 0xa0, 0xaa, 0x0, 0xff,
    0xe0, 0x70, 0x7, 0xff, 0x40, 0x6c, 0x3, 0xff,
    0x80, 0xe6, 0x1, 0xff, 0xd0, 0xb1, 0x0, 0xff,
    0x8a, 0x0, 0x3f, 0xfa, 0xa, 0xa0, 0xf, 0xfe,
    0x7, 0x0, 0x7f, 0x8a, 0x23, 0xfe, 0x60, 0xe,
    0x1b, 0x0, 0xff, 0xe0, 0x31, 0x80, 0x7f, 0x9d,
    0xff, 0xf8, 0x14, 0x1, 0xd6, 0x20, 0x1f, 0xf1,
    0x48, 0x7, 0xff, 0x41, 0x54, 0x1, 0xff, 0xc0,
    0x90, 0xf, 0xfe, 0x80, 0xd8, 0x7, 0xff, 0x1,
    0x90, 0x3, 0xff, 0xa1, 0x62, 0x1, 0xff, 0xc,
    0x80, 0x7f, 0xf4, 0x15, 0x40, 0x1f, 0xfc, 0xa,
    0x0, 0xff, 0xe8, 0xd, 0x80, 0x7f, 0xf0, 0x19,
    0x0, 0x3f, 0xfa, 0x16, 0x20, 0x1f, 0xf0, 0xc0,
    0x7, 0xff, 0x40, 0xd4, 0x3, 0xff, 0x81, 0x42,
    0x1, 0xff, 0xd0, 0x60, 0xf, 0xfe, 0x2, 0xa0,
    0x7, 0xff, 0x74, 0x6c, 0x3, 0xff, 0xbd, 0x62,
    0x1, 0xff, 0xde, 0x60, 0xf, 0xff, 0xf8, 0x7,
    0xff, 0xb2, 0x67, 0xff, 0x8f, 0xc0, 0x1f, 0xfc,
    0xc5, 0x66, 0xff, 0xe3, 0x20, 0x7, 0xff, 0xfc,
    0x3, 0xff, 0xfe, 0x1, 0xff, 0xff, 0x0, 0xff,
    0xff, 0x80, 0x7f, 0xff, 0xc0, 0x3f, 0xfa, 0xab,
    0xff, 0xff, 0xd2, 0xa0, 0xf, 0xff, 0xf8, 0x7,
    0xff, 0xfc, 0x3, 0xff, 0xfe, 0x1, 0xff, 0xff,
    0x0, 0xff, 0xff, 0x80, 0x7f, 0xff, 0xc0, 0x3f,
    0xff, 0xe0, 0x1f, 0xfe, 0xf0,

    /* U+0035 "5" */
    0x0, 0xab, 0xff, 0xff, 0xb6, 0x80, 0x1f, 0xff,
    0xf0, 0xf, 0xff, 0xf8, 0x7, 0xff, 0xfc, 0x3,
    0xff, 0xfe, 0x1, 0xff, 0xff, 0x0, 0xff, 0xf6,
    0x8, 0xff, 0xf4, 0x0, 0x3f, 0xf8, 0xa9, 0xdd,
    0xff, 0xd0, 0x40, 0xf, 0xff, 0xf8, 0x7, 0xff,
    0xfc, 0x3, 0xff, 0xfe, 0x1, 0xff, 0xff, 0x0,
    0xff, 0xff, 0x80, 0x7f, 0x38, 0x7, 0xff, 0xfc,
    0x3, 0xff, 0xfe, 0x1, 0xff, 0xff, 0x0, 0xc7,
    0xff, 0xff, 0x76, 0xdc, 0xb1, 0x0, 0x7f, 0xf7,
    0x4, 0x91, 0xa7, 0x7a, 0x4c, 0x3, 0xff, 0xbe,
    0x2d, 0x98, 0x40, 0xf, 0xff, 0x1, 0xdd, 0x8,
    0x7, 0xff, 0x81, 0x7c, 0xc0, 0x3f, 0xfc, 0x3,
    0x88, 0x1, 0xff, 0xe1, 0xb3, 0x0, 0xff, 0xf0,
    0xe8, 0x80, 0x7f, 0xf8, 0x6, 0x80, 0x3f, 0xfc,
    0x28, 0x80, 0xe, 0xc6, 0x6f, 0xfe, 0x42, 0xa0,
    0x80, 0x7f, 0xf1, 0x24, 0x3, 0x9a, 0x67, 0xff,
    0x91, 0x57, 0xda, 0xe0, 0x1f, 0xfc, 0x22, 0x40,
    0xf, 0xfe, 0x81, 0x47, 0x20, 0x7, 0xff, 0x7,
    0x80, 0x3f, 0xfa, 0x43, 0x6a, 0x1, 0xff, 0xc0,
    0x40, 0xf, 0xfe, 0xa5, 0x18, 0x7, 0xfc, 0x26,
    0x1, 0xff, 0xd4, 0x80, 0xf, 0xfe, 0x2, 0x80,
    0x7f, 0xf5, 0x10, 0x80, 0x3f, 0xef, 0x0, 0xff,
    0xea, 0xa8, 0x7, 0xfc, 0x40, 0x1f, 0xfd, 0x5c,
    0x0, 0xff, 0x9c, 0x3, 0xff, 0xaa, 0xe0, 0x1f,
    0xf0, 0x80, 0x7f, 0xf5, 0x44, 0x3, 0xff, 0xda,
    0x60, 0x1f, 0xff, 0xf0, 0xf, 0xff, 0xa2, 0xaf,
    0xff, 0x0, 0x3, 0xff, 0xa8, 0x61, 0x55, 0xff,
    0xc0, 0x0, 0xff, 0xe4, 0x8, 0x7, 0xff, 0x34,
    0x40, 0x3f, 0xf8, 0xee, 0x1, 0xff, 0x8, 0x8,
    0x7, 0xfc, 0x80, 0x1f, 0xfc, 0x7c, 0x0, 0xff,
    0x98, 0x8, 0x3, 0xfe, 0xc0, 0xf, 0xfe, 0x3a,
    0x0, 0x7f, 0xc4, 0xa, 0x1, 0xff, 0x30, 0x80,
    0x7f, 0xf1, 0x4c, 0xc0, 0x1f, 0xf6, 0x86, 0x0,
    0x7f, 0xf0, 0x2c, 0x3, 0xff, 0x8b, 0xe0, 0x1f,
    0xfc, 0x7, 0x4, 0x0, 0xff, 0xe0, 0x2c, 0x0,
    0x7f, 0xf0, 0xe4, 0xc0, 0x3f, 0xe2, 0x20, 0xa,
    0x0, 0x7f, 0xf0, 0x1e, 0x80, 0x3f, 0xf8, 0x34,
    0xc0, 0x1f, 0xfc, 0x5, 0x0, 0xb8, 0x3, 0xff,
    0x82, 0xbc, 0xe2, 0x1, 0xf0, 0xbf, 0x28, 0x7,
    0xff, 0x6, 0x80, 0x25, 0x20, 0xf, 0xfe, 0x8,
    0xc7, 0x6d, 0x4c, 0x4d, 0x6f, 0x40, 0x80, 0x7f,
    0xf0, 0x54, 0x80, 0x34, 0x80, 0x7f, 0xf1, 0x9,
    0x59, 0xd9, 0x48, 0x3, 0xff, 0x89, 0x60, 0x1c,
    0x8a, 0x1, 0xff, 0xd9, 0x81, 0x0, 0xf5, 0x10,
    0x7, 0xff, 0x5d, 0x1c, 0x3, 0xf6, 0x10, 0x7,
    0xff, 0x54, 0xec, 0x3, 0xf8, 0x70, 0x80, 0x3f,
    0xfa, 0x67, 0x80, 0x1f, 0xf0, 0xea, 0x0, 0x7f,
    0xf4, 0x5b, 0x0, 0x3f, 0xf8, 0x57, 0x22, 0x1,
    0xff, 0xcd, 0x1b, 0x90, 0xf, 0xfe, 0x23, 0x7b,
    0x80, 0x7f, 0xf2, 0x86, 0x39, 0x0, 0x3f, 0xf8,
    0xc3, 0x1f, 0x48, 0x1, 0xff, 0xc5, 0x4a, 0xe7,
    0x0, 0xff, 0xe5, 0xad, 0xfd, 0xc2, 0x99, 0x0,
    0x61, 0x23, 0x58, 0xcf, 0xb5, 0x0, 0xff, 0xe0,
    0x0,

    /* U+0036 "6" */
    0x0, 0xff, 0xe4, 0x94, 0x47, 0xff, 0x4, 0x80,
    0x3f, 0xfa, 0xb0, 0xef, 0xff, 0xc0, 0x62, 0x0,
    0xff, 0xea, 0x1a, 0x80, 0x7f, 0xf0, 0x2c, 0x3,
    0xff, 0xab, 0xe0, 0x1f, 0xfc, 0x3, 0x50, 0xf,
    0xfe, 0xa2, 0x98, 0x7, 0xff, 0x3, 0xc0, 0x3f,
    0xfa, 0xb0, 0x1, 0xff, 0xc0, 0x53, 0x0, 0xff,
    0xea, 0x31, 0x0, 0x7f, 0xf0, 0x2c, 0x3, 0xff,
    0xab, 0x0, 0x1f, 0xfc, 0x7, 0x10, 0xf, 0xfe,
    0xa4, 0x8, 0x7, 0xfc, 0x30, 0x1, 0xff, 0xd4,
    0x17, 0x0, 0xff, 0xe0, 0x58, 0x7, 0xff, 0x56,
    0x0, 0x3f, 0xf8, 0x6, 0xa0, 0x1f, 0xfd, 0x42,
    0x60, 0xf, 0xfe, 0x7, 0x80, 0x7f, 0xf5, 0x64,
    0x3, 0xff, 0x80, 0xa6, 0x1, 0xff, 0xd4, 0x34,
    0x0, 0xff, 0xe0, 0x58, 0x7, 0xff, 0x57, 0xc0,
    0x3f, 0xf8, 0xe, 0x20, 0x1f, 0xfd, 0x45, 0x30,
    0xf, 0xf8, 0x60, 0x3, 0xff, 0xab, 0x0, 0x1f,
    0xfc, 0xb, 0x0, 0xff, 0xea, 0xb1, 0x0, 0x7f,
    0xc6, 0xa0, 0x1f, 0xfd, 0x58, 0x0, 0xff, 0xe0,
    0x78, 0x7, 0xff, 0x56, 0x4, 0x3, 0xfe, 0x53,
    0x0, 0xff, 0xea, 0xb, 0x80, 0x7f, 0xf0, 0x2c,
    0x3, 0xff, 0xab, 0x0, 0x1f, 0xfc, 0x7, 0x10,
    0xf, 0xfe, 0xa1, 0x30, 0x7, 0xfc, 0x30, 0x1,
    0xff, 0xd5, 0x90, 0xf, 0xfe, 0x5, 0x80, 0x7f,
    0xf5, 0x4d, 0x0, 0x3f, 0xe3, 0x50, 0xf, 0xfe,
    0xaf, 0x80, 0x7f, 0xf0, 0x3c, 0x3, 0xff, 0xaa,
    0xa6, 0x1, 0xff, 0x29, 0x80, 0x7f, 0xf5, 0x60,
    0x3, 0xff, 0x81, 0x60, 0x1f, 0xfd, 0x56, 0x20,
    0xf, 0xf9, 0xc4, 0x5, 0xab, 0x7f, 0xf7, 0x64,
    0xb0, 0x80, 0x7f, 0xf1, 0xe0, 0x3, 0xfe, 0x18,
    0x2a, 0xe9, 0x52, 0x0, 0xc2, 0x6d, 0x3d, 0x8a,
    0x1, 0xff, 0xc4, 0x71, 0x0, 0xff, 0xad, 0xb5,
    0x40, 0x3f, 0xf8, 0x27, 0x5a, 0xa0, 0x1f, 0xfc,
    0x28, 0x0, 0xff, 0x8c, 0xa4, 0x3, 0xff, 0x8a,
    0x55, 0x20, 0x1f, 0xfc, 0x7, 0x0, 0xff, 0xe0,
    0x14, 0x0, 0x7f, 0xf2, 0x1b, 0x44, 0x3, 0xfd,
    0x20, 0x1f, 0xfc, 0x1, 0x0, 0xff, 0xe5, 0x16,
    0x8, 0x7, 0xe5, 0x10, 0xf, 0xfe, 0xc1, 0x68,
    0x7, 0xe9, 0x0, 0xff, 0xed, 0x1c, 0x80, 0x78,
    0xcc, 0x1, 0xff, 0xdb, 0x63, 0x0, 0xea, 0x0,
    0xff, 0xe2, 0x24, 0xe7, 0x7f, 0xb6, 0xdc, 0x80,
    0x3f, 0xf8, 0x7c, 0x1, 0xce, 0x1, 0xff, 0xc2,
    0x6e, 0xb6, 0x31, 0x0, 0x12, 0x46, 0xd9, 0x80,
    0x7f, 0xf0, 0x49, 0x40, 0x24, 0x10, 0xf, 0xfe,
    0x0, 0xdc, 0x88, 0x7, 0xf9, 0x31, 0x80, 0x3f,
    0xf8, 0x32, 0x1, 0x60, 0x7, 0xff, 0x0, 0x71,
    0x0, 0x3f, 0xf8, 0x53, 0x0, 0x1f, 0xfc, 0x3,
    0x20, 0x2, 0x80, 0x7f, 0xf0, 0x28, 0x80, 0x3f,
    0xf8, 0x8e, 0xa0, 0x1f, 0xfc, 0x5, 0x1, 0x20,
    0xf, 0xf9, 0x90, 0x3, 0xff, 0x8d, 0x62, 0x1,
    0xff, 0x60, 0x20, 0x7, 0xff, 0x2, 0x0, 0x3f,
    0xf8, 0xe2, 0xc0, 0x1f, 0xf2, 0x6, 0x80, 0x7f,
    0xca, 0x20, 0x1f, 0xfc, 0x89, 0x0, 0xff, 0xe0,
    0x9, 0x0, 0x7f, 0xd8, 0x1, 0xff, 0xc9, 0x12,
    0x0, 0xff, 0x95, 0x80, 0x3f, 0xe4, 0x0, 0xff,
    0xe5, 0x20, 0x7, 0xfc, 0x42, 0x1, 0xff, 0x10,
    0x7, 0xff, 0x2b, 0x80, 0x3f, 0xf8, 0x6, 0x1,
    0xff, 0xd6, 0x20, 0xf, 0xf8, 0x4c, 0x3, 0xfc,
    0x20, 0x1f, 0xfd, 0x81, 0x0, 0xff, 0x8, 0x7,
    0xff, 0x2c, 0xc0, 0x3f, 0xfc, 0x62, 0x1, 0xff,
    0xb, 0x0, 0x7f, 0xc6, 0x1, 0xff, 0xca, 0xe0,
    0xf, 0xf8, 0xf4, 0x3, 0xfe, 0x40, 0xf, 0xfe,
    0x52, 0x0, 0x7f, 0xce, 0x60, 0x1f, 0xf6, 0x0,
    0x7f, 0xf2, 0x48, 0x80, 0x1f, 0xf1, 0x28, 0x7,
    0xfc, 0x86, 0x1, 0xff, 0xc8, 0xb0, 0xf, 0xf8,
    0xc0, 0x4c, 0x3, 0xfe, 0x80, 0xf, 0xfe, 0x39,
    0x30, 0x7, 0xfc, 0x80, 0xb, 0x0, 0xff, 0x91,
    0xc0, 0x3f, 0xf8, 0xde, 0x1, 0xff, 0xc0, 0xb0,
    0x2, 0x80, 0x7f, 0xf0, 0x21, 0x40, 0x3f, 0xf8,
    0x94, 0x40, 0x1f, 0xf1, 0x18, 0x0, 0x94, 0x3,
    0xff, 0x81, 0x4e, 0x1, 0xff, 0xc1, 0x1c, 0x50,
    0xf, 0xfe, 0x5, 0x80, 0x69, 0x0, 0xff, 0xe0,
    0xc6, 0x20, 0x7, 0xfa, 0x38, 0xc0, 0x3f, 0xf8,
    0x2, 0xc0, 0x18, 0xd8, 0x3, 0xff, 0x82, 0x77,
    0xd4, 0xca, 0x68, 0xaf, 0x7e, 0xe0, 0x1f, 0xfc,
    0x28, 0x0, 0xf4, 0x8, 0x7, 0xff, 0x8, 0x56,
    0x6b, 0x2e, 0xa1, 0x0, 0x3f, 0xf8, 0x68, 0xc0,
    0x1e, 0x1a, 0x0, 0xff, 0xec, 0x8d, 0x0, 0x7e,
    0x49, 0x0, 0xff, 0xec, 0x68, 0x80, 0x7f, 0x33,
    0x80, 0x7f, 0xf5, 0xa8, 0xc0, 0x3f, 0xe8, 0x90,
    0xf, 0xfe, 0x98, 0xda, 0x80, 0x7f, 0xf0, 0x5a,
    0xc4, 0x3, 0xff, 0xa0, 0x58, 0x80, 0x1f, 0xfc,
    0x34, 0xf6, 0x0, 0xff, 0xe7, 0x46, 0x90, 0x7,
    0xff, 0x14, 0x67, 0x14, 0x3, 0xff, 0x94, 0xfc,
    0xe0, 0x1f, 0xfc, 0x93, 0xad, 0x73, 0x0, 0xff,
    0xe2, 0x24, 0xfc, 0x8, 0x7, 0xff, 0x30, 0xa3,
    0x3a, 0x9d, 0x48, 0x44, 0x0, 0x12, 0x35, 0x8b,
    0xfb, 0x60, 0xf, 0xfe, 0x10,

    /* U+0037 "7" */
    0x59, 0x9f, 0xff, 0x13, 0xe3, 0x37, 0xff, 0x8a,
    0xc0, 0x3f, 0xff, 0xe0, 0x1f, 0xff, 0xf0, 0xf,
    0xff, 0xf8, 0x7, 0xff, 0xfc, 0x3, 0xff, 0xfe,
    0x1, 0xff, 0xf9, 0x8f, 0xff, 0xfe, 0x4c, 0x80,
    0x7f, 0xf0, 0x10, 0x3, 0xff, 0xad, 0x60, 0x1f,
    0xfc, 0xa, 0x0, 0xff, 0xea, 0xa1, 0x0, 0x7f,
    0xc8, 0x40, 0x1f, 0xfd, 0x5f, 0x0, 0xff, 0xe0,
    0x78, 0x7, 0xff, 0x54, 0x90, 0x3, 0xfe, 0x24,
    0x0, 0xff, 0xea, 0xd0, 0x7, 0xff, 0x2, 0xc0,
    0x3f, 0xfa, 0xcc, 0x1, 0xff, 0xc0, 0x60, 0xf,
    0xfe, 0xab, 0x8, 0x7, 0xfc, 0xc0, 0x1f, 0xfd,
    0x6b, 0x0, 0xff, 0xe0, 0x58, 0x7, 0xff, 0x55,
    0x8, 0x3, 0xfe, 0x42, 0x0, 0xff, 0xea, 0xf8,
    0x7, 0xff, 0x3, 0xc0, 0x36, 0xbb, 0xff, 0xc8,
    0x1, 0xff, 0xc4, 0x24, 0x0, 0xff, 0x89, 0x0,
    0x32, 0x44, 0x7f, 0xc6, 0x1, 0xff, 0xc4, 0xa0,
    0xf, 0xfe, 0x5, 0x0, 0x7f, 0xf5, 0x98, 0x3,
    0xff, 0x80, 0xc0, 0x1f, 0xfd, 0x56, 0x10, 0xf,
    0xf9, 0x84, 0x3, 0xff, 0xab, 0x60, 0x1f, 0xfc,
    0xa, 0x0, 0xff, 0xea, 0xa1, 0x0, 0x7f, 0xc6,
    0x60, 0xf, 0xfe, 0xaf, 0x0, 0x7f, 0xf0, 0x24,
    0x3, 0xff, 0xaa, 0x2a, 0x1, 0xff, 0xa, 0x80,
    0x7f, 0xf5, 0x64, 0x3, 0xff, 0x81, 0x20, 0x1f,
    0xfd, 0x66, 0x0, 0xff, 0xe0, 0x30, 0x7, 0xff,
    0x55, 0x84, 0x3, 0xfe, 0x51, 0x0, 0xff, 0xea,
    0xd0, 0x7, 0xff, 0x2, 0x40, 0x3f, 0xfa, 0xa6,
    0x60, 0xf, 0xf8, 0xcc, 0x1, 0xff, 0xd5, 0x90,
    0xf, 0xfe, 0x4, 0x80, 0x7f, 0xf5, 0x45, 0x40,
    0x3f, 0xe1, 0x50, 0xf, 0xfe, 0xac, 0x80, 0x7f,
    0xf0, 0x18, 0x3, 0xff, 0xac, 0xc0, 0x1f, 0xfc,
    0x9, 0x0, 0xff, 0xea, 0xb0, 0x80, 0x7f, 0xca,
    0x20, 0x1f, 0xfd, 0x5a, 0x0, 0xff, 0xe0, 0x48,
    0x7, 0xff, 0x54, 0xcc, 0x1, 0xff, 0x11, 0x80,
    0x7f, 0xf5, 0x64, 0x3, 0xff, 0x81, 0x60, 0x1f,
    0xfd, 0x51, 0x50, 0xf, 0xf8, 0x58, 0x3, 0xff,
    0xab, 0x20, 0x1f, 0xfc, 0x6, 0x0, 0xff, 0xeb,
    0x30, 0x7, 0xff, 0x2, 0x80, 0x3f, 0xfa, 0xaa,
    0x20, 0x1f, 0xf2, 0x10, 0x7, 0xff, 0x56, 0x40,
    0x3f, 0xf8, 0x1e, 0x1, 0xff, 0xd5, 0x33, 0x0,
    0x7f, 0xc4, 0x80, 0x1f, 0xfd, 0x59, 0x0, 0xff,
    0xe0, 0x58, 0x7, 0xff, 0x54, 0x54, 0x3, 0xff,
    0x80, 0xc0, 0x1f, 0xfd, 0x59, 0x0, 0xff, 0xe0,
    0x30, 0x7, 0xff, 0x59, 0x80, 0x3f, 0xf8, 0x16,
    0x1, 0xff, 0xd5, 0x51, 0x0, 0xff, 0x90, 0x80,
    0x3f, 0xfa, 0xb2, 0x1, 0xff, 0xc0, 0xf0, 0xf,
    0xfe, 0xa9, 0x98, 0x3, 0xfe, 0x14, 0x0, 0xff,
    0xea, 0xc8, 0x7, 0xff, 0x2, 0x40, 0x3f, 0xfa,
    0xa2, 0xa0, 0x1f, 0xfc, 0x6, 0x0, 0xff, 0xea,
    0xb0, 0x7, 0xff, 0x1, 0x84, 0x3, 0xff, 0xab,
    0x20, 0x1f, 0xfc, 0xa, 0x0, 0xff, 0xea, 0xa8,
    0x80, 0x7f, 0xc6, 0x60, 0xf, 0xfe, 0xac, 0x80,
    0x7f, 0xf0, 0x24, 0x3, 0xff, 0xaa, 0x66, 0x0,
    0xff, 0x85, 0x40, 0x3f, 0xfa, 0xb2, 0x1, 0xff,
    0xc0, 0x90, 0xf, 0xfe, 0xa8, 0xa8, 0x7, 0xff,
    0x1, 0x80, 0x3f, 0xfa, 0xac, 0x1, 0xff, 0xc0,
    0x51, 0x0, 0xff, 0xea, 0xc8, 0x7, 0xff, 0x2,
    0x40, 0x3f, 0xfa, 0xaa, 0x20, 0x1f, 0xf1, 0x98,
    0x3, 0xff, 0xab, 0x20, 0x1f, 0xfc, 0x9, 0x0,
    0xff, 0xea, 0x99, 0x80, 0x3f, 0xe1, 0x50, 0xf,
    0xfe, 0xad, 0x0, 0x7f, 0xf0, 0x18, 0x3, 0xff,
    0x9a,

    /* U+0038 "8" */
    0x0, 0xff, 0xfa, 0xa, 0xc5, 0x6f, 0x7f, 0xdd,
    0xcc, 0xa7, 0x30, 0xf, 0xfe, 0x90, 0xbe, 0x75,
    0x3a, 0x90, 0x80, 0x42, 0x23, 0x58, 0xcf, 0xb5,
    0x0, 0xff, 0xe6, 0x95, 0x74, 0x18, 0x7, 0xff,
    0x11, 0x2b, 0x9c, 0x3, 0xff, 0x95, 0x1a, 0xa0,
    0x1f, 0xfc, 0x91, 0x8d, 0x50, 0xf, 0xfe, 0x31,
    0x6b, 0x80, 0x7f, 0xf3, 0x4a, 0xa4, 0x3, 0xff,
    0x88, 0x9a, 0x40, 0x1f, 0xfd, 0x6, 0xc1, 0x0,
    0xff, 0xe0, 0xa5, 0x80, 0x7f, 0xf4, 0xcf, 0x4,
    0x3, 0xfe, 0x2b, 0x0, 0xff, 0xea, 0x96, 0x80,
    0x7f, 0xde, 0x1, 0xff, 0xd7, 0x38, 0x0, 0xfe,
    0x72, 0x0, 0xff, 0xec, 0x39, 0x80, 0x7c, 0x30,
    0x1, 0xff, 0xc2, 0x38, 0xce, 0xff, 0x6d, 0x30,
    0x80, 0x7f, 0xf0, 0xa0, 0x3, 0xe9, 0x0, 0xff,
    0xe0, 0x95, 0xe3, 0x98, 0x80, 0x9, 0x67, 0xa0,
    0x3, 0xff, 0x82, 0x86, 0x1, 0xe5, 0x0, 0xff,
    0xe0, 0x26, 0xa0, 0x7, 0xf9, 0xf0, 0x40, 0x3f,
    0xf8, 0x14, 0x1, 0xc6, 0x40, 0x1f, 0xf1, 0xd8,
    0x7, 0xff, 0x4, 0xf4, 0x3, 0xff, 0x80, 0xe0,
    0x1c, 0xa0, 0x1f, 0xfc, 0xd, 0x0, 0xff, 0xe1,
    0x9c, 0x0, 0x7f, 0xc2, 0x40, 0x1b, 0x0, 0x3f,
    0xe6, 0x10, 0xf, 0xfe, 0x23, 0x88, 0x7, 0xfc,
    0xe0, 0x19, 0x80, 0x3f, 0xea, 0x0, 0xff, 0xe3,
    0x38, 0x7, 0xfc, 0x40, 0x18, 0x40, 0x3f, 0xc2,
    0x60, 0x1f, 0xfc, 0x6c, 0x0, 0xff, 0xbc, 0x3,
    0xff, 0x86, 0x60, 0x1f, 0xfc, 0x76, 0x0, 0xff,
    0x84, 0x3, 0xff, 0x86, 0xc0, 0x1f, 0xfc, 0x71,
    0x0, 0xff, 0x84, 0x3, 0x8, 0x7, 0xf9, 0xc0,
    0x3f, 0xf8, 0xe2, 0x1, 0xff, 0x78, 0x6, 0x60,
    0xf, 0xf1, 0x0, 0x7f, 0xf1, 0xdc, 0x3, 0xfe,
    0x20, 0xd, 0x80, 0x1f, 0xe1, 0x10, 0x7, 0xff,
    0x1b, 0x0, 0x3f, 0xe4, 0x0, 0xc8, 0x1, 0xff,
    0x30, 0x7, 0xff, 0x19, 0x40, 0x3f, 0xc4, 0x20,
    0x18, 0x88, 0x1, 0xfe, 0x90, 0xf, 0xfe, 0x2a,
    0x90, 0x7, 0xf9, 0x40, 0x3d, 0x60, 0x1f, 0xe1,
    0x90, 0xf, 0xfe, 0x18, 0xd8, 0x7, 0xfd, 0x20,
    0x1e, 0x62, 0x0, 0xff, 0x33, 0x80, 0x7f, 0xf0,
    0x47, 0x44, 0x3, 0xfc, 0xc2, 0x1, 0xf4, 0x80,
    0x7f, 0xd1, 0x42, 0x1, 0xfe, 0x3f, 0x30, 0xf,
    0xf0, 0xc8, 0x7, 0xe4, 0x60, 0xf, 0xf9, 0x7a,
    0xc, 0x3, 0x85, 0x6f, 0x4, 0x3, 0xfe, 0xd0,
    0xf, 0xf4, 0xa8, 0x7, 0xff, 0x1, 0xf3, 0xf7,
    0x31, 0xdc, 0xa4, 0x0, 0xff, 0xe0, 0x59, 0x80,
    0x7f, 0xd4, 0xc0, 0x1f, 0xfc, 0x22, 0x33, 0x8,
    0x7, 0xff, 0x4, 0x6d, 0x0, 0x3f, 0xf8, 0x33,
    0x42, 0x1, 0xff, 0xd0, 0x4f, 0x40, 0xf, 0xfe,
    0x1a, 0xf4, 0x10, 0x7, 0xff, 0x31, 0x32, 0xc4,
    0x3, 0xff, 0x8c, 0xfb, 0x64, 0x1, 0xff, 0xc8,
    0x5e, 0xb3, 0x0, 0xff, 0xe4, 0x3e, 0xd9, 0x0,
    0x7f, 0xf2, 0x17, 0xad, 0x0, 0x3f, 0xf8, 0xcf,
    0xd0, 0x40, 0x1f, 0xfc, 0xc4, 0xbc, 0x40, 0xf,
    0xfe, 0x11, 0x64, 0x8, 0x7, 0xff, 0x40, 0xee,
    0x0, 0x3f, 0xf8, 0x7, 0x86, 0x1, 0xff, 0xd4,
    0x7b, 0x0, 0xff, 0x1e, 0x8, 0x7, 0xff, 0x59,
    0x2c, 0x3, 0xf0, 0xe8, 0x7, 0xff, 0x9, 0x67,
    0x3b, 0xfd, 0xb6, 0xe6, 0x1, 0xff, 0xc1, 0x49,
    0x0, 0xfa, 0x84, 0x3, 0xff, 0x80, 0xfd, 0x4c,
    0x62, 0x0, 0x24, 0x8c, 0xc2, 0x0, 0x7f, 0xf0,
    0x19, 0x40, 0x39, 0x50, 0x3, 0xfe, 0x2d, 0x81,
    0x0, 0xff, 0x1d, 0xc0, 0x7, 0xff, 0x2, 0xc0,
    0x3a, 0xc0, 0x3f, 0xe2, 0xd2, 0x0, 0xff, 0xe1,
    0x3d, 0x80, 0x7f, 0xc3, 0x0, 0x12, 0x88, 0x7,
    0xf8, 0x70, 0x3, 0xff, 0x8a, 0x92, 0x1, 0xff,
    0x30, 0x5, 0x20, 0x1f, 0xf5, 0x88, 0x7, 0xff,
    0x19, 0x8c, 0x3, 0xfc, 0x2c, 0x2, 0x60, 0x1f,
    0xe3, 0x50, 0xf, 0xfe, 0x47, 0x80, 0x7f, 0xda,
    0x8, 0x1, 0xff, 0x58, 0x7, 0xff, 0x24, 0xc8,
    0x3, 0xfc, 0x81, 0x80, 0x1f, 0xf2, 0x80, 0x7f,
    0xf2, 0x90, 0x3, 0xfe, 0x22, 0x0, 0x7f, 0xc4,
    0x1, 0xff, 0xca, 0xc0, 0xf, 0xf9, 0xdc, 0x1,
    0xfe, 0x10, 0xf, 0xfe, 0x58, 0x80, 0x7f, 0xc6,
    0x20, 0x1f, 0xe3, 0x0, 0xff, 0xe5, 0xb8, 0x7,
    0xfc, 0x26, 0x1, 0xfe, 0x30, 0xf, 0xfe, 0x5b,
    0x80, 0x7f, 0xf0, 0xc, 0x3, 0xfc, 0x20, 0x1f,
    0xfc, 0xb2, 0x0, 0xff, 0x84, 0x40, 0x1f, 0xf1,
    0x0, 0x7f, 0xf2, 0xbc, 0x3, 0xfe, 0x36, 0x0,
    0xff, 0x94, 0x3, 0xff, 0x94, 0xe0, 0x1f, 0xf3,
    0x68, 0x7, 0xfd, 0x40, 0x1f, 0xfc, 0x94, 0x10,
    0xf, 0xf8, 0xd0, 0x3, 0xfe, 0x26, 0x0, 0xff,
    0xe4, 0x48, 0x7, 0xfc, 0x40, 0x62, 0x1, 0xff,
    0x49, 0x0, 0x7f, 0xf1, 0xa0, 0x80, 0x3f, 0xe5,
    0x0, 0x38, 0x7, 0xff, 0x3, 0x8, 0x3, 0xff,
    0x88, 0xce, 0x1, 0xff, 0xc0, 0xb0, 0x5, 0x0,
    0x7f, 0xf0, 0x7, 0x10, 0x3, 0xff, 0x85, 0x32,
    0x0, 0xff, 0xe0, 0x11, 0x80, 0xd, 0x0, 0x3f,
    0xf8, 0x3, 0x76, 0x30, 0xf, 0xf3, 0x73, 0x0,
    0x7f, 0xf0, 0x60, 0x3, 0x40, 0x7, 0xff, 0x9,
    0x33, 0x65, 0x94, 0xd1, 0x5e, 0xfe, 0x44, 0x3,
    0xff, 0x82, 0x6a, 0x1, 0x8d, 0xc0, 0x3f, 0xf8,
    0x64, 0xd3, 0x59, 0x75, 0x8, 0x1, 0xff, 0xc4,
    0xe0, 0xf, 0x41, 0x80, 0x7f, 0xf6, 0xa4, 0x80,
    0x3e, 0xd2, 0x0, 0xff, 0xec, 0x33, 0x0, 0x3f,
    0xe, 0x8, 0x7, 0xff, 0x59, 0xa4, 0x3, 0xfc,
    0x3e, 0x60, 0x1f, 0xfd, 0x47, 0x90, 0xf, 0xfe,
    0x0, 0xe3, 0x0, 0x7f, 0xf4, 0x46, 0xe0, 0x3,
    0xff, 0x87, 0x38, 0x60, 0x1f, 0xfc, 0xe6, 0xf4,
    0x0, 0xff, 0xe2, 0x9e, 0x51, 0x80, 0x7f, 0xf2,
    0x9b, 0x64, 0x40, 0x3f, 0xf9, 0xb, 0x98, 0x62,
    0x0, 0xff, 0xe2, 0x1c, 0x74, 0x90, 0x7, 0xff,
    0x30, 0xe7, 0x75, 0x2e, 0x84, 0x20, 0x10, 0x91,
    0xac, 0x5f, 0xe3, 0x88, 0x7, 0xff, 0x4,

    /* U+0039 "9" */
    0x0, 0xff, 0xe2, 0xa, 0xc5, 0x6f, 0x73, 0xfd,
    0xdb, 0x92, 0xe8, 0x1, 0xff, 0xd2, 0x28, 0xde,
    0xa7, 0x52, 0x11, 0x0, 0x4, 0x8d, 0xa2, 0xfe,
    0x94, 0x3, 0xff, 0x9a, 0x97, 0xae, 0x40, 0x1f,
    0xfc, 0x45, 0xae, 0x70, 0xf, 0xfe, 0x48, 0xd5,
    0xa0, 0x7, 0xff, 0x24, 0x63, 0x94, 0x3, 0xff,
    0x8c, 0xbc, 0xa0, 0x1f, 0xfc, 0xd1, 0xab, 0x10,
    0xf, 0xfe, 0x1c, 0x50, 0x7, 0xff, 0x45, 0x30,
    0x80, 0x3f, 0xf8, 0x34, 0xe0, 0x1f, 0xfd, 0x32,
    0xc3, 0x0, 0xff, 0xa1, 0x40, 0x3f, 0xfa, 0xa3,
    0xa2, 0x1, 0xfc, 0xce, 0x1, 0xff, 0xd7, 0x1c,
    0x0, 0xfc, 0x52, 0x1, 0xff, 0xd9, 0x29, 0x0,
    0xfb, 0x80, 0x3f, 0xf8, 0x62, 0xb3, 0x59, 0x75,
    0x6, 0x1, 0xff, 0xc3, 0x63, 0x0, 0xe4, 0x30,
    0xf, 0xfe, 0x9, 0x57, 0x53, 0x29, 0xa2, 0xbe,
    0x73, 0x80, 0x7f, 0xf0, 0xbc, 0x3, 0xa0, 0x3,
    0xff, 0x82, 0xfa, 0xa0, 0x1f, 0xc3, 0x1c, 0x60,
    0x1f, 0xfc, 0x3, 0x40, 0x8, 0xcc, 0x1, 0xff,
    0xc0, 0xa8, 0x0, 0xff, 0xe0, 0x8e, 0x20, 0x7,
    0xff, 0x3, 0xc0, 0x2a, 0x0, 0xff, 0xe0, 0x42,
    0x80, 0x7f, 0xf1, 0x2c, 0x80, 0x3f, 0xe4, 0x10,
    0x3, 0x80, 0x7f, 0xc6, 0xe0, 0x1f, 0xfc, 0x6f,
    0x0, 0xff, 0xe0, 0x38, 0x10, 0x80, 0x7f, 0xde,
    0x1, 0xff, 0xc7, 0x25, 0x0, 0xff, 0xb4, 0x1c,
    0x3, 0xfe, 0x33, 0x0, 0x7f, 0xf2, 0x24, 0x3,
    0xfe, 0x50, 0xd0, 0xf, 0xfa, 0xc0, 0x3f, 0xf9,
    0x26, 0x20, 0x1f, 0xe1, 0x11, 0x80, 0x7f, 0xc8,
    0x1, 0xff, 0xca, 0x40, 0xf, 0xf9, 0x5c, 0x3,
    0xfe, 0x30, 0xf, 0xfe, 0x56, 0x80, 0x7f, 0xc2,
    0x20, 0xf, 0xfe, 0xb0, 0x80, 0x7f, 0xc6, 0x60,
    0xf, 0xf0, 0x80, 0x7f, 0xf2, 0xcc, 0x3, 0xfe,
    0x10, 0xf, 0xf8, 0x40, 0x3f, 0xfa, 0xfe, 0x60,
    0x1f, 0xfd, 0x63, 0x0, 0xff, 0xbc, 0x40, 0x3f,
    0xe1, 0x0, 0xff, 0xe5, 0x70, 0x7, 0xfc, 0x2c,
    0x1, 0xff, 0x20, 0x7, 0xff, 0x29, 0x0, 0x3f,
    0xe2, 0xd0, 0xf, 0xfb, 0x0, 0x3f, 0xf9, 0x46,
    0x1, 0xff, 0x29, 0x0, 0x7f, 0xce, 0x1, 0xff,
    0xc9, 0x60, 0xf, 0xf8, 0x44, 0x80, 0x1f, 0xf0,
    0xb8, 0x7, 0xff, 0x22, 0xc0, 0x3f, 0xe5, 0x1,
    0x30, 0xf, 0xfa, 0x44, 0x3, 0xff, 0x8c, 0xe4,
    0x1, 0xff, 0x60, 0x2, 0xc0, 0x3f, 0xe1, 0xd0,
    0xf, 0xfe, 0x29, 0xc0, 0x7, 0xff, 0x1, 0x40,
    0xc, 0x1, 0xff, 0xc0, 0x3b, 0x10, 0xf, 0xfe,
    0x12, 0x60, 0x7, 0xff, 0x0, 0x88, 0x0, 0x16,
    0x0, 0xff, 0xe0, 0x26, 0x20, 0x7, 0xff, 0x1,
    0xec, 0x3, 0xff, 0x82, 0xa0, 0x1a, 0x0, 0x3f,
    0xf8, 0x25, 0x76, 0x51, 0x0, 0xf1, 0x3f, 0x40,
    0x7, 0xff, 0xa, 0x80, 0x30, 0xc0, 0x7, 0xff,
    0x9, 0x2b, 0xb6, 0xea, 0xf3, 0xb6, 0x4, 0x3,
    0xff, 0x84, 0x64, 0x1, 0xce, 0x60, 0x1f, 0xfc,
    0x42, 0x45, 0x43, 0x10, 0xf, 0xfe, 0x2d, 0x0,
    0x7d, 0xa2, 0x1, 0xff, 0xd9, 0x16, 0x0, 0xf8,
    0x74, 0x3, 0xff, 0xb2, 0xc0, 0x1f, 0xc7, 0x82,
    0x1, 0xff, 0xd7, 0x90, 0xf, 0xf1, 0xe1, 0x0,
    0x7f, 0xf5, 0x58, 0x40, 0x3f, 0xe2, 0xd6, 0x0,
    0xff, 0xea, 0x40, 0x7, 0xff, 0xa, 0x70, 0xc0,
    0x3f, 0xfa, 0x2e, 0x20, 0x1f, 0xfc, 0x33, 0xcb,
    0x50, 0xf, 0xfe, 0x0, 0xc0, 0x7, 0xff, 0x6,
    0x40, 0x3f, 0xf8, 0xc9, 0x5f, 0x6e, 0x84, 0x20,
    0x11, 0x2d, 0x76, 0x0, 0x7f, 0xf0, 0x20, 0x40,
    0x3f, 0xf9, 0x29, 0x17, 0xbd, 0xff, 0x6d, 0x2a,
    0x20, 0x3, 0xfe, 0x17, 0x0, 0xff, 0xea, 0xc8,
    0x7, 0xff, 0x2, 0x0, 0x3f, 0xfa, 0xac, 0x40,
    0x1f, 0xf1, 0x30, 0x7, 0xff, 0x50, 0x60, 0x3,
    0xff, 0x81, 0x20, 0x1f, 0xfd, 0x58, 0x10, 0xf,
    0xf8, 0xd0, 0x3, 0xff, 0xa8, 0x4c, 0x1, 0xff,
    0xc0, 0xf0, 0xf, 0xfe, 0xac, 0x80, 0x7f, 0xf0,
    0x14, 0xc0, 0x3f, 0xfa, 0x88, 0x80, 0xf, 0xfe,
    0x4, 0x0, 0x7f, 0xf5, 0x64, 0x3, 0xff, 0x80,
    0xc4, 0x1, 0xff, 0xd4, 0x72, 0x0, 0xff, 0xe0,
    0x40, 0x7, 0xff, 0x50, 0x60, 0x3, 0xff, 0x81,
    0x2, 0x1, 0xff, 0xd4, 0x80, 0xf, 0xfe, 0x0,
    0xb8, 0x7, 0xff, 0x50, 0x98, 0x3, 0xff, 0x81,
    0x0, 0x1f, 0xfd, 0x59, 0x0, 0xff, 0xe0, 0x13,
    0x0, 0x7f, 0xf5, 0x15, 0x0, 0x3f, 0xf8, 0x12,
    0x1, 0xff, 0xd5, 0x80, 0xf, 0xfe, 0x2, 0x20,
    0x3, 0xff, 0xa8, 0xe4, 0x1, 0xff, 0xc0, 0x80,
    0xf, 0xfe, 0xa0, 0xc0, 0x7, 0xff, 0x1, 0x4c,
    0x3, 0xff, 0xa9, 0x0, 0x1f, 0xfc, 0x1b, 0x0,
    0xff, 0xea, 0x1b, 0x0, 0x7f, 0xf0, 0x1c, 0x40,
    0x3f, 0xfa, 0x9e, 0x1, 0xff, 0xc0, 0x19, 0x0,
    0xff, 0xea, 0x29, 0x80, 0x7f, 0xf0, 0x24, 0x40,
    0x3f, 0xfa, 0x96, 0x1, 0xff, 0xc0, 0x17, 0x0,
    0xff, 0xea, 0x38, 0x80, 0x7f, 0xf0, 0x2c, 0x3,
    0xff, 0xa8, 0x30, 0x1, 0xff, 0xc0, 0x35, 0x0,
    0xff, 0xea, 0x58, 0x7, 0xff, 0x6, 0x0, 0x3f,
    0xfa, 0xba, 0xef, 0xff, 0xc0, 0x94, 0x0, 0xff,
    0xe4, 0x80,

    /* U+003A ":" */
    0x0, 0xe2, 0x8c, 0xef, 0xf6, 0xd3, 0x0, 0x7e,
    0x1a, 0xd7, 0x31, 0x0, 0x12, 0xcf, 0x30, 0x7,
    0xe, 0x28, 0x7, 0xf0, 0xcc, 0x80, 0x36, 0x90,
    0x7, 0xff, 0x1, 0x98, 0x0, 0x53, 0x0, 0xff,
    0xe1, 0x40, 0x3, 0x80, 0x3f, 0xf8, 0x62, 0xa0,
    0x80, 0x1f, 0xfc, 0x4c, 0x10, 0xf, 0xfe, 0x29,
    0x80, 0x7f, 0xf1, 0x84, 0x40, 0x1f, 0xfc, 0x52,
    0x3, 0x0, 0xff, 0xe2, 0x60, 0x50, 0x7, 0xff,
    0x11, 0x1, 0x88, 0x3, 0xff, 0x85, 0x2, 0x0,
    0xf1, 0x0, 0xff, 0xe0, 0x2b, 0x80, 0x45, 0x86,
    0x1, 0xfe, 0x7a, 0x0, 0xe2, 0xcb, 0x51, 0x0,
    0xc6, 0xfd, 0x0, 0x1f, 0x92, 0xbb, 0xfb, 0x9f,
    0x90, 0x20, 0x1f, 0xfc, 0x11, 0x10, 0x7, 0xff,
    0xfc, 0x3, 0xff, 0xfe, 0x1, 0xff, 0xff, 0x0,
    0xff, 0xff, 0x80, 0x7f, 0xff, 0xc0, 0x3f, 0xf9,
    0x42, 0x1, 0xff, 0xc2, 0x4a, 0xef, 0xef, 0xf6,
    0x40, 0x80, 0x7c, 0x59, 0x6a, 0x20, 0x18, 0xdf,
    0x9c, 0x3, 0x8b, 0xc, 0x3, 0xfd, 0x14, 0x1,
    0xbc, 0x40, 0x3f, 0xf8, 0xa, 0xe0, 0x6, 0x20,
    0xf, 0xfe, 0x14, 0x8, 0x50, 0x7, 0xff, 0x11,
    0x0, 0xc0, 0x3f, 0xf8, 0x98, 0x20, 0x1f, 0xfc,
    0x52, 0x0, 0xff, 0xe3, 0x88, 0x7, 0xff, 0x14,
    0x81, 0x0, 0x3f, 0xf8, 0x98, 0x1c, 0x1, 0xff,
    0xc3, 0x15, 0x5, 0x30, 0xf, 0xfe, 0x14, 0x0,
    0x5a, 0x40, 0x1f, 0xfc, 0x6, 0x60, 0x4, 0x38,
    0xa0, 0x1f, 0xc3, 0x32, 0x0, 0xe1, 0xad, 0x73,
    0x10, 0x0, 0xac, 0xf3, 0x0, 0x40,

    /* U+003B ";" */
    0x0, 0xfe, 0x12, 0x33, 0x10, 0x7, 0xff, 0x4,
    0x63, 0x7b, 0x73, 0x1b, 0xf6, 0xa0, 0x1f, 0xc7,
    0xee, 0x40, 0x1e, 0x4a, 0xb0, 0xf, 0x8f, 0x4,
    0x3, 0xfc, 0x98, 0x1, 0xc3, 0xa0, 0x1f, 0xfc,
    0x13, 0x90, 0xd, 0x22, 0x1, 0xff, 0xc2, 0x62,
    0x0, 0x94, 0x3, 0xff, 0x88, 0xa0, 0x1, 0x20,
    0xf, 0xfe, 0x26, 0x0, 0xc, 0x3, 0xff, 0x8a,
    0xe0, 0x1f, 0xfc, 0xb3, 0x0, 0xff, 0xe2, 0xb0,
    0x0, 0x48, 0x3, 0xff, 0x89, 0x80, 0x15, 0x0,
    0x7f, 0xf1, 0x1c, 0x2, 0x72, 0x0, 0xff, 0xe1,
    0x40, 0x80, 0x6f, 0x10, 0xf, 0xfe, 0x2, 0xb8,
    0x7, 0x16, 0x10, 0x7, 0xf9, 0xe8, 0x3, 0xe2,
    0xda, 0x51, 0x0, 0xc4, 0xfb, 0x0, 0x1f, 0xe5,
    0xae, 0xff, 0xdb, 0x4, 0x1, 0xff, 0xff, 0x0,
    0xff, 0xff, 0x80, 0x7f, 0xff, 0xc0, 0x3f, 0xff,
    0xe0, 0x1f, 0xff, 0xf0, 0xf, 0xff, 0xf8, 0x7,
    0xff, 0x24, 0x62, 0x3f, 0xf8, 0x28, 0x1, 0xe4,
    0x77, 0xff, 0xe0, 0x88, 0x7, 0xb4, 0x3, 0xff,
    0x82, 0x80, 0x1e, 0x20, 0xf, 0xfe, 0x1, 0x8,
    0x7, 0x9c, 0x3, 0xff, 0x80, 0x80, 0x1f, 0x10,
    0x7, 0xff, 0x3, 0x0, 0x3c, 0x60, 0x1f, 0xfc,
    0x14, 0x0, 0xf3, 0x0, 0x7f, 0xf0, 0x8, 0x40,
    0x3d, 0xa0, 0x1f, 0xfc, 0x4, 0x0, 0xf8, 0xc0,
    0x3f, 0xf8, 0x18, 0x1, 0xf2, 0x80, 0x7f, 0xf0,
    0x10, 0x3, 0xe1, 0x0, 0xff, 0x88, 0x40, 0x3c,
    0x60, 0x1f, 0xfc, 0x4, 0x0, 0xf9, 0x40, 0x3f,
    0xf8, 0x18, 0x1, 0xf7, 0x80, 0x7f, 0xf0, 0x10,
    0x3, 0xe2, 0x0, 0xff, 0x88, 0x40, 0x3e, 0x50,
    0xf, 0xf9, 0x0, 0x3e, 0x11, 0x0, 0x7f, 0xd8,
    0x1, 0xf2, 0x80, 0x7f, 0xf0, 0x10, 0x3, 0xe2,
    0x0, 0xff, 0x84, 0x40, 0x1f, 0x78, 0x7, 0xfc,
    0x80, 0x1f, 0x94, 0x3, 0xfe, 0xc0, 0xf, 0xc6,
    0x1, 0xff, 0x20, 0x7, 0xc2, 0x1, 0xff, 0x9,
    0x0, 0x7c, 0xa0, 0x1f, 0xf2, 0x0, 0x7e, 0x30,
    0xf, 0xfb, 0x0, 0x3f, 0x68, 0x7, 0xfc, 0x80,
    0x1f, 0x98, 0x3, 0xfc, 0x24, 0x1, 0xf8, 0xc0,
    0x3f, 0xc8, 0x1, 0xf8, 0x80, 0x3f, 0xec, 0x0,
    0xfc,

    /* U+003C "<" */
    0x0, 0xff, 0xff, 0x80, 0x7f, 0x93, 0x10, 0x3,
    0xff, 0xb6, 0xbb, 0x66, 0x1, 0xff, 0xda, 0x6d,
    0xa2, 0x0, 0xff, 0xed, 0x3f, 0x49, 0x0, 0x7f,
    0xf6, 0x46, 0x3a, 0x4, 0x3, 0xff, 0xb2, 0x31,
    0xce, 0x20, 0x1f, 0xfd, 0x92, 0x9e, 0x70, 0xf,
    0xfe, 0xd1, 0xd6, 0xb0, 0x7, 0xff, 0x68, 0xef,
    0x14, 0x3, 0xff, 0xb4, 0x99, 0x84, 0x0, 0xff,
    0xed, 0x2e, 0xd9, 0x80, 0x7f, 0xf6, 0x9b, 0x68,
    0x80, 0x3f, 0xf8, 0xe7, 0x48, 0x1, 0xff, 0xc4,
    0x7e, 0x92, 0x0, 0xff, 0xe3, 0xa5, 0xe2, 0x80,
    0x7f, 0xf0, 0x86, 0x3a, 0x4, 0x3, 0xff, 0x8e,
    0xbb, 0x68, 0x1, 0xff, 0xc2, 0x19, 0xe7, 0x10,
    0xf, 0xfe, 0x3b, 0x6d, 0x10, 0x7, 0xff, 0x8,
    0xa7, 0x98, 0x3, 0xff, 0x8e, 0x2f, 0xd2, 0x40,
    0x1f, 0xfc, 0x23, 0xad, 0x60, 0xf, 0xfe, 0x38,
    0xcf, 0x40, 0x80, 0x7f, 0xf0, 0x92, 0xf1, 0x40,
    0x3f, 0xf8, 0xe5, 0x5c, 0xc0, 0x1f, 0xfc, 0x34,
    0xcb, 0x40, 0xf, 0xfe, 0x39, 0xde, 0xa8, 0x7,
    0xff, 0xd, 0x76, 0xcc, 0x3, 0xff, 0x8e, 0xb9,
    0x84, 0x0, 0xff, 0xe2, 0x55, 0x8, 0x3, 0xff,
    0x8e, 0xdb, 0x46, 0x1, 0xff, 0xc6, 0x10, 0xf,
    0xfe, 0x3b, 0xf4, 0x90, 0x7, 0xff, 0x64, 0x63,
    0xe0, 0x40, 0x3f, 0xfb, 0x25, 0x3c, 0xe0, 0x1f,
    0xfd, 0xa5, 0xbd, 0x60, 0xf, 0xfe, 0xca, 0x4f,
    0x52, 0x0, 0x7f, 0xf6, 0x97, 0x5c, 0x40, 0x3f,
    0xfb, 0x8b, 0x3d, 0x8c, 0x1, 0xff, 0xde, 0x39,
    0xf9, 0x20, 0xf, 0xfe, 0xf3, 0x6d, 0x18, 0x7,
    0xff, 0x79, 0x72, 0xd0, 0x3, 0xff, 0xbc, 0x97,
    0x8a, 0x1, 0xff, 0xc9, 0xf2, 0x0, 0xff, 0xe3,
    0x9d, 0x6b, 0x0, 0x7f, 0xf1, 0xd3, 0x6c, 0xc0,
    0x3f, 0xf8, 0xe5, 0x3c, 0xe2, 0x1, 0xff, 0xc6,
    0x4c, 0xc2, 0x0, 0x7f, 0xf1, 0xc6, 0x3a, 0x4,
    0x3, 0xff, 0x8c, 0x77, 0x8a, 0x1, 0xff, 0xc8,
    0x7e, 0x92, 0x0, 0xff, 0xe3, 0x1d, 0x6b, 0x0,
    0x7f, 0xf2, 0x1b, 0x6c, 0xc0, 0x3f, 0xf8, 0xc5,
    0x3c, 0xe0, 0x1f, 0xfc, 0x84, 0xcc, 0x20, 0x7,
    0xff, 0x18, 0x63, 0xa0, 0x40, 0x3f, 0xf8, 0xe7,
    0x7a, 0xa0, 0x1f, 0xfc, 0x61, 0x7e, 0x81, 0x0,
    0xff, 0xe3, 0x95, 0x73, 0x80, 0x7f, 0xf1, 0xdf,
    0xa4, 0x80, 0x3f, 0xf8, 0xe3, 0x1d, 0x2, 0x1,
    0xff, 0xc6, 0x6d, 0xa3, 0x0, 0xff, 0xe3, 0x8b,
    0xf1, 0x80, 0x7f, 0xf1, 0xd7, 0x2c, 0xc0, 0x3f,
    0xf9, 0xe, 0x1, 0xff, 0xc9, 0x4c, 0xc2, 0x0,
    0x7f, 0xf7, 0x8e, 0xf5, 0x40, 0x3f, 0xfb, 0xc5,
    0x5a, 0xc0, 0x1f, 0xfd, 0xe2, 0x9e, 0x70, 0xf,
    0xfe, 0xf0, 0xc7, 0x40, 0x80, 0x7f, 0xf7, 0x45,
    0xfa, 0x44, 0x3, 0xff, 0xbc, 0xdd, 0x24, 0x1,
    0xff, 0xde, 0x6d, 0xa3, 0x0, 0xff, 0xef, 0x2e,
    0x5a, 0x0, 0x7f, 0xf7, 0x92, 0xf1, 0x80,

    /* U+003D "=" */
    0x2f, 0xff, 0xfe, 0xed, 0x80, 0x7f, 0xff, 0xc0,
    0x3f, 0xff, 0xe0, 0x1f, 0xff, 0xf0, 0xf, 0xff,
    0xf8, 0x7, 0xff, 0xfc, 0x3, 0xff, 0xd6, 0x5d,
    0xdf, 0xfd, 0xda, 0x1, 0x1f, 0xfe, 0xf0, 0x7,
    0xff, 0xfc, 0x3, 0xff, 0xfe, 0x1, 0xff, 0xff,
    0x0, 0xff, 0xff, 0x80, 0x7f, 0xff, 0xc0, 0x3f,
    0xfd, 0x82, 0x3f, 0xfd, 0xd0, 0x2e, 0xef, 0xfe,
    0xed, 0x80, 0x7f, 0xff, 0xc0, 0x3f, 0xff, 0xe0,
    0x1f, 0xff, 0xf0, 0xf, 0xff, 0xf8, 0x7, 0xff,
    0xfc, 0x3, 0xff, 0xd6,

    /* U+003E ">" */
    0x0, 0xff, 0xf0, 0x54, 0x88, 0x7, 0xff, 0x74,
    0x5b, 0xa4, 0x80, 0x3f, 0xfb, 0xcd, 0xb4, 0x60,
    0x1f, 0xfd, 0xe5, 0xcb, 0x40, 0xf, 0xfe, 0xf2,
    0x5e, 0x20, 0x7, 0xff, 0x78, 0xef, 0x54, 0x3,
    0xff, 0xbc, 0x55, 0xcc, 0x1, 0xff, 0xde, 0x19,
    0xe7, 0x0, 0xff, 0xef, 0xc, 0x7c, 0x8, 0x7,
    0xff, 0x79, 0xfa, 0x48, 0x3, 0xff, 0xbc, 0xdb,
    0x44, 0x1, 0xff, 0xc8, 0x84, 0x0, 0xff, 0xe4,
    0x2e, 0xd9, 0x80, 0x7f, 0xf1, 0x8e, 0xf5, 0x40,
    0x3f, 0xf9, 0x9, 0x96, 0x80, 0x1f, 0xfc, 0x62,
    0xae, 0x60, 0xf, 0xfe, 0x42, 0x5e, 0x28, 0x7,
    0xff, 0x18, 0x67, 0x9c, 0x40, 0x3f, 0xf8, 0xe7,
    0x5a, 0xc0, 0x1f, 0xfc, 0x61, 0x8e, 0x81, 0x0,
    0xff, 0xe3, 0x94, 0xf3, 0x0, 0x7f, 0xf1, 0xdf,
    0xa4, 0x80, 0x3f, 0xf8, 0xe3, 0x3c, 0xe2, 0x1,
    0xff, 0xc6, 0x6d, 0xa3, 0x0, 0xff, 0xe3, 0x8c,
    0x74, 0x8, 0x7, 0xff, 0x19, 0x72, 0xd0, 0x3,
    0xff, 0x90, 0xfd, 0x24, 0x1, 0xff, 0xc6, 0x4b,
    0xd5, 0x0, 0xff, 0xe4, 0x36, 0xd1, 0x0, 0x7f,
    0xf1, 0x8a, 0xb5, 0x80, 0x3f, 0xf9, 0xb, 0xa8,
    0x1, 0xff, 0xc7, 0x29, 0xe7, 0x10, 0xf, 0xfe,
    0xe8, 0xc7, 0x40, 0x80, 0x7f, 0xf7, 0x9f, 0xa4,
    0x80, 0x3f, 0xfb, 0xcd, 0xb6, 0xa0, 0x1f, 0xfd,
    0xe4, 0xaf, 0xa5, 0x0, 0xff, 0xef, 0x2d, 0x50,
    0xc0, 0x3f, 0xfb, 0x6b, 0x7f, 0x46, 0x1, 0xff,
    0xd8, 0x28, 0xea, 0x40, 0xf, 0xfe, 0xc9, 0x56,
    0xb8, 0x80, 0x7f, 0xf6, 0x52, 0xf5, 0x40, 0x3f,
    0xfb, 0x4b, 0x96, 0x80, 0x1f, 0xfd, 0xa6, 0xda,
    0x30, 0xf, 0xfe, 0x3a, 0xa8, 0x3, 0xff, 0x8a,
    0xfd, 0x24, 0x1, 0xff, 0xc7, 0x6e, 0xa1, 0x0,
    0xff, 0xe1, 0xc, 0x7c, 0x8, 0x7, 0xff, 0x18,
    0x5f, 0xa4, 0x40, 0x3f, 0xf8, 0x45, 0x3c, 0xe0,
    0x1f, 0xfc, 0x71, 0x8e, 0x81, 0x0, 0xff, 0xe1,
    0x1d, 0x6b, 0x0, 0x7f, 0xf1, 0xca, 0x79, 0xc0,
    0x3f, 0xf8, 0x69, 0x98, 0x50, 0xf, 0xfe, 0x39,
    0x56, 0xb0, 0x7, 0xff, 0xd, 0x76, 0xcc, 0x3,
    0xff, 0x8e, 0x77, 0xaa, 0x1, 0xff, 0xc3, 0x6e,
    0xa2, 0x0, 0xff, 0xe3, 0xa5, 0xe2, 0x0, 0x7f,
    0xf0, 0x86, 0x3a, 0x44, 0x3, 0xff, 0x8e, 0xb9,
    0x68, 0x1, 0xff, 0xc3, 0x7e, 0x71, 0x0, 0xff,
    0xe3, 0xb6, 0xd1, 0x80, 0x7f, 0xf1, 0x70, 0x3,
    0xff, 0x90, 0xdd, 0x24, 0x1, 0xff, 0xd9, 0x17,
    0xe9, 0x10, 0xf, 0xfe, 0xc8, 0xc7, 0x40, 0x80,
    0x7f, 0xf6, 0x4a, 0x79, 0xc0, 0x3f, 0xfb, 0x45,
    0x5a, 0xc0, 0x1f, 0xfd, 0xa3, 0xbd, 0x50, 0xf,
    0xfe, 0xd2, 0x66, 0x10, 0x3, 0xff, 0xb4, 0xb9,
    0x66, 0x1, 0xff, 0xda, 0x6d, 0xa3, 0x0, 0xff,
    0xed, 0x3f, 0x49, 0x0, 0x7f, 0xf6, 0xbf, 0xa0,
    0x40, 0x3f, 0xfb, 0x80,

    /* U+003F "?" */
    0xff, 0xff, 0xe1, 0xf6, 0xe5, 0x3a, 0x88, 0x7,
    0xff, 0x48, 0x48, 0xd6, 0x2b, 0xb1, 0xc4, 0x3,
    0xff, 0xac, 0x71, 0xd4, 0x40, 0x1f, 0xfd, 0x75,
    0xd9, 0x10, 0xf, 0xfe, 0xbb, 0x79, 0x80, 0x7f,
    0xf5, 0xc7, 0x18, 0x3, 0xff, 0xb1, 0x2e, 0x1,
    0xff, 0xd8, 0x86, 0x0, 0xff, 0xec, 0x49, 0x0,
    0x7f, 0xf6, 0x3c, 0x3, 0xff, 0xb0, 0x4e, 0x0,
    0xbb, 0xff, 0xe1, 0xd4, 0x28, 0x80, 0x7f, 0xf0,
    0xe4, 0x0, 0x89, 0xff, 0xc3, 0x57, 0xae, 0xb4,
    0x0, 0xff, 0xe0, 0x8b, 0x80, 0x7f, 0xf2, 0x12,
    0xe4, 0x3, 0xff, 0x83, 0x60, 0x1f, 0xfc, 0xa6,
    0xa0, 0xf, 0xfe, 0x1, 0x90, 0x7, 0xff, 0x29,
    0x5c, 0x3, 0xff, 0x80, 0x80, 0x1f, 0xfc, 0xb8,
    0x10, 0xf, 0xfb, 0xc0, 0x3f, 0xf9, 0x8c, 0x1,
    0xff, 0x28, 0x7, 0xff, 0x33, 0x0, 0x3f, 0xe1,
    0x0, 0xff, 0xe6, 0x28, 0x7, 0xfc, 0x60, 0x1f,
    0xfc, 0xc1, 0x0, 0xff, 0x84, 0x3, 0xff, 0xe2,
    0x40, 0x1f, 0xf0, 0x80, 0x7f, 0xf3, 0x1c, 0x3,
    0xfe, 0x30, 0xf, 0xfe, 0x67, 0x80, 0x7f, 0xcc,
    0x1, 0xff, 0xcb, 0x25, 0x0, 0xff, 0x8c, 0x3,
    0xff, 0x97, 0xc0, 0x1f, 0xfc, 0xd, 0x0, 0xff,
    0xe5, 0x51, 0x80, 0x7f, 0xf0, 0x10, 0x3, 0xff,
    0x90, 0x38, 0xa0, 0x1f, 0xfc, 0x3, 0x10, 0xf,
    0xfe, 0x31, 0xcf, 0x18, 0x7, 0xff, 0x6, 0x80,
    0x3e, 0x19, 0x9f, 0xd5, 0x9f, 0x8c, 0x1, 0xff,
    0xc2, 0x16, 0x0, 0xf8, 0xd9, 0xbf, 0x29, 0x80,
    0x7f, 0xf1, 0x60, 0x3, 0xf1, 0x80, 0x7f, 0xf3,
    0x8d, 0x80, 0x3f, 0xfa, 0xfe, 0x1, 0xff, 0xd7,
    0xa3, 0x0, 0xff, 0xeb, 0x42, 0x80, 0x7f, 0xf5,
    0xa5, 0xc0, 0x3f, 0xfa, 0xa5, 0x8c, 0x1, 0xff,
    0xc0, 0x10, 0xf, 0xfe, 0x43, 0xe9, 0x80, 0x7f,
    0xf4, 0xc5, 0xfa, 0x0, 0x3f, 0xfa, 0x2, 0x4b,
    0x19, 0xd0, 0x20, 0x1f, 0xfc, 0xf4, 0xfe, 0xda,
    0x73, 0x0, 0xff, 0xff, 0x80, 0x7f, 0xff, 0xc0,
    0x3f, 0xff, 0xe0, 0x1f, 0xfc, 0x55, 0x5f, 0xf6,
    0x0, 0x7f, 0xf3, 0xaa, 0xbf, 0xce, 0x1, 0xff,
    0xff, 0x0, 0xff, 0xff, 0x80, 0x7f, 0xff, 0xc0,
    0x3f, 0xff, 0xe0, 0x1f, 0xfc, 0xb5, 0x9b, 0xbd,
    0x50, 0x80, 0x1f, 0xfc, 0xe3, 0xda, 0x64, 0x4c,
    0xaf, 0x78, 0x20, 0x1f, 0xfc, 0xb3, 0xc2, 0x0,
    0xfe, 0x3f, 0x10, 0xf, 0xfe, 0x57, 0x0, 0x7f,
    0xf0, 0x6, 0xc0, 0x3f, 0xf9, 0x28, 0x40, 0x1f,
    0xfc, 0x15, 0x10, 0xf, 0xfe, 0x46, 0x0, 0x7f,
    0xf0, 0xd4, 0x3, 0xff, 0x90, 0x20, 0x1f, 0xfc,
    0x31, 0x0, 0xff, 0xf6, 0xf8, 0x7, 0xff, 0xd,
    0xc0, 0x3f, 0xf9, 0xe, 0x1, 0xff, 0xc2, 0x32,
    0x0, 0xff, 0xe4, 0xc, 0x80, 0x7f, 0xf0, 0x7c,
    0x3, 0xff, 0x94, 0xd0, 0x1, 0xfe, 0x1b, 0x30,
    0xf, 0xfe, 0x5b, 0xeb, 0x10, 0x7, 0x1b, 0xfa,
    0x0, 0x7f, 0xf1, 0x80,

    /* U+0040 "@" */
    0x0, 0xff, 0xe4, 0x92, 0xbc, 0x4d, 0x52, 0x62,
    0xc, 0x62, 0x1, 0xff, 0xd7, 0x48, 0xdf, 0xda,
    0x87, 0x65, 0x53, 0x3b, 0xa7, 0x3b, 0x92, 0xa0,
    0x1f, 0xfd, 0x12, 0x9e, 0xb7, 0x20, 0xf, 0xfe,
    0x10, 0xb5, 0x7c, 0x90, 0x7, 0xff, 0x30, 0xab,
    0x58, 0x40, 0x3f, 0xf9, 0x2d, 0xb6, 0x40, 0x1f,
    0xfc, 0x97, 0xd5, 0x0, 0xff, 0xe7, 0x26, 0xb8,
    0x7, 0xff, 0x18, 0xb2, 0x0, 0x3f, 0xfa, 0x51,
    0x62, 0x1, 0xff, 0xc3, 0x3c, 0x30, 0xf, 0xfe,
    0xa2, 0x61, 0x0, 0x7f, 0xf0, 0x53, 0x4, 0x3,
    0xff, 0xac, 0x58, 0x20, 0x1f, 0xf1, 0xd8, 0x7,
    0xff, 0x64, 0x70, 0x40, 0x3f, 0x87, 0x40, 0x3f,
    0xf8, 0x49, 0x17, 0xbf, 0xf7, 0x6d, 0xba, 0x0,
    0x7f, 0xf0, 0x4a, 0xc0, 0x3f, 0xb4, 0x40, 0x3f,
    0xe1, 0x9e, 0xb7, 0x42, 0x0, 0x84, 0x92, 0x2f,
    0xe0, 0x40, 0x3f, 0xe5, 0x50, 0x7, 0xcc, 0x60,
    0x1f, 0xf3, 0xf3, 0x8, 0x7, 0xff, 0x5, 0xf9,
    0xc0, 0x3f, 0xeb, 0x0, 0xf0, 0xc8, 0x7, 0xf8,
    0x6e, 0x0, 0x3f, 0xf8, 0xd1, 0x60, 0x1f, 0xe1,
    0x70, 0xe, 0x80, 0xf, 0xf0, 0xe2, 0x0, 0x7f,
    0xf2, 0x12, 0x80, 0x3f, 0xd2, 0x1, 0x85, 0x80,
    0x3f, 0xda, 0x40, 0x1f, 0xfc, 0xa5, 0x70, 0xf,
    0xe1, 0x50, 0xa, 0x40, 0x3f, 0xd0, 0x60, 0x1f,
    0xfc, 0xc8, 0x10, 0xf, 0xef, 0x0, 0x98, 0x3,
    0xf8, 0x9c, 0x3, 0xff, 0x9d, 0x0, 0x1f, 0xca,
    0x0, 0x31, 0x0, 0xfe, 0x80, 0xf, 0xfe, 0x7b,
    0x0, 0x7f, 0x8c, 0x2c, 0x3, 0xf8, 0x94, 0x3,
    0xff, 0xa0, 0x80, 0x1f, 0xca, 0x8, 0x1, 0xfd,
    0x40, 0x1f, 0xfd, 0x1c, 0x0, 0xfe, 0xf0, 0x30,
    0xf, 0xe5, 0x0, 0xff, 0xe8, 0x98, 0x7, 0xf1,
    0x18, 0x7, 0xf0, 0x90, 0x7, 0xff, 0x45, 0xc0,
    0x3f, 0x9d, 0x40, 0x3f, 0x90, 0x3, 0xff, 0xa4,
    0x20, 0x1f, 0xc3, 0xc0, 0x1f, 0xc4, 0x1, 0xff,
    0xd2, 0x30, 0xf, 0xe3, 0x20, 0xf, 0xed, 0x0,
    0xff, 0xe2, 0x2c, 0xe7, 0x7f, 0xba, 0xe0, 0xc0,
    0x3f, 0xf8, 0x62, 0x1, 0xfc, 0x20, 0x1f, 0xfc,
    0x26, 0xea, 0x63, 0x10, 0x0, 0xa3, 0xe6, 0xc,
    0x3, 0xff, 0x96, 0xe0, 0x1f, 0xfc, 0x1, 0xb9,
    0x10, 0xf, 0xf1, 0xe3, 0x0, 0x7f, 0xf0, 0x1c,
    0x3, 0xf8, 0x40, 0x3f, 0xf8, 0x1a, 0x80, 0x1f,
    0xfc, 0x29, 0x50, 0xf, 0xf8, 0x40, 0x3f, 0xf9,
    0x36, 0x60, 0x1f, 0xfc, 0x4b, 0x30, 0xf, 0xfe,
    0x9a, 0xa0, 0x7, 0xff, 0x14, 0x68, 0x3, 0xff,
    0xa7, 0x60, 0x1f, 0xfc, 0x77, 0x0, 0xff, 0xe9,
    0x28, 0x80, 0x7f, 0x85, 0xa6, 0xa5, 0x40, 0x3f,
    0xfa, 0xd2, 0x1, 0xfe, 0x6e, 0x96, 0x56, 0xae,
    0x40, 0xf, 0xfe, 0x98, 0x98, 0x7, 0xf3, 0x48,
    0x7, 0x86, 0xcc, 0x3, 0xff, 0xa4, 0xa0, 0x1f,
    0xc3, 0x20, 0x1f, 0xdc, 0x1, 0xff, 0xd2, 0x30,
    0xf, 0xe6, 0x0, 0xff, 0x12, 0x0, 0x7f, 0xf4,
    0x74, 0x3, 0xfa, 0xc0, 0x3f, 0xed, 0x0, 0xff,
    0xe8, 0x88, 0x7, 0xf1, 0x80, 0x7f, 0xca, 0x1,
    0xff, 0xd1, 0x70, 0xf, 0xc2, 0x1, 0xff, 0xc0,
    0x10, 0xf, 0xfe, 0x88, 0x80, 0x7f, 0xf2, 0x4c,
    0x3, 0xff, 0xfe, 0x1, 0xff, 0xff, 0x0, 0xff,
    0xff, 0x80, 0x7f, 0xff, 0xc0, 0x3f, 0xff, 0xe0,
    0x1f, 0xff, 0xf0, 0xf, 0xff, 0xf8, 0x7, 0xff,
    0x30, 0x40, 0x3f, 0xfa, 0x66, 0x1, 0xff, 0xd0,
    0x10, 0xf, 0xfe, 0x1, 0x80, 0x7f, 0x8, 0x7,
    0xff, 0x1d, 0x80, 0x3f, 0x88, 0x3, 0xfe, 0x70,
    0xf, 0xe7, 0x0, 0xff, 0xe3, 0x90, 0x7, 0xf2,
    0x0, 0x7f, 0xd8, 0x1, 0xfc, 0x60, 0x1f, 0xfc,
    0x7d, 0x0, 0xfe, 0xa0, 0xf, 0xf9, 0xc0, 0x3f,
    0xb4, 0x3, 0xff, 0x8e, 0x80, 0x1f, 0xc6, 0xa0,
    0x1f, 0xd0, 0x20, 0x1f, 0xca, 0x1, 0xff, 0xc7,
    0x14, 0x0, 0xfe, 0xa4, 0x0, 0xf9, 0x9c, 0x3,
    0xf9, 0x0, 0x3f, 0xf9, 0x3e, 0x1, 0xfe, 0xb9,
    0x41, 0x1, 0x5b, 0x90, 0xf, 0xf7, 0x80, 0x7f,
    0xf2, 0x50, 0xc0, 0x3f, 0xcd, 0x7d, 0xfd, 0x48,
    0x1, 0xfe, 0x44, 0x0, 0x7f, 0xf2, 0xbc, 0x3,
    0xff, 0x9f, 0x20, 0x1f, 0xfc, 0xb3, 0x80, 0xf,
    0xfe, 0x6c, 0x90, 0x0, 0x40, 0x3f, 0xf9, 0x2e,
    0xc0, 0x1f, 0xfc, 0xb8, 0x60, 0xf, 0xfe, 0x8,
    0x80, 0x7f, 0xf0, 0x26, 0x0, 0x3f, 0xf9, 0x32,
    0xe0, 0x19, 0xc0, 0x3f, 0x9c, 0x3, 0xff, 0x82,
    0xf6, 0x40, 0x1f, 0xfc, 0x53, 0xc6, 0x0, 0xe1,
    0x0, 0xfe, 0x20, 0xf, 0xfe, 0x12, 0x6c, 0x90,
    0x7, 0xff, 0x4, 0xeb, 0xc, 0x3, 0xc4, 0x1,
    0xfd, 0xc0, 0x1f, 0xfc, 0x46, 0xdd, 0x42, 0x90,
    0x80, 0x42, 0x6b, 0x3b, 0x8a, 0x1, 0xfb, 0x80,
    0x3f, 0x8c, 0x3, 0xff, 0x8c, 0x4f, 0x5b, 0xdf,
    0xf7, 0x65, 0x31, 0x0, 0x7f, 0x94, 0x3, 0xf9,
    0x40, 0x3f, 0xfb, 0xa4, 0x1, 0xfc, 0x26, 0x1,
    0xff, 0xdc, 0x12, 0x0, 0xfe, 0xa0, 0xf, 0xfe,
    0xea, 0x80, 0x7f, 0x38, 0x7, 0xff, 0x76, 0xc0,
    0x3f, 0x85, 0xc0, 0x3f, 0xfb, 0x86, 0x20, 0x1f,
    0xd0, 0x20, 0x1f, 0xfd, 0xc6, 0x0, 0xff, 0x50,
    0x7, 0xff, 0x72, 0x40, 0x3f, 0xc9, 0x20, 0x1f,
    0xfd, 0xb1, 0x60, 0xf, 0xf3, 0x48, 0x7, 0xff,
    0x6e, 0x4, 0x3, 0xfc, 0xd6, 0x20, 0x1f, 0xfd,
    0x91, 0x80, 0xf, 0xf9, 0x3d, 0x80, 0x3f, 0xfb,
    0x2c, 0x60, 0x1f, 0xf0, 0xce, 0xb8, 0x80, 0x7f,
    0xf5, 0xf4, 0x40, 0x3f, 0xf8, 0x5, 0x1d, 0xb2,
    0xc8, 0x64, 0x5f, 0xf0, 0x80, 0x7f, 0xf1, 0x87,
    0x0, 0x3f, 0xf8, 0x64, 0xd3, 0x79, 0xbb, 0xff,
    0xc0, 0x0, 0xff, 0xe3, 0x95, 0x80, 0x7f, 0xf9,
    0xd3, 0x44, 0x3, 0xff, 0xcc, 0x5e, 0x60, 0x1f,
    0xfe, 0x61, 0xc8, 0x0, 0xff, 0xf3, 0xbe, 0xa8,
    0x7, 0xff, 0x98, 0xab, 0x58, 0x3, 0xff, 0xcc,
    0x53, 0xd4, 0xa2, 0x1, 0xff, 0xe4, 0x15, 0xae,
    0xca, 0x74, 0x22, 0x8, 0x7, 0xff, 0x34,

    /* U+0041 "A" */
    0x0, 0xff, 0xe3, 0x3c, 0x47, 0xff, 0x9, 0x0,
    0x3f, 0xfa, 0xe7, 0xe, 0xff, 0xfc, 0x2f, 0x0,
    0xff, 0xeb, 0xa0, 0x7, 0xff, 0xd, 0x0, 0x3f,
    0xfa, 0xf8, 0x1, 0xff, 0xc4, 0x30, 0xf, 0xfe,
    0xb2, 0x0, 0x7f, 0xf1, 0x10, 0x3, 0xff, 0xaa,
    0x60, 0x1f, 0xfc, 0x5c, 0x0, 0xff, 0xea, 0xa0,
    0x7, 0xff, 0x15, 0x0, 0x3f, 0xfa, 0xb8, 0x1,
    0xff, 0xc6, 0x30, 0xf, 0xfe, 0xa2, 0x0, 0x7f,
    0xf1, 0x90, 0x3, 0xff, 0xa6, 0x60, 0x1f, 0xfc,
    0x7c, 0x0, 0xff, 0xe9, 0xa0, 0x7, 0xff, 0x1d,
    0x0, 0x3f, 0xfa, 0x78, 0x1, 0xfc, 0x40, 0x1f,
    0xe4, 0x0, 0xff, 0xe9, 0x20, 0x7, 0xf2, 0x80,
    0x7f, 0xb0, 0x3, 0xff, 0xa2, 0x60, 0x1f, 0xed,
    0x30, 0xf, 0xe4, 0x0, 0xff, 0xe8, 0xa0, 0x7,
    0xf9, 0xd0, 0x3, 0xf8, 0xc0, 0x3f, 0xfa, 0x38,
    0x1, 0xfe, 0x2d, 0x0, 0xff, 0x20, 0x7, 0xff,
    0x41, 0x0, 0x3f, 0x8c, 0x1c, 0x3, 0xfd, 0x80,
    0x1f, 0xfc, 0xf3, 0x0, 0xff, 0x20, 0x10, 0x7,
    0xf9, 0x0, 0x3f, 0xf9, 0xe8, 0x1, 0xfe, 0xd0,
    0x1, 0x80, 0x7f, 0x18, 0x7, 0xff, 0x3f, 0x0,
    0x3f, 0xce, 0x0, 0x40, 0xf, 0xf2, 0x0, 0x7f,
    0xf3, 0x90, 0x3, 0xf8, 0x48, 0x1, 0xa0, 0x1f,
    0xec, 0x0, 0xff, 0xe6, 0x98, 0x7, 0xf9, 0x40,
    0x24, 0x0, 0xff, 0x20, 0x7, 0xff, 0x35, 0x0,
    0x3f, 0xd8, 0x1, 0x8, 0x80, 0x3f, 0x8c, 0x3,
    0xff, 0x9b, 0x80, 0x1f, 0xe3, 0x0, 0xc8, 0x1,
    0xfe, 0x40, 0xf, 0xfe, 0x62, 0x0, 0x7f, 0x90,
    0x3, 0x68, 0x7, 0xfb, 0x0, 0x3f, 0xf9, 0x66,
    0x1, 0xfe, 0x20, 0xe, 0x40, 0xf, 0xf2, 0x0,
    0x7f, 0xf2, 0xd0, 0x3, 0xfc, 0x80, 0x1c, 0x60,
    0x1f, 0xe3, 0x0, 0xff, 0xe5, 0xe0, 0x7, 0xfb,
    0xc0, 0x3c, 0x60, 0x1f, 0xe4, 0x0, 0xff, 0xe5,
    0x20, 0x7, 0xf9, 0x0, 0x3c, 0xa0, 0x1f, 0xec,
    0x0, 0xff, 0xe4, 0x98, 0x7, 0xfc, 0x40, 0x1e,
    0xc0, 0xf, 0xf2, 0x0, 0x7f, 0xf2, 0x50, 0x3,
    0xfc, 0x80, 0x1f, 0x38, 0x7, 0xf8, 0xc0, 0x3f,
    0xf9, 0x38, 0x1, 0xfe, 0x30, 0xf, 0x88, 0x40,
    0x3f, 0xc8, 0x1, 0xff, 0xc8, 0x40, 0xf, 0xf6,
    0x0, 0x7e, 0x50, 0xf, 0xf6, 0x0, 0x7f, 0xf1,
    0xcc, 0x3, 0xfe, 0x50, 0xf, 0xd8, 0x1, 0xfe,
    0x40, 0xf, 0xfe, 0x3a, 0x0, 0x7f, 0x88, 0x40,
    0x3f, 0x20, 0x7, 0xf8, 0xc0, 0x3f, 0xf8, 0xf8,
    0x1, 0xfe, 0x40, 0xf, 0xe3, 0x0, 0xff, 0x90,
    0x3, 0xff, 0x8c, 0x80, 0x1f, 0xef, 0x0, 0xff,
    0x18, 0x7, 0xfb, 0x0, 0x3f, 0xf8, 0xa6, 0x1,
    0xff, 0x20, 0x7, 0xf9, 0x40, 0x3f, 0xc8, 0x1,
    0xff, 0xc5, 0x40, 0xf, 0xf8, 0x80, 0x3f, 0xd8,
    0x1, 0xfe, 0x30, 0xf, 0xfe, 0x2e, 0x0, 0x7f,
    0x90, 0x3, 0xfe, 0x70, 0xf, 0xf9, 0x0, 0x3f,
    0xf8, 0x88, 0x1, 0xfe, 0x30, 0xf, 0xf8, 0x84,
    0x3, 0xfd, 0x80, 0x1f, 0xfc, 0x33, 0x0, 0xff,
    0xb0, 0x3, 0xff, 0x80, 0x80, 0x1f, 0xe4, 0x0,
    0xff, 0xe1, 0xd8, 0x7, 0xfc, 0xa0, 0x1f, 0xfc,
    0xd, 0x0, 0xff, 0x18, 0x80, 0x7f, 0xf0, 0x90,
    0x3, 0xfc, 0x42, 0x1, 0xff, 0xc0, 0x40, 0xf,
    0xf9, 0x40, 0x3f, 0xf8, 0x46, 0x1, 0xfe, 0x2d,
    0xdf, 0xfe, 0xf, 0x0, 0x7f, 0xd8, 0x1, 0xff,
    0xc1, 0x40, 0xf, 0xfe, 0x1, 0x17, 0xff, 0x8,
    0x3, 0xfe, 0x50, 0xf, 0xfe, 0xe, 0x0, 0x7f,
    0xf6, 0x48, 0x40, 0x3f, 0xf8, 0x8, 0x1, 0xff,
    0xda, 0x40, 0xf, 0xfe, 0x1, 0x80, 0x7f, 0xf6,
    0xb0, 0x3, 0xfe, 0x40, 0xf, 0xfe, 0xda, 0x0,
    0x7f, 0xd8, 0x1, 0xff, 0xdb, 0x21, 0x0, 0xff,
    0x20, 0x7, 0xff, 0x71, 0x0, 0x3f, 0xc6, 0x1,
    0xff, 0xdc, 0xc0, 0xf, 0xe4, 0x0, 0xff, 0xee,
    0xa0, 0x7, 0xf6, 0x0, 0x7f, 0xd5, 0xff, 0xff,
    0xc6, 0x30, 0xf, 0xf1, 0x8, 0x7, 0xe4, 0x0,
    0xff, 0x9c, 0x3, 0xff, 0x8c, 0x80, 0x1f, 0xf2,
    0x0, 0x7e, 0x30, 0xf, 0xf0, 0x90, 0x7, 0xff,
    0x1b, 0x40, 0x3f, 0xec, 0x0, 0xf9, 0x0, 0x3f,
    0xe5, 0x0, 0xff, 0xe3, 0xa0, 0x7, 0xfc, 0x80,
    0x1f, 0x60, 0x7, 0xfd, 0x80, 0x1f, 0xfc, 0x71,
    0x10, 0x7, 0xf8, 0x84, 0x3, 0xc8, 0x1, 0xff,
    0x20, 0x7, 0xff, 0x21, 0x0, 0x3f, 0xe4, 0x0,
    0xf1, 0x80, 0x7f, 0xc6, 0x1, 0xff, 0xc8, 0xc0,
    0xf, 0xfb, 0x0, 0x39, 0x0, 0x3f, 0xe3, 0x0,
    0xff, 0xe4, 0xa8, 0x7, 0xfc, 0x80, 0x1d, 0x80,
    0x1f, 0xf2, 0x0, 0x7f, 0xf2, 0x4c, 0x3, 0xfe,
    0x21, 0x0, 0xc8, 0x1, 0xff, 0x68, 0x7, 0xff,
    0x29, 0x0, 0x3f, 0xe4, 0x0, 0xc6, 0x1, 0xff,
    0x20, 0x7, 0xff, 0x28, 0xc0, 0x3f, 0xec, 0x0,
    0x90, 0x3, 0xfe, 0x11, 0x0, 0x7f, 0xf2, 0xb0,
    0x3, 0xfe, 0x40, 0xb, 0x0, 0x3f, 0xe4, 0x0,
    0xff, 0xe5, 0xa8, 0x7, 0xfc, 0x42, 0x0, 0x40,
    0xf, 0xfb, 0x0, 0x3f, 0xf9, 0x62, 0x40, 0x1f,
    0xf2, 0x0, 0xc, 0x3, 0xfe, 0x50, 0xf, 0xfe,
    0x62, 0x0, 0x7f, 0xd8, 0x8, 0x1, 0xff, 0xc0,
    0x30, 0xf, 0xfe, 0x67, 0x80, 0x7f, 0xc8, 0x18,
    0x1, 0xff, 0x18, 0x7, 0xff, 0x35, 0x0, 0x3f,
    0xe2, 0x10,

    /* U+0042 "B" */
    0x0, 0xff, 0xf1, 0x4f, 0xff, 0xff, 0x2f, 0xb6,
    0xe5, 0x88, 0x3, 0xff, 0xb8, 0x24, 0x8d, 0x3b,
    0xd2, 0x60, 0x1f, 0xfd, 0xf1, 0x6c, 0xd5, 0x0,
    0xff, 0xf0, 0x15, 0x61, 0x80, 0x7f, 0xf8, 0xf,
    0x1c, 0x3, 0xff, 0xc3, 0x12, 0x1, 0xff, 0xe1,
    0x6a, 0x0, 0xff, 0xf0, 0xac, 0x0, 0x7f, 0xf8,
    0x5c, 0xc0, 0x3f, 0xfc, 0x3c, 0x1, 0xff, 0xc4,
    0xef, 0xff, 0xf6, 0xdb, 0x90, 0x7, 0xff, 0x8,
    0x98, 0x3, 0xff, 0x9c, 0x49, 0x1b, 0x42, 0x1,
    0xff, 0xc1, 0xa0, 0xf, 0xfe, 0x92, 0xf9, 0x80,
    0x7f, 0xf0, 0xc, 0x80, 0x3f, 0xfa, 0x43, 0xa4,
    0x1, 0xff, 0xc0, 0x40, 0xf, 0xfe, 0x98, 0xc8,
    0x7, 0xff, 0x3, 0x0, 0x3f, 0xfa, 0x88, 0x60,
    0x1f, 0xf3, 0x0, 0x7f, 0xf5, 0x6c, 0x3, 0xfe,
    0x20, 0xf, 0xfe, 0xaa, 0x0, 0x7f, 0xc2, 0x1,
    0xff, 0xd5, 0x20, 0xf, 0xf8, 0x40, 0x3f, 0xfa,
    0xa2, 0x1, 0xff, 0x18, 0x7, 0xff, 0x54, 0x40,
    0x3f, 0xe1, 0x0, 0xff, 0xea, 0x90, 0x7, 0xfc,
    0xa0, 0x1f, 0xfd, 0x54, 0x0, 0xff, 0xb0, 0x3,
    0xff, 0xab, 0x60, 0x1f, 0xf2, 0x0, 0x7f, 0xf5,
    0x10, 0xc0, 0x3f, 0xc8, 0x20, 0x1f, 0xfd, 0x31,
    0xa0, 0xf, 0xfb, 0xc0, 0x3f, 0xfa, 0x63, 0x82,
    0x1, 0xfe, 0x54, 0x0, 0xff, 0xe9, 0x2f, 0x90,
    0x7, 0xf8, 0x6c, 0x3, 0xff, 0x9e, 0x49, 0x1d,
    0x42, 0x1, 0xff, 0x68, 0x80, 0x7f, 0xf1, 0x3b,
    0xff, 0xfd, 0xb6, 0xe2, 0x1, 0xff, 0xc0, 0xb3,
    0x0, 0xff, 0xef, 0x16, 0x20, 0x7, 0xff, 0x74,
    0x5f, 0x4c, 0x3, 0xff, 0xb6, 0x2b, 0x3d, 0x0,
    0x1f, 0xfd, 0xd5, 0xd5, 0x0, 0xff, 0xef, 0xa4,
    0x67, 0x38, 0x7, 0xff, 0x80, 0x63, 0x94, 0x3,
    0xff, 0xc0, 0x35, 0x20, 0x1f, 0xfe, 0x16, 0xa0,
    0xf, 0xfe, 0x29, 0xa2, 0x7f, 0x19, 0x8, 0x7,
    0xff, 0xd, 0x64, 0x3, 0xff, 0x89, 0xb7, 0x7f,
    0xd9, 0xbd, 0xca, 0x40, 0xf, 0xfe, 0xb, 0x28,
    0x7, 0xff, 0x40, 0x56, 0xf0, 0x80, 0x3f, 0xf8,
    0x16, 0x20, 0x1f, 0xfd, 0x23, 0xd5, 0x0, 0xff,
    0x86, 0x0, 0x3f, 0xfa, 0x94, 0x60, 0x1f, 0xf3,
    0x8, 0x7, 0xff, 0x53, 0x40, 0x3f, 0xf8, 0xc,
    0x1, 0xff, 0xd4, 0x17, 0x0, 0xff, 0xac, 0x3,
    0xff, 0xab, 0x20, 0x1f, 0xf1, 0x88, 0x7, 0xff,
    0x50, 0x4c, 0x3, 0xfe, 0x50, 0xf, 0xfe, 0xaa,
    0x80, 0x7f, 0xc4, 0x1, 0xff, 0xd5, 0xe0, 0xf,
    0xfb, 0x80, 0x3f, 0xfa, 0xa2, 0x1, 0xff, 0x8,
    0x7, 0xff, 0x54, 0x40, 0x3f, 0xfc, 0x3e, 0x1,
    0xff, 0x8, 0x7, 0xff, 0x55, 0x0, 0x3f, 0xef,
    0x0, 0xff, 0xea, 0x9, 0x80, 0x7f, 0xc4, 0x1,
    0xff, 0xd4, 0x60, 0xf, 0xfe, 0x3, 0x80, 0x7f,
    0xf4, 0xc6, 0x0, 0x3f, 0xf8, 0x4, 0x1, 0xff,
    0xd3, 0xd0, 0xf, 0xfe, 0x2, 0x80, 0x7f, 0xf4,
    0x87, 0xc, 0x3, 0xff, 0x81, 0xe0, 0x1f, 0xfd,
    0x16, 0xf3, 0x0, 0xff, 0xe0, 0xa, 0x80, 0x7f,
    0xf0, 0x4c, 0x3, 0xfc, 0x26, 0xb3, 0xd2, 0x20,
    0x1f, 0xfc, 0x18, 0x0, 0xff, 0xe1, 0x6f, 0xff,
    0xfb, 0xb2, 0x98, 0x40, 0x3f, 0xf8, 0x44, 0xc0,
    0x1f, 0xfe, 0xe, 0x0, 0xff, 0xf0, 0x41, 0x80,
    0x7f, 0xf7, 0xdd, 0xc0, 0x1f, 0xfd, 0xf7, 0x80,
    0xf, 0xfe, 0xfd, 0x40, 0x7, 0xff, 0x79, 0x35,
    0x40, 0x3f, 0xfb, 0xa9, 0x76, 0x20, 0xf, 0xfe,
    0xd9, 0x3e, 0xda, 0x0, 0x7f, 0xf5, 0x84, 0x44,
    0xaf, 0x5d, 0xb0, 0x40, 0x1f, 0xfc, 0x0,

    /* U+0043 "C" */
    0x0, 0xff, 0xe2, 0x92, 0xbb, 0xa2, 0x61, 0xdc,
    0xa4, 0x1, 0xff, 0xd2, 0x27, 0xcf, 0xda, 0x88,
    0x3b, 0x3c, 0x42, 0xb7, 0xf1, 0xcc, 0x3, 0xff,
    0x98, 0xb9, 0xb0, 0x60, 0x1f, 0xfc, 0x13, 0x8c,
    0xc2, 0x80, 0x7f, 0xf2, 0x13, 0x68, 0xc0, 0x3f,
    0xf8, 0xe7, 0x5a, 0x80, 0x1f, 0xfc, 0x5a, 0xb2,
    0x0, 0xff, 0xe5, 0x95, 0xd0, 0x7, 0xff, 0x8,
    0xb5, 0x40, 0x3f, 0xf9, 0xeb, 0xa4, 0x1, 0xff,
    0x16, 0x10, 0x7, 0xff, 0x44, 0xb0, 0x80, 0x3f,
    0x87, 0x4, 0x3, 0xff, 0xa6, 0x38, 0x40, 0x1f,
    0xb4, 0x40, 0x3f, 0xfa, 0xa3, 0xe0, 0x1f, 0x39,
    0x80, 0x7f, 0xf5, 0xca, 0x0, 0x38, 0x60, 0x3,
    0xff, 0xb2, 0xe6, 0x1, 0xa0, 0x3, 0xff, 0x86,
    0xd5, 0xbd, 0xfd, 0xb4, 0xc2, 0x1, 0xff, 0xc2,
    0x90, 0x8, 0x58, 0x3, 0xff, 0x82, 0xfd, 0x2a,
    0x42, 0x2, 0x4b, 0x3d, 0x0, 0x1f, 0xfc, 0x15,
    0x20, 0x3, 0x80, 0x7f, 0xf0, 0x6e, 0x4, 0x3,
    0xfc, 0xf8, 0x20, 0x1f, 0xfc, 0xa, 0x0, 0x50,
    0x7, 0xff, 0x2, 0x90, 0x3, 0xff, 0x82, 0x74,
    0x1, 0xff, 0xc0, 0x50, 0x1, 0x80, 0x7f, 0xca,
    0xa0, 0xf, 0xfe, 0x1a, 0x30, 0x7, 0xfc, 0x44,
    0x30, 0xf, 0xfe, 0x4, 0x0, 0x7f, 0xf1, 0x60,
    0x3, 0xff, 0x80, 0xea, 0x1, 0xff, 0x11, 0x0,
    0x3f, 0xf8, 0xa2, 0x60, 0x1f, 0xf6, 0xf0, 0x7,
    0xfc, 0x80, 0x1f, 0xfc, 0x74, 0x0, 0xff, 0x88,
    0x40, 0x3f, 0xef, 0x0, 0xff, 0xe3, 0xf0, 0x7,
    0xfc, 0x26, 0x1, 0xff, 0x18, 0x7, 0xff, 0x1c,
    0x80, 0x3f, 0xe7, 0x10, 0xf, 0xf8, 0x40, 0x3f,
    0xf8, 0xeb, 0x77, 0xff, 0x78, 0x7, 0xff, 0x50,
    0x51, 0x3f, 0xe3, 0x0, 0xff, 0xff, 0x80, 0x7f,
    0xff, 0xc0, 0x3f, 0xff, 0xe0, 0x1f, 0xff, 0xf0,
    0xf, 0xff, 0xf8, 0x7, 0xff, 0xfc, 0x3, 0xff,
    0xfe, 0x1, 0xff, 0xff, 0x0, 0xff, 0xff, 0x80,
    0x7f, 0xff, 0xc0, 0x3f, 0xff, 0xe0, 0x1f, 0xff,
    0xf0, 0xf, 0xff, 0xf8, 0x7, 0xff, 0xfc, 0x3,
    0xff, 0xfe, 0x1, 0xff, 0xff, 0x0, 0xff, 0xff,
    0x80, 0x7f, 0xf4, 0x84, 0x3, 0xfe, 0x10, 0xf,
    0xfe, 0x3a, 0x77, 0x7f, 0xd6, 0x1, 0xff, 0xc0,
    0x30, 0xf, 0xfe, 0x38, 0x8f, 0xff, 0x1, 0xcc,
    0x3, 0xfe, 0x10, 0xf, 0xfe, 0x39, 0x0, 0x7f,
    0xcf, 0xc0, 0x1f, 0xf6, 0x0, 0x7f, 0xf1, 0xf4,
    0x3, 0xfe, 0x23, 0x0, 0xff, 0x90, 0x3, 0xff,
    0x8e, 0x80, 0x1f, 0xf7, 0xa8, 0x7, 0xff, 0x1,
    0xc0, 0x3f, 0xf8, 0xac, 0x20, 0x1f, 0xf2, 0x88,
    0x80, 0x3f, 0xe9, 0x10, 0xf, 0xfe, 0x18, 0xd8,
    0x7, 0xff, 0x0, 0xc1, 0x80, 0x3f, 0xe1, 0xd0,
    0xf, 0xfe, 0x1d, 0x10, 0x7, 0xfc, 0xa0, 0xb,
    0x0, 0xff, 0xe0, 0x1e, 0x90, 0x7, 0xfc, 0x38,
    0x80, 0x1f, 0xfc, 0xf, 0x0, 0x19, 0x80, 0x3f,
    0xf8, 0x5, 0xb2, 0x60, 0x1f, 0x14, 0x71, 0x80,
    0x7f, 0xf0, 0x9, 0x40, 0x28, 0x0, 0xff, 0xe1,
    0x36, 0x7e, 0x55, 0x57, 0xda, 0xe0, 0x1f, 0xfc,
    0x2b, 0x0, 0xc8, 0x80, 0xf, 0xfe, 0x21, 0xaa,
    0xc8, 0x20, 0x1f, 0xfc, 0x33, 0x60, 0xe, 0xa0,
    0xf, 0xfe, 0xcf, 0x0, 0x78, 0x68, 0x3, 0xff,
    0xaf, 0x24, 0x1, 0xf2, 0xc0, 0x7, 0xff, 0x56,
    0x18, 0x3, 0xf9, 0xe0, 0x3, 0xff, 0xa6, 0xee,
    0x0, 0xff, 0x9e, 0xc0, 0x3f, 0xfa, 0x35, 0x0,
    0x1f, 0xfc, 0x14, 0xe4, 0x0, 0xff, 0xe6, 0xa6,
    0xa8, 0x7, 0xff, 0xc, 0x6e, 0xc6, 0x1, 0xff,
    0xc9, 0x3b, 0xb1, 0x0, 0x7f, 0xf1, 0x93, 0x30,
    0xc2, 0x1, 0xff, 0xc3, 0x16, 0xcc, 0x20, 0x7,
    0xff, 0x28, 0xe7, 0xb6, 0x59, 0x8, 0x40, 0x21,
    0x24, 0x69, 0xde, 0x93, 0x0, 0xff, 0xe0, 0x0,

    /* U+0044 "D" */
    0xcf, 0xff, 0xfe, 0x4f, 0x6e, 0x54, 0x28, 0x80,
    0x7f, 0xf6, 0x84, 0x8d, 0x5e, 0xbb, 0x1c, 0x40,
    0x3f, 0xfb, 0xc7, 0x1d, 0x44, 0x1, 0xff, 0xdf,
    0x5d, 0x90, 0xf, 0xff, 0x3, 0x71, 0x80, 0x7f,
    0xf7, 0xc7, 0x18, 0x3, 0xff, 0xc1, 0x2e, 0x1,
    0xff, 0xe0, 0x86, 0x0, 0xff, 0xf0, 0x49, 0x80,
    0x7f, 0xf8, 0x38, 0x3, 0xff, 0x88, 0x46, 0x7f,
    0x88, 0x40, 0x3f, 0xf8, 0xa5, 0x0, 0x1f, 0xfc,
    0x3e, 0xcc, 0xfd, 0xbd, 0xf8, 0xe2, 0x1, 0xff,
    0xc2, 0x71, 0x0, 0xff, 0xe7, 0x1c, 0x74, 0x0,
    0x7f, 0xf0, 0xa4, 0x3, 0xff, 0xa2, 0xf8, 0x20,
    0x1f, 0xfc, 0x6, 0x0, 0xff, 0xe9, 0x1e, 0x80,
    0x7f, 0xf0, 0x4, 0xc0, 0x3f, 0xfa, 0x47, 0x20,
    0x1f, 0xfc, 0xa, 0x0, 0xff, 0xe9, 0xb1, 0x0,
    0x7f, 0xca, 0x1, 0xff, 0xd4, 0xb0, 0xf, 0xf8,
    0xc0, 0x3f, 0xfa, 0x8e, 0x1, 0xff, 0xc0, 0x20,
    0xf, 0xfe, 0x98, 0x90, 0x7, 0xfc, 0x20, 0x1f,
    0xfd, 0x41, 0x0, 0xff, 0x9c, 0x3, 0xff, 0xa8,
    0xc0, 0x1f, 0xf0, 0x80, 0x7f, 0xff, 0xc0, 0x3f,
    0xff, 0xe0, 0x1f, 0xff, 0xf0, 0xf, 0xff, 0xf8,
    0x7, 0xff, 0xfc, 0x3, 0xff, 0xfe, 0x1, 0xff,
    0xff, 0x0, 0xff, 0xff, 0x80, 0x7f, 0xff, 0xc0,
    0x3f, 0xff, 0xe0, 0x1f, 0xff, 0xf0, 0xf, 0xff,
    0xf8, 0x7, 0xff, 0xfc, 0x3, 0xff, 0xfe, 0x1,
    0xff, 0xff, 0x0, 0xff, 0xff, 0x80, 0x7f, 0xf8,
    0xd8, 0x3, 0xfe, 0x10, 0xf, 0xfe, 0xa0, 0x80,
    0x7f, 0xce, 0x1, 0xff, 0xd3, 0x12, 0x0, 0xff,
    0x84, 0x3, 0xff, 0xa6, 0xe0, 0x1f, 0xfc, 0x2,
    0x0, 0xff, 0xe9, 0xd8, 0x7, 0xfc, 0x60, 0x1f,
    0xfd, 0x36, 0x20, 0xf, 0xf9, 0x0, 0x3f, 0xfa,
    0x47, 0x20, 0x1f, 0xfc, 0xb, 0x0, 0xff, 0xe8,
    0x9e, 0x80, 0x7f, 0xf0, 0x4, 0xc0, 0x3f, 0xfa,
    0xf, 0x82, 0x1, 0xff, 0xc0, 0x90, 0xf, 0xfe,
    0x71, 0xc7, 0x40, 0x7, 0xff, 0x9, 0x80, 0x3f,
    0xf8, 0x5d, 0x99, 0xfb, 0x7b, 0xf1, 0xc4, 0x3,
    0xff, 0x85, 0x2, 0x1, 0xff, 0xc2, 0x23, 0x3f,
    0xc4, 0x20, 0x1f, 0xfc, 0x52, 0x70, 0xf, 0xfe,
    0xff, 0x0, 0x7f, 0xf7, 0xe8, 0xc0, 0x3f, 0xfb,
    0xd0, 0xa0, 0x1f, 0xfd, 0xe9, 0x70, 0xf, 0xfe,
    0xe8, 0xe3, 0x0, 0x7f, 0xf7, 0x5b, 0x8c, 0x3,
    0xff, 0xb8, 0xbb, 0x20, 0x1f, 0xfd, 0xb3, 0x8e,
    0xa2, 0x0, 0xff, 0xea, 0x88, 0x89, 0x5e, 0xbb,
    0x1c, 0x40, 0x3f, 0xf8, 0x20,

    /* U+0045 "E" */
    0x59, 0x9f, 0xfe, 0xea, 0x6b, 0x37, 0xff, 0x77,
    0x0, 0x3f, 0xff, 0xe0, 0x1f, 0xff, 0xf0, 0xf,
    0xff, 0xf8, 0x7, 0xff, 0xfc, 0x3, 0xff, 0xfe,
    0x1, 0xff, 0xcc, 0xbf, 0xff, 0xfe, 0x8c, 0x0,
    0x7f, 0xff, 0xc0, 0x3f, 0xff, 0xe0, 0x1f, 0xff,
    0xf0, 0xf, 0xff, 0xf8, 0x7, 0xff, 0xfc, 0x3,
    0xff, 0xfe, 0x1, 0xff, 0xff, 0x0, 0xff, 0xff,
    0x80, 0x7f, 0xff, 0xc0, 0x3f, 0xff, 0x4, 0x67,
    0xff, 0xce, 0x0, 0xff, 0xe2, 0x4e, 0x67, 0xff,
    0x38, 0x80, 0x3f, 0xff, 0xe0, 0x1f, 0xff, 0xf0,
    0xf, 0xff, 0xf8, 0x7, 0xff, 0xfc, 0x3, 0xff,
    0xfe, 0x1, 0xff, 0xcf, 0xbf, 0xff, 0xfe, 0x71,
    0x0, 0x7f, 0xff, 0xc0, 0x3f, 0xff, 0xe0, 0x1f,
    0xff, 0xf0, 0xf, 0xff, 0xf8, 0x7, 0xff, 0xfc,
    0x3, 0xff, 0xfe, 0x1, 0xff, 0xff, 0x0, 0xff,
    0xff, 0x80, 0x7f, 0xff, 0xc0, 0x3f, 0xff, 0xe0,
    0x1f, 0xff, 0xf0, 0xf, 0xbe, 0x67, 0xff, 0xa2,
    0x80, 0x1f, 0xfc, 0x4, 0x66, 0xff, 0xe8, 0xe0,
    0x7, 0xff, 0xfc, 0x3, 0xff, 0xfe, 0x1, 0xff,
    0xff, 0x0, 0xff, 0xff, 0x80, 0x7f, 0xff, 0xc0,
    0x3f, 0xf8, 0x0,

    /* U+0046 "F" */
    0x3, 0x3f, 0xfe, 0xf8, 0x2e, 0x67, 0xff, 0x7d,
    0x0, 0x3f, 0xff, 0xe0, 0x1f, 0xff, 0xf0, 0xf,
    0xff, 0xf8, 0x7, 0xff, 0xfc, 0x3, 0xff, 0xfe,
    0x1, 0xff, 0xff, 0x0, 0xff, 0xe0, 0x47, 0xff,
    0xff, 0x4d, 0x0, 0x3f, 0xff, 0xe0, 0x1f, 0xff,
    0xf0, 0xf, 0xff, 0xf8, 0x7, 0xff, 0xfc, 0x3,
    0xff, 0xfe, 0x1, 0xff, 0xff, 0x0, 0xff, 0xff,
    0x80, 0x7f, 0xff, 0xc0, 0x3f, 0xff, 0xe0, 0x1f,
    0xff, 0xf0, 0xf, 0xfe, 0x7f, 0x19, 0xff, 0xf4,
    0x8, 0x3, 0xff, 0x86, 0xd9, 0x9f, 0xfd, 0xe,
    0x0, 0xff, 0xff, 0x80, 0x7f, 0xff, 0xc0, 0x3f,
    0xff, 0xe0, 0x1f, 0xff, 0xf0, 0xf, 0xff, 0xf8,
    0x7, 0xff, 0xfc, 0x3, 0xff, 0x86, 0x9f, 0xff,
    0xfd, 0xc, 0x0, 0xff, 0xff, 0x80, 0x7f, 0xff,
    0xc0, 0x3f, 0xff, 0xe0, 0x1f, 0xff, 0xf0, 0xf,
    0xff, 0xf8, 0x7, 0xff, 0xfc, 0x3, 0xff, 0xfe,
    0x1, 0xff, 0xff, 0x0, 0xff, 0xff, 0x80, 0x7f,
    0xff, 0xc0, 0x3f, 0xff, 0xe0, 0x1f, 0xff, 0xf0,
    0xf, 0xff, 0xf8, 0x7, 0xff, 0xfc, 0x3, 0xff,
    0xfe, 0x1, 0xff, 0xff, 0x0, 0xff, 0xf9, 0x80,

    /* U+0047 "G" */
    0x0, 0xff, 0xe3, 0x1a, 0xbc, 0x42, 0x61, 0xd9,
    0x4, 0x3, 0xff, 0xa6, 0x93, 0xbf, 0x95, 0xe,
    0xe6, 0x78, 0x9b, 0xee, 0x52, 0x88, 0x7, 0xff,
    0x30, 0x63, 0xad, 0x88, 0x3, 0xff, 0x80, 0x2b,
    0x5d, 0x24, 0x1, 0xff, 0xc9, 0x8e, 0x71, 0x0,
    0xff, 0xe3, 0xb6, 0xd0, 0x80, 0x7f, 0xf1, 0x4f,
    0x5c, 0x3, 0xff, 0x98, 0xbc, 0xc0, 0x1f, 0xfc,
    0x36, 0xc2, 0x0, 0xff, 0xe7, 0xcc, 0x80, 0x3f,
    0xf8, 0x2f, 0x20, 0x1f, 0xfd, 0x26, 0xb0, 0xf,
    0xf9, 0x60, 0x3, 0xff, 0xa8, 0x94, 0x1, 0xfc,
    0x74, 0x1, 0xff, 0xd6, 0x57, 0x0, 0xfd, 0xc0,
    0x1f, 0xfd, 0x88, 0x20, 0xf, 0x39, 0x0, 0x7f,
    0xf6, 0x78, 0x3, 0xd2, 0x1, 0xff, 0xc2, 0x28,
    0xbe, 0xff, 0x76, 0x4a, 0x0, 0x7f, 0xf0, 0x8d,
    0x0, 0x33, 0x88, 0x7, 0xff, 0x0, 0xaf, 0x5d,
    0x4, 0x0, 0x26, 0xd7, 0xa8, 0x1, 0xff, 0xc1,
    0x80, 0xd, 0x40, 0x1f, 0xfc, 0x4, 0xd4, 0x0,
    0xff, 0x15, 0xb8, 0x7, 0xff, 0x0, 0xc8, 0x0,
    0x44, 0x0, 0xff, 0x8a, 0xc0, 0x3f, 0xf8, 0x50,
    0xa0, 0x1f, 0xfc, 0x5, 0x0, 0x20, 0x7, 0xff,
    0x3, 0x80, 0x3f, 0xf8, 0x94, 0x20, 0x1f, 0xf5,
    0x80, 0x3c, 0x3, 0xfe, 0x43, 0x0, 0xff, 0xe2,
    0xb0, 0x7, 0xfc, 0x60, 0x5, 0x0, 0xff, 0xb4,
    0x3, 0xff, 0x8d, 0x40, 0x1f, 0xfc, 0x2, 0x3,
    0x0, 0xff, 0x90, 0x3, 0xff, 0x8c, 0x42, 0x1,
    0xff, 0x30, 0x7, 0xff, 0x4, 0x80, 0x3f, 0xf8,
    0xe4, 0x1, 0xff, 0x8, 0x7, 0xff, 0x55, 0xc0,
    0x3f, 0xe3, 0x10, 0xf, 0xf8, 0x40, 0x3f, 0xf9,
    0x11, 0x33, 0xff, 0x20, 0x7, 0xff, 0x54, 0xd9,
    0xbf, 0xe2, 0x0, 0xff, 0xff, 0x80, 0x7f, 0xff,
    0xc0, 0x3f, 0xff, 0xe0, 0x1f, 0xff, 0xf0, 0xf,
    0xff, 0xf8, 0x7, 0xff, 0xfc, 0x3, 0xff, 0xfe,
    0x0, 0x8f, 0xff, 0xfe, 0x5b, 0x80, 0x7f, 0xff,
    0xc0, 0x3f, 0xff, 0xe0, 0x1f, 0xff, 0xf0, 0xf,
    0xff, 0xf8, 0x7, 0xff, 0xfc, 0x3, 0xff, 0xe1,
    0x73, 0x3f, 0xf1, 0x80, 0x7f, 0xf5, 0x4d, 0x9b,
    0xff, 0x80, 0x1, 0xff, 0xff, 0x0, 0xff, 0xff,
    0x80, 0x7f, 0xff, 0xc0, 0x3f, 0xff, 0xe0, 0x1f,
    0xfd, 0x51, 0x10, 0x7, 0xfc, 0x20, 0x1f, 0xfc,
    0x81, 0x0, 0xff, 0xe6, 0x88, 0x7, 0xff, 0x1d,
    0x80, 0x3f, 0xe3, 0x2, 0x0, 0xff, 0x90, 0x3,
    0xff, 0x8e, 0x40, 0x1f, 0xf3, 0x3, 0x0, 0x7f,
    0xd8, 0x1, 0xff, 0xc6, 0x40, 0xf, 0xfe, 0x1,
    0x81, 0x80, 0x7f, 0xcc, 0x20, 0x1f, 0xfc, 0x5f,
    0x0, 0xff, 0x88, 0x1, 0x80, 0x1f, 0xfc, 0x8,
    0x0, 0xff, 0xe2, 0x22, 0x0, 0x3f, 0xe7, 0x0,
    0x20, 0x80, 0x7f, 0xcc, 0xc0, 0xf, 0xfe, 0x11,
    0x50, 0x7, 0xff, 0x3, 0x80, 0x27, 0x0, 0xff,
    0xe0, 0x4b, 0x80, 0x7f, 0xf0, 0xf, 0x4, 0x3,
    0xff, 0x80, 0x80, 0x15, 0x80, 0x7f, 0xf0, 0x63,
    0x54, 0x3, 0xf1, 0xd6, 0x8, 0x7, 0xff, 0x1,
    0xc0, 0x31, 0x20, 0x7, 0xff, 0x4, 0xab, 0xf2,
    0xa6, 0x26, 0xfb, 0x14, 0x3, 0xff, 0x85, 0x20,
    0x1d, 0x20, 0x1f, 0xfc, 0x43, 0x56, 0x76, 0x41,
    0x0, 0xff, 0xe1, 0xc0, 0x80, 0x71, 0x40, 0x7,
    0xff, 0x60, 0xdc, 0x3, 0xe7, 0x40, 0xf, 0xfe,
    0xb0, 0xf0, 0x7, 0xf5, 0x98, 0x7, 0xff, 0x57,
    0x48, 0x3, 0xfd, 0xa6, 0x1, 0xff, 0xd2, 0x1c,
    0x30, 0xf, 0xf8, 0x71, 0x80, 0x3f, 0xfa, 0x7,
    0xe6, 0x1, 0xff, 0xc2, 0x9b, 0x10, 0xf, 0xfe,
    0x6c, 0x60, 0x80, 0x7f, 0xf1, 0x13, 0xa0, 0x40,
    0x3f, 0xf9, 0x2d, 0xae, 0x1, 0xff, 0xc8, 0x7e,
    0xa4, 0x0, 0xff, 0xe2, 0x1c, 0x74, 0x90, 0x7,
    0xff, 0x2d, 0x6f, 0xee, 0x14, 0xc8, 0x40, 0x21,
    0x25, 0x7a, 0xec, 0x71, 0x0, 0xff, 0xe0, 0x0,

    /* U+0048 "H" */
    0x36, 0x6f, 0xf8, 0x80, 0x3f, 0xf8, 0xc8, 0xcd,
    0xff, 0xd, 0x4c, 0xff, 0xc8, 0x1, 0xff, 0xc6,
    0x89, 0x9f, 0xf8, 0x80, 0x3f, 0xff, 0xe0, 0x1f,
    0xff, 0xf0, 0xf, 0xff, 0xf8, 0x7, 0xff, 0xfc,
    0x3, 0xff, 0xfe, 0x1, 0xff, 0xff, 0x0, 0xff,
    0xff, 0x80, 0x7f, 0xff, 0xc0, 0x3f, 0xff, 0xe0,
    0x1f, 0xff, 0xf0, 0xf, 0xff, 0xf8, 0x7, 0xff,
    0xfc, 0x3, 0xff, 0xfe, 0x1, 0xff, 0xff, 0x0,
    0xff, 0xff, 0x80, 0x7f, 0xff, 0xe3, 0xbb, 0xff,
    0x8c, 0x60, 0x1f, 0xfc, 0xc1, 0x1f, 0xfe, 0x38,
    0x7, 0xff, 0xfc, 0x3, 0xff, 0xfe, 0x1, 0xff,
    0xff, 0x0, 0xff, 0xff, 0x80, 0x7f, 0xff, 0xc0,
    0x3f, 0xfc, 0x53, 0xff, 0xff, 0xc6, 0x30, 0xf,
    0xff, 0xf8, 0x7, 0xff, 0xfc, 0x3, 0xff, 0xfe,
    0x1, 0xff, 0xff, 0x0, 0xff, 0xff, 0x80, 0x7f,
    0xff, 0xc0, 0x3f, 0xff, 0xe0, 0x1f, 0xff, 0xf0,
    0xf, 0xff, 0xf8, 0x7, 0xff, 0xfc, 0x3, 0xff,
    0xfe, 0x1, 0xff, 0xff, 0x0, 0xff, 0xff, 0x80,
    0x7f, 0xff, 0xc0, 0x3f, 0xff, 0xe0, 0x1f, 0xff,
    0xf0, 0xf, 0xff, 0xf8, 0x7, 0xff, 0xb4,

    /* U+0049 "I" */
    0x5f, 0xff, 0xfe, 0xe0, 0x7, 0xff, 0xfc, 0x3,
    0xff, 0xfe, 0x1, 0xff, 0xff, 0x0, 0xff, 0xff,
    0x80, 0x7f, 0xfe, 0x84, 0x7f, 0xf8, 0x40, 0x1f,
    0xfc, 0x1, 0x1f, 0xfe, 0x9, 0x2f, 0x77, 0xff,
    0x6, 0x80, 0x3f, 0xe2, 0xee, 0xff, 0xe0, 0xe8,
    0x7, 0xff, 0xfc, 0x3, 0xff, 0xfe, 0x1, 0xff,
    0xff, 0x0, 0xff, 0xff, 0x80, 0x7f, 0xff, 0xc0,
    0x3f, 0xff, 0xe0, 0x1f, 0xff, 0xf0, 0xf, 0xff,
    0xf8, 0x7, 0xff, 0xfc, 0x3, 0xff, 0xfe, 0x1,
    0xff, 0xff, 0x0, 0xff, 0xff, 0x80, 0x7f, 0xff,
    0xc0, 0x3f, 0xff, 0xe0, 0x1f, 0xff, 0xf0, 0xf,
    0xff, 0xf8, 0x7, 0xff, 0xfc, 0x3, 0xff, 0xfe,
    0x1, 0xff, 0xff, 0x0, 0xff, 0xff, 0x80, 0x7f,
    0xff, 0xc0, 0x3f, 0xff, 0xe0, 0x1f, 0xff, 0xf0,
    0xf, 0xff, 0xf8, 0x7, 0xff, 0xfc, 0x3, 0xff,
    0xd0, 0xbd, 0xdf, 0xfc, 0x1a, 0x0, 0xff, 0x8b,
    0xbb, 0xff, 0x83, 0xa0, 0x23, 0xff, 0xc2, 0x0,
    0xff, 0xe0, 0x8, 0xff, 0xf0, 0x48, 0x3, 0xff,
    0xfe, 0x1, 0xff, 0xff, 0x0, 0xff, 0xff, 0x80,
    0x7f, 0xff, 0xc0, 0x3f, 0xff, 0x20,

    /* U+004A "J" */
    0x0, 0xff, 0xeb, 0xc4, 0x7f, 0xce, 0x1, 0xff,
    0xd7, 0x77, 0xff, 0xa0, 0x3, 0xff, 0xfe, 0x1,
    0xff, 0xff, 0x0, 0xff, 0xff, 0x80, 0x7f, 0xff,
    0xc0, 0x3f, 0xff, 0xe0, 0x1f, 0xff, 0xf0, 0xf,
    0xff, 0xf8, 0x7, 0xff, 0xfc, 0x3, 0xff, 0xfe,
    0x1, 0xff, 0xff, 0x0, 0xff, 0xff, 0x80, 0x7f,
    0xff, 0xc0, 0x3f, 0xff, 0xe0, 0x1f, 0xff, 0xf0,
    0xf, 0xff, 0xf8, 0x7, 0xff, 0xfc, 0x3, 0xff,
    0xfe, 0x1, 0xff, 0xff, 0x0, 0xff, 0xff, 0x80,
    0x7f, 0xff, 0xc0, 0x3f, 0xff, 0xe0, 0x1f, 0xff,
    0xf0, 0xf, 0xff, 0xf8, 0x7, 0xff, 0xfc, 0x3,
    0xff, 0xfe, 0x1, 0xff, 0xff, 0x0, 0xff, 0xff,
    0x80, 0x7f, 0xff, 0xc0, 0x3f, 0xff, 0xe0, 0x1f,
    0xff, 0xf0, 0xf, 0xf, 0xff, 0xfd, 0xc0, 0x1f,
    0xfc, 0x91, 0x0, 0xff, 0xe6, 0x8, 0x7, 0xff,
    0x24, 0xc0, 0x3f, 0xe1, 0x10, 0x7, 0xff, 0x0,
    0x40, 0x3f, 0xf9, 0x2, 0x1, 0xff, 0x18, 0x8,
    0x7, 0xfc, 0xa0, 0x1f, 0xfc, 0x85, 0x0, 0xff,
    0x84, 0x8, 0x3, 0xfe, 0xc0, 0xf, 0xfe, 0x46,
    0x0, 0x7f, 0xcc, 0xa, 0x1, 0xff, 0x30, 0x7,
    0xff, 0x1c, 0x54, 0x3, 0xfe, 0xd0, 0xc0, 0xf,
    0xf8, 0x58, 0x3, 0xff, 0x8d, 0x20, 0x1f, 0xfc,
    0x4, 0x4, 0x0, 0xff, 0xe0, 0x49, 0x0, 0x7f,
    0xf1, 0xd, 0xc0, 0x3f, 0xf8, 0x6, 0x2, 0x60,
    0x1f, 0xfc, 0xf, 0x10, 0xf, 0xfe, 0x11, 0x68,
    0x7, 0xff, 0x1, 0x40, 0x2a, 0x0, 0xff, 0xe0,
    0x17, 0x98, 0x7, 0xff, 0x1, 0x74, 0x40, 0x3f,
    0xf8, 0x1c, 0x1, 0x30, 0x80, 0x7f, 0xf0, 0x7,
    0x2c, 0xc0, 0x3f, 0x26, 0x50, 0x7, 0xff, 0x4,
    0x90, 0x3, 0x40, 0x7, 0xff, 0x9, 0x33, 0xee,
    0xa2, 0x15, 0x9f, 0x66, 0x1, 0xff, 0xc2, 0x80,
    0xe, 0x62, 0x0, 0xff, 0xe2, 0x22, 0xbb, 0x94,
    0xc0, 0x3f, 0xf8, 0x86, 0xa0, 0x1e, 0xf0, 0xf,
    0xfe, 0xd7, 0x0, 0x7c, 0x52, 0x1, 0xff, 0xd8,
    0xb2, 0x0, 0xfc, 0xd0, 0x1, 0xff, 0xd6, 0x94,
    0x0, 0xff, 0x3c, 0x0, 0x7f, 0xf5, 0x25, 0x80,
    0x3f, 0xf8, 0xf, 0x62, 0x1, 0xff, 0xd0, 0x1c,
    0x60, 0xf, 0xfe, 0x12, 0x7a, 0x80, 0x7f, 0xf3,
    0x97, 0xcc, 0x3, 0xff, 0x88, 0x35, 0x88, 0x1,
    0xff, 0xca, 0x4c, 0xa1, 0x0, 0xff, 0xe3, 0x9d,
    0xeb, 0x90, 0x7, 0xff, 0x10, 0x9f, 0x6c, 0xc0,
    0x3f, 0xf9, 0x65, 0x1b, 0xaa, 0x74, 0x21, 0x0,
    0xc2, 0x68, 0xf5, 0xdb, 0x4, 0x1, 0xff, 0xc0,

    /* U+004B "K" */
    0x46, 0x6f, 0xf8, 0x40, 0x3f, 0xf9, 0x2, 0xcd,
    0xff, 0xc0, 0x40, 0xf9, 0x9f, 0xf9, 0x40, 0x3f,
    0xf9, 0x13, 0x3f, 0xfc, 0x13, 0x0, 0xff, 0xeb,
    0x30, 0x7, 0xfc, 0x2e, 0x1, 0xff, 0xd5, 0x71,
    0x0, 0xff, 0x98, 0x3, 0xff, 0xad, 0x20, 0x1f,
    0xfc, 0x9, 0x0, 0xff, 0xea, 0xa8, 0x80, 0x7f,
    0xcc, 0x20, 0x1f, 0xfd, 0x58, 0x0, 0xff, 0xe0,
    0x40, 0x7, 0xff, 0x55, 0x8, 0x3, 0xfe, 0x51,
    0x0, 0xff, 0xea, 0xc0, 0x7, 0xff, 0x2, 0x0,
    0x3f, 0xfa, 0xa6, 0x60, 0xf, 0xf9, 0x8, 0x3,
    0xff, 0xab, 0x20, 0x1f, 0xfc, 0x8, 0x0, 0xff,
    0xea, 0x92, 0x80, 0x7f, 0xc6, 0x60, 0xf, 0xfe,
    0xad, 0x80, 0x7f, 0xf0, 0x20, 0x3, 0xff, 0xaa,
    0x2c, 0x1, 0xff, 0x12, 0x0, 0x7f, 0xf5, 0x64,
    0x3, 0xff, 0x81, 0x0, 0x1f, 0xfd, 0x67, 0x0,
    0xff, 0x85, 0x40, 0x3f, 0xfa, 0xae, 0x1, 0xff,
    0xc0, 0x80, 0xf, 0xfe, 0xb4, 0x80, 0x7f, 0xc2,
    0xc0, 0x1f, 0xfd, 0x56, 0x10, 0xf, 0xfa, 0x40,
    0x3f, 0xfa, 0xd6, 0x1, 0xff, 0xc0, 0x60, 0xf,
    0xfe, 0xaa, 0x10, 0x7, 0xfc, 0xc2, 0x1, 0xff,
    0xd5, 0x80, 0xf, 0xfe, 0x4, 0x0, 0x7f, 0xf5,
    0x4c, 0xc0, 0x1f, 0xf2, 0x88, 0x7, 0xff, 0x56,
    0x0, 0x3f, 0xf8, 0x10, 0x1, 0xff, 0xd5, 0x24,
    0x0, 0xff, 0x90, 0x80, 0x3f, 0xfa, 0xb6, 0x1,
    0xff, 0xc0, 0x80, 0xf, 0xfe, 0xa8, 0xb0, 0x7,
    0xfc, 0x66, 0x0, 0xff, 0xea, 0xc8, 0x7, 0xff,
    0x2, 0x0, 0x3f, 0xfa, 0xce, 0x1, 0xff, 0x12,
    0x0, 0x7f, 0xf3, 0x7a, 0x23, 0xea, 0x0, 0xff,
    0xe0, 0x40, 0x7, 0xff, 0x39, 0x5d, 0xfe, 0x50,
    0xf, 0xf8, 0x94, 0x3, 0xff, 0xc5, 0x60, 0x1f,
    0xfe, 0x21, 0x60, 0xf, 0xff, 0x14, 0x80, 0x7f,
    0xf8, 0xd0, 0x3, 0xff, 0xc7, 0x20, 0x1f, 0xfe,
    0x35, 0x10, 0xf, 0xff, 0x1c, 0x80, 0x7f, 0xf8,
    0xdc, 0x3, 0xff, 0xc8, 0xe0, 0x1f, 0xfc, 0xeb,
    0xff, 0xfa, 0x80, 0x3f, 0xf8, 0x12, 0x1, 0xff,
    0xd6, 0x52, 0x0, 0xff, 0x85, 0x40, 0x3f, 0xfa,
    0xd6, 0x1, 0xff, 0xc0, 0x90, 0xf, 0xfe, 0xb3,
    0x0, 0x7f, 0xf0, 0xc, 0xc0, 0x1f, 0xfd, 0x67,
    0x0, 0xff, 0xe0, 0x40, 0x7, 0xff, 0x5a, 0x40,
    0x3f, 0xf8, 0x8, 0x40, 0x1f, 0xfd, 0x51, 0x50,
    0xf, 0xfe, 0x5, 0x80, 0x7f, 0xf5, 0xa4, 0x3,
    0xff, 0x80, 0xc2, 0x1, 0xff, 0xd5, 0x33, 0x0,
    0x7f, 0xf0, 0x18, 0x3, 0xff, 0xad, 0x20, 0x1f,
    0xfc, 0x9, 0x0, 0xff, 0xeb, 0x29, 0x0, 0x7f,
    0xc2, 0xc0, 0x1f, 0xfd, 0x6b, 0x0, 0xff, 0xe0,
    0x58, 0x7, 0xff, 0x59, 0x84, 0x3, 0xfe, 0x24,
    0x0, 0xff, 0xeb, 0x30, 0x7, 0xff, 0x3, 0xc0,
    0x3f, 0xfa, 0xd2, 0x1, 0xff, 0xc0, 0x43, 0x0,
    0xff, 0xea, 0x8a, 0x80, 0x7f, 0xf0, 0x24, 0x3,
    0xff, 0xad, 0x20, 0x1f, 0xfc, 0x5, 0x10, 0xf,
    0xfe, 0xa9, 0xa0, 0x7, 0xff, 0x2, 0x40, 0x3f,
    0xfa, 0xde, 0x1, 0xff, 0xc0, 0x70, 0xf, 0xfe,
    0xb2, 0x10, 0x7, 0xff, 0x1, 0xc0, 0x3f, 0xfa,
    0xd6, 0x1, 0xff, 0xc0, 0x90, 0xf, 0xfe, 0xb3,
    0x8, 0x7, 0xfc, 0x2a, 0x1, 0xff, 0xd6, 0x60,
    0xf, 0xfe, 0x4, 0x80, 0x7f, 0xf5, 0xa4, 0x3,
    0xff, 0x80, 0x66, 0x0, 0xff, 0xea, 0x8b, 0x0,
    0x7f, 0xf0, 0x20, 0x3, 0xff, 0xad, 0x60, 0x1f,
    0xfc, 0x4, 0x20, 0xf, 0xfe, 0xa9, 0x20, 0x7,
    0xff, 0x2, 0xc0, 0x3f, 0xfa, 0xde, 0x1, 0xff,
    0xc0, 0x61, 0x0, 0xff, 0xea, 0xa1, 0x0, 0x7f,
    0xf0, 0x18, 0x3, 0xff, 0xad, 0x60, 0x1f, 0xfc,
    0x9, 0x0, 0xff, 0xeb, 0x30, 0x80, 0x7f, 0xc2,
    0xc0,

    /* U+004C "L" */
    0x38, 0x8f, 0xf9, 0x0, 0x3f, 0xfa, 0x4a, 0xef,
    0xff, 0x68, 0x7, 0xff, 0xfc, 0x3, 0xff, 0xfe,
    0x1, 0xff, 0xff, 0x0, 0xff, 0xff, 0x80, 0x7f,
    0xff, 0xc0, 0x3f, 0xff, 0xe0, 0x1f, 0xff, 0xf0,
    0xf, 0xff, 0xf8, 0x7, 0xff, 0xfc, 0x3, 0xff,
    0xfe, 0x1, 0xff, 0xff, 0x0, 0xff, 0xff, 0x80,
    0x7f, 0xff, 0xc0, 0x3f, 0xff, 0xe0, 0x1f, 0xff,
    0xf0, 0xf, 0xff, 0xf8, 0x7, 0xff, 0xfc, 0x3,
    0xff, 0xfe, 0x1, 0xff, 0xff, 0x0, 0xff, 0xff,
    0x80, 0x7f, 0xff, 0xc0, 0x3f, 0xff, 0xe0, 0x1f,
    0xff, 0xf0, 0xf, 0xff, 0xf8, 0x7, 0xff, 0xfc,
    0x3, 0xff, 0xfe, 0x1, 0xff, 0xff, 0x0, 0xff,
    0xff, 0x80, 0x7f, 0xff, 0xc0, 0x3f, 0xff, 0xe0,
    0x1f, 0xff, 0xf0, 0xf, 0xff, 0xf8, 0x7, 0xff,
    0xfc, 0x3, 0xff, 0xe2, 0xdd, 0xdf, 0xfd, 0x15,
    0x0, 0xff, 0xe0, 0x88, 0xff, 0xf4, 0x4c, 0x3,
    0xff, 0xfe, 0x1, 0xff, 0xff, 0x0, 0xff, 0xff,
    0x80, 0x7f, 0xff, 0xc0, 0x3f, 0xff, 0xe0, 0x1f,
    0xfc, 0x0,

    /* U+004D "M" */
    0x56, 0x6f, 0xfe, 0x12, 0x80, 0x7f, 0xf0, 0xc9,
    0x9b, 0xff, 0x86, 0x51, 0x33, 0xff, 0xc2, 0xa1,
    0x0, 0xff, 0xe1, 0x5c, 0xcf, 0xff, 0xd, 0x0,
    0x3f, 0xf8, 0x88, 0x1, 0xff, 0xc2, 0x40, 0xf,
    0xfe, 0xa6, 0x0, 0x7f, 0xf0, 0x44, 0x80, 0x3f,
    0xfa, 0x88, 0x1, 0xff, 0xc1, 0x40, 0xf, 0xfe,
    0xa9, 0x8, 0x7, 0xff, 0x3, 0x0, 0x3e, 0x10,
    0xf, 0xfe, 0x30, 0x80, 0x7c, 0x80, 0x1f, 0xfc,
    0x7, 0x0, 0xf8, 0x80, 0x3f, 0xf8, 0xc4, 0x1,
    0xf6, 0x0, 0x7f, 0xc4, 0x20, 0x1e, 0x42, 0x0,
    0xff, 0xe3, 0x28, 0x7, 0xce, 0x1, 0xff, 0x20,
    0x7, 0xda, 0x20, 0x1f, 0xfc, 0x61, 0x10, 0x7,
    0x84, 0x80, 0x3f, 0xd8, 0x1, 0xf2, 0x80, 0x7f,
    0xf1, 0xc9, 0x0, 0x3e, 0x40, 0xf, 0xf2, 0x0,
    0x78, 0x84, 0x3, 0xff, 0x8e, 0xde, 0x1, 0xf6,
    0x0, 0x7f, 0x18, 0x80, 0x79, 0x18, 0x3, 0xff,
    0x8e, 0x28, 0x1, 0xf2, 0x0, 0x7f, 0x20, 0x7,
    0xda, 0x20, 0x1f, 0xfc, 0x72, 0x13, 0x0, 0xf0,
    0x90, 0x7, 0xec, 0x0, 0xf9, 0x8, 0x3, 0xff,
    0x92, 0x80, 0x1f, 0x28, 0x7, 0xe4, 0x0, 0xf2,
    0x7, 0x80, 0x7f, 0xf2, 0xb, 0x0, 0x3e, 0xc0,
    0xf, 0x8c, 0x3, 0xec, 0x1, 0x0, 0xff, 0xe4,
    0xa, 0x0, 0x7c, 0x80, 0x1f, 0x58, 0x7, 0xc8,
    0x4, 0x1, 0xff, 0xc8, 0x60, 0x40, 0xf, 0x8c,
    0x3, 0xc8, 0x1, 0xe1, 0x30, 0x70, 0xf, 0xfe,
    0x41, 0x86, 0x80, 0x7c, 0x80, 0x1e, 0x30, 0xf,
    0x20, 0x0, 0x40, 0x3f, 0xf9, 0x2, 0x8, 0x1,
    0xf6, 0x0, 0x72, 0x0, 0x7d, 0xe0, 0x3, 0x0,
    0xff, 0xe4, 0x70, 0x10, 0x80, 0x79, 0x0, 0x3b,
    0x40, 0x3e, 0x40, 0x0, 0x80, 0x7f, 0xf2, 0xc,
    0x0, 0xe0, 0x1f, 0x20, 0x6, 0x40, 0xf, 0x18,
    0x80, 0x7f, 0xf2, 0xc4, 0x1, 0x80, 0x1f, 0x60,
    0x4, 0x24, 0x1, 0xe4, 0x0, 0x8, 0x7, 0xff,
    0x25, 0xc0, 0x8, 0x1, 0xf2, 0x0, 0x48, 0x1,
    0xf5, 0x80, 0xc, 0x3, 0xff, 0x92, 0x20, 0x1,
    0x30, 0xf, 0x18, 0x5, 0x80, 0x1f, 0x18, 0x0,
    0x40, 0x3f, 0xf9, 0x24, 0x1, 0x20, 0x7, 0xc8,
    0x0, 0x70, 0xf, 0x28, 0x4, 0xe0, 0x1f, 0xfc,
    0xdb, 0x0, 0xfb, 0x0, 0x84, 0x3, 0xd8, 0x1,
    0x8, 0x7, 0xff, 0x34, 0xc4, 0x3, 0xca, 0x8,
    0x1, 0xf3, 0x80, 0x46, 0x1, 0xff, 0xca, 0x10,
    0x9, 0x0, 0x3c, 0x43, 0x80, 0x1e, 0x21, 0x0,
    0x84, 0x3, 0xff, 0x94, 0x60, 0x16, 0x0, 0x7c,
    0x88, 0x0, 0xf2, 0x80, 0x6f, 0x0, 0xff, 0xe5,
    0x8, 0x4, 0x80, 0x1f, 0x48, 0x80, 0x7b, 0x0,
    0x3f, 0xfa, 0x64, 0x40, 0xf, 0x18, 0x7, 0xc8,
    0x1, 0x84, 0x3, 0xff, 0x94, 0xe0, 0x19, 0x0,
    0x3f, 0xf8, 0x28, 0x1, 0xc6, 0x1, 0xff, 0xcf,
    0xd0, 0xf, 0xfe, 0xe, 0x0, 0x7f, 0xf4, 0x4,
    0x3, 0x20, 0x7, 0xff, 0x5, 0x40, 0x38, 0x40,
    0x3f, 0xfa, 0x6, 0x1, 0xff, 0x9, 0x0, 0x7f,
    0xf4, 0xc, 0x3, 0xac, 0x3, 0xfe, 0x70, 0xf,
    0x38, 0x7, 0xff, 0x41, 0x0, 0x3f, 0xec, 0x0,
    0xff, 0xeb, 0x98, 0x80, 0x7f, 0x94, 0x3, 0xff,
    0xb0, 0x80, 0x1f, 0xc6, 0x1, 0xff, 0xd9, 0x98,
    0x8f, 0xef, 0x0, 0xff, 0xec, 0x9b, 0xbf, 0xf1,
    0x80, 0x7f, 0xfa, 0xc4, 0x3, 0xff, 0xfe, 0x1,
    0xff, 0xff, 0x0, 0xff, 0xff, 0x80, 0x7f, 0xff,
    0xc0, 0x3f, 0xff, 0xe0, 0x1f, 0xff, 0xf0, 0xf,
    0xff, 0xf8, 0x7, 0xff, 0xfc, 0x3, 0xff, 0xfe,
    0x1, 0xff, 0xff, 0x0, 0xff, 0xff, 0x80, 0x7f,
    0xff, 0xc0, 0x3f, 0xff, 0xe0, 0x1f, 0xff, 0xf0,
    0xf, 0xff, 0xf8, 0x7, 0xff, 0xfc, 0x3, 0xff,
    0xfe, 0x1, 0xff, 0xff, 0x0, 0xe0,

    /* U+004E "N" */
    0x6, 0x6f, 0xfe, 0x12, 0x0, 0x7f, 0xf1, 0x45,
    0x9b, 0xfc, 0x83, 0x33, 0xff, 0xc2, 0xa0, 0xf,
    0xfe, 0x2a, 0xcc, 0xff, 0xbc, 0x3, 0xff, 0x86,
    0x26, 0x1, 0xff, 0xe0, 0xa0, 0xf, 0xff, 0x3,
    0x80, 0x7f, 0xf8, 0x5, 0x0, 0x3f, 0xfc, 0x1a,
    0x1, 0xff, 0xe0, 0x70, 0xf, 0xff, 0x0, 0xa0,
    0x7, 0xff, 0x83, 0x80, 0x3f, 0xfc, 0xa, 0x1,
    0xff, 0xe1, 0x50, 0xf, 0xff, 0x7, 0x80, 0x7f,
    0xf8, 0x14, 0x3, 0xff, 0xae, 0x20, 0x1f, 0xca,
    0x1, 0xff, 0xd6, 0x22, 0x0, 0x7e, 0xe0, 0xf,
    0xfe, 0xb0, 0xd0, 0x7, 0xe4, 0x10, 0xf, 0xfe,
    0xa9, 0xa8, 0x7, 0xf3, 0x80, 0x7f, 0xf5, 0x44,
    0x8c, 0x3, 0xf6, 0x80, 0x7f, 0xf5, 0x86, 0xc0,
    0x3f, 0x20, 0x80, 0x7f, 0xf5, 0x4d, 0x40, 0x3f,
    0x9c, 0x3, 0xff, 0xaa, 0x24, 0x60, 0x1f, 0xa8,
    0x3, 0xff, 0xaa, 0xe1, 0x60, 0x1f, 0x8c, 0x40,
    0x3f, 0xfa, 0x82, 0xc, 0x1, 0xfc, 0xc0, 0x1f,
    0xfd, 0x43, 0x1, 0x30, 0xf, 0xd6, 0x1, 0xff,
    0xd4, 0x10, 0x5, 0x0, 0x7e, 0x32, 0x0, 0xff,
    0xe9, 0xf8, 0x1, 0xc0, 0x3f, 0x94, 0x3, 0xff,
    0xa6, 0x20, 0x1, 0x30, 0xf, 0xd6, 0x1, 0xff,
    0xd3, 0x30, 0xa, 0x80, 0x3f, 0x19, 0x0, 0x7f,
    0xf5, 0x9c, 0x3, 0xf9, 0x40, 0x3f, 0xfa, 0x42,
    0x1, 0xa, 0x0, 0x7e, 0xa0, 0xf, 0xfe, 0x93,
    0x80, 0x6d, 0x0, 0xfc, 0x44, 0x0, 0xff, 0xeb,
    0x38, 0x7, 0xf5, 0x0, 0x7f, 0xf4, 0x44, 0x3,
    0xa, 0x0, 0x7e, 0x50, 0xf, 0xfe, 0xbe, 0x80,
    0x7e, 0x23, 0x0, 0xe7, 0x0, 0xff, 0xe8, 0x38,
    0x7, 0xf5, 0x80, 0x7f, 0xf5, 0x85, 0x0, 0x3f,
    0x30, 0x7, 0xff, 0x5f, 0x80, 0x3f, 0x9, 0x80,
    0x7f, 0xf5, 0x94, 0x3, 0xfa, 0x80, 0x30, 0x80,
    0x7f, 0xf4, 0x94, 0x3, 0xf3, 0x80, 0x63, 0x0,
    0xff, 0xe9, 0x78, 0x7, 0xe1, 0x40, 0xf, 0xfe,
    0xb2, 0x80, 0x7f, 0x68, 0x4, 0x20, 0x1f, 0xfd,
    0x35, 0x0, 0xfc, 0xe0, 0x1f, 0xfd, 0x7f, 0x0,
    0xfc, 0x28, 0x1, 0x8, 0x7, 0xff, 0x49, 0x40,
    0x3f, 0xb8, 0x2, 0x30, 0xf, 0xfe, 0x9a, 0x80,
    0x7e, 0x50, 0x8, 0x40, 0x3f, 0xfa, 0x7c, 0x1,
    0xfc, 0xa0, 0x7, 0x0, 0xff, 0xe9, 0xa0, 0x7,
    0xf7, 0x80, 0x4, 0x3, 0xff, 0xa8, 0xa0, 0x1f,
    0x94, 0x0, 0x60, 0x1f, 0xfd, 0x4e, 0x0, 0xfe,
    0x50, 0x10, 0xf, 0xfe, 0xa2, 0x8, 0x7, 0xee,
    0xf, 0x0, 0xff, 0xea, 0xb8, 0x7, 0xe4, 0x11,
    0x0, 0x7f, 0xf5, 0x74, 0x3, 0xf9, 0xcc, 0x3,
    0xff, 0xaa, 0x82, 0x1, 0xfb, 0x44, 0x3, 0xff,
    0xac, 0xe0, 0x1f, 0x90, 0x3, 0xff, 0xaf, 0xa0,
    0x1f, 0xc6, 0x1, 0xff, 0xd6, 0x41, 0x0, 0xfd,
    0x60, 0x1f, 0xfd, 0x77, 0x0, 0xfc, 0x60, 0x1f,
    0xfd, 0x7a, 0x0, 0xff, 0xf0, 0x18, 0x80, 0x7f,
    0xf8, 0x1c, 0x3, 0xff, 0xc1, 0x40, 0x1f, 0xfe,
    0x3, 0x10, 0xf, 0xff, 0x3, 0x0, 0x7f, 0xf8,
    0x2c, 0x3, 0xff, 0xc0, 0x64, 0x1, 0xff, 0xe0,
    0x50, 0xf, 0xff, 0x5, 0x80, 0x7f, 0xf8, 0xc,
    0x80, 0x3f, 0xfc, 0xa, 0x1, 0xff, 0xe0, 0xa0,
    0xf, 0xfe, 0x18,

    /* U+004F "O" */
    0x0, 0xff, 0xe2, 0x8a, 0x34, 0x42, 0x65, 0xe,
    0xa6, 0x1, 0xff, 0xd2, 0x15, 0xae, 0xe5, 0xcb,
    0xb9, 0x98, 0xf1, 0x59, 0xfb, 0x6, 0x1, 0xff,
    0xcc, 0x29, 0xea, 0x51, 0x0, 0xff, 0xe0, 0x13,
    0xe6, 0xb0, 0x7, 0xff, 0x20, 0x67, 0x58, 0x3,
    0xff, 0x8e, 0x53, 0xca, 0x1, 0xff, 0xc5, 0x4f,
    0x60, 0xf, 0xfe, 0x58, 0xd5, 0x4, 0x3, 0xff,
    0x84, 0xd6, 0x20, 0x1f, 0xfc, 0xe5, 0xc1, 0x0,
    0xff, 0xe0, 0x3c, 0x80, 0x7f, 0xf4, 0x4b, 0xc8,
    0x3, 0xfc, 0xb0, 0x1, 0xff, 0xd3, 0x1f, 0x10,
    0xf, 0xc5, 0x40, 0x1f, 0xfd, 0x52, 0xa0, 0xf,
    0xdc, 0x1, 0xff, 0xd7, 0x46, 0x0, 0xf3, 0x18,
    0x7, 0xff, 0x62, 0x4, 0x3, 0xa0, 0x3, 0xff,
    0x84, 0x93, 0x9d, 0xfe, 0xdb, 0x72, 0x0, 0xff,
    0xe0, 0x8c, 0x80, 0x65, 0x10, 0xf, 0xfe, 0x2,
    0x6d, 0xb1, 0x88, 0x0, 0x92, 0x36, 0x80, 0x3f,
    0xf8, 0x2c, 0x1, 0xb8, 0x3, 0xff, 0x80, 0xd6,
    0x40, 0x1f, 0xe5, 0xd1, 0x0, 0xff, 0x85, 0x40,
    0x2, 0x80, 0x1f, 0xf1, 0xc8, 0x7, 0xff, 0x4,
    0xb4, 0x3, 0xff, 0x81, 0xe0, 0x4, 0x0, 0xff,
    0xe0, 0x70, 0x7, 0xff, 0xc, 0xd8, 0x3, 0xfe,
    0x40, 0x6, 0x80, 0x7f, 0xc8, 0x40, 0x1f, 0xfc,
    0x4b, 0x0, 0xff, 0x84, 0x80, 0xc0, 0x3f, 0xed,
    0x0, 0xff, 0xe2, 0x91, 0x80, 0x7f, 0xce, 0xc,
    0x1, 0xff, 0x20, 0x7, 0xff, 0x19, 0x40, 0x3f,
    0xe2, 0x2, 0x0, 0xff, 0x88, 0x3, 0xff, 0x8d,
    0xe0, 0x1f, 0xf7, 0x0, 0x7f, 0xf5, 0xc, 0x3,
    0xff, 0x80, 0x20, 0x1f, 0xf0, 0x80, 0x7f, 0xf4,
    0xcc, 0x3, 0xff, 0xfe, 0x1, 0xff, 0xc2, 0x10,
    0xf, 0xff, 0xf8, 0x7, 0xff, 0xfc, 0x3, 0xff,
    0xfe, 0x1, 0xff, 0xff, 0x0, 0xff, 0xff, 0x80,
    0x7f, 0xff, 0xc0, 0x3f, 0xff, 0xe0, 0x1f, 0xff,
    0xf0, 0xf, 0xff, 0xf8, 0x7, 0xff, 0xfc, 0x3,
    0xff, 0xfe, 0x1, 0xff, 0xff, 0x0, 0xff, 0xff,
    0x80, 0x7f, 0xff, 0xc0, 0x3f, 0xff, 0xe0, 0x1f,
    0xff, 0xf0, 0xf, 0xff, 0x78, 0x88, 0x3, 0xff,
    0xd8, 0x20, 0x1f, 0xfc, 0x73, 0x0, 0xff, 0x8c,
    0x4, 0x3, 0xfe, 0x10, 0xf, 0xfe, 0x30, 0x80,
    0x7f, 0xdc, 0x4, 0x1, 0xff, 0x28, 0x7, 0xff,
    0x1b, 0x0, 0x3f, 0xe2, 0x5, 0x0, 0xff, 0xb0,
    0x3, 0xff, 0x8c, 0x80, 0x1f, 0xf3, 0x7, 0x80,
    0x7f, 0xcc, 0x1, 0xff, 0xc5, 0x60, 0xf, 0xfe,
    0x1, 0x82, 0x0, 0x7f, 0xc3, 0x0, 0x1f, 0xfc,
    0x4b, 0x0, 0xff, 0x8c, 0x0, 0x44, 0x0, 0xff,
    0x9d, 0x0, 0x3f, 0xf8, 0x54, 0x40, 0x1f, 0xf5,
    0x80, 0x4a, 0x1, 0xff, 0xc0, 0xb5, 0x0, 0xff,
    0xe0, 0x52, 0x80, 0x7f, 0xf0, 0x18, 0x2, 0x90,
    0xf, 0xfe, 0xd, 0x62, 0x0, 0x7c, 0x2f, 0xca,
    0x1, 0xff, 0xc0, 0x51, 0x0, 0x85, 0x80, 0x3f,
    0xf8, 0x27, 0x7f, 0x97, 0x54, 0xbd, 0xe8, 0x10,
    0xf, 0xfe, 0xc, 0x80, 0x74, 0x0, 0x7f, 0xf1,
    0xd, 0x15, 0x48, 0x40, 0x1f, 0xfc, 0x35, 0x30,
    0xe, 0x19, 0x0, 0xff, 0xeb, 0x8d, 0x80, 0x7c,
    0xca, 0x1, 0xff, 0xd6, 0xa1, 0x0, 0xfd, 0x46,
    0x1, 0xff, 0xd4, 0x94, 0x0, 0xff, 0x69, 0x80,
    0x7f, 0xf4, 0xa5, 0x80, 0x3f, 0xe1, 0xc5, 0x0,
    0xff, 0xe8, 0x53, 0x0, 0x7f, 0xf0, 0xaa, 0x82,
    0x1, 0xff, 0xcc, 0x3d, 0x50, 0xf, 0xfe, 0x22,
    0xfb, 0x80, 0x7f, 0xf2, 0x4a, 0xb0, 0x80, 0x3f,
    0xf8, 0xc3, 0x1f, 0x26, 0x1, 0xff, 0xc3, 0x15,
    0xbd, 0x50, 0xf, 0xfe, 0x5b, 0x67, 0x53, 0xa1,
    0x8, 0x6, 0x13, 0x58, 0xce, 0xa4, 0x0, 0xff,
    0xe0, 0x0,

    /* U+0050 "P" */
    0x59, 0x9f, 0xfe, 0x64, 0x3a, 0x98, 0x7, 0xff,
    0x1b, 0x19, 0xbf, 0xf9, 0x8f, 0x15, 0x9f, 0xb2,
    0x80, 0x1f, 0xfe, 0x2, 0x6b, 0xe8, 0x10, 0xf,
    0xff, 0x0, 0xbf, 0x40, 0x7, 0xff, 0x89, 0xf9,
    0x40, 0x3f, 0xfc, 0x23, 0x50, 0x1, 0xff, 0xe2,
    0x7a, 0x0, 0xff, 0xf1, 0x2d, 0x0, 0x7f, 0xf8,
    0x96, 0x0, 0x3f, 0xfc, 0x4e, 0x60, 0x1f, 0xfe,
    0x2e, 0x0, 0xff, 0xe1, 0xcf, 0xff, 0xfd, 0xdb,
    0x6c, 0x20, 0x1f, 0xfc, 0x22, 0x70, 0xf, 0xfe,
    0x70, 0x92, 0x4f, 0x48, 0x80, 0x7f, 0xf0, 0x64,
    0x3, 0xff, 0xa6, 0xd8, 0x40, 0x1f, 0xfc, 0x1,
    0x60, 0xf, 0xfe, 0x99, 0x61, 0x0, 0x7f, 0xf0,
    0x34, 0x3, 0xff, 0xa8, 0x3e, 0x1, 0xff, 0xc0,
    0x41, 0x0, 0xff, 0xea, 0x13, 0x0, 0x7f, 0xf0,
    0x10, 0x3, 0xff, 0xab, 0x0, 0x1f, 0xfc, 0x2,
    0x0, 0xff, 0xea, 0x89, 0x80, 0x7f, 0xda, 0x1,
    0xff, 0xd6, 0x40, 0xf, 0xf9, 0x80, 0x3f, 0xfa,
    0xda, 0x1, 0xff, 0x8, 0x7, 0xff, 0x58, 0x40,
    0x3f, 0xe3, 0x0, 0xff, 0xff, 0x80, 0x78, 0x40,
    0x3f, 0xfc, 0x46, 0x1, 0xff, 0x18, 0x7, 0xff,
    0x5b, 0x0, 0x3f, 0xe6, 0x0, 0xff, 0xeb, 0x20,
    0x7, 0xfc, 0x40, 0x1f, 0xfd, 0x56, 0x10, 0xf,
    0xfb, 0xc0, 0x3f, 0xfa, 0xb6, 0x1, 0xff, 0xc0,
    0x40, 0xf, 0xfe, 0xa4, 0x90, 0x7, 0xfc, 0x44,
    0x0, 0xff, 0xe9, 0xbb, 0x0, 0x7f, 0xf0, 0x14,
    0x3, 0xff, 0xa4, 0x35, 0x0, 0x1f, 0xfc, 0x1a,
    0x0, 0xff, 0xe8, 0x14, 0x72, 0x80, 0x7f, 0xf0,
    0x54, 0x80, 0x3f, 0xf8, 0x35, 0x33, 0xff, 0x56,
    0x76, 0xb8, 0x7, 0xff, 0xe, 0x0, 0x3f, 0xf8,
    0x46, 0xcd, 0xff, 0x29, 0x88, 0x7, 0xff, 0x11,
    0xc8, 0x3, 0xff, 0xc0, 0x70, 0x1, 0xff, 0xe0,
    0x1d, 0x0, 0xff, 0xf0, 0xe, 0x8, 0x7, 0xff,
    0x7c, 0xb0, 0x80, 0x3f, 0xfb, 0xe9, 0x84, 0x1,
    0xff, 0xde, 0x1a, 0xb1, 0x0, 0xff, 0xee, 0x8c,
    0x72, 0x80, 0x7f, 0xf7, 0x52, 0xb9, 0xc0, 0x3f,
    0xfb, 0x2, 0x46, 0xd1, 0x7f, 0x6a, 0x1, 0xff,
    0xcd, 0x9f, 0xff, 0xfe, 0x7, 0x6e, 0x4b, 0xa0,
    0x7, 0xff, 0xfc, 0x3, 0xff, 0xfe, 0x1, 0xff,
    0xff, 0x0, 0xff, 0xff, 0x80, 0x7f, 0xff, 0xc0,
    0x3f, 0xff, 0xe0, 0x1f, 0xff, 0xf0, 0xf, 0xff,
    0xf8, 0x7, 0xff, 0xfc, 0x3, 0xff, 0xfe, 0x1,
    0xff, 0xff, 0x0, 0xff, 0xff, 0x80, 0x7f, 0xff,
    0xc0, 0x3f, 0xff, 0xe0, 0x1f, 0xff, 0xf0, 0xf,
    0xff, 0xf8, 0x7, 0xff, 0x68,

    /* U+0051 "Q" */
    0x0, 0xff, 0xe3, 0x12, 0xb3, 0x1d, 0xcc, 0xa8,
    0x20, 0x1f, 0xfd, 0x54, 0x9d, 0xfd, 0xa9, 0x94,
    0x42, 0x6a, 0xfb, 0xed, 0xc8, 0x3, 0xff, 0x9c,
    0x31, 0xd6, 0xc4, 0x1, 0xff, 0xc0, 0x48, 0xdc,
    0x50, 0xf, 0xfe, 0x50, 0xcf, 0x38, 0x80, 0x7f,
    0xf1, 0x8e, 0xb5, 0x0, 0x3f, 0xf8, 0xeb, 0xec,
    0x1, 0xff, 0xcb, 0x2b, 0xb0, 0x80, 0x7f, 0xf1,
    0x22, 0x84, 0x3, 0xff, 0x9c, 0x98, 0x40, 0x1f,
    0xfc, 0x2a, 0x70, 0xf, 0xfe, 0x89, 0x69, 0x80,
    0x7f, 0xf0, 0x25, 0x40, 0x3f, 0xfa, 0x98, 0x40,
    0x1f, 0xe7, 0x60, 0xf, 0xfe, 0xb6, 0x8, 0x7,
    0xe2, 0x80, 0xf, 0xfe, 0xb8, 0xd8, 0x7, 0xee,
    0x0, 0xff, 0xec, 0xaa, 0x0, 0x79, 0xc, 0x3,
    0xff, 0x84, 0x91, 0x9d, 0xfe, 0xdb, 0x71, 0x0,
    0xff, 0xe1, 0x48, 0x7, 0xa0, 0x3, 0xff, 0x82,
    0x79, 0x6e, 0x62, 0x0, 0x24, 0x8e, 0x90, 0xf,
    0xfe, 0x9, 0x28, 0x6, 0x23, 0x0, 0xff, 0xe0,
    0x36, 0x18, 0x7, 0xf9, 0xb4, 0x80, 0x3f, 0xf8,
    0x1c, 0x1, 0x94, 0x3, 0xff, 0x80, 0x92, 0x1,
    0xff, 0xc1, 0x2f, 0x0, 0xff, 0xe0, 0x20, 0x80,
    0x56, 0x1, 0xff, 0xd, 0x0, 0x7f, 0xf0, 0xca,
    0x40, 0x3f, 0xf8, 0x8, 0x1, 0x18, 0x7, 0xfc,
    0xc2, 0x1, 0xff, 0xc4, 0x61, 0x0, 0xff, 0xb4,
    0x0, 0x40, 0x1f, 0xfc, 0x9, 0x0, 0xff, 0xe3,
    0x30, 0x7, 0xfc, 0x60, 0x6, 0x0, 0xff, 0x88,
    0x40, 0x3f, 0xf8, 0xd8, 0x1, 0xff, 0x28, 0x0,
    0x40, 0x3f, 0xe7, 0x0, 0xff, 0xe3, 0xa8, 0x7,
    0xfc, 0x20, 0x3, 0x0, 0xff, 0x8c, 0x3, 0xff,
    0x8e, 0x20, 0x1f, 0xfc, 0x21, 0x0, 0xff, 0x84,
    0x3, 0xff, 0x90, 0x20, 0x1f, 0xf0, 0x80, 0x7f,
    0xff, 0xc0, 0x3f, 0xff, 0xe0, 0x1f, 0xff, 0xf0,
    0xf, 0xff, 0xf8, 0x7, 0xff, 0xfc, 0x3, 0xff,
    0xfe, 0x1, 0xff, 0xff, 0x0, 0xff, 0xff, 0x80,
    0x7f, 0xff, 0xc0, 0x3f, 0xff, 0xe0, 0x1f, 0xff,
    0xf0, 0xf, 0xff, 0xf8, 0x7, 0xff, 0xfc, 0x3,
    0xff, 0xfe, 0x1, 0xff, 0xff, 0x0, 0xff, 0xff,
    0x80, 0x7f, 0xff, 0xc0, 0x3f, 0xff, 0xe0, 0x1f,
    0xff, 0x11, 0x0, 0xff, 0x84, 0x3, 0xff, 0x90,
    0x20, 0x1f, 0xf0, 0x81, 0x80, 0x7f, 0xc6, 0x1,
    0xff, 0xd6, 0x10, 0xf, 0xf9, 0xc0, 0x3f, 0xf8,
    0xe6, 0x1, 0xff, 0x8, 0x1, 0x80, 0x3f, 0xe2,
    0x10, 0xf, 0xfe, 0x32, 0x0, 0x7f, 0xc4, 0x0,
    0x20, 0xf, 0xfe, 0x3, 0x80, 0x7f, 0xf1, 0xa8,
    0x3, 0xfe, 0x50, 0x8, 0xc0, 0x3f, 0xe8, 0x0,
    0xff, 0xe2, 0xa1, 0x0, 0x7f, 0xde, 0x1, 0x58,
    0x7, 0xfc, 0x32, 0x1, 0xff, 0xc3, 0x1a, 0x0,
    0xff, 0xe0, 0x38, 0x4, 0xa0, 0x1f, 0xfc, 0x6,
    0x70, 0xf, 0xfe, 0x8, 0xe8, 0x80, 0x7f, 0xc6,
    0x20, 0x11, 0x18, 0x7, 0xff, 0x2, 0x28, 0x80,
    0x3f, 0xc9, 0xe6, 0x1, 0xff, 0xc0, 0xa0, 0xe,
    0x80, 0xf, 0xfe, 0xa, 0xed, 0x31, 0x8, 0x0,
    0x52, 0x36, 0xc4, 0x3, 0xff, 0x80, 0x2c, 0x1,
    0xc8, 0x60, 0x1f, 0xfc, 0x25, 0x9d, 0xef, 0xf7,
    0x5b, 0x90, 0x7, 0xff, 0xa, 0x40, 0x3e, 0xe0,
    0xf, 0xfe, 0xc9, 0xb8, 0x7, 0xc5, 0x0, 0x1f,
    0xfd, 0x8e, 0x0, 0xfe, 0x75, 0x0, 0xff, 0xeb,
    0x51, 0x0, 0x7f, 0xa9, 0x0, 0x3f, 0xfa, 0x92,
    0xa0, 0x1f, 0xfc, 0xb, 0x60, 0xf, 0xfe, 0x95,
    0x30, 0x7, 0xff, 0xa, 0x64, 0x1, 0xff, 0xcf,
    0x2c, 0x50, 0xf, 0xfe, 0x23, 0x72, 0x80, 0x7f,
    0xf3, 0x23, 0x4c, 0x3, 0xff, 0x8c, 0x35, 0x8a,
    0x1, 0xff, 0xc9, 0x27, 0x0, 0xff, 0xe5, 0x1d,
    0x74, 0xa8, 0x7, 0xff, 0x18, 0xa0, 0x3, 0xff,
    0x98, 0x2d, 0x5f, 0xd7, 0x30, 0xec, 0x60, 0x1f,
    0xf3, 0x90, 0x7, 0xff, 0x3c, 0x51, 0x9e, 0x27,
    0x80, 0x3f, 0xf8, 0x12, 0x1, 0xff, 0xd5, 0x28,
    0x0, 0xff, 0x91, 0x40, 0x3f, 0xfa, 0xae, 0x40,
    0x1f, 0xf5, 0x80, 0x7f, 0xf5, 0xa4, 0x3, 0xfe,
    0x19, 0x0, 0xff, 0xea, 0xa2, 0x80, 0x7f, 0xcc,
    0x60, 0x1f, 0xfd, 0x5b, 0x0, 0xff, 0xe0, 0x78,
    0x7, 0xff, 0x54, 0x60, 0x3, 0xfe, 0x36, 0x0,
    0xff, 0xea, 0xb9, 0x0, 0x7f, 0xd0, 0x20, 0x1f,
    0xfd, 0x59, 0x0, 0xff, 0x86, 0xc0, 0x3f, 0xfa,
    0xa8, 0xa0, 0x1f, 0xf2, 0x98, 0x7, 0xff, 0x56,
    0xc0, 0x3f, 0xf8, 0x1c, 0x1, 0xff, 0xd5, 0x18,
    0x0, 0xff, 0x89, 0xc0, 0x3f, 0xfa, 0xae, 0x40,
    0x1f, 0xf4, 0x8, 0x7, 0xff, 0x57, 0x80, 0x3f,
    0xf8, 0x14, 0x1, 0xff, 0xd5, 0x35, 0x0, 0xff,
    0x91, 0x0, 0x1f, 0xfd, 0x5b, 0x0, 0xff, 0xe0,
    0x48, 0x0,

    /* U+0052 "R" */
    0x59, 0x9f, 0xfe, 0x54, 0x41, 0xd4, 0xc0, 0x3f,
    0xf8, 0xf8, 0xcd, 0xff, 0xca, 0x77, 0x45, 0x67,
    0xec, 0x20, 0x7, 0xff, 0x80, 0x9e, 0xf5, 0xc4,
    0x3, 0xff, 0xc0, 0x51, 0xce, 0x1, 0xff, 0xe2,
    0x8d, 0x30, 0xf, 0xff, 0x9, 0x63, 0x0, 0x7f,
    0xf8, 0xa6, 0x0, 0x3f, 0xfc, 0x4e, 0xe0, 0xf,
    0xff, 0x14, 0x28, 0x7, 0xff, 0x8a, 0xc4, 0x3,
    0xff, 0xc2, 0x34, 0x1, 0xff, 0xc4, 0xbf, 0xff,
    0xf7, 0x6d, 0x30, 0x7, 0xff, 0xd, 0xc, 0x3,
    0xff, 0x9c, 0x24, 0xb3, 0xce, 0x1, 0xff, 0xc2,
    0x80, 0xf, 0xfe, 0x90, 0xc6, 0x8, 0x7, 0xff,
    0x1, 0x8, 0x3, 0xff, 0xa6, 0x78, 0x1, 0xff,
    0xc1, 0x50, 0xf, 0xfe, 0xa1, 0x50, 0x7, 0xff,
    0x2, 0xc0, 0x3f, 0xfa, 0xaa, 0x40, 0x1f, 0xf1,
    0x80, 0x7f, 0xf5, 0xac, 0x3, 0xff, 0x80, 0x40,
    0x1f, 0xfd, 0x57, 0x0, 0xff, 0xe0, 0x38, 0x7,
    0xff, 0x54, 0x44, 0x1, 0xff, 0x18, 0x7, 0xff,
    0x58, 0x80, 0x3f, 0xe1, 0x0, 0xff, 0xeb, 0x38,
    0x7, 0xff, 0xfc, 0x3, 0xff, 0x8c, 0xc0, 0x1f,
    0xf0, 0x80, 0x7f, 0xf5, 0x88, 0x3, 0xfe, 0x30,
    0xf, 0xfe, 0xa9, 0x80, 0x7f, 0xf0, 0x1c, 0x3,
    0xff, 0xab, 0x60, 0x1f, 0xfc, 0x2, 0x0, 0xff,
    0xea, 0xb, 0x80, 0x7f, 0xc6, 0x1, 0xff, 0xd5,
    0xb0, 0xf, 0xfe, 0x5, 0x80, 0x7f, 0xf5, 0x21,
    0x40, 0x3f, 0xf8, 0xc, 0x1, 0xff, 0xd2, 0x1a,
    0x70, 0xf, 0xfe, 0x2, 0x8, 0x7, 0xff, 0x40,
    0xa3, 0x94, 0x3, 0xff, 0x83, 0xe0, 0x1f, 0xfc,
    0x3f, 0x99, 0xff, 0x55, 0xf6, 0xb8, 0x7, 0xff,
    0x9, 0x10, 0x1, 0xff, 0xc3, 0x46, 0x6f, 0xf2,
    0xa0, 0x80, 0x7f, 0xf1, 0x20, 0x3, 0xff, 0xc3,
    0x6, 0x1, 0xff, 0xe0, 0x47, 0x0, 0xff, 0xf0,
    0x1d, 0x0, 0x7f, 0xf8, 0xf, 0x4, 0x3, 0xff,
    0xbe, 0xd8, 0x1, 0xff, 0xdf, 0x1b, 0x90, 0xf,
    0xfe, 0xf0, 0xc7, 0x20, 0x7, 0xff, 0x78, 0x79,
    0xc0, 0x3f, 0xfc, 0x2, 0xa0, 0x1f, 0xfc, 0xdb,
    0xff, 0xfc, 0x60, 0x1f, 0xf4, 0x80, 0x7f, 0xf5,
    0xa4, 0x3, 0xfe, 0x33, 0x0, 0x7f, 0xf5, 0x54,
    0x80, 0x3f, 0xe8, 0x0, 0xff, 0xeb, 0x58, 0x7,
    0xfc, 0x84, 0x1, 0xff, 0xd5, 0x60, 0xf, 0xfe,
    0x4, 0x0, 0x7f, 0xf5, 0x9c, 0x3, 0xfe, 0x51,
    0x0, 0xff, 0xea, 0xd0, 0x7, 0xff, 0x2, 0x40,
    0x3f, 0xfa, 0xa4, 0xa0, 0x1f, 0xf3, 0x80, 0x7f,
    0xf5, 0xa4, 0x3, 0xff, 0x80, 0xe0, 0x1f, 0xfd,
    0x53, 0x30, 0x7, 0xfd, 0x20, 0x1f, 0xfd, 0x69,
    0x0, 0xff, 0x85, 0x80, 0x3f, 0xfa, 0xaa, 0x20,
    0x1f, 0xf5, 0x80, 0x7f, 0xf5, 0xa4, 0x3, 0xfe,
    0x25, 0x0, 0xff, 0xea, 0xb0, 0x7, 0xff, 0x2,
    0x40, 0x3f, 0xfa, 0xa2, 0xc0, 0x1f, 0xf1, 0x98,
    0x3, 0xff, 0xab, 0x60, 0x1f, 0xfc, 0x8, 0x0,
    0xff, 0xea, 0x92, 0x0, 0x7f, 0xc8, 0x40, 0x1f,
    0xfd, 0x5f, 0x0, 0xff, 0xe0, 0x58, 0x7, 0xff,
    0x55, 0x8, 0x3, 0xfe, 0x61, 0x0, 0xff, 0xea,
    0xd8, 0x7, 0xff, 0x2, 0x40, 0x3f, 0xfa, 0xac,
    0x20, 0x1f, 0xf3, 0x80, 0x7f, 0xf5, 0x98, 0x3,
    0xff, 0x80, 0xe0, 0x1f, 0xfd, 0x59, 0x0, 0xff,
    0xe0, 0x48, 0x7, 0xff, 0x54, 0x54, 0x3, 0xfe,
    0x16, 0x0, 0xff, 0xea, 0xc8, 0x7, 0xff, 0x2,
    0xc0, 0x3f, 0xfa, 0xa6, 0x60, 0xf, 0xf8, 0x94,
    0x3, 0xff, 0xab, 0x20, 0x1f, 0xfc, 0x9, 0x0,
    0xff, 0xea, 0xa8, 0x80, 0x7f, 0xc6, 0x60,

    /* U+0053 "S" */
    0x0, 0xff, 0xe3, 0x92, 0x2a, 0x99, 0x51, 0x2,
    0x1, 0xff, 0xd7, 0x59, 0xdf, 0xdb, 0xaa, 0x4d,
    0x5d, 0xbb, 0xf6, 0x50, 0x3, 0xff, 0xa0, 0x73,
    0xf4, 0xc4, 0x1, 0xff, 0x13, 0x5f, 0xc9, 0x80,
    0x7f, 0xf2, 0xca, 0xb1, 0x80, 0x3f, 0xf8, 0xed,
    0x96, 0x40, 0x1f, 0xfc, 0x86, 0xd5, 0x0, 0xff,
    0xe5, 0xa6, 0xc0, 0x7, 0xff, 0x1a, 0xa4, 0x3,
    0xff, 0x9e, 0xf6, 0x20, 0x1f, 0xfc, 0x3b, 0x50,
    0xf, 0xfe, 0x8a, 0x60, 0x80, 0x7f, 0xf0, 0x6d,
    0x0, 0x3f, 0xfa, 0x65, 0x82, 0x1, 0xff, 0x42,
    0x0, 0x7f, 0xf5, 0x4a, 0xc0, 0x3f, 0xc6, 0xe0,
    0x1f, 0xfd, 0x75, 0x60, 0xf, 0xef, 0x0, 0xff,
    0xec, 0xc0, 0x7, 0xe4, 0x30, 0xf, 0xfe, 0x13,
    0x56, 0xf7, 0xf6, 0xd2, 0x80, 0x7f, 0xf0, 0x85,
    0xc0, 0x3e, 0xf0, 0xf, 0xfe, 0xb, 0xf4, 0xa9,
    0x8, 0x9, 0x2d, 0x73, 0x0, 0x7f, 0xf0, 0x64,
    0x3, 0xc2, 0x80, 0x1f, 0xfc, 0xb, 0x81, 0x0,
    0xfe, 0x19, 0xb0, 0xf, 0xfe, 0x0, 0xa0, 0x7,
    0x20, 0x7, 0xff, 0x2, 0x90, 0x3, 0xff, 0x82,
    0x94, 0x1, 0xff, 0xc0, 0xd0, 0xe, 0xc0, 0xf,
    0xf9, 0x14, 0x3, 0xff, 0x86, 0xac, 0x1, 0xff,
    0x28, 0x7, 0x28, 0x7, 0xfd, 0x0, 0x1f, 0xfc,
    0x58, 0x0, 0xff, 0x8c, 0x3, 0x88, 0x3, 0xfc,
    0x26, 0x1, 0xff, 0xc5, 0x13, 0x0, 0xff, 0x88,
    0x3, 0x8, 0x7, 0xf9, 0x40, 0x3f, 0xf8, 0xe8,
    0x1, 0xff, 0x8, 0x4, 0x20, 0x1f, 0xf0, 0x80,
    0x7f, 0xf1, 0xfc, 0x3, 0xfe, 0x70, 0xf, 0xfe,
    0xbb, 0xf7, 0x7f, 0xc8, 0x1, 0x8, 0x7, 0xfc,
    0xc0, 0x1f, 0xfc, 0x81, 0x1f, 0xf8, 0x3, 0xff,
    0x88, 0x60, 0x1f, 0xfd, 0x82, 0x0, 0xff, 0x94,
    0x3, 0xff, 0xae, 0xe0, 0x1f, 0xf4, 0x0, 0x7f,
    0xf5, 0xf4, 0x3, 0xfe, 0x2b, 0x0, 0xff, 0xeb,
    0x28, 0x7, 0xff, 0x1, 0x2c, 0x40, 0x3f, 0xfa,
    0x84, 0x40, 0xf, 0xfe, 0x2, 0x7b, 0x88, 0x7,
    0xff, 0x4e, 0xc0, 0x3f, 0xf8, 0x23, 0x1d, 0x6c,
    0x40, 0x1f, 0xfd, 0x6, 0x10, 0xf, 0xfe, 0x1a,
    0x4e, 0xf5, 0x31, 0x0, 0x7f, 0xf3, 0x60, 0x3,
    0xff, 0x8c, 0x2b, 0x3b, 0xd4, 0xc4, 0x1, 0xff,
    0xc9, 0x64, 0x0, 0xff, 0xe4, 0x8a, 0xce, 0xea,
    0xc, 0x3, 0xff, 0x8f, 0x42, 0x1, 0xff, 0xcc,
    0x27, 0xcc, 0x20, 0x7, 0xff, 0x14, 0x74, 0x40,
    0x3f, 0xf9, 0xc7, 0x78, 0x60, 0x1f, 0xfc, 0x43,
    0xd1, 0x0, 0xff, 0xe7, 0x9e, 0x38, 0x7, 0xff,
    0x10, 0xf4, 0x40, 0x3f, 0xfa, 0x11, 0x40, 0x1f,
    0xfc, 0x43, 0xe5, 0x0, 0xff, 0xe8, 0x2e, 0x0,
    0x7f, 0xf1, 0x6a, 0x84, 0x1, 0xff, 0xcf, 0x3b,
    0x0, 0xff, 0xe2, 0xae, 0xc9, 0x0, 0x7f, 0xf3,
    0x92, 0x40, 0x3f, 0xf8, 0xcd, 0xb6, 0xc2, 0x1,
    0xff, 0xcc, 0x65, 0x0, 0xff, 0xe3, 0xa4, 0xf6,
    0x42, 0x0, 0x7f, 0xf2, 0xac, 0x40, 0x3f, 0xf9,
    0x26, 0xf7, 0xf6, 0xe6, 0x1, 0xff, 0xc6, 0x18,
    0x0, 0xff, 0xe6, 0xa4, 0x67, 0xdb, 0x90, 0x7,
    0xff, 0xd, 0x84, 0x3, 0xff, 0xa0, 0x91, 0xb8,
    0x80, 0x1f, 0xfc, 0x26, 0x0, 0xff, 0xe9, 0x9d,
    0xc8, 0x7, 0xff, 0x6, 0x80, 0x3f, 0xfa, 0xad,
    0x60, 0x1f, 0xfc, 0x2, 0x20, 0x7, 0xff, 0x55,
    0x20, 0x3, 0xff, 0x80, 0xa0, 0x1f, 0xfd, 0x67,
    0x20, 0xf, 0xfb, 0x40, 0x3f, 0xfa, 0xf6, 0x1,
    0xff, 0x38, 0x7, 0xff, 0x5d, 0xc0, 0x3f, 0xe2,
    0x0, 0xff, 0xeb, 0x89, 0x0, 0x7f, 0xf8, 0xc4,
    0x3, 0xfe, 0x16, 0xdd, 0xff, 0x90, 0x3, 0xff,
    0x94, 0xe0, 0x1f, 0xfc, 0x1, 0x22, 0xff, 0xe0,
    0x0, 0x7f, 0xf2, 0x9c, 0x3, 0xfe, 0x11, 0x0,
    0x7f, 0xdc, 0x1, 0xff, 0xca, 0x20, 0xf, 0xfe,
    0x1, 0x0, 0x7f, 0xca, 0x1, 0xff, 0xc9, 0x21,
    0x0, 0xff, 0x8, 0x28, 0x7, 0xfc, 0x44, 0x0,
    0xff, 0xe4, 0x28, 0x7, 0xfc, 0xa0, 0x22, 0x0,
    0xff, 0xa4, 0x3, 0xff, 0x8e, 0x32, 0x1, 0xff,
    0x18, 0x1, 0x0, 0x3f, 0xe4, 0x60, 0xf, 0xfe,
    0x35, 0x88, 0x7, 0xfd, 0x80, 0xf, 0x0, 0xff,
    0xe0, 0x4a, 0x80, 0x7f, 0xf1, 0x21, 0x40, 0x3f,
    0xf8, 0x8, 0x0, 0x50, 0xf, 0xfe, 0xd, 0x48,
    0x7, 0xff, 0x4, 0x6d, 0xc0, 0x3f, 0xf8, 0xa,
    0x1, 0x9c, 0x3, 0xff, 0x82, 0xdd, 0x4, 0x1,
    0xf8, 0xa3, 0x90, 0x3, 0xff, 0x83, 0x20, 0x1a,
    0x40, 0x3f, 0xf8, 0x42, 0xfb, 0xd7, 0x31, 0x9,
    0xbe, 0xd7, 0x0, 0xff, 0xe1, 0x29, 0x80, 0x61,
    0x80, 0xf, 0xfe, 0x20, 0xa3, 0x3b, 0x99, 0x4,
    0x3, 0xff, 0x89, 0x0, 0x1e, 0x74, 0x0, 0xff,
    0xed, 0x49, 0x0, 0x7d, 0x42, 0x1, 0xff, 0xd8,
    0x56, 0x0, 0xfc, 0x38, 0x20, 0x1f, 0xfd, 0x64,
    0xa0, 0xf, 0xf1, 0x61, 0x0, 0x7f, 0xf5, 0x16,
    0xc0, 0x3f, 0xf8, 0x5, 0xaa, 0x1, 0xff, 0xd2,
    0x8a, 0x0, 0xff, 0xe1, 0xd5, 0x90, 0x7, 0xff,
    0x38, 0xf5, 0xc0, 0x3f, 0xf8, 0xa9, 0xb2, 0x40,
    0x1f, 0xfc, 0xa3, 0xac, 0x20, 0xf, 0xfe, 0x43,
    0x6e, 0x31, 0x0, 0x7f, 0xf1, 0x9, 0xb3, 0xa,
    0x1, 0xff, 0xcc, 0x39, 0xdd, 0x4b, 0xa9, 0x8,
    0x80, 0x21, 0x24, 0x79, 0xdd, 0x49, 0x80, 0x7f,
    0xf0, 0x40,

    /* U+0054 "T" */
    0x8e, 0xef, 0xff, 0x21, 0x8, 0xff, 0xf9, 0x80,
    0x3f, 0xff, 0xe0, 0x1f, 0xff, 0xf0, 0xf, 0xff,
    0xf8, 0x7, 0xff, 0xfc, 0x3, 0xff, 0xfe, 0x1,
    0xff, 0xff, 0x9f, 0xff, 0xfe, 0x2d, 0x80, 0x7f,
    0xc5, 0xff, 0xff, 0xc6, 0x30, 0xf, 0xff, 0xf8,
    0x7, 0xff, 0xfc, 0x3, 0xff, 0xfe, 0x1, 0xff,
    0xff, 0x0, 0xff, 0xff, 0x80, 0x7f, 0xff, 0xc0,
    0x3f, 0xff, 0xe0, 0x1f, 0xff, 0xf0, 0xf, 0xff,
    0xf8, 0x7, 0xff, 0xfc, 0x3, 0xff, 0xfe, 0x1,
    0xff, 0xff, 0x0, 0xff, 0xff, 0x80, 0x7f, 0xff,
    0xc0, 0x3f, 0xff, 0xe0, 0x1f, 0xff, 0xf0, 0xf,
    0xff, 0xf8, 0x7, 0xff, 0xfc, 0x3, 0xff, 0xfe,
    0x1, 0xff, 0xff, 0x0, 0xff, 0xff, 0x80, 0x7f,
    0xff, 0xc0, 0x3f, 0xff, 0xe0, 0x1f, 0xff, 0xf0,
    0xf, 0xff, 0xf8, 0x7, 0xff, 0xfc, 0x3, 0xff,
    0xfe, 0x1, 0xff, 0xff, 0x0, 0xff, 0xff, 0x80,
    0x7f, 0xff, 0xc0, 0x3f, 0xff, 0xe0, 0x1f, 0xff,
    0xf0, 0xf, 0xff, 0xf8, 0x7, 0xff, 0xfc, 0x3,
    0xff, 0xfe, 0x1, 0xff, 0xff, 0x0, 0xff, 0xff,
    0x80, 0x7f, 0xff, 0xc0, 0x3f, 0xff, 0xc, 0xef,
    0xff, 0x58, 0x7, 0xff, 0x1c,

    /* U+0055 "U" */
    0x8, 0x8f, 0xfe, 0x0, 0x7, 0xff, 0x1c, 0xe2,
    0x3f, 0xe5, 0x17, 0x7f, 0xfe, 0x0, 0x7, 0xff,
    0x1d, 0x5d, 0xff, 0xee, 0x0, 0xff, 0xff, 0x80,
    0x7f, 0xff, 0xc0, 0x3f, 0xff, 0xe0, 0x1f, 0xff,
    0xf0, 0xf, 0xff, 0xf8, 0x7, 0xff, 0xfc, 0x3,
    0xff, 0xfe, 0x1, 0xff, 0xff, 0x0, 0xff, 0xff,
    0x80, 0x7f, 0xff, 0xc0, 0x3f, 0xff, 0xe0, 0x1f,
    0xff, 0xf0, 0xf, 0xff, 0xf8, 0x7, 0xff, 0xfc,
    0x3, 0xff, 0xfe, 0x1, 0xff, 0xff, 0x0, 0xff,
    0xff, 0x80, 0x7f, 0xff, 0xc0, 0x3f, 0xff, 0xe0,
    0x1f, 0xff, 0xf0, 0xf, 0xff, 0xf8, 0x7, 0xff,
    0xfc, 0x3, 0xff, 0xfe, 0x1, 0xff, 0xff, 0x0,
    0xff, 0xff, 0x80, 0x7f, 0xff, 0xc0, 0x3f, 0xff,
    0xe0, 0x1f, 0xff, 0xf0, 0xf, 0xff, 0xf8, 0x7,
    0xff, 0x44, 0x40, 0x3f, 0xfa, 0x82, 0x1, 0xff,
    0xc0, 0x10, 0xf, 0xfe, 0x0, 0x80, 0x7f, 0xf1,
    0xbc, 0x3, 0xff, 0x9a, 0x40, 0x1f, 0xfc, 0x62,
    0x0, 0xff, 0x8c, 0x8, 0x3, 0xfe, 0x40, 0xf,
    0xfe, 0x33, 0x80, 0x7f, 0xdc, 0xc, 0x1, 0xff,
    0x60, 0x7, 0xff, 0x14, 0x88, 0x1, 0xff, 0x10,
    0x18, 0x7, 0xfc, 0x84, 0x1, 0xff, 0xc4, 0xa0,
    0xf, 0xfe, 0x2, 0x6, 0x0, 0x7f, 0xf0, 0x20,
    0x3, 0xff, 0x86, 0x4e, 0x1, 0xff, 0x8, 0x81,
    0x0, 0x3f, 0xf8, 0xa, 0xc0, 0x1f, 0xfc, 0x2e,
    0x0, 0xff, 0xe0, 0x38, 0x4, 0x80, 0x1f, 0xfc,
    0x9, 0x60, 0xf, 0xf8, 0x70, 0xc0, 0x3f, 0xf8,
    0x1a, 0x1, 0x78, 0x7, 0xff, 0x6, 0x71, 0x0,
    0x3e, 0x17, 0xe3, 0x0, 0xff, 0xe0, 0x12, 0x0,
    0x48, 0x40, 0x1f, 0xfc, 0x13, 0xbf, 0xb9, 0x89,
    0xad, 0xe8, 0x0, 0xff, 0xe1, 0x58, 0x7, 0x48,
    0x7, 0xff, 0x11, 0x19, 0xd9, 0x48, 0x3, 0xff,
    0x86, 0x4c, 0x1, 0xc8, 0xa0, 0x1f, 0xfd, 0x89,
    0x0, 0xfa, 0x88, 0x3, 0xff, 0xac, 0xe8, 0x1,
    0xfb, 0xc4, 0x3, 0xff, 0xa8, 0x90, 0x1, 0xfc,
    0x5a, 0x20, 0x1f, 0xfd, 0x24, 0xb0, 0xf, 0xf8,
    0xf0, 0x80, 0x3f, 0xfa, 0xd, 0x60, 0x1f, 0xfc,
    0x12, 0xd7, 0x0, 0xff, 0xe6, 0x8d, 0x48, 0x7,
    0xff, 0x12, 0x35, 0x40, 0x3f, 0xf9, 0x4f, 0xca,
    0x1, 0xff, 0xc6, 0x2a, 0xd7, 0x20, 0xf, 0xfe,
    0x22, 0x4f, 0xc0, 0x7, 0xff, 0x28, 0xa3, 0x75,
    0x4e, 0x84, 0x20, 0x18, 0x4d, 0x62, 0xfe, 0xd8,
    0x3, 0xff, 0x80,

    /* U+0056 "V" */
    0x48, 0x8f, 0xf9, 0x80, 0x3f, 0xf9, 0xcf, 0x11,
    0xff, 0x9, 0x3b, 0xff, 0xd2, 0x1, 0xff, 0xcd,
    0x28, 0x77, 0xff, 0x85, 0x0, 0x3f, 0xf8, 0x6,
    0x1, 0xff, 0xcc, 0x40, 0xf, 0xf9, 0x0, 0x84,
    0x3, 0xfe, 0x40, 0xf, 0xfe, 0x66, 0x0, 0x7f,
    0xd8, 0x0, 0x40, 0xf, 0xfb, 0x40, 0x3f, 0xf9,
    0x8e, 0x1, 0xff, 0x20, 0x3, 0x0, 0x3f, 0xe4,
    0x0, 0xff, 0xe5, 0x89, 0x0, 0x7f, 0xc6, 0x0,
    0x40, 0xf, 0xf8, 0x48, 0x3, 0xff, 0x94, 0xa0,
    0x1f, 0xf2, 0x0, 0x44, 0x20, 0x1f, 0xf3, 0x80,
    0x7f, 0xf2, 0xb0, 0x3, 0xfe, 0xc0, 0xc, 0x80,
    0x1f, 0xf6, 0x0, 0x7f, 0xf2, 0x8c, 0x3, 0xfe,
    0x40, 0xd, 0x80, 0x1f, 0xf2, 0x0, 0x7f, 0xf2,
    0x90, 0x3, 0xfe, 0x30, 0xc, 0x80, 0x1f, 0xf1,
    0x8, 0x7, 0xff, 0x20, 0xc0, 0x3f, 0xe4, 0x0,
    0xe2, 0x10, 0xf, 0xf9, 0x40, 0x3f, 0xf9, 0xa,
    0x1, 0xff, 0x60, 0x7, 0x90, 0x3, 0xfe, 0xc0,
    0xf, 0xfe, 0x46, 0x0, 0x7f, 0xc8, 0x1, 0xec,
    0x0, 0xff, 0x90, 0x3, 0xff, 0x90, 0xe0, 0x1f,
    0xf1, 0x80, 0x79, 0x0, 0x3f, 0xe3, 0x0, 0xff,
    0xe3, 0x89, 0x0, 0x7f, 0x90, 0x3, 0xe2, 0x10,
    0xf, 0xf8, 0xc0, 0x3f, 0xf8, 0xc8, 0x1, 0xff,
    0x60, 0x7, 0xe4, 0x0, 0xff, 0x90, 0x3, 0xff,
    0x8d, 0xa0, 0x1f, 0xf2, 0x0, 0x7e, 0xc0, 0xf,
    0xfb, 0x0, 0x3f, 0xf8, 0xc8, 0x1, 0xff, 0x18,
    0x7, 0xe4, 0x0, 0xff, 0x94, 0x3, 0xff, 0x8c,
    0x60, 0x1f, 0xe4, 0x0, 0xfe, 0x21, 0x0, 0xff,
    0x9, 0x0, 0x7f, 0xf1, 0xc, 0x3, 0xfe, 0xc0,
    0xf, 0xf2, 0x0, 0x7f, 0xc8, 0x1, 0xff, 0xc4,
    0x50, 0xf, 0xf9, 0x0, 0x3f, 0xd8, 0x1, 0xff,
    0x78, 0x7, 0xff, 0x13, 0x0, 0x3f, 0xe3, 0x0,
    0xff, 0x20, 0x7, 0xfc, 0x80, 0x1f, 0xfc, 0x44,
    0x0, 0xff, 0x20, 0x7, 0xfc, 0x42, 0x1, 0xfe,
    0x21, 0x0, 0xff, 0xe1, 0x8, 0x80, 0x3f, 0xd8,
    0x1, 0xff, 0xc0, 0x40, 0xf, 0xf9, 0x40, 0x3f,
    0xf8, 0x48, 0x1, 0xff, 0x20, 0x7, 0xff, 0x3,
    0x0, 0x3f, 0xec, 0x0, 0xff, 0xe1, 0x68, 0x7,
    0xfc, 0x60, 0x1f, 0xfc, 0x7, 0x0, 0xff, 0x90,
    0x3, 0xff, 0x84, 0x80, 0x1f, 0xe4, 0x0, 0xff,
    0xe0, 0x88, 0x80, 0x3f, 0xc6, 0x1, 0xff, 0xc2,
    0x30, 0xf, 0xf6, 0x0, 0x7f, 0xf0, 0x90, 0x3,
    0xfe, 0x30, 0xf, 0xfe, 0x1, 0x80, 0x7f, 0xc8,
    0x1, 0xff, 0xc2, 0xf0, 0xf, 0xf9, 0x0, 0x3f,
    0xf8, 0x8, 0x1, 0xff, 0x18, 0x7, 0xff, 0x9,
    0x0, 0x3f, 0xec, 0x0, 0xff, 0xe0, 0x68, 0x7,
    0xf9, 0x0, 0x3f, 0xf8, 0x62, 0x40, 0x1f, 0xe5,
    0x0, 0xff, 0xe0, 0x20, 0x7, 0xfb, 0x0, 0x3f,
    0xf8, 0x88, 0x1, 0xfe, 0x12, 0x0, 0xff, 0x8,
    0x80, 0x3f, 0xc8, 0x1, 0xff, 0xc4, 0xc0, 0xf,
    0xf9, 0x0, 0x3f, 0xc8, 0x1, 0xff, 0x18, 0x7,
    0xff, 0x11, 0x0, 0x3f, 0xec, 0x0, 0xff, 0x60,
    0x7, 0xf9, 0x0, 0x3f, 0xf8, 0xa2, 0x40, 0x1f,
    0xe7, 0x0, 0xff, 0x28, 0x7, 0xfb, 0x0, 0x3f,
    0xf8, 0xc8, 0x1, 0xfe, 0x21, 0x0, 0xfe, 0x30,
    0xf, 0xf2, 0x0, 0x7f, 0xf1, 0xb0, 0x3, 0xfe,
    0x40, 0xf, 0xc6, 0x1, 0xff, 0x18, 0x7, 0xff,
    0x19, 0x0, 0x3f, 0xed, 0x0, 0xfc, 0x80, 0x1f,
    0xe4, 0x0, 0xff, 0xe3, 0x89, 0x0, 0x7f, 0x90,
    0x3, 0xf6, 0x80, 0x7f, 0xb0, 0x3, 0xff, 0x90,
    0x80, 0x1f, 0xe3, 0x0, 0xfc, 0x80, 0x1f, 0xe4,
    0x0, 0xff, 0xe4, 0x60, 0x7, 0xfc, 0x80, 0x1e,
    0x21, 0x0, 0xff, 0x18, 0x7, 0xff, 0x21, 0x0,
    0x3f, 0xe3, 0x0, 0xf3, 0x80, 0x7f, 0x90, 0x3,
    0xff, 0x92, 0x24, 0x1, 0xfe, 0xc0, 0xf, 0x60,
    0x7, 0xfb, 0x0, 0x3f, 0xf9, 0x48, 0x1, 0xfe,
    0x40, 0xf, 0x28, 0x7, 0xf9, 0x0, 0x3f, 0xf9,
    0x58, 0x1, 0xff, 0x10, 0x7, 0x18, 0x7, 0xf8,
    0xc0, 0x3f, 0xf9, 0x48, 0x1, 0xff, 0x20, 0x6,
    0x40, 0xf, 0xf2, 0x0, 0x7f, 0xf2, 0xc4, 0x80,
    0x3f, 0xd8, 0x1, 0x8c, 0x3, 0xfd, 0x80, 0x1f,
    0xfc, 0xc4, 0x0, 0xff, 0x20, 0x6, 0xc0, 0xf,
    0xf2, 0x0, 0x7f, 0xf3, 0x30, 0x3, 0xfc, 0x22,
    0x0, 0x90, 0x3, 0xfc, 0x60, 0x1f, 0xfc, 0xc4,
    0x0, 0xff, 0x90, 0x0, 0x40, 0x1f, 0xe4, 0x0,
    0xff, 0xe6, 0x89, 0x0, 0x7f, 0xb4, 0x0, 0xe0,
    0x1f, 0xec, 0x0, 0xff, 0xe7, 0x20, 0x7, 0xf8,
    0xc0, 0x18, 0x1, 0xfe, 0x40, 0xf, 0xfe, 0x76,
    0x0, 0x7f, 0x94, 0x0, 0xa0, 0x1f, 0xe3, 0x0,
    0xff, 0xe7, 0x20, 0x7, 0xf8, 0x44, 0x6, 0x1,
    0xfc, 0x80, 0x1f, 0xfc, 0xf1, 0x20, 0xf, 0xf2,
    0x90, 0x7, 0xfb, 0x0, 0x3f, 0xfa, 0x8, 0x1,
    0xfe, 0x37, 0x0, 0xff, 0x20, 0x7, 0xff, 0x43,
    0x0, 0x3f, 0xda, 0x40, 0x1f, 0xe3, 0x0, 0xff,
    0xe8, 0x20, 0x7, 0xf9, 0xf4, 0x3, 0xf9, 0x0,
    0x3f, 0xfa, 0x22, 0x40, 0x1f, 0xc4, 0xe0, 0x1f,
    0xd8, 0x1, 0xff, 0xd2, 0x40, 0xf, 0xf1, 0x0,
    0x7f, 0x20, 0x7, 0xff, 0x4b, 0x0, 0x3f, 0xf9,
    0x6, 0x1, 0xff, 0xd2, 0x40, 0xf, 0xfe, 0x3a,
    0x0, 0x7f, 0xf4, 0xc4, 0x80, 0x3f, 0xf8, 0xd8,
    0x1, 0xff, 0xd4, 0x40, 0xf, 0xfe, 0x32, 0x0,
    0x7f, 0xf5, 0x30, 0x3, 0xff, 0x8c, 0x60, 0x1f,
    0xfd, 0x44, 0x0, 0xff, 0xe2, 0xa0, 0x7, 0xff,
    0x54, 0x48, 0x3, 0xff, 0x89, 0x80, 0x1f, 0xfd,
    0x64, 0x0, 0xff, 0xe2, 0x20, 0x7, 0xff, 0x5b,
    0x0, 0x3f, 0xf8, 0x86, 0x1, 0xff, 0xd6, 0x40,
    0xf, 0xfe, 0x1a, 0x0, 0x7f, 0xf1, 0x80,

    /* U+0057 "W" */
    0x36, 0x6f, 0xe2, 0x0, 0xff, 0x85, 0x9b, 0xfc,
    0x1, 0xff, 0xc0, 0x46, 0x6f, 0xe1, 0xa9, 0x9f,
    0xe4, 0x0, 0xff, 0x96, 0x67, 0xfc, 0x40, 0x1f,
    0xf7, 0xcc, 0xff, 0x1f, 0x0, 0x7f, 0x8, 0x7,
    0xfc, 0x40, 0x1f, 0xe6, 0x0, 0xff, 0x9c, 0x3,
    0xf8, 0x88, 0x1, 0xfd, 0xc0, 0x1f, 0xf7, 0x0,
    0x7f, 0x88, 0x3, 0xfe, 0x20, 0xf, 0xc2, 0x2,
    0x1, 0xfc, 0x60, 0x1f, 0xf1, 0x0, 0x7f, 0xb8,
    0x3, 0xfe, 0x10, 0xf, 0xc6, 0xc, 0x1, 0xfc,
    0xc0, 0x1f, 0xf3, 0x0, 0x7f, 0x88, 0x3, 0xff,
    0x90, 0xc0, 0x40, 0x1f, 0xc2, 0x1, 0xff, 0x10,
    0x7, 0xf9, 0x80, 0x3f, 0xc4, 0x1, 0xfc, 0x40,
    0x1f, 0xf1, 0x0, 0x7f, 0xc2, 0x1, 0xfe, 0x20,
    0xf, 0xf0, 0x80, 0x7f, 0x70, 0x0, 0x80, 0x3f,
    0xf8, 0xe4, 0x1, 0xff, 0x8, 0x7, 0xf9, 0x80,
    0x3f, 0x84, 0x0, 0xc0, 0x1f, 0xc4, 0x1, 0xfc,
    0xc0, 0x1c, 0x40, 0x1e, 0x10, 0xf, 0xe3, 0x0,
    0xfe, 0x20, 0x0, 0x80, 0x7f, 0x8, 0x7, 0xf1,
    0x0, 0x73, 0x0, 0x78, 0x80, 0x3f, 0x84, 0x3,
    0xf9, 0x80, 0x4, 0x1, 0xfc, 0xe0, 0x1f, 0xdc,
    0x1, 0xc2, 0x40, 0x1c, 0xc0, 0x1f, 0xdc, 0x1,
    0xfc, 0x60, 0xe, 0x0, 0xfe, 0x20, 0xf, 0xe2,
    0x0, 0xe3, 0x10, 0xe, 0x20, 0xf, 0xe3, 0x0,
    0xfe, 0x10, 0x1, 0x80, 0x7f, 0x8, 0x7, 0xf3,
    0x0, 0x70, 0xb8, 0x7, 0x70, 0x7, 0xf3, 0x0,
    0x7e, 0x20, 0x9, 0x80, 0x3f, 0xb8, 0x3, 0xf8,
    0x80, 0x3b, 0x84, 0x3, 0x88, 0x3, 0xf8, 0x40,
    0x3f, 0x30, 0x4, 0x40, 0x1f, 0xc6, 0x1, 0xfc,
    0x20, 0x1c, 0x66, 0x0, 0xe6, 0x0, 0xfe, 0x20,
    0xf, 0xc2, 0x1, 0x8, 0x7, 0xf3, 0x0, 0x7e,
    0x20, 0xf, 0x8, 0x80, 0x38, 0x80, 0x3f, 0xf8,
    0xc4, 0x1, 0x84, 0x3, 0xf0, 0x80, 0x7e, 0x60,
    0xf, 0x3f, 0x0, 0x7f, 0xf0, 0x84, 0x3, 0xfb,
    0x80, 0x31, 0x0, 0x7e, 0x30, 0xf, 0xc4, 0x1,
    0xe1, 0x30, 0xf, 0x10, 0x7, 0xc4, 0x1, 0xfc,
    0x40, 0x19, 0xc0, 0x3f, 0x8, 0x7, 0xee, 0x0,
    0xf1, 0x8, 0x7, 0x98, 0x3, 0xe7, 0x0, 0xfe,
    0x70, 0xc, 0x40, 0x1f, 0xc2, 0x1, 0xf1, 0x0,
    0x7c, 0xc0, 0x1e, 0x20, 0xf, 0x88, 0x3, 0xf8,
    0x80, 0x37, 0x0, 0x7f, 0x10, 0x7, 0xcc, 0x1,
    0xc4, 0x4, 0x1, 0xee, 0x0, 0xf8, 0x40, 0x3f,
    0x84, 0x3, 0x8, 0x7, 0xf3, 0x80, 0x7c, 0x40,
    0x1c, 0xc0, 0x1f, 0x88, 0x3, 0xef, 0x0, 0xfc,
    0x40, 0x1c, 0x40, 0x1f, 0xc4, 0x1, 0xf0, 0x80,
    0x71, 0x0, 0x8, 0x3, 0x98, 0x3, 0xe2, 0x0,
    0xfc, 0x20, 0x1c, 0xc0, 0x1f, 0xc2, 0x1, 0xe2,
    0x0, 0xf0, 0x80, 0x18, 0x3, 0x88, 0x3, 0xe1,
    0x0, 0xfc, 0xc0, 0x1c, 0x60, 0x1f, 0xdc, 0x1,
    0xe6, 0x0, 0xf7, 0x0, 0x4, 0x3, 0x84, 0x3,
    0xe6, 0x0, 0xfc, 0x40, 0x1c, 0x20, 0x1f, 0xc6,
    0x1, 0xe2, 0x0, 0xf1, 0x0, 0x8, 0x3, 0xc2,
    0x1, 0xe3, 0x0, 0xfd, 0xc0, 0x1e, 0x20, 0xf,
    0xc2, 0x1, 0xee, 0x0, 0xf3, 0x0, 0x38, 0x3,
    0xc4, 0x1, 0xe1, 0x0, 0xfc, 0x60, 0x1e, 0x10,
    0xf, 0xcc, 0x1, 0xe2, 0x0, 0xf1, 0x0, 0x8,
    0x3, 0xcc, 0x1, 0xc2, 0x1, 0xfc, 0xc0, 0x1e,
    0x60, 0xf, 0xc6, 0x1, 0xe6, 0x0, 0xe1, 0x0,
    0x9c, 0x3, 0xc4, 0x1, 0xc6, 0x1, 0xfc, 0x40,
    0x1e, 0x20, 0xf, 0xc2, 0x1, 0xe2, 0x0, 0xe2,
    0x0, 0x88, 0x3, 0xdc, 0x1, 0xcc, 0x1, 0xfc,
    0x20, 0x1e, 0xf0, 0xf, 0xe1, 0x0, 0xe1, 0x0,
    0xe6, 0x0, 0x84, 0x3, 0xc4, 0x1, 0xc2, 0x1,
    0xf8, 0x40, 0x3e, 0x20, 0xf, 0xe2, 0x0, 0xc4,
    0x1, 0xe2, 0x0, 0xc4, 0x1, 0xcc, 0x1, 0xc6,
    0x1, 0xf8, 0x80, 0x3e, 0x60, 0xf, 0xe7, 0x0,
    0xcc, 0x1, 0xee, 0x0, 0xc2, 0x1, 0xc6, 0x1,
    0xdc, 0x1, 0xf9, 0x80, 0x3e, 0x10, 0xf, 0xe1,
    0x0, 0xc4, 0x1, 0xe3, 0x0, 0xcc, 0x1, 0xc2,
    0x1, 0xc2, 0x1, 0xf8, 0x80, 0x3e, 0x20, 0xf,
    0xe2, 0x0, 0xdc, 0x1, 0xe6, 0x0, 0xc4, 0x1,
    0xe2, 0x0, 0xc4, 0x1, 0xfb, 0xc0, 0x3f, 0xf8,
    0xbe, 0x1, 0x88, 0x3, 0xc4, 0x1, 0xb8, 0x3,
    0xcc, 0x1, 0x9c, 0x3, 0xf1, 0x0, 0x7e, 0x20,
    0xf, 0xc4, 0x1, 0x98, 0x3, 0xc2, 0x1, 0x8c,
    0x3, 0xc4, 0x1, 0x84, 0x3, 0xf3, 0x0, 0x7e,
    0x60, 0xf, 0xc2, 0x1, 0x88, 0x3, 0x88, 0x3,
    0x98, 0x3, 0xdc, 0x1, 0x88, 0x3, 0xf1, 0x0,
    0x7e, 0x10, 0xf, 0xcc, 0x1, 0x84, 0x3, 0x98,
    0x3, 0x88, 0x3, 0xc4, 0x1, 0xff, 0xc1, 0x10,
    0xf, 0xc4, 0x1, 0xf8, 0xc0, 0x22, 0x0, 0xf1,
    0x0, 0x70, 0x80, 0x79, 0x80, 0x22, 0x0, 0xfc,
    0x20, 0x1f, 0xdc, 0x1, 0xf8, 0x40, 0x26, 0x0,
    0xf7, 0x0, 0x78, 0x40, 0x38, 0x40, 0x21, 0x0,
    0xfc, 0x40, 0x1f, 0xc6, 0x1, 0xfc, 0x20, 0x2,
    0x0, 0xf1, 0x0, 0x78, 0x80, 0x38, 0x80, 0x26,
    0x0, 0xfc, 0xc0, 0x1f, 0xcc, 0x1, 0xfc, 0x60,
    0xe, 0x0, 0xf3, 0x0, 0x79, 0x80, 0x3c, 0x20,
    0x3, 0x0, 0xfc, 0x60, 0x1f, 0xc4, 0x1, 0xfc,
    0xc0, 0x2, 0x0, 0xf0, 0x80, 0x78, 0x80, 0x3c,
    0x40, 0x1, 0x0, 0xfd, 0xc0, 0x1f, 0xc2, 0x1,
    0xfc, 0x20, 0x6, 0x0, 0xf1, 0x0, 0x7b, 0xc0,
    0x3c, 0xc0, 0xe, 0x0, 0xfc, 0x40, 0x1f, 0xe1,
    0x0, 0xfc, 0x40, 0x2, 0x0, 0xe1, 0x0, 0xf8,
    0x80, 0x3c, 0x40, 0x3, 0x0, 0xfc, 0xc0, 0x1f,
    0xe2, 0x0, 0xfd, 0xe0, 0x1, 0x0, 0xe2, 0x0,
    0xf9, 0x80, 0x3d, 0xc0, 0x6, 0x0, 0xfc, 0x20,
    0x1f, 0xe7, 0x0, 0xfc, 0x40, 0x40, 0x1e, 0x60,
    0xf, 0x84, 0x3, 0xc4, 0x0, 0x10, 0xf, 0xc4,
    0x1, 0xfe, 0x20, 0xf, 0xc2, 0xc, 0x1, 0xe2,
    0x0, 0xf8, 0x80, 0x3c, 0xe0, 0x3, 0x0, 0xf8,
    0x40, 0x3f, 0xee, 0x0, 0xfc, 0xe0, 0x40, 0x1e,
    0xe0, 0xf, 0xc2, 0x1, 0xc4, 0x0, 0x10, 0xf,
    0x88, 0x3, 0xfe, 0x10, 0xf, 0xc2, 0x1c, 0x1,
    0xe2, 0x0, 0xfc, 0x40, 0x1c, 0x20, 0x20, 0x1f,
    0x9c, 0x3, 0xfe, 0x20, 0xf, 0xc4, 0x4, 0x1,
    0xe6, 0x0, 0xfc, 0xe0, 0x1e, 0x23, 0x0, 0xfc,
    0x40, 0x1f, 0xf3, 0x0, 0x7f, 0x84, 0x3, 0xc4,
    0x1, 0xf8, 0x80, 0x3c, 0xc2, 0x1, 0xfb, 0x80,
    0x3f, 0xe3, 0x0, 0xfe, 0x16, 0x0, 0xff, 0xe1,
    0xf0, 0x7, 0x85, 0xc0, 0x3f, 0x8, 0x7, 0xfc,
    0x20, 0x1f, 0xc6, 0x60, 0xe, 0x20, 0xf, 0xe2,
    0x0, 0xf1, 0x8, 0x7, 0xe2, 0x0, 0xff, 0xe0,
    0x10, 0x7, 0xe1, 0x10, 0x7, 0x30, 0x7, 0xf0,
    0x80, 0x7b, 0x8c, 0x3, 0xf3, 0x0, 0x7f, 0xf0,
    0x4, 0x3, 0xf3, 0x0, 0x78, 0x80, 0x3f, 0x98,
    0x3, 0xc4, 0x20, 0x1f, 0x88, 0x3, 0xff, 0x80,
    0xc0, 0x1f, 0x88, 0x3, 0xdc, 0x1, 0xfc, 0x40,
    0x1e, 0x7f, 0x0, 0xff, 0xe4, 0x90, 0x7, 0xee,
    0x0, 0xf1, 0x0, 0x7f, 0x84, 0x3, 0x88, 0x40,
    0x3e, 0x20, 0xf, 0xfe, 0xf, 0x80, 0x7e, 0x20,
    0xf, 0x30, 0x7, 0xf8, 0xc0, 0x38, 0x4c, 0x3,
    0xe6, 0x0, 0xff, 0xe0, 0x90, 0x7, 0xe6, 0x0,
    0xf1, 0x0, 0x7f, 0x98, 0x3, 0xcc, 0x1, 0xf1,
    0x0, 0x7f, 0xf0, 0x58, 0x3, 0xf1, 0x0, 0x78,
    0x40, 0x3f, 0xc4, 0x1, 0xe3, 0x0, 0xf8, 0x40,
    0x3f, 0xf8, 0x22, 0x1, 0xff, 0xc2, 0x20, 0xf,
    0xfb, 0x80, 0x3f, 0xf8, 0x5c, 0x1, 0xff, 0xc1,
    0x20, 0xf, 0xfe, 0x10, 0x80, 0x7f, 0xc2, 0x1,
    0xff, 0xc2, 0x20, 0xf, 0xfe, 0x10, 0x80, 0x7f,
    0xf0, 0x58, 0x3, 0xfe, 0x20, 0xf, 0xfe, 0x13,
    0x0, 0x7f, 0xf0, 0x8c, 0x3, 0xff, 0x82, 0x40,
    0x1f, 0xf3, 0x0, 0x7f, 0xf0, 0x8c, 0x3, 0xff,
    0x84, 0xc0, 0x1f, 0xfc, 0x1e, 0x0, 0xff, 0x88,
    0x3, 0xff, 0x84, 0x20, 0x1f, 0xfc, 0x22, 0x0,
    0xff, 0xe0, 0x90, 0x7, 0xff, 0x34, 0x80, 0x3f,
    0xf8, 0x62, 0x1, 0xff, 0xc1, 0x60, 0xf, 0xfe,
    0x1, 0x0, 0x7f, 0xf0, 0x18, 0x3, 0xff, 0x87,
    0xc0, 0x1f, 0xfc, 0x12, 0x0, 0xff, 0xe0, 0x30,
    0x7, 0xff, 0x0, 0x40, 0x3f, 0x0,

    /* U+0058 "X" */
    0x0, 0x33, 0x7f, 0xf0, 0x48, 0x3, 0xff, 0x94,
    0x4c, 0xdf, 0xfc, 0x4, 0x0, 0xb2, 0x67, 0xff,
    0x82, 0x1, 0xff, 0xca, 0x99, 0xff, 0xe0, 0x80,
    0x68, 0x0, 0xff, 0xe0, 0x21, 0x80, 0x7f, 0xf2,
    0x11, 0x0, 0x1f, 0xf1, 0xa0, 0x4, 0x4c, 0x1,
    0xff, 0xc0, 0x80, 0xf, 0xfe, 0x44, 0x0, 0x7f,
    0xf0, 0x3c, 0x3, 0xa0, 0x3, 0xff, 0x80, 0x86,
    0x1, 0xff, 0xc6, 0x43, 0x0, 0xff, 0x94, 0xc0,
    0x38, 0x5c, 0x3, 0xff, 0x81, 0x0, 0x1f, 0xfc,
    0x68, 0x0, 0xff, 0xe0, 0x40, 0x7, 0xd2, 0x1,
    0xff, 0xc0, 0x43, 0x0, 0xff, 0xe2, 0x21, 0x80,
    0x7f, 0xcc, 0x40, 0x1f, 0xc, 0x0, 0x7f, 0xf0,
    0x20, 0x3, 0xff, 0x89, 0x0, 0x1f, 0xfc, 0x8,
    0x0, 0xfe, 0x71, 0x0, 0xff, 0x90, 0xc0, 0x3f,
    0xf8, 0x48, 0x60, 0x1f, 0xf3, 0x88, 0x7, 0xfa,
    0x40, 0x3f, 0xf8, 0x10, 0x1, 0xff, 0xc2, 0x80,
    0xf, 0xf8, 0x64, 0x3, 0xfe, 0x71, 0x0, 0xff,
    0x90, 0xc0, 0x3f, 0xf8, 0x8, 0x60, 0x1f, 0xf4,
    0x88, 0x7, 0xff, 0x2, 0x0, 0x3f, 0xf8, 0x10,
    0x1, 0xff, 0xc0, 0x80, 0xf, 0xf8, 0x5c, 0x3,
    0xff, 0x82, 0xc4, 0x1, 0xff, 0x21, 0x80, 0x7f,
    0x90, 0xc0, 0x3f, 0xe8, 0x0, 0xff, 0xe1, 0xc0,
    0x7, 0xff, 0x2, 0x0, 0x3f, 0xd0, 0x1, 0xff,
    0x13, 0x0, 0x7f, 0xf0, 0xd4, 0xc0, 0x3f, 0xe4,
    0x30, 0xf, 0xca, 0x60, 0x1f, 0xf4, 0x0, 0x7f,
    0xf1, 0x7c, 0x3, 0xff, 0x81, 0x0, 0x1f, 0xa0,
    0x3, 0xfe, 0x35, 0x0, 0xff, 0xe2, 0x9a, 0x0,
    0x7f, 0xc8, 0x60, 0x1e, 0x52, 0x0, 0xff, 0xbc,
    0x3, 0xff, 0x8f, 0x0, 0x1f, 0xfc, 0x8, 0x0,
    0xf4, 0x0, 0x7f, 0xc8, 0x60, 0x1f, 0xfc, 0x73,
    0x50, 0xf, 0xf9, 0xc, 0x3, 0x29, 0x0, 0x7f,
    0xd2, 0x1, 0xff, 0xc9, 0x80, 0xf, 0xfe, 0x4,
    0x80, 0x69, 0x0, 0xff, 0x94, 0x80, 0x3f, 0xf9,
    0x24, 0xc0, 0x1f, 0xf2, 0x90, 0x1, 0xc, 0x3,
    0xfe, 0xb0, 0xf, 0xfe, 0x5c, 0x0, 0x7f, 0xf0,
    0x2c, 0x1, 0xe0, 0x1f, 0xf3, 0x88, 0x7, 0xff,
    0x2c, 0x5c, 0x3, 0xfe, 0x61, 0x24, 0x0, 0xff,
    0xa4, 0x3, 0xff, 0x9b, 0x22, 0x1, 0xff, 0x35,
    0x80, 0x7f, 0xd0, 0x20, 0x1f, 0xfc, 0xd1, 0x90,
    0xf, 0xfa, 0x5c, 0x3, 0xfc, 0x2e, 0x1, 0xff,
    0xcf, 0x71, 0x0, 0xff, 0x8, 0x80, 0x3f, 0xd0,
    0x1, 0xff, 0xd1, 0x80, 0xf, 0xfe, 0x49, 0x30,
    0x7, 0xff, 0x45, 0x88, 0x3, 0xff, 0x91, 0x0,
    0x1f, 0xfd, 0x38, 0x0, 0xff, 0xe3, 0x9a, 0x80,
    0x7f, 0xf4, 0xd4, 0xc0, 0x3f, 0xf8, 0xd0, 0x1,
    0xff, 0xd5, 0x80, 0xf, 0xfe, 0x2a, 0x20, 0x3,
    0xff, 0xaa, 0x88, 0x0, 0xff, 0xe2, 0x40, 0x7,
    0xff, 0x5e, 0x0, 0x3f, 0xf8, 0x6a, 0x60, 0x1f,
    0xfd, 0x73, 0x40, 0xf, 0xfe, 0x14, 0x0, 0x7f,
    0xf6, 0x64, 0x3, 0xff, 0x82, 0xa4, 0x1, 0xff,
    0xd9, 0x10, 0xf, 0xfe, 0xa, 0x0, 0x7f, 0xf6,
    0xbc, 0x3, 0xff, 0x82, 0x30, 0x1, 0xff, 0xd8,
    0x43, 0x0, 0xff, 0xe1, 0x38, 0x80, 0x7f, 0xf5,
    0xe4, 0x3, 0xff, 0x89, 0x0, 0x1f, 0xfd, 0x66,
    0x20, 0xf, 0xfe, 0x23, 0x10, 0x7, 0xff, 0x56,
    0x0, 0x3f, 0xf8, 0xd0, 0x1, 0xff, 0xd4, 0x71,
    0x0, 0xff, 0xe3, 0x29, 0x0, 0x7f, 0xf4, 0xe4,
    0x3, 0xff, 0x91, 0x20, 0x1f, 0xfd, 0x28, 0x10,
    0xf, 0xfe, 0x42, 0x18, 0x7, 0xff, 0x40, 0x5c,
    0x3, 0xff, 0x95, 0xe0, 0x1f, 0xfd, 0x8, 0x0,
    0xff, 0x9c, 0x3, 0xfe, 0x34, 0x0, 0xff, 0xe7,
    0x13, 0x0, 0x7f, 0x86, 0xc, 0x3, 0xfe, 0x90,
    0xf, 0xfe, 0x74, 0x0, 0x7f, 0xcc, 0x12, 0x1,
    0xff, 0x12, 0x80, 0x7f, 0xf3, 0xd, 0x40, 0x3f,
    0xea, 0x5, 0x20, 0xf, 0xfa, 0xc0, 0x3f, 0xf9,
    0x9e, 0x1, 0xff, 0x29, 0x0, 0x2c, 0x3, 0xfe,
    0x17, 0x0, 0xff, 0xe5, 0x21, 0x80, 0x7f, 0xd2,
    0x1, 0x30, 0x80, 0x7f, 0xd2, 0x1, 0xff, 0xca,
    0x90, 0xf, 0xf9, 0xc, 0x3, 0x40, 0x7, 0xfc,
    0x30, 0x1, 0xff, 0xc8, 0x52, 0x0, 0xff, 0xa0,
    0x3, 0x98, 0x40, 0x3f, 0xe7, 0x10, 0xf, 0xfe,
    0x3d, 0x80, 0x7f, 0xc8, 0x60, 0x1e, 0x80, 0xf,
    0xfe, 0x4, 0x0, 0x7f, 0xf1, 0x9c, 0x40, 0x3f,
    0xe8, 0x0, 0xf9, 0x84, 0x3, 0xfe, 0x62, 0x0,
    0xff, 0xe2, 0xc8, 0x7, 0xfc, 0x86, 0x1, 0xfa,
    0x0, 0x3f, 0xf8, 0x10, 0x1, 0xff, 0xc4, 0x81,
    0x0, 0xff, 0xa0, 0x3, 0xf9, 0x84, 0x3, 0xfe,
    0x52, 0x0, 0xff, 0xe1, 0xb, 0x80, 0x7f, 0xca,
    0x60, 0x1f, 0xe8, 0x0, 0xff, 0xe0, 0x48, 0x7,
    0xff, 0xa, 0x0, 0x3f, 0xf8, 0x10, 0x1, 0xff,
    0x31, 0x0, 0x7f, 0xc8, 0x60, 0x1f, 0xfc, 0x2,
    0x60, 0xf, 0xf9, 0x48, 0x3, 0xff, 0x81, 0x60,
    0x1f, 0xfc, 0xf, 0x0, 0xff, 0xe0, 0x40, 0x7,
    0xff, 0x2, 0x0, 0x3f, 0xf8, 0x2c, 0x40, 0x1f,
    0xf1, 0xa0, 0x7, 0xf8, 0xd4, 0x3, 0xfe, 0x62,
    0x0, 0xff, 0xe1, 0x40, 0x7, 0xff, 0x2, 0x40,
    0x3f, 0xd0, 0x1, 0xff, 0xc0, 0xb0, 0xf, 0xfe,
    0x1a, 0x90, 0x7, 0xfc, 0x4a, 0x1, 0xf9, 0x10,
    0x1, 0xff, 0x31, 0x0, 0x7f, 0xf1, 0x20, 0x3,
    0xff, 0x81, 0x60, 0x1f, 0xa0, 0x3, 0xff, 0x81,
    0x0, 0x1f, 0xfc, 0x55, 0x20, 0xf, 0xf8, 0x5c,
    0x3, 0xca, 0x60, 0x1f, 0xf3, 0x8, 0x7, 0xff,
    0x1a, 0x0, 0x3f, 0xf8, 0x12, 0x1, 0xe8, 0x0,
    0xff, 0xe0, 0x40, 0x7, 0xff, 0x1d, 0x48, 0x3,
    0xfe, 0x18, 0x0, 0xcc, 0x40, 0x1f, 0xf3, 0x88,
    0x7, 0xff, 0x22, 0x0, 0x3f, 0xf8, 0xe, 0x20,
    0x14, 0x0, 0x7f, 0xf0, 0x24, 0x3, 0xff, 0x92,
    0xa6, 0x1, 0xff, 0xc0, 0x80, 0x4, 0x8, 0x7,
    0xfc, 0xe2, 0x1, 0xff, 0xca, 0x80, 0xf, 0xfe,
    0x3, 0x10, 0xb8, 0x7, 0xff, 0x2, 0x40, 0x3f,
    0xf9, 0x68, 0x60, 0x1f, 0xfc, 0x8,

    /* U+0059 "Y" */
    0x58, 0x8f, 0xf9, 0xc0, 0x3f, 0xf9, 0xe3, 0x11,
    0xff, 0xc0, 0x20, 0x77, 0xff, 0xa1, 0x40, 0x3f,
    0xf9, 0xd2, 0xef, 0xff, 0x31, 0x29, 0x0, 0x7f,
    0xd2, 0x1, 0xff, 0xce, 0x60, 0xf, 0xfa, 0x40,
    0x16, 0x1, 0xff, 0x19, 0x80, 0x3f, 0xf9, 0x8c,
    0x20, 0x1f, 0xf3, 0x0, 0x18, 0x40, 0x3f, 0xe9,
    0x0, 0xff, 0xe6, 0x58, 0x7, 0xfc, 0xe2, 0x1,
    0x30, 0x7, 0xfc, 0xa2, 0x1, 0xff, 0xca, 0x42,
    0x0, 0xff, 0xa4, 0x3, 0x48, 0x7, 0xff, 0x2,
    0x40, 0x3f, 0xf9, 0x5e, 0x1, 0xff, 0x28, 0x80,
    0x61, 0x60, 0xf, 0xf9, 0x80, 0x3f, 0xf9, 0x24,
    0x80, 0x1f, 0xf4, 0x80, 0x7a, 0xc0, 0x3f, 0xe1,
    0x60, 0xf, 0xfe, 0x45, 0x80, 0x7f, 0xc8, 0x60,
    0x1e, 0x25, 0x0, 0xff, 0xac, 0x3, 0xff, 0x8e,
    0x2c, 0x1, 0xff, 0x78, 0x7, 0xe9, 0x0, 0xff,
    0x89, 0x40, 0x3f, 0xf8, 0xcc, 0x1, 0xff, 0x12,
    0x0, 0x7e, 0x33, 0x0, 0x7f, 0xd2, 0x1, 0xff,
    0xc6, 0x90, 0xf, 0xfa, 0x0, 0x3f, 0xd0, 0x1,
    0xff, 0x19, 0x80, 0x3f, 0xf8, 0x8a, 0x20, 0x1f,
    0xe1, 0x50, 0xf, 0xf2, 0x10, 0x7, 0xfd, 0x20,
    0x1f, 0xfc, 0x49, 0x0, 0xff, 0xa4, 0x3, 0xff,
    0x81, 0x60, 0x1f, 0xf2, 0x88, 0x7, 0xff, 0x8,
    0xcc, 0x1, 0xfe, 0x17, 0x0, 0xff, 0xe0, 0x30,
    0x80, 0x7f, 0xd2, 0x1, 0xff, 0xc2, 0x90, 0xf,
    0xf9, 0x80, 0x3f, 0xf8, 0x52, 0x1, 0xff, 0x30,
    0x7, 0xff, 0x4, 0x54, 0x3, 0xfe, 0x90, 0xf,
    0xfe, 0x13, 0x0, 0x7f, 0xc2, 0xc0, 0x1f, 0xfc,
    0x9, 0x0, 0xff, 0x98, 0x40, 0x3f, 0xf8, 0x42,
    0xc0, 0x1f, 0xf5, 0x80, 0x7f, 0xf0, 0x18, 0x3,
    0xfe, 0xb0, 0xf, 0xfe, 0x24, 0x0, 0x7f, 0xc4,
    0x80, 0x1f, 0xe6, 0x10, 0xf, 0xf2, 0x10, 0x7,
    0xff, 0x10, 0x54, 0x3, 0xfe, 0x80, 0xf, 0xf5,
    0x0, 0x7f, 0xd0, 0x1, 0xff, 0xc6, 0x90, 0xf,
    0xf8, 0xcc, 0x1, 0xf8, 0xcc, 0x1, 0xfe, 0x33,
    0x0, 0x7f, 0xf1, 0x8d, 0x0, 0x3f, 0xe9, 0x0,
    0xfd, 0x20, 0x1f, 0xf4, 0x80, 0x7f, 0xf2, 0x3c,
    0x3, 0xfe, 0x51, 0x0, 0xf1, 0x28, 0x7, 0xf8,
    0x94, 0x3, 0xff, 0x90, 0x84, 0x1, 0xff, 0x48,
    0x7, 0xa8, 0x3, 0xfe, 0xb0, 0xf, 0xfe, 0x54,
    0x0, 0x7f, 0xcc, 0x1, 0xe6, 0x0, 0xff, 0xb,
    0x0, 0x7f, 0xf2, 0x94, 0x40, 0x3f, 0xc2, 0xa0,
    0x19, 0x44, 0x3, 0xfd, 0x20, 0x1f, 0xfc, 0xc9,
    0x0, 0xff, 0xb8, 0x3, 0x48, 0x7, 0xfc, 0xc0,
    0x1f, 0xfc, 0xc7, 0x10, 0xf, 0xf2, 0x8, 0x0,
    0x4c, 0x3, 0xfc, 0xc2, 0x1, 0xff, 0xcd, 0x60,
    0xf, 0xf9, 0x80, 0xe, 0x1, 0xff, 0x58, 0x7,
    0xff, 0x3a, 0x40, 0x3f, 0xeb, 0x0, 0x50, 0x7,
    0xf9, 0x48, 0x3, 0xff, 0x9c, 0x2c, 0x1, 0xfe,
    0x31, 0x11, 0x80, 0x7f, 0xa4, 0x3, 0xff, 0xa1,
    0x60, 0x1f, 0xf2, 0x20, 0x3, 0xfc, 0x86, 0x1,
    0xff, 0xd0, 0x24, 0x0, 0xff, 0x7e, 0x0, 0x7f,
    0xbc, 0x3, 0xff, 0xa5, 0x0, 0x1f, 0xe4, 0x70,
    0xf, 0xe2, 0x40, 0xf, 0xfe, 0x91, 0x98, 0x3,
    0xf8, 0x44, 0x1, 0xfd, 0x0, 0x1f, 0xfd, 0x49,
    0x0, 0xff, 0xe3, 0x8a, 0x80, 0x7f, 0xf5, 0x14,
    0x80, 0x3f, 0xf8, 0xd2, 0x1, 0xff, 0xd6, 0xb0,
    0xf, 0xfe, 0x33, 0x80, 0x7f, 0xf5, 0x98, 0x40,
    0x3f, 0xf8, 0x8e, 0x1, 0xff, 0xd8, 0x90, 0xf,
    0xfe, 0x24, 0x80, 0x7f, 0xf6, 0x18, 0x3, 0xff,
    0x86, 0xa2, 0x1, 0xff, 0xd8, 0x16, 0x0, 0xff,
    0xe1, 0x40, 0x7, 0xff, 0x6a, 0xc0, 0x3f, 0xf8,
    0x28, 0x40, 0x1f, 0xfd, 0xa2, 0x50, 0xf, 0xfe,
    0x7, 0x80, 0x7f, 0xf7, 0x38, 0x3, 0xfe, 0x14,
    0x0, 0xff, 0xf4, 0x18, 0x7, 0xff, 0xfc, 0x3,
    0xff, 0xfe, 0x1, 0xff, 0xff, 0x0, 0xff, 0xff,
    0x80, 0x7f, 0xff, 0xc0, 0x3f, 0xff, 0xe0, 0x1f,
    0xff, 0xf0, 0xf, 0xff, 0xf8, 0x7, 0xff, 0xfc,
    0x3, 0xff, 0xfe, 0x1, 0xff, 0xff, 0x0, 0xff,
    0xff, 0x80, 0x7f, 0xff, 0xc0, 0x3f, 0xff, 0xe0,
    0x1f, 0xff, 0xf0, 0xf, 0xff, 0xf8, 0x7, 0xff,
    0xfc, 0x3, 0xff, 0xbc,

    /* U+005A "Z" */
    0xc, 0xff, 0xff, 0xee, 0x0, 0x7f, 0xff, 0xc0,
    0x3f, 0xff, 0xe0, 0x1f, 0xff, 0xf0, 0xf, 0xff,
    0xf8, 0x7, 0xff, 0xfc, 0x3, 0xff, 0x98, 0xc2,
    0x3f, 0xfc, 0xf0, 0xf, 0xfe, 0x25, 0x77, 0x7f,
    0xf3, 0x90, 0x3, 0xff, 0x80, 0x60, 0x1f, 0xfd,
    0x13, 0x50, 0xf, 0xfe, 0x7, 0x80, 0x7f, 0xf4,
    0x7c, 0x3, 0xff, 0x80, 0xc6, 0x1, 0xff, 0xd0,
    0x63, 0x0, 0xff, 0x86, 0x0, 0x3f, 0xfa, 0x3,
    0x0, 0x1f, 0xfc, 0x8, 0x10, 0xf, 0xfe, 0x84,
    0x8, 0x7, 0xfc, 0x6c, 0x1, 0xff, 0xd0, 0x26,
    0x0, 0xff, 0xe0, 0x78, 0x7, 0xff, 0x46, 0x40,
    0x3f, 0xf8, 0xa, 0x60, 0x1f, 0xfd, 0x5, 0x40,
    0xf, 0xfe, 0x5, 0x80, 0x7f, 0xf4, 0x6c, 0x3,
    0xff, 0x81, 0x2, 0x1, 0xff, 0xd0, 0x81, 0x0,
    0xff, 0x89, 0xc0, 0x3f, 0xfa, 0x4, 0xe0, 0x1f,
    0xfc, 0x9, 0x0, 0xff, 0xe8, 0xc0, 0x7, 0xff,
    0x1, 0x10, 0x1, 0xff, 0xd0, 0x45, 0x0, 0xff,
    0xe0, 0x48, 0x7, 0xff, 0x46, 0x40, 0x3f, 0xf8,
    0xe, 0x40, 0x1f, 0xfd, 0x7, 0x20, 0xf, 0xf8,
    0x60, 0x3, 0xff, 0xa0, 0x30, 0x1, 0xff, 0xc0,
    0xb0, 0xf, 0xfe, 0x8c, 0x0, 0x7f, 0xf0, 0xd,
    0x40, 0x3f, 0xfa, 0x6, 0xc0, 0x1f, 0xfc, 0xe,
    0x0, 0xff, 0xe8, 0xf8, 0x7, 0xff, 0x1, 0x88,
    0x3, 0xff, 0xa0, 0xc6, 0x1, 0xff, 0xc, 0x0,
    0x7f, 0xf4, 0x60, 0x3, 0xff, 0x81, 0x2, 0x1,
    0xff, 0xd0, 0x81, 0x0, 0xff, 0x8d, 0x80, 0x3f,
    0xfa, 0x4, 0xe0, 0x1f, 0xfc, 0xf, 0x0, 0xff,
    0xe8, 0xc8, 0x7, 0xff, 0x1, 0x4c, 0x3, 0xff,
    0xa0, 0xa8, 0x1, 0xff, 0xc0, 0xb0, 0xf, 0xfe,
    0x8c, 0x0, 0x7f, 0xf0, 0x20, 0x40, 0x3f, 0xfa,
    0xe, 0x40, 0x1f, 0xf1, 0x38, 0x7, 0xff, 0x40,
    0x60, 0x3, 0xff, 0x81, 0x20, 0x1f, 0xfd, 0x1b,
    0x0, 0xff, 0xe0, 0x22, 0x0, 0x3f, 0xfa, 0x6,
    0xa0, 0x1f, 0xfc, 0x9, 0x0, 0xff, 0xe8, 0xf0,
    0x7, 0xff, 0x1, 0xc8, 0x3, 0xff, 0xa0, 0xc4,
    0x1, 0xff, 0xc, 0x0, 0x7f, 0xf4, 0x6, 0x0,
    0x3f, 0xf8, 0x16, 0x1, 0xff, 0xd1, 0x81, 0x0,
    0xff, 0x91, 0x40, 0x3f, 0xfa, 0x6, 0xc0, 0x1f,
    0xfc, 0x9, 0x0, 0xff, 0xe8, 0xf8, 0x7, 0xff,
    0x1, 0x88, 0x3, 0xff, 0xa0, 0xa6, 0x1, 0xff,
    0xc, 0x0, 0x7f, 0xf4, 0x6c, 0x3, 0xff, 0x81,
    0x2, 0x1, 0xff, 0xd0, 0x81, 0x0, 0xff, 0x8d,
    0x80, 0x3f, 0xfa, 0x4, 0xe0, 0x1f, 0xfc, 0xf,
    0x0, 0xff, 0xe8, 0xc8, 0x7, 0xff, 0x1, 0x8c,
    0x3, 0xff, 0xa0, 0x88, 0x0, 0xff, 0xe0, 0x40,
    0x7, 0xff, 0x46, 0x40, 0x3f, 0xf8, 0x10, 0x20,
    0x1f, 0xfd, 0x7, 0x20, 0xf, 0xf8, 0x9c, 0x3,
    0xff, 0xa0, 0x30, 0x1, 0xff, 0xc0, 0x90, 0xf,
    0xfe, 0x8d, 0x80, 0x7f, 0xf0, 0x15, 0x0, 0x3f,
    0xfa, 0x6, 0xa0, 0x1f, 0xfc, 0x8, 0x0, 0xff,
    0xe8, 0xa8, 0x7, 0xff, 0x7, 0x3b, 0xbf, 0xfa,
    0x0, 0x1f, 0xfc, 0x31, 0x1f, 0xfe, 0x88, 0x7,
    0xff, 0xfc, 0x3, 0xff, 0xfe, 0x1, 0xff, 0xff,
    0x0, 0xff, 0xff, 0x80, 0x7f, 0xff, 0xc0, 0x3f,
    0xf9, 0x40,

    /* U+005B "[" */
    0x3f, 0xff, 0xfe, 0x75, 0x0, 0x7f, 0xff, 0xc0,
    0x3f, 0xff, 0xe0, 0x1f, 0xff, 0xf0, 0xf, 0xff,
    0xb9, 0xf7, 0x7f, 0xf0, 0xa8, 0x3, 0xff, 0x82,
    0x23, 0xff, 0xc2, 0x0, 0xff, 0xff, 0x80, 0x7f,
    0xff, 0xc0, 0x3f, 0xff, 0xe0, 0x1f, 0xff, 0xf0,
    0xf, 0xff, 0xf8, 0x7, 0xff, 0xfc, 0x3, 0xff,
    0xfe, 0x1, 0xff, 0xff, 0x0, 0xff, 0xff, 0x80,
    0x7f, 0xff, 0xc0, 0x3f, 0xff, 0xe0, 0x1f, 0xff,
    0xf0, 0xf, 0xff, 0xf8, 0x7, 0xff, 0xfc, 0x3,
    0xff, 0xfe, 0x1, 0xff, 0xff, 0x0, 0xff, 0xff,
    0x80, 0x7f, 0xff, 0xc0, 0x3f, 0xff, 0xe0, 0x1f,
    0xff, 0xf0, 0xf, 0xff, 0xf8, 0x7, 0xff, 0xfc,
    0x3, 0xff, 0xfe, 0x1, 0xff, 0xff, 0x0, 0xff,
    0xf9, 0x8, 0xff, 0xf0, 0x80, 0x3f, 0xf8, 0x27,
    0xdd, 0xff, 0xc2, 0xa0, 0xf, 0xff, 0xf8, 0x7,
    0xff, 0xfc, 0x3, 0xff, 0xfe, 0x1, 0xff, 0xeb,

    /* U+005C "\\" */
    0x18, 0x8f, 0xfe, 0x1, 0x0, 0x7f, 0xf5, 0x45,
    0x5d, 0xff, 0xeb, 0x0, 0xff, 0xeb, 0x50, 0x7,
    0xfc, 0xc0, 0x1f, 0xfd, 0x65, 0x0, 0xff, 0xe0,
    0x28, 0x7, 0xff, 0x54, 0x8c, 0x3, 0xfe, 0xe0,
    0xf, 0xfe, 0xb5, 0x0, 0x7f, 0xc8, 0x20, 0x1f,
    0xfd, 0x56, 0x0, 0xff, 0xe0, 0x30, 0x7, 0xff,
    0x59, 0x40, 0x3f, 0xea, 0x0, 0xff, 0xeb, 0x70,
    0x7, 0xfc, 0x46, 0x1, 0xff, 0xd5, 0x41, 0x0,
    0xff, 0xa8, 0x3, 0xff, 0xac, 0xc0, 0x1f, 0xf3,
    0x80, 0x7f, 0xf5, 0xa8, 0x3, 0xfe, 0x14, 0x0,
    0xff, 0xea, 0x91, 0x80, 0x7f, 0xdc, 0x1, 0xff,
    0xd6, 0xa0, 0xf, 0xf9, 0x44, 0x3, 0xff, 0xaa,
    0xe0, 0x1f, 0xfc, 0x7, 0x0, 0xff, 0xea, 0x8a,
    0x80, 0x7f, 0xd4, 0x1, 0xff, 0xd6, 0xf0, 0xf,
    0xf8, 0xc8, 0x3, 0xff, 0xaa, 0xa2, 0x1, 0xff,
    0x50, 0x7, 0xff, 0x59, 0xc0, 0x3f, 0xe6, 0x0,
    0xff, 0xeb, 0x50, 0x7, 0xfc, 0x28, 0x1, 0xff,
    0xd5, 0x32, 0x0, 0xff, 0xb8, 0x3, 0xff, 0xad,
    0x40, 0x1f, 0xf2, 0x80, 0x7f, 0xf5, 0x98, 0x3,
    0xff, 0x80, 0xc0, 0x1f, 0xfd, 0x51, 0x40, 0xf,
    0xfa, 0x80, 0x3f, 0xfa, 0xdc, 0x1, 0xff, 0x19,
    0x0, 0x7f, 0xf5, 0x54, 0x3, 0xff, 0x80, 0xa0,
    0x1f, 0xfd, 0x66, 0x0, 0xff, 0xa8, 0x3, 0xff,
    0xad, 0x40, 0x1f, 0xf1, 0x18, 0x7, 0xff, 0x54,
    0xc8, 0x3, 0xfe, 0xa0, 0xf, 0xfe, 0xb2, 0x80,
    0x7f, 0xcc, 0x1, 0xff, 0xd6, 0xa0, 0xf, 0xfe,
    0x2, 0x80, 0x7f, 0xf5, 0x48, 0xc0, 0x3f, 0xee,
    0x0, 0xff, 0xeb, 0x50, 0x7, 0xfc, 0x82, 0x1,
    0xff, 0xd5, 0x60, 0xf, 0xfe, 0x3, 0x0, 0x7f,
    0xf5, 0x94, 0x3, 0xfe, 0xa0, 0xf, 0xfe, 0xb7,
    0x0, 0x7f, 0xc4, 0x60, 0x1f, 0xfd, 0x54, 0x10,
    0xf, 0xfa, 0x80, 0x3f, 0xfa, 0xcc, 0x1, 0xff,
    0x38, 0x7, 0xff, 0x5a, 0x80, 0x3f, 0xe1, 0x40,
    0xf, 0xfe, 0xa9, 0x18, 0x7, 0xfd, 0xc0, 0x1f,
    0xfd, 0x6a, 0x0, 0xff, 0x94, 0x40, 0x3f, 0xfa,
    0xae, 0x1, 0xff, 0xc0, 0x70, 0xf, 0xfe, 0xa8,
    0xa0, 0x7, 0xfd, 0x40, 0x1f, 0xfd, 0x6e, 0x0,
    0xff, 0x8c, 0x80, 0x3f, 0xfa, 0xaa, 0x20, 0x1f,
    0xf5, 0x0, 0x7f, 0xf5, 0x9c, 0x3, 0xfe, 0x60,
    0xf, 0xfe, 0xb5, 0x0, 0x7f, 0xc2, 0x80, 0x1f,
    0xfd, 0x53, 0x20, 0xf, 0xfb, 0x80, 0x3f, 0xfa,
    0xd4, 0x1, 0xff, 0x28, 0x7, 0xff, 0x59, 0x80,
    0x3f, 0xf8, 0xc, 0x1, 0xff, 0xd5, 0x14, 0x0,
    0xff, 0xb4, 0x3, 0xff, 0xad, 0xc0, 0x1f, 0xf2,
    0x10, 0x7, 0xff, 0x55, 0x40, 0x3f, 0xf8, 0xa,
    0x1, 0xff, 0xd6, 0x60, 0xf, 0xfa, 0x80, 0x3f,
    0xfa, 0xd4, 0x1, 0xff, 0x11, 0x80, 0x7f, 0xf5,
    0x4c, 0x80, 0x3f, 0xea, 0x0, 0xff, 0xeb, 0x28,
    0x7, 0xfc, 0xc0, 0x1f, 0xfd, 0x6a, 0x0, 0xff,
    0xe0, 0x28, 0x7, 0xff, 0x54, 0x8c, 0x3, 0xfe,
    0xe0, 0xf, 0xfe, 0xb5, 0x0, 0x7f, 0xc8, 0x20,
    0x1f, 0xfd, 0x56, 0x0, 0xff, 0xe0, 0x30, 0x7,
    0xff, 0x59, 0x40, 0x3f, 0xea, 0x0, 0xff, 0xeb,
    0x70, 0x7, 0xfc, 0x46, 0x1, 0xff, 0xd5, 0x41,
    0x0, 0xff, 0xa8, 0x3, 0xff, 0xac, 0xc0, 0x1f,
    0xf3, 0x80, 0x7f, 0xf5, 0xa8, 0x3, 0xfe, 0x14,
    0x0, 0xff, 0xea, 0x91, 0x80, 0x7f, 0xdc, 0x1,
    0xff, 0xd6, 0xa0, 0xf, 0xf9, 0x44, 0x3, 0xff,
    0xaa, 0xe0, 0x1f, 0xfc, 0x7, 0x0, 0xff, 0xea,
    0x8a, 0x0, 0x7f, 0xd4, 0x1, 0xff, 0xd6, 0xe0,
    0xf, 0xf8, 0xc8, 0x3, 0xff, 0xaa, 0xa2, 0x1,
    0xff, 0x50, 0x7, 0xff, 0x59, 0xc0, 0x3f, 0xe6,
    0x0, 0xff, 0xeb, 0x50, 0x7, 0xfc, 0x28, 0x1,
    0xff, 0xd5, 0x32, 0x0, 0xff, 0xb8, 0x3, 0xff,
    0xad, 0x40, 0x1f, 0xf2, 0x80, 0x7f, 0xf5, 0x98,
    0x3, 0xff, 0x80, 0xc0, 0x1f, 0xfd, 0x51, 0x40,
    0xf, 0xfb, 0x40, 0x3f, 0xfa, 0xdc, 0x1, 0xff,
    0x21, 0x0, 0x7f, 0xf5, 0x54, 0x3, 0xff, 0x80,
    0xa0, 0x1f, 0xfd, 0x66, 0x0, 0xff, 0xa8, 0x3,
    0xff, 0xad, 0xa0, 0x1f, 0xf1, 0x18, 0x7, 0xff,
    0x55, 0x4, 0x3, 0xfe, 0xa0, 0xf, 0xfe, 0xb3,
    0x0, 0x7f, 0xcc, 0x1, 0xff, 0xd6, 0xa0, 0xf,
    0xfe, 0x2, 0x80, 0x7f, 0xf5, 0x48, 0xc0, 0x3f,
    0xee, 0x0, 0xff, 0xeb, 0x50, 0x7, 0xfc, 0x82,
    0x1, 0xff, 0xd5, 0x70, 0xf, 0xfe, 0x3, 0x0,
    0x7f, 0xf5, 0x45, 0x40, 0x3f, 0xea, 0x0, 0xff,
    0xeb, 0x70, 0x7, 0xfc, 0x46, 0x1, 0xff, 0xd5,
    0x41, 0x0, 0xff, 0xa8,

    /* U+005D "]" */
    0xf, 0xff, 0xfe, 0x76, 0x80, 0x7f, 0xff, 0xc0,
    0x3f, 0xff, 0xe0, 0x1f, 0xff, 0xf0, 0xf, 0xff,
    0x67, 0x77, 0xff, 0xb, 0x0, 0x3f, 0xf8, 0x22,
    0x3f, 0xfc, 0x30, 0xf, 0xff, 0xf8, 0x7, 0xff,
    0xfc, 0x3, 0xff, 0xfe, 0x1, 0xff, 0xff, 0x0,
    0xff, 0xff, 0x80, 0x7f, 0xff, 0xc0, 0x3f, 0xff,
    0xe0, 0x1f, 0xff, 0xf0, 0xf, 0xff, 0xf8, 0x7,
    0xff, 0xfc, 0x3, 0xff, 0xfe, 0x1, 0xff, 0xff,
    0x0, 0xff, 0xff, 0x80, 0x7f, 0xff, 0xc0, 0x3f,
    0xff, 0xe0, 0x1f, 0xff, 0xf0, 0xf, 0xff, 0xf8,
    0x7, 0xff, 0xfc, 0x3, 0xff, 0xfe, 0x1, 0xff,
    0xff, 0x0, 0xff, 0xff, 0x80, 0x7f, 0xff, 0xc0,
    0x3f, 0xff, 0xe0, 0x1f, 0xff, 0xf0, 0xf, 0xff,
    0x88, 0x8f, 0xff, 0xc, 0x3, 0xff, 0x83, 0xdd,
    0xff, 0xc2, 0xc0, 0xf, 0xff, 0xf8, 0x7, 0xff,
    0xfc, 0x3, 0xff, 0xfe, 0x1, 0xff, 0xf7,

    /* U+005E "^" */
    0x0, 0xff, 0xe2, 0xbc, 0x47, 0xf9, 0x80, 0x3f,
    0xfa, 0xa9, 0xe, 0xff, 0xe9, 0x10, 0xf, 0xfe,
    0xa7, 0x80, 0x7f, 0xf0, 0x24, 0x3, 0xff, 0xa6,
    0x68, 0x1, 0xff, 0xc0, 0x60, 0xf, 0xfe, 0x9c,
    0x80, 0x7f, 0xf0, 0x45, 0x80, 0x3f, 0xfa, 0x22,
    0xa0, 0x1f, 0xfc, 0x2b, 0x0, 0xff, 0xe8, 0xc8,
    0x7, 0xff, 0xc, 0x90, 0x3, 0xff, 0xa0, 0xc0,
    0x1f, 0xfc, 0x4f, 0x0, 0xff, 0xe7, 0xb0, 0x80,
    0x7f, 0xf1, 0x10, 0x80, 0x3f, 0xf9, 0xd6, 0x1,
    0xf8, 0x44, 0x1, 0xfa, 0xc0, 0x3f, 0xf9, 0xa8,
    0x40, 0x1f, 0x9d, 0x40, 0x3f, 0x30, 0x80, 0x7f,
    0xf3, 0x3c, 0x3, 0xfb, 0x74, 0x1, 0xfc, 0xc0,
    0x1f, 0xfc, 0xb2, 0x40, 0xf, 0xc2, 0x88, 0x0,
    0xfe, 0x90, 0xf, 0xfe, 0x5d, 0x80, 0x7f, 0x38,
    0x11, 0x80, 0x7e, 0x15, 0x0, 0xff, 0xe4, 0x8b,
    0x0, 0x7f, 0x68, 0x2, 0xc0, 0x3f, 0xa4, 0x3,
    0xff, 0x93, 0x20, 0x1f, 0xc2, 0x80, 0x6, 0x0,
    0xfe, 0x33, 0x0, 0x7f, 0xf2, 0x18, 0x3, 0xf9,
    0x80, 0x21, 0x40, 0xf, 0xe9, 0x0, 0xff, 0xe3,
    0xb0, 0x80, 0x7f, 0x50, 0x6, 0xe0, 0xf, 0xe5,
    0x10, 0xf, 0xfe, 0x35, 0x80, 0x7f, 0x21, 0x0,
    0x65, 0x10, 0xf, 0xe9, 0x0, 0xff, 0xe2, 0xa1,
    0x0, 0x7f, 0x78, 0x7, 0x98, 0x3, 0xf9, 0x80,
    0x3f, 0xf8, 0xbe, 0x1, 0xfc, 0x48, 0x1, 0xea,
    0x0, 0xfe, 0x16, 0x0, 0xff, 0xe1, 0x92, 0x0,
    0x7f, 0x50, 0x7, 0xc4, 0x80, 0x1f, 0xd6, 0x1,
    0xff, 0xc3, 0xb0, 0xf, 0xf3, 0x0, 0x7e, 0xe0,
    0xf, 0xe2, 0x40, 0xf, 0xfe, 0x8, 0xb0, 0x7,
    0xf2, 0x88, 0x7, 0xe5, 0x10, 0xf, 0xef, 0x0,
    0xff, 0xe0, 0xb0, 0x7, 0xfa, 0x40, 0x3f, 0xcc,
    0x1, 0xfc, 0x84, 0x1, 0xff, 0xc0, 0x90, 0xf,
    0xe2, 0x30, 0xf, 0xf5, 0x0, 0x7f, 0xac, 0x3,
    0xfe, 0x61, 0x0, 0xfe, 0xb0, 0xf, 0xf8, 0x8c,
    0x3, 0xf9, 0x84, 0x3, 0xfd, 0x60, 0x1f, 0xe6,
    0x0, 0xff, 0xe0, 0x48, 0x7, 0xf9, 0x80, 0x3f,
    0x90, 0x80, 0x3f, 0x98, 0x3, 0xff, 0x82, 0xa2,
    0x1, 0xfd, 0x20, 0x1f, 0xde, 0x1, 0xfe, 0xb0,
    0xf, 0xfe, 0x13, 0x0, 0x7f, 0xa, 0x80, 0x7c,
    0x48, 0x1, 0xfc, 0x64, 0x1, 0xff, 0xc2, 0xa0,
    0xf, 0xf4, 0x80, 0x7d, 0x60, 0x1f, 0xe9, 0x0,
    0xff, 0xe1, 0x91, 0x80, 0x7f, 0x19, 0x80, 0x38,
    0x58, 0x3, 0xf8, 0x54, 0x3, 0xff, 0x89, 0x20,
    0x1f, 0xe9, 0x0, 0xe6, 0x0, 0xff, 0x30, 0x7,
    0xff, 0x15, 0x44, 0x3, 0xf9, 0x44, 0x3, 0x48,
    0x7, 0xfa, 0x40, 0x3f, 0xf8, 0xcc, 0x1, 0xfe,
    0x90, 0x9, 0x44, 0x3, 0xf9, 0x44, 0x3, 0xff,
    0x8d, 0x40, 0x1f, 0xe6, 0x0, 0xa4, 0x3, 0xfd,
    0xc0, 0x1f, 0xfc, 0x72, 0x30, 0xf, 0xe1, 0x60,
    0x33, 0x0, 0x7f, 0x12, 0x0, 0x7f, 0xf2, 0x24,
    0x3, 0xfd, 0x60,

    /* U+005F "_" */
    0x3e, 0xef, 0xff, 0xe, 0x0, 0x8f, 0xff, 0x88,
    0x3, 0xff, 0xfe, 0x1, 0xff, 0xff, 0x0, 0xff,
    0xff, 0x80, 0x7f, 0xff, 0xc0, 0x3f, 0xff, 0xe0,
    0x1f, 0xfe, 0x40,

    /* U+0060 "`" */
    0x7, 0x88, 0xff, 0x9c, 0x40, 0x3f, 0xf8, 0xe,
    0xff, 0xf4, 0x50, 0x7, 0xfc, 0xec, 0x1, 0xff,
    0x23, 0x80, 0x7f, 0xd2, 0x60, 0x1f, 0xf4, 0x20,
    0x7, 0xfd, 0xa2, 0x1, 0xff, 0x50, 0x80, 0x7f,
    0x87, 0x40, 0x3f, 0xe1, 0xd0, 0xf, 0xf8, 0xe8,
    0x3, 0xfe, 0x38, 0x0, 0xff, 0x96, 0x0, 0x3f,
    0xe7, 0x40, 0xf, 0xf9, 0xd4, 0x3, 0xfe, 0xa2,
    0x0, 0xff, 0xa8, 0xc0, 0x3f, 0xc3, 0xc0, 0x1f,
    0xfc, 0xd, 0x10, 0xf, 0xf1, 0xc8, 0x7, 0xfc,
    0x3a, 0x1, 0xff, 0x32, 0x80, 0x7f, 0xc7, 0x20,
    0x1f, 0xf5, 0x10, 0x7, 0xfc, 0xce, 0x1, 0xff,
    0x78, 0x0,

    /* U+0061 "a" */
    0x0, 0xff, 0xe2, 0x13, 0x45, 0xef, 0x7f, 0xee,
    0xdb, 0x96, 0x20, 0xf, 0xfe, 0x79, 0xcf, 0x6c,
    0xba, 0x10, 0x80, 0x61, 0x24, 0x69, 0xde, 0x94,
    0x0, 0xff, 0xe5, 0x26, 0x61, 0x84, 0x3, 0xff,
    0x88, 0x2d, 0x7a, 0xa0, 0x1f, 0xfc, 0x61, 0xbb,
    0x18, 0x7, 0xff, 0x28, 0xab, 0x8, 0x3, 0xff,
    0x86, 0x9c, 0x80, 0x1f, 0xfc, 0xe3, 0xd5, 0x0,
    0xff, 0xe0, 0xb5, 0x80, 0x7f, 0xf4, 0xa9, 0xc0,
    0x3f, 0xe6, 0x90, 0xf, 0xfe, 0xa4, 0x30, 0x7,
    0xf1, 0xc8, 0x7, 0xff, 0x5a, 0x4c, 0x3, 0xf7,
    0x0, 0x7f, 0xf6, 0x3c, 0x3, 0xe7, 0x20, 0xf,
    0xfe, 0x18, 0x91, 0x98, 0x80, 0x3f, 0xf8, 0x86,
    0xa0, 0x1e, 0x90, 0xf, 0xfe, 0xa, 0xd7, 0x73,
    0x73, 0x1b, 0xfb, 0x4, 0x1, 0xff, 0xc1, 0x80,
    0xe, 0x41, 0x0, 0xff, 0x8b, 0x69, 0x44, 0x3,
    0xc4, 0xfb, 0x0, 0x1f, 0xfc, 0x2, 0x30, 0xd,
    0xa0, 0x1f, 0xf1, 0xe9, 0x0, 0x7f, 0xf0, 0x1e,
    0x40, 0x3f, 0xf8, 0x8, 0x1, 0x90, 0x3, 0xfe,
    0xe0, 0xf, 0xfe, 0x1b, 0x20, 0x7, 0xfd, 0x80,
    0x18, 0x80, 0x3f, 0xc8, 0x40, 0x1f, 0xfc, 0x4f,
    0x0, 0xff, 0x94, 0x2, 0x12, 0x2f, 0xfb, 0x40,
    0x3f, 0xf8, 0xa8, 0x1, 0xff, 0x8, 0x4, 0x3b,
    0xbf, 0xf3, 0x0, 0x7f, 0xf1, 0x84, 0x3, 0xfe,
    0x20, 0xf, 0xfe, 0xa9, 0x0, 0x7f, 0xfb, 0x44,
    0x3, 0xff, 0xfe, 0x1, 0xff, 0xd3, 0x36, 0x9a,
    0xcc, 0xb7, 0x7f, 0xf8, 0x6, 0x1, 0xff, 0xca,
    0x16, 0xcf, 0xc9, 0x65, 0x33, 0x88, 0xbf, 0xf8,
    0x0, 0x1f, 0xfc, 0x91, 0x9e, 0x93, 0x0, 0xff,
    0xee, 0x37, 0x30, 0x7, 0xff, 0x7a, 0xa4, 0x3,
    0xff, 0xbf, 0x8a, 0x1, 0xff, 0xdf, 0xc3, 0x0,
    0xff, 0xef, 0xc9, 0x80, 0x7f, 0xf7, 0xcd, 0x80,
    0x3f, 0xf8, 0x2f, 0x7d, 0xff, 0xff, 0xc1, 0x30,
    0xf, 0xfe, 0x17, 0x80, 0x7f, 0xf0, 0x1b, 0xe1,
    0x4, 0x3, 0xff, 0x9e, 0x66, 0x0, 0xff, 0xa2,
    0x40, 0x3f, 0xfa, 0x74, 0x1, 0xff, 0x2b, 0x80,
    0x7f, 0xf5, 0x10, 0x3, 0xfe, 0x80, 0xf, 0xfe,
    0xa0, 0x90, 0x7, 0xf8, 0xc8, 0x3, 0xff, 0xa8,
    0x40, 0x1f, 0xf2, 0x0, 0x7f, 0xf2, 0x4, 0x3,
    0xff, 0x80, 0xc0, 0x1f, 0xf7, 0x0, 0x7f, 0xf2,
    0xc, 0x3, 0xff, 0x80, 0x60, 0x1f, 0xfd, 0x41,
    0x0, 0xff, 0xe6, 0x70, 0x7, 0xff, 0x1d, 0x0,
    0x3f, 0xf9, 0xa6, 0x1, 0xff, 0xc7, 0xe0, 0xf,
    0xfe, 0x9, 0x80, 0x7f, 0xc8, 0x20, 0x1f, 0xfc,
    0x53, 0x50, 0xf, 0xfe, 0xb, 0x80, 0x7f, 0xf0,
    0x20, 0x3, 0xff, 0x88, 0x3c, 0x1, 0xff, 0xc2,
    0x20, 0xf, 0xfe, 0x3, 0x30, 0x3, 0xff, 0x84,
    0x38, 0x40, 0x1f, 0xfc, 0x33, 0x0, 0xff, 0xe0,
    0x4c, 0x0, 0x7f, 0xf0, 0x1b, 0x88, 0x3, 0xff,
    0x89, 0x60, 0x1f, 0xfc, 0x17, 0xe8, 0x30, 0xe,
    0x14, 0x8e, 0x90, 0xc, 0x20, 0x1f, 0xfc, 0x16,
    0x0, 0xff, 0xe1, 0xb, 0xe7, 0xf6, 0xf7, 0xf5,
    0xb8, 0x80, 0x72, 0x0, 0x7f, 0xf0, 0x45, 0x80,
    0x3f, 0xf8, 0xa2, 0x42, 0x1, 0xfc, 0x24, 0x1,
    0xff, 0xc2, 0x80, 0xf, 0xfe, 0x8c, 0x80, 0x7f,
    0xf0, 0xc6, 0x80, 0x3f, 0xf9, 0xe2, 0xc0, 0x1f,
    0xfc, 0x45, 0x60, 0xf, 0xfe, 0x75, 0x8, 0x7,
    0xff, 0x16, 0x58, 0x3, 0xff, 0x99, 0x8, 0x1,
    0xff, 0xc7, 0x98, 0x0, 0xff, 0xe5, 0x4b, 0x80,
    0x7f, 0xf2, 0x5f, 0xc, 0x3, 0xff, 0x8c, 0x78,
    0xc0, 0x1f, 0xfc, 0xb3, 0xca, 0x40, 0xf, 0xfe,
    0x12, 0x56, 0x18, 0x7, 0xff, 0x39, 0x6f, 0xa9,
    0x8c, 0x80, 0x21, 0x24, 0x7a, 0xeb, 0x50, 0xf,
    0x47, 0xff, 0xfc, 0x60,

    /* U+0062 "b" */
    0x36, 0x6f, 0xf8, 0x80, 0x3f, 0xfa, 0x75, 0x33,
    0xff, 0x20, 0x7, 0xff, 0xfc, 0x3, 0xff, 0xfe,
    0x1, 0xff, 0xff, 0x0, 0xff, 0xff, 0x80, 0x7f,
    0xff, 0xc0, 0x3f, 0xff, 0xe0, 0x1f, 0xff, 0xf0,
    0xf, 0xff, 0xf8, 0x7, 0xff, 0xbc, 0xc0, 0x3f,
    0xfd, 0x9, 0x17, 0xbd, 0xfe, 0xec, 0x95, 0x10,
    0xf, 0xfe, 0x58, 0x80, 0x79, 0xfa, 0xdd, 0x8,
    0x40, 0x2, 0x6d, 0x5d, 0x44, 0x1, 0xff, 0xce,
    0x4e, 0x81, 0x0, 0xff, 0xe0, 0x2e, 0xc8, 0x7,
    0xff, 0x21, 0xc0, 0x27, 0xb1, 0x0, 0xff, 0xe2,
    0x36, 0x90, 0x7, 0xff, 0x26, 0x20, 0x1, 0xff,
    0xc7, 0x2c, 0x30, 0xf, 0xfe, 0x28, 0x82, 0xb8,
    0x7, 0xff, 0x24, 0x74, 0x80, 0x3f, 0xf8, 0xa3,
    0x40, 0x1f, 0xfc, 0xb1, 0xe0, 0xf, 0xfe, 0x21,
    0xd8, 0x7, 0xff, 0x34, 0xe0, 0x3, 0xff, 0x86,
    0xaa, 0x0, 0xff, 0xe7, 0x39, 0x0, 0x7f, 0xf0,
    0xb4, 0x3, 0xff, 0xa1, 0x60, 0x1f, 0xfc, 0x27,
    0x0, 0xf2, 0x3c, 0x41, 0xd4, 0x40, 0x3f, 0xf8,
    0x6c, 0x20, 0x1f, 0xfc, 0x11, 0x0, 0x86, 0x7e,
    0xe1, 0xdd, 0x15, 0xd8, 0xa0, 0x1f, 0xfc, 0x27,
    0x0, 0xff, 0xe2, 0x27, 0x30, 0x7, 0xe3, 0xaa,
    0x0, 0x7f, 0xf0, 0x74, 0x3, 0xff, 0x86, 0x96,
    0x1, 0xff, 0xc0, 0x5a, 0x0, 0xff, 0xe0, 0x20,
    0x7, 0xff, 0x8, 0x68, 0x3, 0xff, 0x84, 0xac,
    0x1, 0xff, 0xc0, 0x30, 0xf, 0xfe, 0xb, 0x8,
    0x7, 0xff, 0xe, 0xc0, 0x3f, 0xf8, 0xa, 0x1,
    0xff, 0xc1, 0x90, 0xf, 0xfe, 0x21, 0x18, 0x7,
    0xfd, 0xc0, 0x1f, 0xfc, 0x2, 0x10, 0xf, 0xfe,
    0x2a, 0x0, 0x7f, 0xc4, 0x1, 0xff, 0xc0, 0x40,
    0xf, 0xfe, 0x36, 0x80, 0x7f, 0xc2, 0x1, 0xff,
    0xc0, 0xe0, 0xf, 0xfe, 0x30, 0x80, 0x7f, 0xce,
    0x1, 0xff, 0xc0, 0x10, 0xf, 0xfe, 0x33, 0x80,
    0x7f, 0xff, 0xc0, 0x3f, 0xff, 0xe0, 0x1f, 0xff,
    0xf0, 0xf, 0xff, 0xf8, 0x7, 0xff, 0xfc, 0x3,
    0xff, 0xfe, 0x1, 0xff, 0xff, 0x0, 0xff, 0xff,
    0x80, 0x7f, 0xf7, 0x4, 0x3, 0xff, 0x8c, 0xe0,
    0x1f, 0xfc, 0xce, 0x0, 0xff, 0xe3, 0x8, 0x7,
    0xfc, 0xe0, 0x1f, 0xfc, 0x4, 0x0, 0xff, 0xe3,
    0x68, 0x7, 0xfc, 0x20, 0x1f, 0xfc, 0x2, 0x10,
    0xf, 0xfe, 0x2a, 0x0, 0x7f, 0xc4, 0x1, 0xff,
    0xc1, 0x90, 0xf, 0xfe, 0x21, 0x18, 0x7, 0xfd,
    0xc0, 0x1f, 0xfc, 0x16, 0x10, 0xf, 0xfe, 0x1d,
    0x80, 0x7f, 0xf0, 0x14, 0x3, 0xff, 0x82, 0x34,
    0x1, 0xff, 0xc2, 0x56, 0x0, 0xff, 0xe0, 0x18,
    0x7, 0xff, 0x9, 0x2c, 0x3, 0xff, 0x80, 0xb4,
    0x1, 0xff, 0xc0, 0x40, 0xf, 0xfe, 0x22, 0x73,
    0x0, 0x7e, 0x3a, 0xa0, 0x7, 0xff, 0x7, 0x40,
    0x3f, 0xf8, 0x22, 0x1, 0xc, 0xfd, 0xc3, 0xba,
    0x2b, 0xb1, 0x40, 0x3f, 0xf8, 0x4e, 0x1, 0xff,
    0xc1, 0x70, 0xf, 0x23, 0xc4, 0x1d, 0x44, 0x3,
    0xff, 0x86, 0xc2, 0x1, 0xff, 0xc1, 0xa0, 0xf,
    0xfe, 0x85, 0x80, 0x7f, 0xf0, 0x89, 0x40, 0x3f,
    0xf9, 0xd0, 0x40, 0x1f, 0xfc, 0x3b, 0x0, 0xff,
    0xe6, 0x9b, 0x80, 0x7f, 0xf1, 0x6, 0x80, 0x3f,
    0xf9, 0x63, 0xa0, 0x1f, 0xfc, 0x65, 0x70, 0xf,
    0xfe, 0x48, 0xe0, 0x80, 0x7f, 0xf1, 0xe1, 0xc0,
    0x3f, 0xf8, 0xe5, 0x84, 0x1, 0xff, 0xc9, 0x8a,
    0x10, 0xf, 0xfe, 0x23, 0xe9, 0x0, 0x7f, 0xf2,
    0xd7, 0x9c, 0x40, 0x3f, 0xf8, 0xb, 0xb0, 0x1,
    0xfa, 0x7f, 0xff, 0xe1, 0x0, 0xf4, 0x75, 0xba,
    0x10, 0x80, 0x4, 0xda, 0xbe, 0x88, 0x3, 0xf8,

    /* U+0063 "c" */
    0x0, 0xff, 0xe1, 0x93, 0x45, 0xef, 0x7f, 0xdd,
    0xb9, 0x4e, 0x80, 0x1f, 0xfc, 0xf2, 0x9d, 0xd4,
    0xba, 0x10, 0x80, 0x42, 0x46, 0xb1, 0x7f, 0x6a,
    0x1, 0xff, 0xca, 0x4b, 0xd6, 0x20, 0xf, 0xfe,
    0x22, 0x57, 0x38, 0x7, 0xff, 0x18, 0x6a, 0xd0,
    0x3, 0xff, 0x92, 0x31, 0xca, 0x1, 0xff, 0xc3,
    0x4e, 0x50, 0xf, 0xfe, 0x68, 0xd5, 0x0, 0x3f,
    0xf8, 0x2f, 0x60, 0x1f, 0xfd, 0x15, 0xc1, 0x0,
    0xff, 0x3c, 0x0, 0x7f, 0xf4, 0xcf, 0x4, 0x3,
    0xf3, 0x40, 0x7, 0xff, 0x54, 0xb4, 0x3, 0xe2,
    0x90, 0xf, 0xfe, 0xb9, 0xc0, 0x7, 0xb8, 0x3,
    0xff, 0xb2, 0xe6, 0x1, 0x94, 0xc0, 0x3f, 0xf8,
    0x62, 0xac, 0xec, 0xa4, 0x1, 0xff, 0xc4, 0x80,
    0xd, 0x0, 0x1f, 0xfc, 0x27, 0xde, 0xa9, 0x89,
    0xad, 0xe9, 0x20, 0xf, 0xfe, 0xa, 0x18, 0x1,
    0x48, 0x3, 0xff, 0x80, 0x7d, 0x4, 0x1, 0xf0,
    0xb6, 0xb8, 0x7, 0xff, 0x6, 0x80, 0x1e, 0x1,
    0xff, 0xc0, 0x4c, 0x10, 0xf, 0xfe, 0x4, 0x48,
    0x7, 0xff, 0x1, 0xc0, 0xa, 0x1, 0xff, 0x15,
    0x80, 0x7f, 0xf0, 0xd9, 0xc0, 0x3f, 0xe1, 0x33,
    0x0, 0x7f, 0xf0, 0x20, 0x3, 0xff, 0x8b, 0x2,
    0x1, 0xff, 0x2a, 0x80, 0x3f, 0xe1, 0x50, 0xf,
    0xfe, 0x33, 0x0, 0x7f, 0xdf, 0xe0, 0xf, 0xf9,
    0xc0, 0x3f, 0xf8, 0xf6, 0x1, 0xff, 0x11, 0x80,
    0x7f, 0xde, 0x1, 0xff, 0xc7, 0x20, 0xf, 0xf9,
    0xc4, 0x3, 0xfe, 0x20, 0xf, 0xfe, 0x38, 0xee,
    0x67, 0xfb, 0x9c, 0x3, 0xfe, 0x70, 0xf, 0xfe,
    0x41, 0x19, 0xff, 0x88, 0x3, 0xff, 0xfe, 0x1,
    0xff, 0xff, 0x0, 0xff, 0xff, 0x80, 0x7f, 0xff,
    0xc0, 0x3f, 0xff, 0xe0, 0x1f, 0xff, 0xf0, 0xf,
    0xff, 0xf8, 0x7, 0xff, 0xfc, 0x3, 0xff, 0xa4,
    0xe0, 0x1f, 0xf3, 0x80, 0x7f, 0xf2, 0xc, 0xff,
    0xe2, 0x10, 0xf, 0xf8, 0x80, 0x3f, 0xf8, 0xe3,
    0x99, 0xff, 0x71, 0x80, 0x7f, 0xd8, 0x1, 0xff,
    0xc7, 0x20, 0xf, 0xf9, 0xfc, 0x3, 0xfe, 0x40,
    0xf, 0xfe, 0x3d, 0x80, 0x7f, 0xc4, 0xa0, 0x1f,
    0xf0, 0xa8, 0x7, 0xff, 0x19, 0x80, 0x3f, 0xef,
    0x30, 0xf, 0xfe, 0x4, 0x8, 0x7, 0xff, 0x12,
    0x4, 0x3, 0xfe, 0x50, 0x50, 0xf, 0xf8, 0xa8,
    0x3, 0xff, 0x86, 0xae, 0x1, 0xff, 0x9, 0x87,
    0x80, 0x7f, 0xf0, 0x13, 0x4, 0x3, 0xff, 0x80,
    0xf4, 0x1, 0xff, 0xc0, 0x70, 0x2, 0x90, 0x7,
    0xff, 0x0, 0xfa, 0x8, 0x3, 0xf3, 0x6c, 0x0,
    0x7f, 0xf0, 0x68, 0x2, 0x80, 0xf, 0xfe, 0x13,
    0xef, 0x54, 0xc4, 0xd6, 0x7c, 0x90, 0x7, 0xff,
    0x5, 0xc, 0x2, 0x53, 0x0, 0xff, 0xe1, 0x8a,
    0xb3, 0xb2, 0x98, 0x7, 0xff, 0x12, 0x0, 0x3b,
    0x80, 0x3f, 0xfb, 0x2e, 0x60, 0x1c, 0x52, 0x1,
    0xff, 0xd7, 0x38, 0x0, 0xf9, 0xa0, 0x3, 0xff,
    0xaa, 0x5a, 0x1, 0xfc, 0xf0, 0x1, 0xff, 0xd3,
    0x3c, 0x10, 0xf, 0xf3, 0xd8, 0x7, 0xff, 0x45,
    0x70, 0x40, 0x3f, 0xf8, 0x9, 0xca, 0x1, 0xff,
    0xcd, 0x1a, 0xa0, 0x7, 0xff, 0xc, 0x6a, 0xcc,
    0x3, 0xff, 0x92, 0x31, 0xca, 0x1, 0xff, 0xc6,
    0x4c, 0xd6, 0x20, 0xf, 0xfe, 0x22, 0x57, 0x38,
    0x7, 0xff, 0x28, 0xa7, 0x75, 0x2e, 0x84, 0x20,
    0x18, 0x4d, 0x62, 0xfe, 0xd4, 0x3, 0xff, 0x80,

    /* U+0064 "d" */
    0x0, 0xff, 0xea, 0x23, 0x37, 0xfc, 0x20, 0x1f,
    0xfd, 0x48, 0x99, 0xff, 0x88, 0x3, 0xff, 0xfe,
    0x1, 0xff, 0xff, 0x0, 0xff, 0xff, 0x80, 0x7f,
    0xff, 0xc0, 0x3f, 0xff, 0xe0, 0x1f, 0xff, 0xf0,
    0xf, 0xff, 0xf8, 0x7, 0xff, 0xfc, 0x3, 0xff,
    0xfe, 0x1, 0xff, 0xc0, 0x27, 0xad, 0xef, 0xf7,
    0x6d, 0x31, 0x0, 0x7e, 0x70, 0xf, 0xfe, 0x52,
    0xee, 0xa1, 0x48, 0x40, 0x2, 0x4b, 0x3b, 0x68,
    0x1, 0xff, 0xcf, 0x3d, 0xa2, 0x0, 0xff, 0xe0,
    0x25, 0xd0, 0x80, 0x61, 0x0, 0xff, 0xe3, 0xb6,
    0x10, 0x7, 0xff, 0x11, 0x7c, 0x80, 0x3f, 0xf9,
    0x51, 0x20, 0x1f, 0xfc, 0x71, 0xd3, 0x0, 0x18,
    0x7, 0xff, 0x15, 0xdc, 0x1, 0xff, 0xca, 0xd1,
    0x0, 0xff, 0xe3, 0x24, 0x0, 0x7f, 0xf2, 0xc6,
    0x80, 0x40, 0x3f, 0xf8, 0x94, 0x1, 0xff, 0xcd,
    0x44, 0x0, 0x7f, 0xf1, 0x20, 0x40, 0x3f, 0xf9,
    0xd1, 0xe0, 0x1f, 0xfc, 0x21, 0x70, 0xf, 0xfe,
    0x79, 0xf0, 0x7, 0xff, 0x9, 0x80, 0x3f, 0xf8,
    0x86, 0xd1, 0x7, 0x62, 0x0, 0xf3, 0x80, 0x7f,
    0xf0, 0xa8, 0x3, 0xff, 0x82, 0x31, 0xd9, 0x2e,
    0xe8, 0x9d, 0xe6, 0x0, 0xc2, 0x1, 0xff, 0xc1,
    0x22, 0x0, 0x7f, 0xf0, 0xf, 0xdc, 0x40, 0x3e,
    0x19, 0xc1, 0x0, 0xff, 0xe2, 0x20, 0x7, 0xff,
    0x0, 0xb0, 0x40, 0x3f, 0xe3, 0xc0, 0xf, 0xfe,
    0x26, 0x0, 0x7f, 0xf0, 0x38, 0x3, 0xff, 0x84,
    0x52, 0x1, 0xff, 0xc3, 0x70, 0xf, 0xf9, 0xc,
    0x3, 0xff, 0x86, 0xc2, 0x1, 0xff, 0xc2, 0x20,
    0xf, 0xfb, 0x80, 0x3f, 0xf8, 0xb2, 0x1, 0xff,
    0xce, 0x70, 0xf, 0xfe, 0x2a, 0x0, 0x7f, 0xf0,
    0x48, 0x3, 0xff, 0x80, 0x40, 0x1f, 0xfc, 0x53,
    0x0, 0xff, 0xe6, 0x88, 0x7, 0xff, 0x1c, 0x40,
    0x3f, 0xf9, 0x86, 0x1, 0xff, 0xc7, 0x30, 0xf,
    0xfe, 0x0, 0x80, 0x7f, 0xf4, 0xc4, 0x3, 0xff,
    0xfe, 0x1, 0xff, 0xff, 0x0, 0xff, 0xff, 0x80,
    0x7f, 0xff, 0xc0, 0x3f, 0xff, 0xe0, 0x1f, 0xff,
    0xf0, 0xf, 0xff, 0xf8, 0x7, 0xff, 0x3c, 0x40,
    0x3f, 0xfa, 0x62, 0x1, 0xff, 0xcc, 0x30, 0xf,
    0xfe, 0x39, 0x80, 0x7f, 0xf3, 0x4, 0x3, 0xff,
    0x8e, 0x20, 0x1f, 0xfc, 0x3, 0x0, 0xff, 0xe0,
    0x10, 0x7, 0xff, 0x14, 0xc0, 0x3f, 0xf8, 0x22,
    0x1, 0xff, 0xc0, 0x70, 0xf, 0xfe, 0x2a, 0x0,
    0x7f, 0xf0, 0x88, 0x3, 0xfe, 0xe0, 0xf, 0xfe,
    0x2c, 0x80, 0x7f, 0xf0, 0x9c, 0x3, 0xfe, 0x43,
    0x0, 0xff, 0xe1, 0xb0, 0x80, 0x7f, 0xf0, 0xb0,
    0x3, 0xff, 0x81, 0xc0, 0x1f, 0xfc, 0x22, 0x90,
    0xf, 0xfe, 0x1a, 0x0, 0x7f, 0xf0, 0xb, 0x4,
    0x3, 0xfe, 0x3c, 0x0, 0xff, 0xe2, 0x11, 0x0,
    0x3f, 0xf8, 0x7, 0xee, 0x20, 0x1f, 0xc, 0xe0,
    0x80, 0x7f, 0xf1, 0x68, 0x3, 0xff, 0x82, 0x31,
    0xd9, 0x2e, 0xf4, 0xef, 0x30, 0x6, 0x10, 0xf,
    0xfe, 0x13, 0x0, 0x7f, 0xf1, 0xd, 0xa2, 0x26,
    0x20, 0xf, 0x38, 0x7, 0xff, 0x8, 0x5c, 0x3,
    0xff, 0x9e, 0x82, 0x1, 0xff, 0xc3, 0x82, 0x0,
    0xff, 0xe7, 0x40, 0x7, 0xff, 0x17, 0x80, 0x3f,
    0xf9, 0xaa, 0x60, 0x1f, 0xfc, 0x53, 0x90, 0xf,
    0xfe, 0x58, 0xd8, 0x7, 0xff, 0x1d, 0xa0, 0x3,
    0xff, 0x95, 0xa2, 0x1, 0xff, 0xc8, 0x79, 0x0,
    0xff, 0xe3, 0x8e, 0x18, 0x7, 0xff, 0x29, 0xb4,
    0xc0, 0x3f, 0xf8, 0x89, 0xe6, 0x1, 0xff, 0xcc,
    0x2c, 0xa3, 0x0, 0xff, 0xe0, 0x1d, 0xd8, 0x40,
    0x3f, 0xf9, 0xeb, 0x9b, 0xa, 0x42, 0x0, 0x12,
    0x59, 0xdc, 0x40, 0xf, 0x47, 0xff, 0xfc, 0x60,

    /* U+0065 "e" */
    0x0, 0xff, 0xe2, 0x23, 0xd6, 0x77, 0x3f, 0xdd,
    0xb9, 0x2c, 0x60, 0x1f, 0xfd, 0x6, 0xbf, 0xb8,
    0x53, 0x11, 0x0, 0x4, 0x8d, 0xa7, 0x3a, 0x4c,
    0x3, 0xff, 0x94, 0x31, 0xd2, 0x80, 0x1f, 0xfc,
    0x31, 0x6c, 0xc2, 0x0, 0x7f, 0xf1, 0xd7, 0xdc,
    0x40, 0x3f, 0xf9, 0x7, 0x76, 0x20, 0xf, 0xfe,
    0x25, 0x50, 0x40, 0x3f, 0xf9, 0x89, 0xaa, 0x1,
    0xff, 0xc1, 0x1d, 0x50, 0xf, 0xfe, 0x85, 0x38,
    0x7, 0xfc, 0x38, 0x40, 0x1f, 0xfd, 0x28, 0x70,
    0xf, 0xf6, 0x90, 0x7, 0xff, 0x52, 0x18, 0x3,
    0xf4, 0x18, 0x7, 0xff, 0x5a, 0x48, 0x3, 0xc6,
    0xe0, 0x1f, 0xfc, 0x24, 0x89, 0xba, 0x97, 0x30,
    0xf, 0xfe, 0x17, 0x0, 0x7b, 0xc0, 0x3f, 0xf8,
    0x3, 0x1f, 0x6e, 0xc8, 0xad, 0x19, 0xaa, 0x1,
    0xff, 0xc0, 0x36, 0x0, 0xc8, 0x60, 0x1f, 0xf1,
    0xfb, 0x80, 0x7f, 0x15, 0x50, 0x3, 0xff, 0x81,
    0x60, 0x1b, 0xc0, 0x3f, 0xe2, 0xc1, 0x0, 0xff,
    0xe0, 0x2d, 0x80, 0x7f, 0xc4, 0xa0, 0x1, 0x40,
    0xf, 0xfb, 0xc0, 0x3f, 0xf8, 0x68, 0xe0, 0x1f,
    0xf7, 0x80, 0x1c, 0x3, 0xfe, 0x62, 0x0, 0xff,
    0xe2, 0x40, 0x80, 0x7f, 0x94, 0x1, 0x80, 0x1f,
    0xf5, 0x80, 0x7f, 0xf1, 0x98, 0x3, 0xfe, 0x40,
    0x70, 0xf, 0xf1, 0x10, 0x3, 0xff, 0x8d, 0x60,
    0x1f, 0xf1, 0x1, 0x0, 0x7f, 0x90, 0x3, 0xff,
    0x8e, 0x60, 0x1f, 0xf7, 0x90, 0x7, 0xfd, 0xe0,
    0x1f, 0xfc, 0x82, 0x0, 0xff, 0x10, 0x80, 0x7f,
    0xc6, 0x1, 0xff, 0xc8, 0x60, 0xf, 0xf3, 0x80,
    0x7f, 0xf0, 0x4, 0x3, 0xff, 0x90, 0x20, 0x1f,
    0xe1, 0x70, 0xf, 0xf9, 0xc0, 0x3f, 0xff, 0xe0,
    0x60, 0x1f, 0xfc, 0xc, 0xff, 0xff, 0xe4, 0x28,
    0x7, 0xff, 0xfc, 0x3, 0xff, 0xfe, 0x1, 0xff,
    0xff, 0x0, 0xff, 0xfc, 0x11, 0x7f, 0xf5, 0x14,
    0x3, 0xff, 0x81, 0xdb, 0xbf, 0xfd, 0x3b, 0x0,
    0xff, 0xff, 0x80, 0x7f, 0xf0, 0xdc, 0x3, 0xff,
    0xd8, 0xe0, 0x1f, 0xfd, 0x41, 0x0, 0xff, 0x88,
    0x3, 0xff, 0xa8, 0x40, 0x1f, 0xf7, 0x0, 0x7f,
    0xf5, 0x48, 0x3, 0xfc, 0x80, 0x1f, 0xfd, 0x57,
    0x0, 0xff, 0x19, 0x0, 0x7f, 0xf5, 0x30, 0x3,
    0xfe, 0xb0, 0xf, 0xfe, 0x35, 0xff, 0xff, 0xc4,
    0xe, 0x1, 0xff, 0x32, 0x0, 0x7f, 0xf1, 0x9,
    0x0, 0x3f, 0xe2, 0x1, 0x40, 0xf, 0xfa, 0xd0,
    0x3, 0xff, 0x84, 0x3e, 0x1, 0xff, 0x28, 0x5,
    0xe0, 0x1f, 0xfc, 0xb, 0x81, 0x0, 0xff, 0x97,
    0xc8, 0x3, 0xfe, 0xe0, 0x9, 0xc, 0x3, 0xff,
    0x80, 0xfd, 0x2a, 0x20, 0x18, 0x92, 0x3a, 0x84,
    0x3, 0xfe, 0x24, 0x0, 0xde, 0x1, 0xff, 0xc2,
    0x6a, 0xef, 0xfd, 0xb6, 0xe2, 0x1, 0xff, 0xc1,
    0x90, 0xe, 0x37, 0x0, 0xff, 0xec, 0x2a, 0x0,
    0x7a, 0xc, 0x3, 0xff, 0xac, 0x56, 0x1, 0xfb,
    0x48, 0x3, 0xff, 0xa8, 0x3e, 0x20, 0x1f, 0x87,
    0x8, 0x3, 0xff, 0xa4, 0x58, 0x40, 0x1f, 0xe1,
    0xd5, 0x0, 0xff, 0xe8, 0x26, 0x10, 0x7, 0xff,
    0x6, 0xa8, 0x20, 0x1f, 0xfc, 0xc1, 0x9b, 0x10,
    0xf, 0xfe, 0x1a, 0xfb, 0x88, 0x7, 0xff, 0x20,
    0x5f, 0x98, 0x3, 0xff, 0x8c, 0x31, 0xd2, 0x80,
    0x1f, 0xfc, 0x44, 0x9e, 0x80, 0xf, 0xfe, 0x5b,
    0x5f, 0xdc, 0x29, 0x88, 0x80, 0x21, 0x35, 0x8b,
    0xfb, 0x60, 0xf, 0xfe, 0x0,

    /* U+0066 "f" */
    0x0, 0xff, 0xe7, 0x92, 0xbc, 0x4c, 0xff, 0xf1,
    0x10, 0x3, 0xff, 0x98, 0x95, 0xdb, 0x50, 0xec,
    0xdf, 0xfc, 0x43, 0x0, 0xff, 0xe5, 0x2e, 0xda,
    0x88, 0x7, 0xff, 0x74, 0x6e, 0x88, 0x3, 0xff,
    0xbe, 0x7e, 0x80, 0x1f, 0xfe, 0x2, 0xd1, 0x0,
    0xff, 0xf0, 0xf, 0x88, 0x7, 0xff, 0x86, 0xc8,
    0x3, 0xff, 0xc2, 0x6a, 0x1, 0xff, 0xe2, 0x90,
    0xf, 0xff, 0x1a, 0x80, 0x7f, 0xf8, 0x90, 0x3,
    0xff, 0x82, 0xb7, 0xdf, 0xff, 0xfc, 0x37, 0x0,
    0xff, 0xe1, 0xe0, 0x7, 0xff, 0x2, 0x29, 0x4,
    0x3, 0xff, 0xa6, 0x40, 0x1f, 0xf2, 0x38, 0x7,
    0xff, 0x58, 0x40, 0x3f, 0xed, 0x0, 0xff, 0xeb,
    0xb8, 0x7, 0xfc, 0xa0, 0x1f, 0xff, 0xf0, 0xf,
    0xff, 0xf8, 0x7, 0xff, 0xfc, 0x3, 0xff, 0xfe,
    0x1, 0xff, 0xff, 0x0, 0xff, 0xff, 0x80, 0x13,
    0xbb, 0xff, 0x84, 0x60, 0x1f, 0xf6, 0xf7, 0x7f,
    0xf1, 0xd8, 0x4, 0x7f, 0xf8, 0x40, 0x1f, 0xfc,
    0x1, 0x1f, 0xfe, 0x48, 0x7, 0xff, 0xfc, 0x3,
    0xff, 0xfe, 0x1, 0xff, 0xff, 0x0, 0xff, 0xff,
    0x80, 0x7f, 0xff, 0xc0, 0x3f, 0xfd, 0xa9, 0xff,
    0xff, 0xc2, 0x30, 0xf, 0xfb, 0x3f, 0xff, 0xf8,
    0xee, 0x1, 0xff, 0xff, 0x0, 0xff, 0xff, 0x80,
    0x7f, 0xff, 0xc0, 0x3f, 0xff, 0xe0, 0x1f, 0xff,
    0xf0, 0xf, 0xff, 0xf8, 0x7, 0xff, 0xfc, 0x3,
    0xff, 0xfe, 0x1, 0xff, 0xff, 0x0, 0xff, 0xff,
    0x80, 0x7f, 0xff, 0xc0, 0x3f, 0xff, 0xe0, 0x1f,
    0xff, 0xf0, 0xf, 0xff, 0xf8, 0x7, 0xff, 0xfc,
    0x3, 0xff, 0xfe, 0x1, 0xff, 0xff, 0x0, 0xff,
    0xff, 0x80, 0x7f, 0xff, 0xc0, 0x3f, 0xff, 0xe0,
    0x1f, 0xff, 0xf0, 0xf, 0xff, 0x68,

    /* U+0067 "g" */
    0x0, 0xff, 0xe1, 0x9a, 0xb3, 0x15, 0x8, 0x3,
    0xff, 0xac, 0x51, 0x9f, 0x95, 0x32, 0xab, 0xdf,
    0xb5, 0x0, 0xf8, 0xdd, 0xff, 0xe1, 0x0, 0xfe,
    0x2a, 0xd7, 0x30, 0xf, 0xe4, 0xae, 0x60, 0xe,
    0xb8, 0x8f, 0xf8, 0x80, 0x3f, 0x3e, 0xa8, 0x7,
    0xff, 0x8, 0x66, 0xc4, 0x3, 0xff, 0x97, 0x70,
    0x1, 0xff, 0xc6, 0x4c, 0x10, 0xf, 0xfe, 0x4e,
    0x20, 0x7, 0xff, 0x20, 0xb0, 0x40, 0x3f, 0xf8,
    0xf4, 0x60, 0x1f, 0xfc, 0xa2, 0xb0, 0xf, 0xfe,
    0x33, 0x28, 0x7, 0xff, 0x31, 0x50, 0x3, 0xff,
    0x88, 0x32, 0x1, 0xff, 0xce, 0x90, 0xf, 0xfe,
    0x25, 0x80, 0x7f, 0xf3, 0xc9, 0x0, 0x3f, 0xf8,
    0x44, 0xa0, 0x1f, 0xfd, 0x3, 0x0, 0xff, 0xe1,
    0x50, 0x7, 0xff, 0xd, 0x67, 0x7b, 0xfb, 0x65,
    0x40, 0x3f, 0xf9, 0xc, 0x1, 0xff, 0xc1, 0x4d,
    0xa6, 0x21, 0x1, 0x26, 0xad, 0x40, 0xf, 0xfe,
    0x29, 0x8, 0x7, 0xff, 0x1, 0xac, 0x80, 0x3f,
    0x8a, 0xd4, 0x3, 0xff, 0x88, 0xa0, 0x1f, 0xfc,
    0x4, 0x90, 0xf, 0xfe, 0xd, 0x18, 0x7, 0xff,
    0xf, 0x40, 0x3f, 0xf8, 0x12, 0x1, 0xff, 0xc3,
    0xe0, 0xf, 0xfe, 0x1b, 0x0, 0x7f, 0xca, 0x40,
    0x1f, 0xfc, 0x32, 0x50, 0xf, 0xfe, 0x11, 0x0,
    0x7f, 0xde, 0x1, 0xff, 0xc5, 0xf0, 0xf, 0xfe,
    0x10, 0x80, 0x7f, 0xce, 0x1, 0xff, 0xc5, 0x40,
    0xf, 0xfe, 0x71, 0x0, 0x7f, 0xf1, 0x44, 0x40,
    0x1f, 0xfc, 0x1, 0x0, 0xff, 0xe9, 0x98, 0x7,
    0xff, 0x30, 0x40, 0x3f, 0xf8, 0xe2, 0x1, 0xff,
    0xff, 0x0, 0xff, 0xff, 0x80, 0x7f, 0xff, 0xc0,
    0x3f, 0xff, 0xe0, 0x1f, 0xff, 0xf0, 0xf, 0xff,
    0x50, 0x80, 0x7f, 0xf1, 0xc4, 0x3, 0xff, 0x80,
    0x20, 0x1f, 0xfd, 0x33, 0x0, 0xff, 0xe6, 0x90,
    0x7, 0xff, 0x14, 0x44, 0x1, 0xff, 0xc1, 0x10,
    0xf, 0xf9, 0xc0, 0x3f, 0xf8, 0xa8, 0x1, 0xff,
    0xc2, 0x20, 0xf, 0xfb, 0xc0, 0x3f, 0xf8, 0xbe,
    0x1, 0xff, 0xc2, 0x50, 0xf, 0xf9, 0x48, 0x3,
    0xff, 0x86, 0x4a, 0x1, 0xff, 0xc2, 0xf0, 0xf,
    0xfe, 0x4, 0x80, 0x7f, 0xf0, 0xf8, 0x3, 0xff,
    0x86, 0x80, 0x1f, 0xfc, 0x4, 0x90, 0xf, 0xfe,
    0xc, 0x98, 0x7, 0xff, 0xc, 0x84, 0x3, 0xff,
    0x80, 0xd6, 0x40, 0x1f, 0xc5, 0x6c, 0x1, 0xff,
    0xc5, 0x60, 0xf, 0xfe, 0xa, 0x6d, 0x31, 0x8,
    0x9, 0x35, 0x6a, 0x0, 0x7f, 0xf1, 0xa8, 0x3,
    0xff, 0x86, 0xb3, 0xbd, 0xfd, 0xb2, 0xa0, 0x1f,
    0xfc, 0x82, 0x50, 0xf, 0xfe, 0x81, 0x80, 0x7f,
    0xf0, 0xec, 0x3, 0xff, 0x9e, 0x68, 0x1, 0xff,
    0xc3, 0x19, 0x0, 0xff, 0xe7, 0x40, 0x80, 0x7f,
    0xf1, 0x19, 0x40, 0x3f, 0xf9, 0x8a, 0x80, 0x1f,
    0xfc, 0x6a, 0x40, 0xf, 0xfe, 0x51, 0xd0, 0x7,
    0xff, 0x22, 0xd4, 0x3, 0xff, 0x90, 0x5a, 0x0,
    0x30, 0xf, 0xfe, 0x3d, 0x48, 0x7, 0xff, 0x19,
    0x74, 0x40, 0x3f, 0xf9, 0x6d, 0xcc, 0x1, 0xff,
    0xc2, 0x2b, 0xa0, 0xf, 0xfe, 0x70, 0xcf, 0x4a,
    0x8, 0x7, 0xc4, 0xd9, 0xa8, 0x1, 0xc2, 0x1,
    0xff, 0xcb, 0x16, 0xbe, 0xe6, 0x5d, 0xd9, 0xfb,
    0x26, 0x1, 0xff, 0xd7, 0x13, 0x44, 0x8c, 0x3,
    0xff, 0xfe, 0x1, 0xff, 0xce, 0x70, 0xf, 0xf8,
    0x40, 0x3f, 0xfa, 0x84, 0x1, 0xff, 0xdf, 0x21,
    0x0, 0xff, 0x88, 0x3, 0xff, 0xa7, 0x40, 0x1f,
    0xf0, 0x80, 0x7f, 0xf4, 0xc5, 0xc0, 0x3f, 0xe5,
    0x0, 0xff, 0xe9, 0xe8, 0x7, 0xff, 0x3, 0x0,
    0x3f, 0xfa, 0x27, 0xa6, 0x1, 0xff, 0xc0, 0x50,
    0xf, 0xfe, 0x68, 0x9b, 0x5e, 0x10, 0x7, 0xff,
    0x1, 0x8, 0x3, 0xf9, 0xbf, 0xff, 0xf8, 0x7d,
    0x92, 0x80, 0x1f, 0xfc, 0x2f, 0x0, 0xff, 0xef,
    0xa2, 0x0, 0x3f, 0xfb, 0xc3, 0x40, 0x1f, 0xfd,
    0xfa, 0x10, 0xf, 0xfe, 0xf5, 0x20, 0x7, 0xff,
    0x74, 0x6d, 0x40, 0x3f, 0xfb, 0xa9, 0x88, 0x1,
    0xff, 0xdc, 0x2a, 0xb2, 0x0, 0xff, 0xed, 0xad,
    0xea, 0x80, 0x7f, 0xf5, 0xc8, 0xd6, 0x33, 0xe9,
    0x0, 0x3f, 0xe0,

    /* U+0068 "h" */
    0x36, 0x6f, 0xf8, 0x80, 0x3f, 0xfa, 0x75, 0x33,
    0xff, 0x20, 0x7, 0xff, 0xfc, 0x3, 0xff, 0xfe,
    0x1, 0xff, 0xff, 0x0, 0xff, 0xff, 0x80, 0x7f,
    0xff, 0xc0, 0x3f, 0xff, 0xe0, 0x1f, 0xff, 0xf0,
    0xf, 0xff, 0xf8, 0x7, 0xff, 0xfc, 0x3, 0xff,
    0xb0, 0x2b, 0x39, 0xdf, 0xf7, 0x5c, 0x20, 0x7,
    0xff, 0x30, 0xc0, 0x38, 0xab, 0xa9, 0x8c, 0x40,
    0x21, 0x47, 0xbf, 0x92, 0x0, 0xff, 0xe7, 0x46,
    0xa8, 0x7, 0xff, 0x5, 0xb6, 0x0, 0x3f, 0xf9,
    0x63, 0x8e, 0x1, 0xff, 0xc5, 0x7c, 0x10, 0xf,
    0xfe, 0x30, 0x80, 0x30, 0xc0, 0x3f, 0xf8, 0xe7,
    0xe4, 0x1, 0xff, 0xc7, 0xa2, 0x0, 0xff, 0xe4,
    0x8e, 0x8, 0x7, 0xff, 0x11, 0xd1, 0x40, 0x3f,
    0xf9, 0x63, 0xa0, 0x1f, 0xfc, 0x58, 0x0, 0xff,
    0xe6, 0x9b, 0x0, 0x7f, 0xf0, 0xd4, 0xc0, 0x3f,
    0xf9, 0xd2, 0x20, 0x1f, 0xfc, 0x2c, 0x0, 0xff,
    0xe8, 0x48, 0x7, 0xff, 0x9, 0x0, 0x3c, 0x8f,
    0x10, 0x74, 0x0, 0xff, 0xe2, 0x30, 0x7, 0xff,
    0x8, 0x40, 0x22, 0xaf, 0xb8, 0x77, 0x45, 0xfc,
    0x88, 0x7, 0xff, 0x4, 0x50, 0x3, 0xff, 0x88,
    0xba, 0xa0, 0x1f, 0x9b, 0xcc, 0x3, 0xff, 0x83,
    0xa0, 0x1f, 0xfc, 0x35, 0xa0, 0xf, 0xf8, 0x70,
    0xc0, 0x3f, 0xf8, 0x8, 0x1, 0xff, 0xc2, 0x1a,
    0x0, 0xff, 0xe1, 0x70, 0x7, 0xff, 0x0, 0x80,
    0x3f, 0xf8, 0x50, 0x1, 0xff, 0xc3, 0x26, 0x0,
    0xff, 0xe0, 0x10, 0x7, 0xff, 0x5, 0x80, 0x3f,
    0xf8, 0x94, 0x1, 0xff, 0xc0, 0x60, 0xf, 0xfe,
    0x1, 0x80, 0x7f, 0xf1, 0x4c, 0x3, 0xff, 0x80,
    0x20, 0x1f, 0xfc, 0x4, 0x0, 0xff, 0xe3, 0x18,
    0x7, 0xfc, 0x60, 0x1f, 0xfc, 0xf, 0x0, 0xff,
    0xe3, 0x30, 0x7, 0xff, 0x30, 0x40, 0x3f, 0xf8,
    0xc6, 0x1, 0xff, 0xff, 0x0, 0xff, 0xff, 0x80,
    0x7f, 0xff, 0xc0, 0x3f, 0xff, 0xe0, 0x1f, 0xff,
    0xf0, 0xf, 0xff, 0xf8, 0x7, 0xff, 0xfc, 0x3,
    0xff, 0xfe, 0x1, 0xff, 0xff, 0x0, 0xff, 0xff,
    0x80, 0x7f, 0xff, 0xc0, 0x3f, 0xff, 0xe0, 0x1f,
    0xff, 0xf0, 0xf, 0xff, 0xf8, 0x7, 0xff, 0xfc,
    0x3, 0xff, 0xfe, 0x1, 0xff, 0xff, 0x0, 0xff,
    0xff, 0x80, 0x7f, 0xff, 0xc0, 0x3f, 0xfb, 0x60,

    /* U+0069 "i" */
    0x0, 0xff, 0xe3, 0x8b, 0xd6, 0x6e, 0x5b, 0x88,
    0x7, 0xff, 0x66, 0x3a, 0x14, 0xc8, 0xd2, 0x3a,
    0x0, 0x3f, 0xfa, 0xf4, 0xe0, 0x1f, 0xcf, 0x60,
    0x1f, 0xfd, 0x56, 0x50, 0xf, 0xf9, 0x1c, 0x3,
    0xff, 0xa9, 0x0, 0x1f, 0xfc, 0x19, 0x0, 0xff,
    0xe9, 0x90, 0x80, 0x7f, 0xf0, 0x44, 0xc0, 0x3f,
    0xfa, 0x4c, 0x1, 0xff, 0xc3, 0x60, 0xf, 0xff,
    0xf8, 0x1, 0xc0, 0x3f, 0xf8, 0x62, 0x1, 0xff,
    0xd2, 0x31, 0x0, 0xff, 0xe1, 0x20, 0x7, 0xff,
    0x4e, 0x40, 0x3f, 0xf8, 0x2e, 0x1, 0xff, 0xd4,
    0x73, 0x0, 0xff, 0x8e, 0x0, 0x3f, 0xfa, 0xb8,
    0xa0, 0x1f, 0xcb, 0xa0, 0x1f, 0xfd, 0x7a, 0xc6,
    0x21, 0x1, 0x26, 0xca, 0x10, 0xf, 0xfe, 0xc1,
    0xce, 0xf7, 0xf6, 0xc9, 0x80, 0x7f, 0xff, 0xc0,
    0x3f, 0xff, 0xe0, 0x1f, 0xff, 0xf0, 0xf, 0xff,
    0xf8, 0x7, 0xff, 0xfc, 0x3, 0xff, 0x95, 0x9f,
    0xff, 0xfc, 0xf5, 0x0, 0xff, 0xff, 0x80, 0x7f,
    0xff, 0xc0, 0x3f, 0xff, 0xe0, 0x1f, 0xff, 0xf0,
    0xf, 0xff, 0xf8, 0x7, 0xff, 0xd9, 0xc4, 0x7f,
    0xf8, 0x60, 0x1f, 0xfd, 0x3b, 0xee, 0xff, 0xe1,
    0xa8, 0x7, 0xff, 0xfc, 0x3, 0xff, 0xfe, 0x1,
    0xff, 0xff, 0x0, 0xff, 0xff, 0x80, 0x7f, 0xff,
    0xc0, 0x3f, 0xff, 0xe0, 0x1f, 0xff, 0xf0, 0xf,
    0xff, 0xf8, 0x7, 0xff, 0xfc, 0x3, 0xff, 0xfe,
    0x1, 0xff, 0xff, 0x0, 0xff, 0xff, 0x80, 0x7f,
    0xff, 0xc0, 0x3f, 0xff, 0xe0, 0x1f, 0xff, 0xf0,
    0xf, 0xff, 0xf8, 0x7, 0xff, 0xfc, 0x3, 0xff,
    0xfe, 0x1, 0xff, 0xff, 0x0, 0xff, 0xe0, 0xd7,
    0x77, 0xff, 0x15, 0x40, 0x3f, 0xeb, 0xee, 0xff,
    0xe1, 0xc0, 0x8f, 0xff, 0x18, 0x3, 0xff, 0x80,
    0x23, 0xff, 0xc5, 0x0, 0xff, 0xff, 0x80, 0x7f,
    0xff, 0xc0, 0x3f, 0xff, 0xe0, 0x1f, 0xff, 0xf0,
    0xf, 0xff, 0xf8, 0x7, 0xff, 0x90,

    /* U+006A "j" */
    0x0, 0xff, 0xe7, 0x35, 0xf7, 0xfb, 0xad, 0xc0,
    0x3f, 0xfa, 0x9, 0xd2, 0x82, 0x0, 0x14, 0x8e,
    0x50, 0xf, 0xfe, 0x6a, 0x58, 0x80, 0x7e, 0x1a,
    0x60, 0xf, 0xfe, 0x65, 0x0, 0x7f, 0xf0, 0x24,
    0x40, 0x3f, 0xf9, 0x4c, 0x20, 0x1f, 0xfc, 0x19,
    0x0, 0xff, 0xe5, 0x60, 0x7, 0xff, 0x9, 0x0,
    0x3f, 0xf9, 0x4c, 0x1, 0xff, 0xc2, 0x20, 0xf,
    0xfe, 0xc9, 0x80, 0x7f, 0xf2, 0x98, 0x3, 0xff,
    0x84, 0x20, 0x1f, 0xfc, 0xaf, 0x0, 0xff, 0xe1,
    0x58, 0x7, 0xff, 0x29, 0x48, 0x3, 0xff, 0x80,
    0x2c, 0x1, 0xff, 0xcb, 0xe0, 0xf, 0xfe, 0x5,
    0x8, 0x7, 0xff, 0x2c, 0xf4, 0x80, 0x3f, 0x16,
    0x20, 0x7, 0xff, 0x34, 0xb6, 0xd8, 0xc8, 0x86,
    0xd5, 0xa6, 0x1, 0xff, 0xd0, 0x49, 0xcd, 0xd6,
    0x4a, 0x80, 0x7f, 0xff, 0xc0, 0x3f, 0xff, 0xe0,
    0x1f, 0xff, 0xf0, 0xf, 0xff, 0xf8, 0x7, 0xeb,
    0xff, 0xff, 0xeb, 0xd8, 0x7, 0xff, 0xfc, 0x3,
    0xff, 0xfe, 0x1, 0xff, 0xff, 0x0, 0xff, 0xff,
    0x80, 0x7f, 0xf7, 0xc4, 0x7f, 0xf9, 0xa0, 0x1f,
    0xfc, 0x1a, 0xee, 0xff, 0xe5, 0xd8, 0x7, 0xff,
    0xfc, 0x3, 0xff, 0xfe, 0x1, 0xff, 0xff, 0x0,
    0xff, 0xff, 0x80, 0x7f, 0xff, 0xc0, 0x3f, 0xff,
    0xe0, 0x1f, 0xff, 0xf0, 0xf, 0xff, 0xf8, 0x7,
    0xff, 0xfc, 0x3, 0xff, 0xfe, 0x1, 0xff, 0xff,
    0x0, 0xff, 0xff, 0x80, 0x7f, 0xff, 0xc0, 0x3f,
    0xff, 0xe0, 0x1f, 0xff, 0xf0, 0xf, 0xff, 0xf8,
    0x7, 0xff, 0xfc, 0x3, 0xff, 0xfe, 0x1, 0xff,
    0xff, 0x0, 0xff, 0xe9, 0x8, 0x7, 0xff, 0x34,
    0xc0, 0x3f, 0xfb, 0x3e, 0x1, 0xff, 0x18, 0x7,
    0xff, 0x35, 0x0, 0x3f, 0xee, 0x0, 0xff, 0xe6,
    0x11, 0x0, 0x3f, 0xe2, 0x0, 0xff, 0xe6, 0x40,
    0x7, 0xff, 0x1, 0xc0, 0x3f, 0xf9, 0x6a, 0xa0,
    0xf, 0xfe, 0x1, 0x0, 0x7f, 0xf2, 0x92, 0x80,
    0x3f, 0xf8, 0xa, 0x1, 0xff, 0xca, 0x7b, 0x0,
    0xff, 0xe0, 0xf8, 0x7, 0xff, 0x1c, 0xe3, 0xa0,
    0x3, 0xff, 0x82, 0x2a, 0x0, 0x3e, 0xef, 0xfe,
    0x17, 0xfb, 0x1c, 0x40, 0x3f, 0xf8, 0x4c, 0x1,
    0x84, 0x7f, 0xf8, 0x40, 0x1f, 0xfc, 0x61, 0x80,
    0xf, 0xfe, 0xc5, 0x80, 0x7f, 0xf6, 0x15, 0x40,
    0x1f, 0xfd, 0x73, 0xa0, 0xf, 0xfe, 0xb9, 0xe0,
    0x7, 0xff, 0x5d, 0x70, 0x3, 0xff, 0xaf, 0x34,
    0x1, 0xff, 0xd6, 0x6e, 0x60, 0xf, 0xfe, 0xa1,
    0xc7, 0x48, 0x80, 0x7f, 0xf3, 0xc4, 0x91, 0xeb,
    0xb1, 0xc4, 0x3, 0xff, 0x80,

    /* U+006B "k" */
    0x6, 0x6f, 0xf9, 0x40, 0x3f, 0xfa, 0xe5, 0x33,
    0xff, 0x58, 0x7, 0xff, 0xfc, 0x3, 0xff, 0xfe,
    0x1, 0xff, 0xff, 0x0, 0xff, 0xff, 0x80, 0x7f,
    0xff, 0xc0, 0x3f, 0xff, 0xe0, 0x1f, 0xff, 0xf0,
    0xf, 0xff, 0xf8, 0x7, 0xff, 0xfc, 0x3, 0xff,
    0xfe, 0x1, 0xff, 0xff, 0x0, 0xff, 0x9b, 0xff,
    0xff, 0x81, 0xa0, 0x1f, 0xfd, 0x51, 0x90, 0xf,
    0xfe, 0x4, 0x80, 0x7f, 0xf5, 0x6c, 0x3, 0xff,
    0x80, 0x88, 0x0, 0xff, 0xea, 0x1a, 0x80, 0x7f,
    0xf0, 0x28, 0x3, 0xff, 0xab, 0xc0, 0x1f, 0xfc,
    0x8, 0x10, 0xf, 0xfe, 0xa3, 0x90, 0x7, 0xfc,
    0x4e, 0x1, 0xff, 0xd4, 0x18, 0x0, 0xff, 0xe0,
    0x70, 0x7, 0xff, 0x56, 0xc0, 0x3f, 0xf8, 0xa,
    0x60, 0x1f, 0xfd, 0x44, 0x50, 0xf, 0xf8, 0x6c,
    0x3, 0xff, 0xab, 0x20, 0x1f, 0xfc, 0x8, 0x10,
    0xf, 0xfe, 0xa3, 0x90, 0x7, 0xfc, 0x6c, 0x1,
    0xff, 0xd4, 0x18, 0x0, 0xff, 0xe0, 0x78, 0x7,
    0xff, 0x56, 0xc0, 0x3f, 0xf8, 0xc, 0x60, 0x1f,
    0xfd, 0x44, 0x50, 0xf, 0xf8, 0x60, 0x3, 0xff,
    0xab, 0x20, 0x1f, 0xfc, 0xb, 0x10, 0xf, 0xfe,
    0xa3, 0x90, 0x7, 0xfc, 0x6a, 0x1, 0xff, 0xd4,
    0x28, 0x0, 0xff, 0xe0, 0x70, 0x7, 0xff, 0x56,
    0x40, 0x3f, 0xf8, 0xe, 0x40, 0x1f, 0xfd, 0x44,
    0x40, 0x7, 0xfc, 0x30, 0x1, 0xff, 0xd5, 0xa0,
    0xf, 0xfe, 0x5, 0x80, 0x7f, 0xf3, 0x4c, 0xff,
    0x48, 0x80, 0x7f, 0xc8, 0xa0, 0x1f, 0xfc, 0xc1,
    0xcc, 0xfc, 0xc0, 0x1f, 0xfc, 0x9, 0x0, 0xff,
    0xf1, 0x41, 0x0, 0x7f, 0xf8, 0x49, 0xc0, 0x3f,
    0xfc, 0x52, 0x1, 0xff, 0xe2, 0x44, 0x0, 0x7f,
    0xf8, 0x90, 0x80, 0x3f, 0xfc, 0x72, 0x1, 0xff,
    0xe3, 0x45, 0x0, 0xff, 0xf1, 0xc0, 0x7, 0xff,
    0x8c, 0x9c, 0x3, 0xff, 0x9a, 0x3f, 0xff, 0xa4,
    0x3, 0xff, 0x81, 0x2, 0x1, 0xff, 0xd5, 0x63,
    0x0, 0xff, 0xe0, 0x58, 0x7, 0xff, 0x5b, 0xc0,
    0x3f, 0xf8, 0xa, 0x80, 0x1f, 0xfd, 0x53, 0x50,
    0xf, 0xfe, 0x4, 0x80, 0x7f, 0xf5, 0xac, 0x3,
    0xff, 0x80, 0x4e, 0x1, 0xff, 0xd5, 0x18, 0x0,
    0xff, 0xe0, 0x40, 0x80, 0x7f, 0xf5, 0x5c, 0x80,
    0x3f, 0xf8, 0x16, 0x1, 0xff, 0xd6, 0x90, 0xf,
    0xfe, 0x2, 0x98, 0x7, 0xff, 0x55, 0x10, 0x1,
    0xff, 0xc0, 0xf0, 0xf, 0xfe, 0xb4, 0x80, 0x7f,
    0xf0, 0xd, 0x80, 0x3f, 0xfa, 0xa4, 0xe0, 0x1f,
    0xfc, 0x8, 0x10, 0xf, 0xfe, 0xac, 0x8, 0x7,
    0xfc, 0x30, 0x1, 0xff, 0xd6, 0x80, 0xf, 0xfe,
    0x3, 0x18, 0x7, 0xff, 0x55, 0x8c, 0x3, 0xff,
    0x81, 0xe0, 0x1f, 0xfd, 0x6f, 0x0, 0xff, 0xe0,
    0x1a, 0x80, 0x7f, 0xf5, 0x4d, 0x80, 0x3f, 0xf8,
    0x16, 0x1, 0xff, 0xd6, 0x80, 0xf, 0xfe, 0x0,
    0xc0, 0x7, 0xff, 0x54, 0x60, 0x3, 0xff, 0x80,
    0xe4, 0x1, 0xff, 0xd5, 0x72, 0x0, 0xff, 0xe0,
    0x48, 0x7, 0xff, 0x5a, 0x40, 0x3f, 0xf8, 0x8,
    0xa0, 0x1f, 0xfd, 0x54, 0x40, 0x7, 0xff, 0x2,
    0xc0, 0x3f, 0xfa, 0xd2, 0x1, 0xff, 0xc0, 0x18,

    /* U+006C "l" */
    0x6f, 0xff, 0xfe, 0x88, 0x7, 0xff, 0xfc, 0x3,
    0xff, 0xfe, 0x1, 0xff, 0xff, 0x0, 0xff, 0xff,
    0x80, 0x7f, 0xff, 0xc0, 0x3f, 0xff, 0xe0, 0x1f,
    0xfd, 0xc3, 0x11, 0xff, 0xe2, 0x80, 0x7f, 0xf5,
    0x97, 0xbb, 0xff, 0x8a, 0x1, 0xff, 0xff, 0x0,
    0xff, 0xff, 0x80, 0x7f, 0xff, 0xc0, 0x3f, 0xff,
    0xe0, 0x1f, 0xff, 0xf0, 0xf, 0xff, 0xf8, 0x7,
    0xff, 0xfc, 0x3, 0xff, 0xfe, 0x1, 0xff, 0xff,
    0x0, 0xff, 0xff, 0x80, 0x7f, 0xff, 0xc0, 0x3f,
    0xff, 0xe0, 0x1f, 0xff, 0xf0, 0xf, 0xff, 0xf8,
    0x7, 0xff, 0xfc, 0x3, 0xff, 0xfe, 0x1, 0xff,
    0xff, 0x0, 0xff, 0xff, 0x80, 0x7f, 0xff, 0xc0,
    0x3f, 0xff, 0xe0, 0x1f, 0xff, 0xf0, 0xf, 0xff,
    0xf8, 0x7, 0xff, 0xfc, 0x3, 0xff, 0xfe, 0x1,
    0xff, 0xff, 0x0, 0xff, 0xff, 0x80, 0x7f, 0xff,
    0xc0, 0x3f, 0xff, 0xe0, 0x1f, 0xff, 0xf0, 0xf,
    0xff, 0xe9, 0x80, 0x7f, 0xf6, 0xc4, 0x3, 0xfe,
    0xb0, 0xf, 0xfe, 0xda, 0x80, 0x7f, 0xcc, 0x20,
    0x1f, 0xfd, 0xa3, 0x0, 0xff, 0x87, 0x44, 0x3,
    0xff, 0xb3, 0x80, 0x1f, 0xfc, 0x3, 0xf6, 0x10,
    0xf, 0xfe, 0xba, 0x0, 0x7f, 0xf0, 0x46, 0x7b,
    0xfb, 0xbf, 0xf8, 0x72, 0x1, 0xff, 0xc7, 0x60,
    0xf, 0xfe, 0x20, 0x8f, 0xff, 0xc, 0xc0, 0x3f,
    0xf8, 0xf0, 0x1, 0xff, 0xe7, 0x17, 0x0, 0xff,
    0xf3, 0xc1, 0x80, 0x7f, 0xf9, 0xf8, 0x40, 0x3f,
    0xfc, 0xc5, 0x82, 0x1, 0xff, 0xe6, 0x2f, 0x30,
    0xf, 0xff, 0x30, 0xe4, 0x0, 0x7f, 0xf9, 0xdf,
    0x9c, 0x40, 0x3f, 0xfc, 0xa3, 0x1d, 0x90, 0xa4,
    0x20, 0x1f, 0xfc, 0x60,

    /* U+006D "m" */
    0x0, 0xff, 0xe1, 0x8b, 0xe7, 0x7f, 0x64, 0x8,
    0x7, 0xf9, 0xab, 0xbf, 0xdb, 0x4a, 0x1, 0xf9,
    0xff, 0xff, 0xa0, 0x2, 0x6e, 0x83, 0x10, 0x13,
    0x7e, 0x80, 0xf, 0x93, 0xa5, 0x44, 0x0, 0x4b,
    0x5c, 0xa0, 0x1f, 0xfc, 0x78, 0x90, 0xf, 0xe7,
    0xb0, 0xe, 0x7b, 0x10, 0xf, 0xc3, 0x52, 0x1,
    0xff, 0xc5, 0x67, 0x0, 0xff, 0x92, 0x80, 0x24,
    0x80, 0xf, 0xfe, 0x3, 0x48, 0x7, 0xff, 0xc,
    0x64, 0x3, 0xff, 0x82, 0xaa, 0x0, 0x50, 0x7,
    0xff, 0x9, 0x98, 0x1, 0xff, 0xc2, 0x60, 0xf,
    0xfe, 0x1d, 0x83, 0x8, 0x7, 0xff, 0xe, 0x44,
    0x3, 0xff, 0x83, 0x40, 0x1f, 0xfc, 0x31, 0x5d,
    0x0, 0xff, 0xe2, 0xc0, 0x7, 0xff, 0x4, 0x80,
    0x3f, 0xf8, 0x9e, 0xa0, 0x1f, 0xfc, 0x56, 0x0,
    0xff, 0xe0, 0x20, 0x6, 0x10, 0xf, 0xfe, 0x2,
    0x88, 0x4, 0x22, 0x0, 0xff, 0xe0, 0xa8, 0x7,
    0xfc, 0x60, 0x35, 0xfd, 0xf6, 0x40, 0x1f, 0xfc,
    0x7, 0xee, 0xb5, 0x40, 0x3f, 0xec, 0x0, 0xff,
    0xe0, 0xe2, 0x80, 0x49, 0x80, 0x1f, 0xf3, 0xc0,
    0x80, 0xa, 0x98, 0x3, 0xfc, 0x80, 0x1f, 0xfc,
    0x7, 0x20, 0xe, 0x17, 0x0, 0xff, 0x48, 0x7,
    0xa0, 0x3, 0xfc, 0x40, 0x1f, 0xfc, 0xc, 0x0,
    0xfa, 0xc0, 0x3f, 0x8c, 0x40, 0x3c, 0x28, 0x1,
    0xff, 0xca, 0x60, 0xf, 0x8c, 0x3, 0xf9, 0x80,
    0x3f, 0x18, 0x7, 0xf8, 0x40, 0x3f, 0xe3, 0x0,
    0xff, 0xe2, 0x98, 0x7, 0xef, 0x0, 0xff, 0xff,
    0x80, 0x7f, 0xff, 0xc0, 0x3f, 0xff, 0xe0, 0x1f,
    0xff, 0xf0, 0xf, 0xff, 0xf8, 0x7, 0xff, 0xfc,
    0x3, 0xff, 0xfe, 0x1, 0xff, 0xff, 0x0, 0xff,
    0xff, 0x80, 0x7f, 0xff, 0xc0, 0x3f, 0xff, 0xe0,
    0x1f, 0xff, 0xf0, 0xf, 0xff, 0xf8, 0x7, 0xff,
    0xfc, 0x3, 0xff, 0xfe, 0x1, 0xff, 0xff, 0x0,
    0xff, 0xff, 0x80, 0x7f, 0xff, 0xc0, 0x3f, 0xff,
    0xe0, 0x1f, 0xff, 0xf0, 0xf, 0xff, 0xf8, 0x7,
    0xff, 0xfc, 0x3, 0xff, 0xfe, 0x1, 0xff, 0xff,
    0x0, 0xff, 0xff, 0x80, 0x7f, 0xff, 0xc0, 0x3f,
    0xe0,

    /* U+006E "n" */
    0x0, 0xff, 0xe4, 0xa, 0xce, 0x77, 0xfd, 0xd7,
    0x8, 0x1, 0xff, 0xc0, 0x9f, 0xff, 0xf8, 0x40,
    0x38, 0xa7, 0xa9, 0x8c, 0x40, 0x21, 0x47, 0xbf,
    0x92, 0x0, 0xff, 0xe7, 0x3e, 0xb0, 0x7, 0xff,
    0x5, 0xb6, 0x0, 0x3f, 0xf9, 0x97, 0x0, 0x1f,
    0xfc, 0x57, 0xc1, 0x0, 0xff, 0xe4, 0xe2, 0x0,
    0x7f, 0xf1, 0xcf, 0xc8, 0x3, 0xff, 0x8f, 0x26,
    0x1, 0xff, 0xc9, 0x1c, 0x10, 0xf, 0xfe, 0x2a,
    0x30, 0x7, 0xff, 0x2c, 0x74, 0x3, 0xff, 0x8b,
    0x0, 0x1f, 0xfc, 0xd3, 0x60, 0xf, 0xfe, 0x1a,
    0x18, 0x7, 0xff, 0x3a, 0x44, 0x3, 0xff, 0x85,
    0x80, 0x1f, 0xfd, 0x9, 0x0, 0xff, 0xe1, 0x38,
    0x7, 0x91, 0xe2, 0xe, 0x80, 0x1f, 0xfc, 0x46,
    0x0, 0xff, 0xe1, 0x8, 0x4, 0x55, 0xf7, 0xe,
    0xe8, 0xbf, 0x91, 0x0, 0xff, 0xe0, 0x8a, 0x0,
    0x7f, 0xf1, 0x17, 0x54, 0x3, 0xf3, 0x79, 0x80,
    0x7f, 0xf0, 0x74, 0x3, 0xff, 0x86, 0xb4, 0x1,
    0xff, 0xe, 0x18, 0x7, 0xff, 0x1, 0x0, 0x3f,
    0xf8, 0x43, 0x40, 0x1f, 0xfc, 0x2e, 0x0, 0xff,
    0xe0, 0x10, 0x7, 0xff, 0xa, 0x0, 0x3f, 0xf8,
    0x64, 0xc0, 0x1f, 0xfc, 0x2, 0x0, 0xff, 0xe0,
    0xb0, 0x7, 0xff, 0x12, 0x80, 0x3f, 0xf8, 0xc,
    0x1, 0xff, 0xc0, 0x30, 0xf, 0xfe, 0x29, 0x80,
    0x7f, 0xf0, 0x4, 0x3, 0xff, 0x80, 0x80, 0x1f,
    0xfc, 0x63, 0x0, 0xff, 0x8c, 0x3, 0xff, 0x81,
    0xe0, 0x1f, 0xfc, 0x66, 0x0, 0xff, 0xe6, 0x8,
    0x7, 0xff, 0x18, 0xc0, 0x3f, 0xff, 0xe0, 0x1f,
    0xff, 0xf0, 0xf, 0xff, 0xf8, 0x7, 0xff, 0xfc,
    0x3, 0xff, 0xfe, 0x1, 0xff, 0xff, 0x0, 0xff,
    0xff, 0x80, 0x7f, 0xff, 0xc0, 0x3f, 0xff, 0xe0,
    0x1f, 0xff, 0xf0, 0xf, 0xff, 0xf8, 0x7, 0xff,
    0xfc, 0x3, 0xff, 0xfe, 0x1, 0xff, 0xff, 0x0,
    0xff, 0xff, 0x80, 0x7f, 0xff, 0xc0, 0x3f, 0xff,
    0xe0, 0x1f, 0xff, 0xf0, 0xf, 0xff, 0xf8, 0x7,
    0xff, 0x6c,

    /* U+006F "o" */
    0x0, 0xff, 0xe1, 0x8a, 0xc5, 0xef, 0x7f, 0xdd,
    0xcc, 0xa7, 0x40, 0xf, 0xfe, 0x78, 0xbe, 0xf5,
    0x3a, 0x10, 0x80, 0x42, 0x23, 0x58, 0xbf, 0xb5,
    0x0, 0xff, 0xe5, 0x15, 0x74, 0x10, 0x7, 0xff,
    0x11, 0x2b, 0x98, 0x3, 0xff, 0x8e, 0xfa, 0xa0,
    0x1f, 0xfc, 0x91, 0x9d, 0x30, 0xf, 0xfe, 0x18,
    0xe4, 0x0, 0x7f, 0xf3, 0x4b, 0x1c, 0x3, 0xff,
    0x82, 0x5e, 0x60, 0x1f, 0xfd, 0x8, 0xa0, 0xf,
    0xf8, 0xb0, 0x40, 0x3f, 0xfa, 0x4b, 0x40, 0x1f,
    0xc3, 0xe2, 0x1, 0xff, 0xd4, 0x58, 0x0, 0xfd,
    0x64, 0x1, 0xff, 0xd6, 0x74, 0x0, 0xf2, 0xa8,
    0x3, 0xff, 0xb1, 0x40, 0x1e, 0x80, 0xf, 0xfe,
    0x18, 0xa3, 0x3b, 0x94, 0xc0, 0x3f, 0xf8, 0x62,
    0xe0, 0x19, 0x48, 0x3, 0xff, 0x82, 0xb9, 0xd7,
    0x31, 0xa, 0xcf, 0x92, 0x0, 0xff, 0xe0, 0xc8,
    0x6, 0x90, 0xf, 0xfe, 0x0, 0xdd, 0x18, 0x7,
    0xe6, 0xd6, 0x0, 0xff, 0xe0, 0xb, 0x0, 0x8,
    0xc0, 0x3f, 0xf8, 0x18, 0x80, 0x1f, 0xfc, 0x9,
    0x70, 0xf, 0xfe, 0x6, 0x80, 0x14, 0x3, 0xff,
    0x81, 0x44, 0x1, 0xff, 0xc2, 0x84, 0x0, 0xff,
    0x90, 0x1, 0xa0, 0x1f, 0xf1, 0xa8, 0x7, 0xff,
    0x12, 0x0, 0x3f, 0xf8, 0x8, 0x8, 0x1, 0xff,
    0x50, 0x7, 0xff, 0x14, 0xcc, 0x1, 0xff, 0x18,
    0x8, 0x7, 0xfc, 0xe0, 0x1f, 0xfc, 0x64, 0x0,
    0xff, 0xb8, 0x80, 0x3f, 0xe1, 0x10, 0x7, 0xff,
    0x1b, 0x40, 0x3f, 0xe2, 0x10, 0xf, 0xf8, 0xc0,
    0x3f, 0xf8, 0xec, 0x1, 0xff, 0x3b, 0x80, 0x3f,
    0xe6, 0x0, 0xff, 0xe3, 0x88, 0x7, 0xfc, 0x20,
    0x1f, 0xff, 0xf0, 0xf, 0xfe, 0x11, 0x80, 0x7f,
    0xff, 0xc0, 0x3f, 0xff, 0xe0, 0x1f, 0xff, 0xf0,
    0xf, 0xff, 0xf8, 0x7, 0xff, 0xfc, 0x3, 0xff,
    0xfe, 0x1, 0xff, 0xe0, 0x30, 0xf, 0xff, 0xb,
    0x80, 0x7f, 0xcc, 0x1, 0xff, 0xc7, 0x10, 0xf,
    0xf8, 0x44, 0x1, 0xff, 0x18, 0x7, 0xff, 0x1d,
    0x80, 0x3f, 0xe7, 0x20, 0xf, 0xf8, 0x44, 0x1,
    0xff, 0xc6, 0xd0, 0xf, 0xf8, 0x80, 0x80, 0x3f,
    0xe7, 0x0, 0xff, 0xe3, 0x20, 0x7, 0xfd, 0xc0,
    0xe0, 0x1f, 0xf5, 0x0, 0x7f, 0xf1, 0x4c, 0xc0,
    0x1f, 0xf2, 0x6, 0x0, 0x7f, 0xc6, 0xa0, 0x1f,
    0xfc, 0x48, 0x0, 0xff, 0xe0, 0x18, 0x38, 0x7,
    0xff, 0x2, 0x88, 0x3, 0xff, 0x85, 0x8, 0x1,
    0xff, 0x20, 0x0, 0x4c, 0x3, 0xff, 0x81, 0x88,
    0x1, 0xff, 0xc0, 0x97, 0x0, 0xff, 0xe0, 0x70,
    0x5, 0x20, 0x1f, 0xfc, 0x1, 0xba, 0x30, 0xf,
    0xcd, 0xac, 0x1, 0xff, 0xc0, 0x15, 0x0, 0x94,
    0x80, 0x3f, 0xf8, 0x2b, 0x9d, 0x73, 0x13, 0x59,
    0xf2, 0x40, 0x1f, 0xfc, 0x19, 0x0, 0xe9, 0x0,
    0xff, 0xe1, 0x8a, 0x33, 0xb2, 0x98, 0x7, 0xff,
    0xc, 0x9c, 0x3, 0x91, 0x40, 0x3f, 0xfb, 0x1c,
    0x1, 0xf5, 0x10, 0x7, 0xff, 0x5a, 0xc, 0x3,
    0xf6, 0x8, 0x7, 0xff, 0x51, 0x9c, 0x3, 0xf8,
    0x70, 0x80, 0x3f, 0xfa, 0x4d, 0x20, 0x1f, 0xf1,
    0x61, 0x80, 0x7f, 0xf4, 0x22, 0x40, 0x3f, 0xf8,
    0x23, 0x90, 0x1, 0xff, 0xcd, 0x2c, 0x70, 0xf,
    0xfe, 0x23, 0xf3, 0x0, 0x7f, 0xf2, 0x46, 0x74,
    0xc0, 0x3f, 0xf8, 0xc3, 0x3d, 0x6, 0x1, 0xff,
    0xc4, 0x5a, 0xe6, 0x0, 0xff, 0xe5, 0xb, 0xe7,
    0x53, 0xa1, 0x8, 0x6, 0x13, 0x58, 0xbf, 0xa5,
    0x0, 0xff, 0xe0, 0x0,

    /* U+0070 "p" */
    0x0, 0xff, 0xe5, 0x92, 0x2b, 0x2a, 0x10, 0x7,
    0xff, 0x8, 0xd9, 0xbf, 0xe0, 0xf, 0xcb, 0x7d,
    0xb7, 0x53, 0x57, 0xbf, 0x6c, 0x20, 0x1f, 0xea,
    0x99, 0xff, 0x84, 0x3, 0x97, 0xa9, 0x4, 0x3,
    0xf2, 0x4f, 0x40, 0x7, 0xff, 0x3a, 0xe8, 0x40,
    0x3f, 0xf8, 0x4f, 0xc6, 0x1, 0xff, 0xca, 0x1d,
    0x40, 0xf, 0xfe, 0x28, 0xe3, 0x0, 0x7f, 0xf2,
    0x70, 0x80, 0x3f, 0xf9, 0x12, 0xe0, 0x1f, 0xfc,
    0x7a, 0x20, 0xf, 0xfe, 0x54, 0x28, 0x7, 0xff,
    0x15, 0x14, 0x3, 0xff, 0x99, 0x44, 0x1, 0xff,
    0xc4, 0x80, 0xf, 0xfe, 0x74, 0x80, 0x7f, 0xf0,
    0xd0, 0xc0, 0x3f, 0xf9, 0xc8, 0x80, 0xf, 0xfe,
    0x17, 0x0, 0x7f, 0xf4, 0x20, 0x3, 0xff, 0x84,
    0x80, 0x18, 0x5a, 0xf7, 0xfd, 0xd9, 0x6, 0x1,
    0xff, 0xc2, 0x32, 0x0, 0xff, 0xe2, 0xbf, 0x4a,
    0x10, 0x0, 0x4d, 0xf2, 0xc8, 0x3, 0xff, 0x83,
    0x40, 0x1f, 0xfc, 0x4a, 0x80, 0xf, 0xf2, 0x61,
    0x80, 0x7f, 0xf0, 0x14, 0x3, 0xff, 0x87, 0x2a,
    0x1, 0xff, 0xc0, 0x1d, 0x10, 0xf, 0xf8, 0x84,
    0x3, 0xff, 0x82, 0x6c, 0x1, 0xff, 0xc2, 0x18,
    0x0, 0xff, 0xe0, 0x28, 0x7, 0xff, 0x6, 0x0,
    0x3f, 0xf8, 0x8c, 0x20, 0x1f, 0xf1, 0x80, 0x7f,
    0xf0, 0x50, 0x3, 0xff, 0x8a, 0x80, 0x1f, 0xf7,
    0x0, 0x7f, 0xf0, 0x10, 0x3, 0xff, 0x8d, 0xa0,
    0x1f, 0xf1, 0x80, 0x7f, 0xf0, 0xc, 0x3, 0xff,
    0x8c, 0x40, 0x1f, 0xf0, 0x80, 0x7f, 0xf0, 0x3c,
    0x3, 0xff, 0x8c, 0x20, 0x1f, 0xf3, 0x80, 0x7f,
    0xf0, 0x4, 0x3, 0xff, 0x8c, 0xe0, 0x1f, 0xff,
    0xf0, 0xf, 0xff, 0xf8, 0x7, 0xff, 0xfc, 0x3,
    0xff, 0xfe, 0x1, 0xff, 0xff, 0x0, 0xff, 0xff,
    0x80, 0x7f, 0xff, 0xc0, 0x3f, 0xff, 0x62, 0x1,
    0xff, 0xc6, 0x70, 0xf, 0xfe, 0x67, 0x80, 0x7f,
    0xf1, 0x84, 0x3, 0xfe, 0x70, 0xf, 0xfe, 0x1,
    0x80, 0x7f, 0xf1, 0x88, 0x3, 0xfe, 0x10, 0xf,
    0xfe, 0x2, 0x0, 0x7f, 0xf1, 0xb4, 0x3, 0xfe,
    0x30, 0xf, 0xfe, 0xa, 0x0, 0x7f, 0xf1, 0x50,
    0x3, 0xfe, 0xe0, 0xf, 0xfe, 0xc, 0x0, 0x7f,
    0xf1, 0x18, 0x40, 0x3f, 0xe3, 0x0, 0xff, 0xe0,
    0x9b, 0x0, 0x7f, 0xf0, 0x86, 0x0, 0x3f, 0xf8,
    0xa, 0x1, 0xff, 0xc2, 0x94, 0x0, 0xff, 0xe0,
    0xe, 0x88, 0x7, 0xfc, 0x42, 0x1, 0xff, 0xc3,
    0xb7, 0x0, 0xff, 0x1e, 0x18, 0x7, 0xff, 0x1,
    0x40, 0x3f, 0xf8, 0xb1, 0xd0, 0x84, 0x0, 0x13,
    0x7c, 0xc1, 0x0, 0x7f, 0xf0, 0x68, 0x3, 0xff,
    0x82, 0xa0, 0x18, 0x5e, 0xf7, 0xfd, 0xd9, 0x6,
    0x1, 0xff, 0xc2, 0x32, 0x0, 0xff, 0xe0, 0xf8,
    0x7, 0xff, 0x42, 0x0, 0x3f, 0xf8, 0x48, 0x60,
    0x1f, 0xfc, 0xe4, 0x40, 0x7, 0xff, 0x8, 0xe0,
    0x3, 0xff, 0x9d, 0x20, 0x1f, 0xfc, 0x44, 0x60,
    0xf, 0xfe, 0x65, 0x10, 0x7, 0xff, 0xc, 0x42,
    0x48, 0x3, 0xff, 0x95, 0xa, 0x1, 0xff, 0xc7,
    0xc3, 0x0, 0xff, 0xe4, 0x43, 0x80, 0x7f, 0xf1,
    0x5c, 0x0, 0x38, 0x80, 0x1f, 0xfc, 0x51, 0xb7,
    0x0, 0xff, 0xe5, 0xdd, 0x8, 0x7, 0xff, 0x9,
    0xbd, 0x0, 0x3f, 0xf8, 0xe2, 0x1, 0xcb, 0xd6,
    0xa2, 0x1, 0xf8, 0xe3, 0xa4, 0x40, 0x3f, 0xfa,
    0x9, 0x5d, 0xb7, 0x53, 0x2a, 0xcf, 0xc7, 0x10,
    0xf, 0xfe, 0xa9, 0x22, 0xb3, 0x14, 0xc0, 0x3f,
    0xf9, 0xc6, 0x1, 0xff, 0xff, 0x0, 0xff, 0xff,
    0x80, 0x7f, 0xff, 0xc0, 0x3f, 0xff, 0xe0, 0x1f,
    0xff, 0xf0, 0xf, 0xff, 0xf8, 0x7, 0xff, 0xfc,
    0x3, 0xff, 0xfe, 0x1, 0xff, 0xe3,

    /* U+0071 "q" */
    0x0, 0xff, 0xe1, 0x9, 0xab, 0x31, 0x4c, 0x40,
    0x3f, 0xfa, 0xc7, 0x3b, 0xd9, 0x53, 0x2a, 0xce,
    0xd9, 0x20, 0xf, 0x8d, 0x9b, 0xfe, 0x10, 0xf,
    0xe3, 0xcc, 0x31, 0x0, 0x7e, 0x26, 0xdb, 0x20,
    0xe, 0xb9, 0x9f, 0xf8, 0x80, 0x3f, 0x4e, 0x18,
    0x7, 0xff, 0x9, 0x35, 0xc0, 0x3f, 0xf9, 0x63,
    0x8c, 0x1, 0xff, 0xc6, 0x89, 0x0, 0xff, 0xe4,
    0x8e, 0x18, 0x7, 0xff, 0x21, 0xa0, 0x3, 0xff,
    0x91, 0xa4, 0x1, 0xff, 0xca, 0x74, 0x0, 0xff,
    0xe3, 0x41, 0x80, 0x7f, 0xf3, 0x28, 0x3, 0xff,
    0x8a, 0x6e, 0x1, 0xff, 0xcd, 0x17, 0x0, 0xff,
    0xe2, 0x40, 0x7, 0xff, 0x3e, 0x40, 0x3f, 0xf8,
    0x66, 0x80, 0x1f, 0xfc, 0xf1, 0x30, 0xf, 0xfe,
    0x14, 0x80, 0x7f, 0xf0, 0xd6, 0xb7, 0xbf, 0xb6,
    0x50, 0x3, 0x90, 0x3, 0xff, 0x84, 0xa0, 0x1f,
    0xfc, 0x16, 0xea, 0x52, 0x10, 0x12, 0x6b, 0xd3,
    0x0, 0xff, 0xe2, 0xa0, 0x7, 0xff, 0x6, 0x64,
    0x20, 0x1f, 0xc5, 0x8a, 0x1, 0xff, 0xc4, 0xc0,
    0xf, 0xfe, 0x3, 0x30, 0x3, 0xff, 0x83, 0x46,
    0x1, 0xff, 0xc3, 0x30, 0xf, 0xf8, 0x64, 0x3,
    0xff, 0x87, 0xc0, 0x1f, 0xfc, 0x35, 0x0, 0xff,
    0x98, 0x3, 0xff, 0x88, 0x48, 0x1, 0xff, 0xc2,
    0x10, 0xf, 0xfa, 0xc0, 0x3f, 0xf8, 0xbc, 0x1,
    0xff, 0xc1, 0x10, 0xf, 0xfe, 0x1, 0x80, 0x7f,
    0xf1, 0x5c, 0x3, 0xff, 0x82, 0x60, 0x1f, 0xf0,
    0x80, 0x7f, 0xf1, 0x88, 0x3, 0xff, 0x9a, 0x60,
    0x1f, 0xfc, 0x71, 0x0, 0xff, 0xe0, 0x8, 0x7,
    0xff, 0x4c, 0x80, 0x3f, 0xff, 0xe0, 0x1f, 0xff,
    0xf0, 0xf, 0xff, 0xf8, 0x7, 0xff, 0xfc, 0x3,
    0xff, 0xfe, 0x1, 0xff, 0xff, 0x0, 0xff, 0xff,
    0x80, 0x7f, 0xff, 0x4, 0x3, 0xff, 0xa6, 0x40,
    0x1f, 0xfc, 0xc3, 0x0, 0xff, 0xe3, 0x88, 0x7,
    0xff, 0x0, 0xc0, 0x3f, 0xe1, 0x0, 0xff, 0xe3,
    0x10, 0x7, 0xff, 0x4, 0x40, 0x3f, 0xf8, 0x6,
    0x1, 0xff, 0xc5, 0x70, 0xf, 0xfe, 0x10, 0x80,
    0x7f, 0xd6, 0x1, 0xff, 0xc5, 0xe0, 0xf, 0xfe,
    0x12, 0x80, 0x7f, 0xcc, 0x1, 0xff, 0xc4, 0x24,
    0x0, 0xff, 0xe1, 0x18, 0x7, 0xfc, 0x32, 0x1,
    0xff, 0xc3, 0xe0, 0xf, 0xfe, 0x1e, 0x0, 0x7f,
    0xf0, 0x19, 0x80, 0x1f, 0xfc, 0x1a, 0x30, 0xf,
    0xfe, 0x1a, 0x0, 0x7f, 0xf0, 0x66, 0x42, 0x1,
    0xfc, 0x58, 0xa0, 0x1f, 0xfc, 0x55, 0x0, 0xff,
    0xe0, 0xb7, 0x4a, 0x90, 0x80, 0x93, 0x56, 0x98,
    0x7, 0xff, 0x1a, 0x40, 0x3f, 0xf8, 0x6d, 0x5b,
    0xdf, 0xdb, 0x2a, 0x1, 0xc8, 0x1, 0xff, 0xc2,
    0x33, 0x0, 0x7f, 0xf3, 0xcb, 0x0, 0x3f, 0xf8,
    0x7e, 0x1, 0xff, 0xcf, 0xb0, 0xf, 0xfe, 0x21,
    0xb0, 0x7, 0xff, 0x34, 0x9b, 0xc0, 0x3f, 0xf8,
    0x92, 0x60, 0x1f, 0xfc, 0xce, 0x0, 0xff, 0xe3,
    0xe9, 0x0, 0x7f, 0xf2, 0xa4, 0xc0, 0x40, 0x3f,
    0xf8, 0xa3, 0x84, 0x1, 0xff, 0xc8, 0x86, 0x0,
    0xff, 0xe4, 0x8e, 0xa8, 0x7, 0xff, 0x1a, 0x9c,
    0x2, 0x30, 0xf, 0xfe, 0x45, 0x59, 0x80, 0x7f,
    0xf0, 0x97, 0x94, 0x3, 0xff, 0x9c, 0x99, 0x86,
    0x10, 0xf, 0xc4, 0xfb, 0x42, 0x1, 0xc2, 0x1,
    0xff, 0xcb, 0x39, 0xee, 0x5d, 0x4c, 0xab, 0x3b,
    0x60, 0x80, 0x3e, 0x70, 0xf, 0xfe, 0x70, 0xa2,
    0xb3, 0x14, 0xc4, 0x3, 0xff, 0xfe, 0x1, 0xff,
    0xff, 0x0, 0xff, 0xff, 0x80, 0x7f, 0xff, 0xc0,
    0x3f, 0xff, 0xe0, 0x1f, 0xff, 0xf0, 0xf, 0xff,
    0xf8, 0x7, 0xff, 0xfc, 0x3, 0xff, 0xfe, 0x1,
    0xff, 0xcb,

    /* U+0072 "r" */
    0x0, 0xff, 0xe4, 0xac, 0x66, 0xf7, 0xfb, 0xb2,
    0x98, 0x80, 0x3f, 0xeb, 0xff, 0xff, 0x80, 0x3c,
    0x53, 0xf4, 0xe6, 0x42, 0x0, 0x13, 0x59, 0xdc,
    0x50, 0xf, 0xfe, 0x73, 0x6b, 0x0, 0x7f, 0xf0,
    0x4e, 0xb4, 0xc0, 0x3f, 0xf9, 0x75, 0x20, 0x1f,
    0xfc, 0x52, 0xc6, 0x0, 0xff, 0xe4, 0xda, 0x80,
    0x7f, 0xf2, 0x25, 0xc0, 0x3f, 0xf8, 0xf0, 0x80,
    0x1f, 0xfc, 0xa8, 0x60, 0xf, 0xfe, 0x29, 0xb8,
    0x7, 0xff, 0x32, 0x4c, 0x3, 0xff, 0x89, 0x0,
    0x1f, 0xfc, 0xef, 0x0, 0xff, 0xe1, 0x9a, 0x0,
    0x7f, 0xf3, 0x8d, 0x40, 0x3f, 0xf8, 0x56, 0x1,
    0xff, 0xd0, 0x80, 0xf, 0xfe, 0x12, 0x0, 0x79,
    0x1e, 0x20, 0xea, 0x20, 0x1f, 0xfc, 0x32, 0x30,
    0xf, 0xfe, 0x9, 0x80, 0x45, 0x5f, 0x70, 0xee,
    0x8a, 0xec, 0x40, 0xf, 0xfe, 0x15, 0x0, 0x7f,
    0xf1, 0x17, 0x54, 0x3, 0xf1, 0xdc, 0x80, 0x7f,
    0xf0, 0x50, 0x3, 0xff, 0x86, 0xb4, 0x1, 0xff,
    0xc0, 0x69, 0x0, 0xff, 0xe0, 0x10, 0x80, 0x7f,
    0xf0, 0x46, 0xc0, 0x3f, 0xf8, 0x4c, 0xa0, 0x1f,
    0xfc, 0x5, 0x0, 0xff, 0xe0, 0xc8, 0x80, 0x7f,
    0xf0, 0xe4, 0x3, 0xff, 0x80, 0x40, 0x1f, 0xfc,
    0x16, 0x0, 0xff, 0xe2, 0x19, 0x0, 0x7f, 0xdc,
    0x1, 0xff, 0xc0, 0x31, 0x0, 0xff, 0xe2, 0xa0,
    0x7, 0xfc, 0x20, 0x1f, 0xfc, 0x5, 0x0, 0xff,
    0xe3, 0x78, 0x7, 0xfc, 0x60, 0x1f, 0xfc, 0xf,
    0x0, 0xff, 0xe3, 0x18, 0x7, 0xfc, 0x20, 0x1f,
    0xfc, 0x3, 0x0, 0xff, 0xe3, 0x8, 0x7, 0xff,
    0xfc, 0x3, 0xff, 0xfe, 0x1, 0xff, 0xcd, 0x73,
    0x3f, 0xfe, 0x0, 0x7, 0xff, 0x4c, 0xf3, 0x3f,
    0xe8, 0x0, 0xff, 0xff, 0x80, 0x7f, 0xff, 0xc0,
    0x3f, 0xff, 0xe0, 0x1f, 0xff, 0xf0, 0xf, 0xff,
    0xf8, 0x7, 0xff, 0xfc, 0x3, 0xff, 0xfe, 0x1,
    0xff, 0xff, 0x0, 0xff, 0xff, 0x80, 0x7f, 0xff,
    0xc0, 0x3f, 0xff, 0xe0, 0x1f, 0xff, 0xf0, 0xf,
    0xff, 0xf8, 0x7, 0xff, 0xfc, 0x3, 0xff, 0xfe,
    0x1, 0xff, 0xff, 0x0, 0xff, 0xea, 0x0,

    /* U+0073 "s" */
    0x0, 0xff, 0xe0, 0xa, 0xc5, 0x67, 0x7f, 0xff,
    0x6e, 0x53, 0xa0, 0x7, 0xff, 0x2c, 0x5f, 0x7a,
    0x9d, 0x4c, 0x40, 0x3f, 0x88, 0xd6, 0x2f, 0xed,
    0x40, 0x3f, 0xf8, 0xc3, 0x5d, 0x4, 0x1, 0xff,
    0xc9, 0x4a, 0xe7, 0x0, 0xff, 0xe1, 0xb7, 0x28,
    0x7, 0xff, 0x38, 0x63, 0x4c, 0x3, 0xff, 0x81,
    0x32, 0x0, 0xff, 0xe9, 0x16, 0x38, 0x7, 0xfa,
    0x98, 0x3, 0xff, 0xab, 0x10, 0x0, 0xfc, 0xea,
    0x1, 0xff, 0xd7, 0x77, 0x0, 0x78, 0xa0, 0x3,
    0xff, 0xb3, 0x6, 0x1, 0xd0, 0x1, 0xff, 0xdb,
    0xe0, 0xc, 0x2a, 0x1, 0xff, 0xc1, 0x15, 0x89,
    0xaa, 0xe9, 0x85, 0x10, 0xf, 0xfe, 0x9, 0x28,
    0x4, 0xe0, 0x1f, 0xfc, 0x1, 0xae, 0xa7, 0x65,
    0x5e, 0x67, 0xae, 0xa1, 0x0, 0xff, 0xe0, 0x70,
    0x5, 0x80, 0x1f, 0xf1, 0x7a, 0x80, 0x7f, 0xf0,
    0x57, 0xcc, 0x3, 0xfe, 0x40, 0x9, 0xc0, 0x3f,
    0xef, 0x10, 0xf, 0xfe, 0x18, 0xf0, 0x7, 0xff,
    0x0, 0xc0, 0x4, 0x1, 0xfe, 0x42, 0x0, 0xff,
    0xe2, 0x92, 0x80, 0x7f, 0xca, 0x1, 0xff, 0xc1,
    0x30, 0xf, 0xfe, 0x3e, 0x8, 0xff, 0xc0, 0x1,
    0x0, 0xff, 0xbc, 0x3, 0xff, 0x8e, 0xdd, 0xdf,
    0xf3, 0x0, 0x80, 0x7f, 0xdc, 0x1, 0xff, 0xe1,
    0x40, 0xf, 0xfe, 0xb0, 0x80, 0x7f, 0x8a, 0x40,
    0x3f, 0xfa, 0xaa, 0x1, 0xff, 0x36, 0x20, 0x7,
    0xff, 0x4f, 0x0, 0x3f, 0xf8, 0x7, 0x7f, 0xb5,
    0xc, 0x82, 0x1, 0xff, 0xcc, 0x40, 0xf, 0xfe,
    0x19, 0x2b, 0xcd, 0xf7, 0xed, 0xc3, 0x21, 0x0,
    0x7f, 0xf1, 0x4c, 0xc0, 0x1f, 0xfc, 0x92, 0x47,
    0x9b, 0xdf, 0xc9, 0x62, 0x0, 0xff, 0xe0, 0xd0,
    0x7, 0xff, 0x40, 0xda, 0x77, 0x1c, 0x3, 0xfe,
    0x63, 0x0, 0xff, 0xe9, 0x9c, 0x72, 0x80, 0x7f,
    0xb8, 0x3, 0xff, 0xaa, 0x35, 0x60, 0x1f, 0xc5,
    0x40, 0x1f, 0xfd, 0x64, 0xc1, 0x0, 0xfc, 0xb4,
    0x1, 0xff, 0xd6, 0x3c, 0x0, 0xfe, 0x5c, 0x30,
    0xf, 0xfe, 0xa9, 0x40, 0x7, 0xf1, 0xe4, 0x90,
    0x7, 0xff, 0x51, 0xcc, 0x3, 0xfc, 0xdb, 0x8e,
    0x60, 0x1f, 0xfd, 0x29, 0x0, 0xff, 0xe0, 0x1c,
    0x67, 0xed, 0xcb, 0xa1, 0x0, 0x7f, 0xf2, 0xd4,
    0x40, 0x3f, 0xf8, 0x64, 0x8d, 0x17, 0xbf, 0xd9,
    0x50, 0xc6, 0x20, 0x1f, 0xfc, 0x46, 0x0, 0xff,
    0xe5, 0x9, 0xab, 0xce, 0x77, 0x29, 0x0, 0x3f,
    0xf8, 0x38, 0x1, 0xff, 0xd1, 0x15, 0xbb, 0x8,
    0x7, 0xfc, 0xa0, 0x1f, 0xfd, 0x44, 0xc0, 0xf,
    0xf8, 0x44, 0x1, 0xff, 0xd4, 0x26, 0x0, 0xff,
    0x88, 0x3, 0xff, 0xab, 0x80, 0x1f, 0xf3, 0x80,
    0x7f, 0xf5, 0x58, 0x3, 0xfe, 0x1b, 0xff, 0xff,
    0x84, 0x3, 0xff, 0xc2, 0x40, 0x1f, 0xfc, 0x86,
    0x0, 0xff, 0x84, 0x80, 0x3f, 0xeb, 0x0, 0xff,
    0xe4, 0x78, 0x7, 0xfc, 0xde, 0x1, 0xff, 0x38,
    0x80, 0x7f, 0xf1, 0x8d, 0x40, 0x3f, 0xe2, 0x40,
    0xf, 0xfe, 0x6, 0x10, 0x7, 0xff, 0x10, 0xf4,
    0x3, 0xfe, 0x30, 0x22, 0x0, 0x7f, 0xc5, 0xb0,
    0x40, 0x1f, 0xfc, 0x3, 0xac, 0x10, 0xf, 0xfa,
    0xc0, 0x16, 0x1, 0xff, 0xc1, 0x7d, 0xd5, 0xcc,
    0x47, 0x4d, 0x67, 0x62, 0x80, 0x7f, 0xf0, 0x58,
    0x0, 0xc2, 0x1, 0xff, 0xc2, 0x24, 0x67, 0x7e,
    0x65, 0x31, 0x0, 0xff, 0xe1, 0x28, 0x80, 0x54,
    0x1, 0xff, 0xdc, 0xb0, 0xc, 0x8e, 0x1, 0xff,
    0xda, 0xa1, 0x0, 0xe8, 0x60, 0xf, 0xfe, 0xc4,
    0x28, 0x7, 0xd2, 0xe0, 0x1f, 0xfd, 0x68, 0x70,
    0xf, 0xe8, 0xb2, 0x0, 0xff, 0xe9, 0x16, 0x38,
    0x7, 0xfc, 0x9b, 0x2, 0x1, 0xff, 0xce, 0x18,
    0xd3, 0x0, 0xff, 0xe1, 0x3f, 0x52, 0x0, 0x7f,
    0xf2, 0x96, 0xb9, 0xc0, 0x3f, 0xf8, 0xcb, 0x7f,
    0x70, 0xa6, 0x40, 0x1f, 0xc2, 0x48, 0xd3, 0x9f,
    0x4a, 0x1, 0xfe,

    /* U+0074 "t" */
    0x0, 0xff, 0xe1, 0xff, 0xff, 0xf0, 0x0, 0x3f,
    0xff, 0xe0, 0x1f, 0xff, 0xf0, 0xf, 0xff, 0xf8,
    0x7, 0xff, 0xfc, 0x3, 0xff, 0xfe, 0x1, 0xff,
    0xff, 0x0, 0xff, 0xff, 0x80, 0x7f, 0xff, 0xc0,
    0x3f, 0xff, 0xe0, 0x1f, 0xfd, 0x5a, 0xff, 0xff,
    0xe1, 0x0, 0x7f, 0xf0, 0x3f, 0xff, 0xf9, 0x22,
    0x1, 0xff, 0xff, 0x0, 0xff, 0xff, 0x80, 0x7f,
    0xff, 0xc0, 0x3f, 0xff, 0xe0, 0x1f, 0xff, 0xf0,
    0xf, 0xff, 0xb1, 0x88, 0xff, 0xf0, 0x80, 0x3f,
    0xf8, 0x2, 0x3f, 0xfc, 0x90, 0x9e, 0xef, 0xfe,
    0x10, 0x7, 0xff, 0x3, 0xbb, 0xff, 0x92, 0x20,
    0x1f, 0xff, 0xf0, 0xf, 0xff, 0xf8, 0x7, 0xff,
    0xfc, 0x3, 0xff, 0xfe, 0x1, 0xff, 0xff, 0x0,
    0xff, 0xff, 0x80, 0x7f, 0xff, 0xc0, 0x3f, 0xff,
    0xe0, 0x1f, 0xff, 0xf0, 0xf, 0xff, 0xf8, 0x7,
    0xff, 0xfc, 0x3, 0xff, 0xfe, 0x1, 0xff, 0xff,
    0x0, 0xff, 0xff, 0x80, 0x7f, 0xff, 0xc0, 0x3f,
    0xff, 0xe0, 0x1f, 0xfe, 0x81, 0x0, 0xff, 0xf2,
    0x28, 0x7, 0xff, 0x60, 0x40, 0x3f, 0xee, 0x0,
    0xff, 0xec, 0x10, 0x7, 0xfc, 0xa8, 0x1, 0xff,
    0xd7, 0x50, 0xf, 0xfe, 0x5, 0xb8, 0x80, 0x7f,
    0xf5, 0x70, 0x3, 0xff, 0x83, 0x1d, 0xdf, 0xfc,
    0x58, 0x0, 0xff, 0xe2, 0x28, 0x7, 0xff, 0xc,
    0x47, 0xff, 0x8a, 0x1, 0xff, 0xc5, 0x60, 0xf,
    0xff, 0x25, 0x80, 0x7f, 0xf9, 0x9, 0xc0, 0x3f,
    0xfc, 0x90, 0x60, 0x1f, 0xfe, 0x4d, 0x20, 0xf,
    0xff, 0x18, 0xea, 0x0, 0x7f, 0xf9, 0x2e, 0x0,
    0x3f, 0xfc, 0x8f, 0xce, 0x20, 0x1f, 0xfe, 0x21,
    0x8e, 0xb7, 0x42, 0x0, 0xff, 0xe4, 0x0,

    /* U+0075 "u" */
    0xcf, 0xff, 0xf8, 0xc0, 0x3f, 0xf8, 0xd3, 0xff,
    0xff, 0x30, 0x7, 0xff, 0xfc, 0x3, 0xff, 0xfe,
    0x1, 0xff, 0xff, 0x0, 0xff, 0xff, 0x80, 0x7f,
    0xff, 0xc0, 0x3f, 0xff, 0xe0, 0x1f, 0xff, 0xf0,
    0xf, 0xff, 0xf8, 0x7, 0xff, 0xfc, 0x3, 0xff,
    0xfe, 0x1, 0xff, 0xff, 0x0, 0xff, 0xff, 0x80,
    0x7f, 0xff, 0xc0, 0x3f, 0xff, 0xe0, 0x1f, 0xff,
    0xf0, 0xf, 0xff, 0xf8, 0x7, 0xff, 0xfc, 0x3,
    0xff, 0xfe, 0x1, 0xff, 0xff, 0x0, 0xff, 0xe1,
    0x18, 0x7, 0xff, 0x1, 0xc0, 0x3f, 0xe7, 0x0,
    0xff, 0xe3, 0x8, 0x7, 0xfc, 0x62, 0x1, 0xff,
    0x10, 0x7, 0xff, 0x19, 0x80, 0x3f, 0xe1, 0x30,
    0xf, 0xfb, 0x0, 0x3f, 0xf8, 0xc4, 0x1, 0xff,
    0x37, 0x0, 0x7f, 0xc8, 0x1, 0xff, 0xc5, 0x50,
    0xf, 0xfe, 0x1, 0x20, 0x7, 0xfc, 0x2a, 0x1,
    0xff, 0xc4, 0xe0, 0xf, 0xf8, 0x80, 0xc0, 0x3f,
    0xf8, 0x10, 0x1, 0xff, 0xc3, 0x44, 0x0, 0x7f,
    0xc8, 0x0, 0x40, 0xf, 0xf8, 0xa4, 0x3, 0xff,
    0x82, 0x34, 0x1, 0xff, 0xc0, 0xc0, 0x6, 0x80,
    0x7f, 0xf0, 0x1a, 0x40, 0x3f, 0xe2, 0xf1, 0x0,
    0xff, 0xe0, 0x28, 0x1, 0x80, 0x3f, 0xf8, 0x2d,
    0xaa, 0x1, 0xf1, 0x4e, 0x88, 0x7, 0xff, 0x1,
    0x80, 0x33, 0x80, 0x7f, 0xf0, 0x4a, 0xbe, 0xe6,
    0x26, 0xb7, 0x4c, 0x1, 0xff, 0xc2, 0xb0, 0xd,
    0x22, 0x1, 0xff, 0xc3, 0x46, 0x76, 0x52, 0x0,
    0xff, 0xe1, 0xb1, 0x0, 0x61, 0x80, 0xf, 0xfe,
    0xb8, 0xc0, 0x7, 0x99, 0x40, 0x3f, 0xfa, 0xda,
    0x20, 0x1f, 0x51, 0x80, 0x7f, 0xf5, 0x28, 0xc0,
    0x3f, 0xb4, 0xc0, 0x3f, 0xfa, 0x52, 0xa0, 0x1f,
    0xe1, 0xc4, 0x0, 0xff, 0xe7, 0x8d, 0xb0, 0x7,
    0xff, 0x6, 0xe4, 0x3, 0xff, 0x9a, 0x9e, 0x80,
    0x1f, 0xfc, 0x36, 0xe6, 0x0, 0xff, 0xe4, 0x95,
    0xd8, 0x40, 0x3f, 0xf8, 0xa3, 0x3d, 0x6, 0x1,
    0xff, 0xc3, 0x15, 0xbd, 0x40, 0xf, 0xfe, 0x48,
    0xbe, 0x75, 0x3a, 0x10, 0x80, 0x61, 0x35, 0x8c,
    0xea, 0x40, 0xf, 0xfe, 0x0,

    /* U+0076 "v" */
    0x6f, 0xff, 0xfe, 0x1, 0x0, 0x7f, 0xf3, 0x2f,
    0xff, 0xff, 0x80, 0xe, 0x1, 0xff, 0xc0, 0xa0,
    0xf, 0xfe, 0x62, 0x0, 0x7f, 0xca, 0x2, 0x80,
    0x1f, 0xf2, 0x80, 0x7f, 0xf2, 0xd4, 0x3, 0xff,
    0x81, 0xc0, 0xd, 0x0, 0xff, 0x88, 0x80, 0x1f,
    0xfc, 0xaf, 0x0, 0xff, 0xe0, 0x20, 0x1, 0xc0,
    0x3f, 0xf8, 0xa, 0x1, 0xff, 0xca, 0x40, 0xf,
    0xf9, 0x40, 0x21, 0x40, 0xf, 0xfa, 0xc0, 0x3f,
    0xf9, 0x28, 0x20, 0x1f, 0xf7, 0x0, 0x6e, 0x0,
    0xff, 0x8c, 0x40, 0x3f, 0xf9, 0x1a, 0x1, 0xff,
    0xc0, 0x40, 0xc, 0xa0, 0x1f, 0xfc, 0x7, 0x0,
    0xff, 0xe4, 0x20, 0x7, 0xfc, 0xa0, 0x1e, 0x40,
    0xf, 0xfb, 0x40, 0x3f, 0xf8, 0xe6, 0x40, 0x1f,
    0xf7, 0x0, 0x7b, 0x80, 0x3f, 0xe4, 0x0, 0xff,
    0xe3, 0xd8, 0x7, 0xff, 0x1, 0x0, 0x3c, 0xa0,
    0x1f, 0xfc, 0x5, 0x0, 0xff, 0xe3, 0x28, 0x7,
    0xfc, 0xa0, 0x1f, 0x90, 0x3, 0xfe, 0xf0, 0xf,
    0xfe, 0x28, 0x90, 0x7, 0xfd, 0xc0, 0x1f, 0xb8,
    0x3, 0xfe, 0x50, 0xf, 0xfe, 0x2b, 0x80, 0x7f,
    0xf0, 0x10, 0x3, 0xf2, 0x80, 0x7f, 0xf0, 0x10,
    0x3, 0xff, 0x89, 0xa0, 0x1f, 0xf2, 0x80, 0x7f,
    0x90, 0x3, 0xfe, 0xd0, 0xf, 0xfe, 0x18, 0xa0,
    0x7, 0xfd, 0xc0, 0x1f, 0xee, 0x0, 0xff, 0x9c,
    0x3, 0xff, 0x86, 0x80, 0x1f, 0xfc, 0x4, 0x0,
    0xff, 0x28, 0x7, 0xfc, 0x26, 0x1, 0xff, 0xc2,
    0xf0, 0xf, 0xf9, 0x40, 0x3f, 0xf8, 0xa, 0x1,
    0xff, 0x58, 0x7, 0xff, 0x9, 0x40, 0x3f, 0xee,
    0x0, 0xff, 0xe0, 0x78, 0x7, 0xfc, 0xa0, 0x1f,
    0xfc, 0x14, 0x0, 0xff, 0xe0, 0x20, 0x7, 0xff,
    0x1, 0x40, 0x3f, 0xe2, 0x30, 0xf, 0xfe, 0x6,
    0x80, 0x7f, 0xca, 0x1, 0xff, 0xc2, 0x50, 0xf,
    0xfa, 0xc0, 0x3f, 0xf8, 0xe, 0x1, 0xff, 0x70,
    0x7, 0xff, 0xb, 0xc0, 0x3f, 0xe5, 0x0, 0xff,
    0x8c, 0x40, 0x3f, 0xe4, 0x0, 0xff, 0xe1, 0x28,
    0x7, 0xfc, 0x44, 0x0, 0xff, 0x58, 0x7, 0xfc,
    0xa0, 0x1f, 0xfc, 0x45, 0x0, 0xff, 0x94, 0x3,
    0xfc, 0xa0, 0x1f, 0xf7, 0x0, 0x7f, 0xf1, 0x3c,
    0x3, 0xfe, 0xb0, 0xf, 0xe2, 0x20, 0x7, 0xfc,
    0x80, 0x1f, 0xfc, 0x45, 0x0, 0xff, 0x8c, 0x40,
    0x3f, 0x28, 0x7, 0xfc, 0xa0, 0x1f, 0xfc, 0x65,
    0x0, 0xff, 0x9c, 0x3, 0xf5, 0x80, 0x7f, 0xdc,
    0x1, 0xff, 0xc6, 0xf0, 0xf, 0xfb, 0x40, 0x3e,
    0x13, 0x0, 0xff, 0x90, 0x3, 0xff, 0x8c, 0xa0,
    0x1f, 0xf2, 0x0, 0x7c, 0xe0, 0x1f, 0xf2, 0x80,
    0x7f, 0xf2, 0x14, 0x3, 0xfe, 0x50, 0xf, 0x68,
    0x7, 0xfd, 0xc0, 0x1f, 0xfc, 0x8f, 0x0, 0xff,
    0xbc, 0x3, 0x85, 0x0, 0x3f, 0xe4, 0x0, 0xff,
    0xe4, 0x28, 0x7, 0xfc, 0xa0, 0x1c, 0x80, 0x1f,
    0xf2, 0x80, 0x7f, 0xf2, 0x94, 0x3, 0xfe, 0x40,
    0xd, 0xe0, 0x1f, 0xf7, 0x0, 0x7f, 0xf2, 0xbc,
    0x3, 0xfe, 0xd0, 0xc, 0x80, 0x1f, 0xf2, 0x0,
    0x7f, 0xf2, 0x94, 0x3, 0xfe, 0x40, 0x8, 0x84,
    0x3, 0xfc, 0xa0, 0x1f, 0xfc, 0xc5, 0x0, 0xff,
    0x11, 0x0, 0xa, 0x1, 0xff, 0x78, 0x7, 0xff,
    0x33, 0xc0, 0x3f, 0xe5, 0x0, 0x60, 0x7, 0xfc,
    0xa0, 0x1f, 0xfc, 0xc5, 0x0, 0xff, 0xb0, 0x0,
    0x80, 0x1f, 0xe5, 0x0, 0xff, 0xe7, 0x28, 0x7,
    0xf9, 0x0, 0xc0, 0x3f, 0xef, 0x0, 0xff, 0xe7,
    0x70, 0x7, 0xfc, 0x6a, 0x1, 0xff, 0x28, 0x7,
    0xff, 0x39, 0x0, 0x3f, 0xe4, 0xf0, 0xf, 0xf2,
    0x80, 0x7f, 0xf4, 0x14, 0x3, 0xfd, 0xca, 0x1,
    0xfe, 0xf0, 0xf, 0xfe, 0x87, 0x0, 0x7f, 0x90,
    0xc0, 0x3f, 0xca, 0x1, 0xff, 0xd0, 0x40, 0xf,
    0xf1, 0x0, 0x7f, 0x94, 0x3, 0xff, 0xa4, 0xa0,
    0x1f, 0xfc, 0x8f, 0x0, 0xff, 0xe9, 0x70, 0x7,
    0xff, 0x21, 0x40, 0x3f, 0xfa, 0x48, 0x20, 0x1f,
    0xfc, 0x65, 0x0, 0xff, 0xea, 0x20, 0x7, 0xff,
    0x1b, 0xc0, 0x3f, 0xfa, 0x9c, 0x1, 0xff, 0xc6,
    0x50, 0xf, 0xfe, 0xa2, 0x8, 0x7, 0xff, 0x11,
    0x40, 0x3f, 0xfa, 0xce, 0x1, 0xff, 0xc4, 0xf0,
    0xf, 0xfe, 0xb6, 0x80, 0x7f, 0xf1, 0x14, 0x3,
    0xff, 0xac, 0x82, 0x1, 0xff, 0xc2, 0x50, 0xf,
    0xfe, 0x30,

    /* U+0077 "w" */
    0x0, 0xff, 0xf6, 0x37, 0xff, 0xf0, 0x80, 0x7f,
    0xc7, 0xff, 0xfe, 0x0, 0xff, 0xe0, 0x1f, 0xff,
    0xf0, 0x28, 0x7, 0xf2, 0x80, 0x7f, 0xcc, 0x1,
    0xfe, 0x20, 0xf, 0xf9, 0x40, 0x3f, 0x10, 0x10,
    0x7, 0xf1, 0x0, 0x7f, 0xda, 0x1, 0xfe, 0x70,
    0xf, 0xfb, 0x80, 0x3f, 0x38, 0x8, 0x80, 0x3f,
    0x70, 0x7, 0xfc, 0x60, 0x1f, 0xe2, 0x0, 0xff,
    0x88, 0x3, 0xf6, 0x80, 0x8, 0x3, 0xf1, 0x80,
    0x7f, 0xca, 0x1, 0xfe, 0xd0, 0xf, 0xf9, 0xc0,
    0x3f, 0x10, 0x1, 0x40, 0x3f, 0x30, 0x7, 0xf8,
    0x44, 0x1, 0xfe, 0x70, 0xf, 0xf8, 0x80, 0x3f,
    0x38, 0x3, 0x80, 0x3f, 0x10, 0x7, 0xf9, 0x40,
    0x3f, 0xe2, 0x0, 0xff, 0x8, 0x7, 0xf1, 0x0,
    0xc, 0x3, 0xf8, 0x80, 0x3f, 0x88, 0x3, 0xff,
    0x80, 0x40, 0x1f, 0xca, 0x1, 0xf8, 0x80, 0x26,
    0x0, 0xfe, 0x60, 0xf, 0xef, 0x0, 0xff, 0xe0,
    0x38, 0x7, 0xf1, 0x0, 0x7e, 0x60, 0x8, 0x80,
    0x3f, 0x88, 0x3, 0xf9, 0x40, 0x38, 0x80, 0x3d,
    0xa0, 0x1f, 0xde, 0x1, 0xf8, 0xc0, 0x31, 0x0,
    0x7e, 0xf0, 0xf, 0xe3, 0x0, 0xe7, 0x0, 0xf1,
    0x80, 0x7f, 0x10, 0x7, 0xee, 0x0, 0xce, 0x1,
    0xf8, 0x80, 0x3f, 0x10, 0x7, 0x88, 0x40, 0x39,
    0x80, 0x3f, 0x98, 0x3, 0xf2, 0x80, 0x62, 0x0,
    0xfc, 0xc0, 0x1f, 0x9c, 0x3, 0xdc, 0x40, 0x1c,
    0x40, 0x1f, 0xc4, 0x1, 0xf8, 0x80, 0x36, 0x80,
    0x7e, 0x20, 0xf, 0xc4, 0x1, 0xe2, 0x70, 0xf,
    0x18, 0x7, 0xc4, 0x1, 0xf8, 0x44, 0x1, 0x98,
    0x3, 0xf8, 0x80, 0x3e, 0xd0, 0xf, 0x31, 0x0,
    0x79, 0x40, 0x3e, 0x60, 0xf, 0xca, 0x1, 0xc6,
    0x1, 0xfc, 0xc0, 0x1f, 0x38, 0x7, 0x8b, 0x80,
    0x3d, 0xc0, 0x1f, 0x18, 0x7, 0xe2, 0x0, 0xf0,
    0x80, 0x7e, 0x20, 0xf, 0x88, 0x3, 0x84, 0x8,
    0x3, 0xc6, 0x1, 0xf7, 0x0, 0x7e, 0xf0, 0xf,
    0x28, 0x7, 0xef, 0x0, 0xf1, 0x80, 0x78, 0x81,
    0x80, 0x3c, 0xa0, 0x1f, 0x10, 0x7, 0xe2, 0x0,
    0xf1, 0x0, 0x7e, 0x20, 0xf, 0x28, 0x7, 0x94,
    0xc, 0x3, 0xc2, 0x1, 0xf2, 0x80, 0x7e, 0x50,
    0xf, 0x78, 0x7, 0xe6, 0x0, 0xf7, 0x0, 0x7b,
    0x80, 0x2, 0x1, 0xe3, 0x0, 0xf0, 0x80, 0x7e,
    0x10, 0xf, 0x10, 0x7, 0xe2, 0x0, 0xf1, 0x80,
    0x78, 0x80, 0xa, 0x1, 0xe5, 0x0, 0xe3, 0x0,
    0xfc, 0x60, 0x1f, 0x28, 0x7, 0xf1, 0x0, 0x72,
    0x80, 0x79, 0xc0, 0x4, 0x1, 0xef, 0x0, 0xe6,
    0x0, 0xfc, 0xc0, 0x1f, 0x8, 0x7, 0xf3, 0x0,
    0x61, 0x10, 0x7, 0x88, 0x1, 0xe0, 0x1e, 0x20,
    0xe, 0x20, 0xf, 0xda, 0x1, 0xf8, 0xc0, 0x3f,
    0x18, 0x6, 0x50, 0xf, 0x10, 0x4, 0x40, 0x1e,
    0x50, 0xe, 0xd0, 0xf, 0xc6, 0x1, 0xf9, 0x80,
    0x3f, 0x70, 0x6, 0x30, 0xf, 0x30, 0x4, 0xc0,
    0x1e, 0x11, 0x0, 0x66, 0x0, 0xfc, 0xc0, 0x1f,
    0xb4, 0x3, 0xf1, 0x0, 0x6d, 0x0, 0xf1, 0x80,
    0x44, 0x1, 0xf2, 0x80, 0x62, 0x0, 0xfc, 0x40,
    0x1f, 0x88, 0x3, 0xf2, 0x80, 0x66, 0x0, 0xf7,
    0x0, 0x62, 0x0, 0xf1, 0x0, 0x42, 0x20, 0xf,
    0x88, 0x3, 0xf9, 0xc0, 0x3f, 0x8, 0x6, 0x30,
    0xf, 0x28, 0x6, 0x70, 0xf, 0x78, 0x4, 0x40,
    0x1f, 0x9c, 0x3, 0xf8, 0x80, 0x3f, 0x88, 0x0,
    0x40, 0x1f, 0x18, 0x6, 0x20, 0xf, 0x28, 0x4,
    0xc0, 0x1f, 0x88, 0x3, 0xfc, 0x40, 0x1f, 0x9c,
    0x0, 0xe0, 0x1e, 0x10, 0xe, 0xd0, 0xf, 0x18,
    0x5, 0xa0, 0x1f, 0xb4, 0x3, 0xfc, 0xc0, 0x1f,
    0x88, 0x1, 0xa0, 0x1e, 0x50, 0xe, 0x60, 0xf,
    0x84, 0x0, 0x40, 0x1f, 0x98, 0x3, 0xfc, 0x60,
    0x1f, 0xb8, 0x0, 0x60, 0x1e, 0x20, 0xe, 0x30,
    0xf, 0x94, 0x0, 0xe0, 0x1f, 0x8c, 0x3, 0xfd,
    0xc0, 0x1f, 0x88, 0x0, 0xc0, 0x1e, 0xf0, 0xf,
    0x8, 0x7, 0x8c, 0x0, 0x40, 0x1f, 0x8, 0x7,
    0xfc, 0xa0, 0x1f, 0x98, 0x0, 0x40, 0x1e, 0x20,
    0xf, 0x10, 0x7, 0xb8, 0x4, 0x3, 0xf2, 0x80,
    0x7f, 0xc4, 0x1, 0xf8, 0x80, 0xc0, 0x3e, 0x50,
    0xf, 0x28, 0x7, 0x94, 0x8, 0x3, 0xf1, 0x80,
    0x7f, 0xc2, 0x20, 0xf, 0xc2, 0xc0, 0x1f, 0x8,
    0x7, 0xb8, 0x3, 0xc6, 0xc, 0x1, 0xfb, 0x80,
    0x3f, 0xf8, 0x4, 0x1, 0xf8, 0xc8, 0x3, 0xc6,
    0x1, 0xf1, 0x80, 0x7c, 0x24, 0x1, 0xf9, 0x40,
    0x3f, 0xf8, 0xa, 0x1, 0xf9, 0xb8, 0x3, 0xcc,
    0x1, 0xf3, 0x0, 0x7c, 0x5e, 0x1, 0xf8, 0x80,
    0x3f, 0xf8, 0x1c, 0x1, 0xf8, 0x48, 0x3, 0xda,
    0x1, 0xf1, 0x0, 0x7c, 0xe4, 0x1, 0xf0, 0x88,
    0x3, 0xff, 0x80, 0x60, 0x1f, 0x89, 0xc0, 0x3c,
    0x40, 0x1f, 0x88, 0x3, 0xc4, 0x20, 0x1f, 0x10,
    0x7, 0xff, 0x5, 0x80, 0x3f, 0x78, 0x80, 0x79,
    0xc0, 0x3f, 0x38, 0x7, 0xb9, 0xc0, 0x3e, 0x50,
    0xf, 0xfe, 0x9, 0x0, 0x7e, 0x13, 0x0, 0xf1,
    0x0, 0x7e, 0x20, 0xf, 0x8, 0x80, 0x3e, 0xe0,
    0xf, 0xfe, 0x11, 0x0, 0x7c, 0x42, 0x1, 0xc4,
    0x1, 0xfd, 0xa0, 0x1e, 0x23, 0x0, 0xf8, 0xc0,
    0x3f, 0xf8, 0x4c, 0x1, 0xf3, 0x0, 0x79, 0xc0,
    0x3f, 0x98, 0x3, 0xce, 0x20, 0x1f, 0x28, 0x7,
    0xff, 0x8, 0xc0, 0x3e, 0x20, 0xf, 0x10, 0x7,
    0xf1, 0x0, 0x78, 0xc0, 0x3f, 0x8, 0x7, 0xff,
    0xb, 0x80, 0x3f, 0xf8, 0x5a, 0x1, 0xfc, 0x22,
    0x0, 0xff, 0xe0, 0x98, 0x7, 0xff, 0xd, 0x40,
    0x3f, 0xf8, 0x4c, 0x1, 0xfe, 0x20, 0xf, 0xfe,
    0xb, 0x0, 0x7f, 0xf0, 0xc8, 0x3, 0xff, 0x84,
    0x60, 0x1f, 0xe5, 0x0, 0xff, 0xe0, 0xe8, 0x7,
    0xff, 0xc, 0x44, 0x1, 0xff, 0xc0, 0x10, 0xf,
    0xfb, 0x80, 0x3f, 0xf8, 0x24, 0x1, 0xff, 0xc4,
    0x20, 0xf, 0xfe, 0x2, 0x80, 0x7f, 0xc6, 0x1,
    0xff, 0xc1, 0x70, 0xf, 0xfe, 0x22, 0x80, 0x7f,
    0xf0, 0x8, 0x3, 0xfe, 0x60, 0xf, 0xfe, 0x9,
    0x0, 0x7f, 0xf1, 0x38, 0x3, 0xff, 0x81, 0xe0,
    0x1f, 0xf1, 0x0, 0x7f, 0xf0, 0x8, 0x3, 0xff,
    0x8a, 0x60, 0x1f, 0xfc, 0x2, 0x0, 0xff, 0xe0,
    0x10, 0x7, 0xfc, 0xc0, 0x1f, 0xc0,

    /* U+0078 "x" */
    0x0, 0xff, 0xf5, 0x77, 0xff, 0xff, 0x2, 0x40,
    0x3f, 0xf8, 0xe3, 0xdf, 0xff, 0xfc, 0xa, 0x0,
    0xd4, 0x1, 0xff, 0xc0, 0x63, 0x0, 0xff, 0xe3,
    0x40, 0x80, 0x7f, 0xc3, 0x60, 0x19, 0x18, 0x3,
    0xff, 0x81, 0xe0, 0x1f, 0xfc, 0x53, 0x60, 0xf,
    0xfe, 0x5, 0x8, 0x7, 0x48, 0x80, 0x7f, 0xc6,
    0xe0, 0x1f, 0xfc, 0x4e, 0x0, 0xff, 0xe0, 0x32,
    0x0, 0x7d, 0x40, 0x1f, 0xfc, 0x8, 0x10, 0xf,
    0xfe, 0x13, 0x90, 0x7, 0xfc, 0x32, 0x1, 0xf9,
    0x18, 0x3, 0xff, 0x81, 0x40, 0x1f, 0xfc, 0x12,
    0x80, 0xf, 0xfe, 0x5, 0x0, 0x7f, 0xa4, 0x80,
    0x3f, 0xe4, 0x50, 0xf, 0xfe, 0x4, 0x80, 0x7f,
    0xf0, 0x19, 0x0, 0x3f, 0xe9, 0x0, 0xff, 0xe0,
    0x58, 0x7, 0xfc, 0xa8, 0x1, 0xff, 0xc, 0x80,
    0x7f, 0xf0, 0x11, 0x80, 0x3f, 0xe1, 0x90, 0xf,
    0xe1, 0xb0, 0xf, 0xfe, 0x5, 0x0, 0x7f, 0xf0,
    0xa4, 0x80, 0x3f, 0xe6, 0x30, 0xf, 0xd0, 0x20,
    0x1f, 0xf3, 0x20, 0x7, 0xff, 0xf, 0x80, 0x3f,
    0xf8, 0x1c, 0x1, 0xf1, 0xb0, 0x7, 0xfc, 0x32,
    0x1, 0xff, 0xc4, 0x36, 0x0, 0xff, 0x89, 0xc0,
    0x3d, 0xc0, 0x1f, 0xfc, 0xa, 0x0, 0xff, 0xe3,
    0x49, 0x0, 0x7f, 0xd0, 0x40, 0x19, 0xc8, 0x3,
    0xfe, 0x64, 0x0, 0xff, 0xe3, 0xf0, 0x7, 0xff,
    0x2, 0x40, 0x22, 0x80, 0xf, 0xf8, 0xa4, 0x3,
    0xff, 0x90, 0x6e, 0x1, 0xff, 0x22, 0x0, 0x10,
    0x1, 0xff, 0xc0, 0x90, 0xf, 0xfe, 0x54, 0x10,
    0x7, 0xfd, 0x0, 0x4a, 0x1, 0xff, 0x32, 0x0,
    0x7f, 0xf2, 0xf8, 0x3, 0xfe, 0x33, 0x58, 0x7,
    0xfc, 0x52, 0x1, 0xff, 0xcc, 0x37, 0x0, 0xff,
    0xa1, 0x80, 0x3f, 0xe9, 0x0, 0xff, 0xe7, 0x41,
    0x0, 0x7f, 0x90, 0x3, 0xfe, 0x64, 0x0, 0xff,
    0xe7, 0xf0, 0x7, 0xff, 0x24, 0xa4, 0x3, 0xff,
    0xa0, 0x6e, 0x1, 0xff, 0xc8, 0xe0, 0xf, 0xfe,
    0x94, 0x10, 0x7, 0xff, 0x19, 0x8c, 0x3, 0xff,
    0xa7, 0xc0, 0x1f, 0xfc, 0x52, 0x90, 0xf, 0xfe,
    0xa1, 0xb8, 0x7, 0xff, 0x13, 0x80, 0x3f, 0xfa,
    0xd0, 0x40, 0x1f, 0xfc, 0x27, 0x30, 0xf, 0xfe,
    0xbc, 0x80, 0x7f, 0xf0, 0xa0, 0x3, 0xff, 0xb1,
    0xe0, 0x1f, 0xfc, 0x26, 0x0, 0xff, 0xeb, 0xb2,
    0x0, 0x7f, 0xf0, 0xa4, 0x80, 0x3f, 0xfa, 0xa3,
    0x20, 0x1f, 0xfc, 0x49, 0x0, 0xff, 0xea, 0xd0,
    0x7, 0xff, 0x15, 0x18, 0x3, 0xff, 0xa6, 0xc8,
    0x1, 0xff, 0xc6, 0x92, 0x0, 0xff, 0xe8, 0x94,
    0x80, 0x7f, 0xf2, 0x24, 0x3, 0xff, 0xa3, 0x20,
    0x1f, 0xfc, 0x94, 0x60, 0xf, 0xfe, 0x7b, 0x20,
    0x7, 0xf8, 0x80, 0x3f, 0xe9, 0x20, 0xf, 0xfe,
    0x69, 0x48, 0x7, 0xfd, 0x8, 0x1, 0xff, 0x70,
    0x7, 0xff, 0x37, 0x80, 0x3f, 0xe2, 0x58, 0x0,
    0xff, 0x8d, 0x80, 0x3f, 0xf9, 0x6e, 0x60, 0x1f,
    0xf5, 0x81, 0xa0, 0x7, 0xfd, 0x24, 0x1, 0xff,
    0xc9, 0x28, 0x0, 0xff, 0x89, 0x80, 0x10, 0x1,
    0xff, 0xc0, 0xe0, 0xf, 0xfe, 0x4f, 0x0, 0x7f,
    0xf0, 0x24, 0x2, 0x36, 0x0, 0xff, 0x8d, 0x80,
    0x3f, 0xf8, 0xee, 0x60, 0x1f, 0xf3, 0x20, 0x6,
    0x91, 0x0, 0xff, 0xa4, 0x80, 0x3f, 0xf8, 0xa5,
    0x0, 0x1f, 0xf0, 0xc0, 0x7, 0xac, 0x3, 0xff,
    0x81, 0xc0, 0x1f, 0xfc, 0x5e, 0x0, 0xff, 0xe0,
    0x58, 0x80, 0x79, 0x50, 0x3, 0xfe, 0x37, 0x0,
    0xff, 0xe1, 0xb9, 0x80, 0x7f, 0xc8, 0xa0, 0x1f,
    0xa8, 0x3, 0xff, 0x81, 0x4, 0x1, 0xff, 0xc1,
    0x28, 0x0, 0xff, 0xe0, 0x48, 0x7, 0xf0, 0xc0,
    0x7, 0xff, 0x3, 0x80, 0x3f, 0xf8, 0x3c, 0x1,
    0xff, 0xc0, 0x82, 0x0, 0xff, 0x39, 0x80, 0x7f,
    0xc6, 0xe0, 0x1f, 0xf4, 0x18, 0x7, 0xfc, 0x4e,
    0x1, 0xff, 0xc0, 0xf0, 0xf, 0xfe, 0x4, 0x10,
    0x7, 0xf1, 0xb8, 0x7, 0xff, 0x3, 0x80, 0x3f,
    0xf8, 0x26, 0xe0, 0x1f, 0xfc, 0xe, 0x0, 0xfe,
    0xe0, 0xf, 0xfe, 0x3, 0x18, 0x7, 0xff, 0xa,
    0x4, 0x3, 0xfe, 0x37, 0x0, 0xfa, 0x8, 0x3,
    0xfe, 0x19, 0x0, 0xff, 0xe2, 0x50, 0x7, 0xff,
    0x2, 0x8, 0x3, 0x8d, 0xc0, 0x3f, 0xf8, 0x14,
    0x1, 0xff, 0xc5, 0x45, 0x0, 0xff, 0xe0, 0x70,
    0x7, 0x70, 0x7, 0xff, 0x1, 0x50, 0x3, 0xff,
    0x8d, 0x60, 0x1f, 0xfc, 0x3, 0x70, 0xa, 0x8,
    0x3, 0xff, 0x81, 0x60, 0x1f, 0xfc, 0x71, 0x90,
    0xf, 0xfe, 0x4, 0x10, 0x1b, 0x80, 0x7f, 0xf0,
    0x24, 0x40, 0x3f, 0xf9, 0xc, 0x60, 0x1f, 0xfc,
    0xe, 0x0,

    /* U+0079 "y" */
    0x26, 0x6f, 0xfe, 0x0, 0x80, 0x7f, 0xf3, 0xd,
    0x9b, 0xff, 0x80, 0x3, 0x33, 0xff, 0xc0, 0x60,
    0xf, 0xfe, 0x67, 0x4c, 0xff, 0xd6, 0x6, 0x60,
    0xf, 0xfa, 0x80, 0x3f, 0xf9, 0x66, 0x40, 0x1f,
    0xf5, 0x0, 0x28, 0x3, 0xfe, 0x23, 0x0, 0xff,
    0xe5, 0x58, 0x7, 0xff, 0x1, 0x80, 0xc, 0x1,
    0xff, 0xc0, 0xa0, 0xf, 0xfe, 0x53, 0x0, 0x7f,
    0xc8, 0x20, 0x13, 0x0, 0x7f, 0xce, 0x1, 0xff,
    0xc9, 0x31, 0x0, 0xff, 0xb8, 0x3, 0x50, 0x7,
    0xfc, 0x2a, 0x1, 0xff, 0xc8, 0xa0, 0xf, 0xfe,
    0x2, 0x80, 0x63, 0x20, 0xf, 0xfb, 0x80, 0x3f,
    0xf9, 0xe, 0x1, 0xff, 0x30, 0x7, 0xac, 0x3,
    0xfe, 0x41, 0x0, 0xff, 0xe3, 0x20, 0x80, 0x7f,
    0xda, 0x1, 0xe6, 0x0, 0xff, 0xe0, 0x30, 0x7,
    0xff, 0x1b, 0x40, 0x3f, 0xe1, 0x40, 0xf, 0x94,
    0x3, 0xfe, 0xa0, 0xf, 0xfe, 0x33, 0x0, 0x7f,
    0xcc, 0x1, 0xfa, 0x40, 0x3f, 0xe2, 0x30, 0xf,
    0xfe, 0x22, 0x80, 0x7f, 0xf0, 0x28, 0x3, 0xf1,
    0x90, 0x7, 0xfd, 0x40, 0x1f, 0xfc, 0x4f, 0x0,
    0xff, 0x8c, 0x80, 0x3f, 0xa8, 0x3, 0xfe, 0x70,
    0xf, 0xfe, 0x22, 0x80, 0x7f, 0xd4, 0x1, 0xfe,
    0x60, 0xf, 0xf8, 0x54, 0x3, 0xff, 0x84, 0xa0,
    0x1f, 0xfc, 0x7, 0x0, 0xff, 0xa, 0x80, 0x7f,
    0xdc, 0x1, 0xff, 0xc2, 0xe0, 0xf, 0xf9, 0x4,
    0x3, 0xfe, 0xe0, 0xf, 0xf9, 0x4, 0x3, 0xff,
    0x80, 0x28, 0x1, 0xff, 0x70, 0x7, 0xff, 0x1,
    0x8, 0x3, 0xfe, 0x60, 0xf, 0xfe, 0x3, 0x80,
    0x7f, 0xc2, 0xa0, 0x1f, 0xfc, 0x1a, 0x0, 0xff,
    0xa8, 0x3, 0xff, 0x81, 0xa0, 0x1f, 0xf3, 0x80,
    0x7f, 0xf0, 0x98, 0x3, 0xfe, 0x23, 0x0, 0xff,
    0xa, 0x0, 0x7f, 0xd4, 0x1, 0xff, 0xc2, 0x15,
    0x0, 0xff, 0xa8, 0x3, 0xfc, 0xc0, 0x1f, 0xf1,
    0x18, 0x7, 0xff, 0xf, 0x80, 0x3f, 0xe7, 0x0,
    0xff, 0x58, 0x7, 0xfc, 0xa0, 0x1f, 0xfc, 0x44,
    0x20, 0xf, 0xf0, 0xa8, 0x7, 0xe2, 0x30, 0xf,
    0xfa, 0x80, 0x3f, 0xf8, 0xb4, 0x1, 0xff, 0x70,
    0x7, 0xe5, 0x0, 0xff, 0x8c, 0x80, 0x3f, 0xf8,
    0xac, 0x1, 0xff, 0x20, 0x80, 0x7d, 0x40, 0x1f,
    0xf5, 0x0, 0x7f, 0xf1, 0x85, 0x40, 0x3f, 0xe6,
    0x0, 0xf1, 0x10, 0x3, 0xfe, 0x70, 0xf, 0xfe,
    0x3f, 0x0, 0x7f, 0xd4, 0x1, 0xea, 0x0, 0xff,
    0x94, 0x40, 0x3f, 0xf8, 0xe8, 0x20, 0x1f, 0xe2,
    0x30, 0xe, 0x50, 0xf, 0xfb, 0xc0, 0x3f, 0xf9,
    0x32, 0x1, 0xff, 0x50, 0x6, 0x32, 0x0, 0xff,
    0xa, 0x80, 0x7f, 0xf2, 0x58, 0x3, 0xfe, 0x70,
    0xd, 0x60, 0x1f, 0xf3, 0x80, 0x7f, 0xf2, 0x85,
    0x0, 0x3f, 0xc2, 0x80, 0x12, 0x80, 0x7f, 0xd4,
    0x1, 0xff, 0xcb, 0xf0, 0xf, 0xfb, 0x40, 0x4,
    0x40, 0xf, 0xf1, 0x18, 0x7, 0xff, 0x2d, 0x4,
    0x3, 0xfc, 0xe0, 0x5, 0x0, 0xff, 0xa8, 0x3,
    0xff, 0x9a, 0xc0, 0x1f, 0xe1, 0x20, 0xb0, 0xf,
    0xf9, 0x40, 0x3f, 0xf9, 0xb2, 0x1, 0xff, 0x28,
    0x18, 0x7, 0xf8, 0xc8, 0x3, 0xff, 0x9a, 0x28,
    0x1, 0xfe, 0xc4, 0x0, 0xff, 0xa8, 0x3, 0xff,
    0x9f, 0xc0, 0x1f, 0xe5, 0x30, 0xf, 0xf9, 0x80,
    0x3f, 0xf9, 0xea, 0x20, 0x1f, 0xc3, 0x80, 0x1f,
    0xe5, 0x0, 0xff, 0xe8, 0xb0, 0x7, 0xf9, 0x0,
    0x3f, 0xdc, 0x1, 0xff, 0xd1, 0xa0, 0xf, 0xfe,
    0x40, 0xa0, 0x7, 0xff, 0x44, 0x90, 0x3, 0xff,
    0x8e, 0xe0, 0x1f, 0xfd, 0x3e, 0x0, 0xff, 0xe3,
    0xd0, 0x7, 0xff, 0x4d, 0x44, 0x3, 0xff, 0x8a,
    0x46, 0x1, 0xff, 0xd4, 0x60, 0xf, 0xfe, 0x2d,
    0x0, 0x7f, 0xf5, 0x68, 0x3, 0xff, 0x8a, 0xc0,
    0x1f, 0xfd, 0x52, 0x30, 0xf, 0xfe, 0x1a, 0x8,
    0x7, 0xff, 0x5a, 0x40, 0x3f, 0xf8, 0x7c, 0x1,
    0xff, 0xd7, 0x51, 0x0, 0xff, 0xe1, 0x28, 0x7,
    0xff, 0x61, 0xc0, 0x3f, 0xf8, 0x2a, 0x1, 0xff,
    0xd9, 0xb0, 0xf, 0xfe, 0xf, 0x0, 0x7f, 0xf6,
    0x48, 0xc0, 0x3f, 0xe1, 0x40, 0xf, 0xfe, 0xd1,
    0x0, 0x7f, 0xcc, 0x1, 0xff, 0xda, 0x51, 0x0,
    0xff, 0xa8, 0x3, 0xff, 0xb5, 0xc0, 0x1f, 0xf1,
    0x10, 0x3, 0xff, 0xb2, 0x28, 0x1, 0xff, 0x50,
    0x7, 0xff, 0x69, 0xc0, 0x3f, 0xf8, 0xc, 0x1,
    0xff, 0xda, 0xa0, 0xf, 0xf9, 0x4, 0x3, 0xff,
    0xb2, 0x46, 0x1, 0xff, 0x70, 0x7, 0xff, 0x6a,
    0x80, 0x3f, 0xf8, 0xa, 0x1, 0xff, 0xda, 0x60,
    0xf, 0xf9, 0x80, 0x3f, 0xfb, 0x48, 0x20, 0x1f,
    0xf6, 0x80, 0x7f, 0xf6, 0xb8, 0x3, 0xfe, 0x14,
    0x0, 0xff, 0xed, 0x28, 0x7, 0xfc, 0xc0, 0x1f,
    0xfd, 0xa6, 0x0, 0xff, 0xe0, 0x50, 0x7, 0xff,
    0x6a, 0x80, 0x3f, 0xe3, 0x20, 0xf, 0xfe, 0xc9,
    0x18, 0x7, 0xfd, 0x40, 0x1f, 0xfd, 0xa5, 0x0,
    0xff, 0xe0, 0x38, 0x7, 0xff, 0x6a, 0x80, 0x3f,
    0xe4, 0x10, 0xf, 0xfe, 0xc9, 0x90, 0x7, 0xfd,
    0xc0, 0x1f, 0xfd, 0xaa, 0x0, 0xff, 0x85, 0x40,
    0x3f, 0xfb, 0x4c, 0x1, 0xff, 0x38, 0x7, 0xff,
    0x38,

    /* U+007A "z" */
    0xa, 0xff, 0xff, 0xee, 0x8, 0x7, 0xff, 0xfc,
    0x3, 0xff, 0xfe, 0x1, 0xff, 0xff, 0x0, 0xff,
    0xff, 0x80, 0x7f, 0xff, 0xc0, 0x3f, 0xf9, 0x78,
    0xcd, 0xff, 0xcd, 0x50, 0xf, 0xfe, 0x10, 0x80,
    0x1a, 0x67, 0xff, 0x9a, 0x20, 0x1f, 0xfc, 0x17,
    0x0, 0xff, 0xe8, 0x4a, 0x0, 0x7f, 0xf0, 0x16,
    0x0, 0x3f, 0xf9, 0xee, 0xc0, 0x1f, 0xfc, 0x4,
    0xa0, 0xf, 0xfe, 0x7a, 0xc0, 0x7, 0xff, 0x0,
    0xac, 0x3, 0xff, 0x9e, 0x94, 0x1, 0xff, 0xc0,
    0x1c, 0x0, 0xff, 0xe7, 0x95, 0x80, 0x7f, 0xf0,
    0x7, 0x4, 0x3, 0xff, 0x9c, 0x38, 0x1, 0xff,
    0xc1, 0xd2, 0x0, 0xff, 0xe7, 0xe8, 0x80, 0x7f,
    0xf0, 0x28, 0xc0, 0x3f, 0xf9, 0xf6, 0x60, 0x1f,
    0xfc, 0x8, 0x50, 0xf, 0xfe, 0x7c, 0xa0, 0x7,
    0xff, 0x1, 0x9c, 0x3, 0xff, 0x9e, 0xec, 0x1,
    0xff, 0xc0, 0x59, 0x0, 0xff, 0xe7, 0xac, 0x0,
    0x7f, 0xf0, 0xe, 0x80, 0x3f, 0xf9, 0xe9, 0x40,
    0x1f, 0xfc, 0x2, 0xd0, 0xf, 0xfe, 0x79, 0x58,
    0x7, 0xff, 0x0, 0x7c, 0x40, 0x3f, 0xf9, 0xc3,
    0x80, 0x1f, 0xfc, 0x1d, 0x20, 0xf, 0xfe, 0x7e,
    0x88, 0x7, 0xff, 0x2, 0xcc, 0x3, 0xff, 0x9f,
    0x66, 0x1, 0xff, 0xc0, 0x94, 0x0, 0xff, 0xe7,
    0xca, 0x0, 0x7f, 0xf0, 0x21, 0x80, 0x3f, 0xf9,
    0xee, 0xc0, 0x1f, 0xfc, 0x6, 0x70, 0xf, 0xfe,
    0x7a, 0xc0, 0x7, 0xff, 0x1, 0x24, 0x3, 0xff,
    0x9e, 0x94, 0x1, 0xff, 0xc0, 0x3b, 0x0, 0xff,
    0xe7, 0x95, 0x80, 0x7f, 0xf0, 0xb, 0x40, 0x3f,
    0xf9, 0xe3, 0x80, 0x1f, 0xfc, 0x1, 0xf1, 0x0,
    0xff, 0xe7, 0xe8, 0x80, 0x7f, 0xf0, 0x34, 0x80,
    0x3f, 0xf9, 0xf6, 0x60, 0x1f, 0xfc, 0xa, 0x30,
    0xf, 0xfe, 0x7c, 0xa0, 0x7, 0xff, 0x2, 0x54,
    0x3, 0xff, 0x9e, 0xec, 0x1, 0xff, 0xc0, 0x76,
    0x0, 0xff, 0xe7, 0xac, 0x0, 0x7f, 0xf0, 0x16,
    0x0, 0x3f, 0xf9, 0xe9, 0x40, 0x1f, 0xfc, 0x4,
    0xa0, 0xf, 0xfe, 0x79, 0x58, 0x7, 0xff, 0x0,
    0xac, 0x3, 0xff, 0x9e, 0x38, 0x1, 0xff, 0xc0,
    0x1c, 0x0, 0xff, 0xe8, 0x48, 0x80, 0x7f, 0xf0,
    0xa, 0x26, 0x7f, 0xf9, 0xe2, 0x1, 0xff, 0xc2,
    0x36, 0x6f, 0xfe, 0x80, 0x7, 0xff, 0xfc, 0x3,
    0xff, 0xfe, 0x1, 0xff, 0xff, 0x0, 0xff, 0xff,
    0x80, 0x7f, 0xff, 0xc0, 0x3f, 0xf9, 0x40,

    /* U+007B "{" */
    0x0, 0xff, 0xe9, 0x24, 0x5e, 0xf7, 0xff, 0xe1,
    0x0, 0xff, 0xe7, 0xa5, 0xfd, 0xba, 0x10, 0x80,
    0x7f, 0xf5, 0x8f, 0x2d, 0x0, 0x3f, 0xfb, 0x71,
    0x86, 0x1, 0xff, 0xdc, 0xb7, 0x0, 0xff, 0xee,
    0xda, 0x0, 0x7f, 0xf7, 0x65, 0x0, 0x3f, 0xfb,
    0xa6, 0xc0, 0x1f, 0xfd, 0xef, 0x0, 0xff, 0xef,
    0x19, 0x80, 0x3f, 0xfb, 0xd6, 0x1, 0xff, 0xdf,
    0x40, 0xf, 0xfe, 0x11, 0xce, 0x6f, 0x77, 0x8,
    0x7, 0xff, 0x1c, 0xc0, 0x3f, 0xf8, 0x3, 0x78,
    0xc6, 0x42, 0x3c, 0x1, 0xff, 0xc7, 0x10, 0xf,
    0xfe, 0xe, 0xa0, 0x7, 0xff, 0x40, 0xc0, 0x3f,
    0xf8, 0xe, 0x60, 0x1f, 0xfd, 0xeb, 0x0, 0xff,
    0xe9, 0x18, 0x7, 0xff, 0x0, 0xc0, 0x3f, 0xfa,
    0x42, 0x1, 0xff, 0xe0, 0x10, 0xf, 0xfe, 0xf9,
    0x0, 0x7f, 0xc2, 0x1, 0xff, 0xd3, 0x70, 0xf,
    0xf8, 0x80, 0x3f, 0xfa, 0x64, 0x1, 0xff, 0x38,
    0x7, 0xff, 0x4c, 0x40, 0x3f, 0xe2, 0x0, 0xff,
    0xe9, 0xf0, 0x7, 0xfc, 0x20, 0x1f, 0xfd, 0x33,
    0x0, 0xff, 0xb8, 0x3, 0xff, 0xa6, 0xc0, 0x1f,
    0xf1, 0x80, 0x7f, 0xf4, 0xc4, 0x3, 0xfe, 0x60,
    0xf, 0xfe, 0x99, 0x0, 0x7f, 0xc2, 0x1, 0xff,
    0xd4, 0x10, 0xf, 0xf1, 0x0, 0x7f, 0xf5, 0xc,
    0x3, 0xff, 0xbe, 0xc0, 0x1f, 0xf1, 0x0, 0x7f,
    0xf4, 0xc4, 0x3, 0xfe, 0x60, 0xf, 0xfe, 0x99,
    0x80, 0x7f, 0xc2, 0x1, 0xff, 0xd3, 0x10, 0xf,
    0xf8, 0xc0, 0x3f, 0xfa, 0x62, 0x1, 0xff, 0xdf,
    0x50, 0xf, 0xfe, 0xf0, 0x98, 0x7, 0xfc, 0xa0,
    0x1f, 0xfd, 0x2b, 0x0, 0xff, 0xe0, 0x18, 0x7,
    0xff, 0x46, 0x14, 0x3, 0xfe, 0x60, 0xf, 0xfe,
    0x70, 0x9b, 0xeb, 0x80, 0x7f, 0xf0, 0x2c, 0x3,
    0xff, 0x80, 0xdf, 0xff, 0xfc, 0x1e, 0xc8, 0x20,
    0xf, 0xfe, 0x4, 0x90, 0x7, 0xff, 0x75, 0x98,
    0x1, 0xff, 0xdd, 0x89, 0x0, 0xff, 0xee, 0x2e,
    0xb8, 0x7, 0xff, 0x68, 0xe3, 0xa8, 0x80, 0x3f,
    0xfb, 0x29, 0x5c, 0xe2, 0x1, 0xff, 0xdb, 0x4a,
    0xdc, 0x60, 0xf, 0xfe, 0xf1, 0xcf, 0x28, 0x7,
    0xff, 0x78, 0x6a, 0x80, 0x1f, 0xfd, 0xf5, 0xb0,
    0xf, 0xfe, 0xfa, 0x40, 0x7, 0xff, 0x5, 0xbb,
    0xbf, 0xf8, 0x3b, 0x6e, 0x20, 0x1f, 0xfc, 0x7,
    0x30, 0xf, 0xfe, 0x8, 0x8f, 0xff, 0x4, 0x92,
    0x39, 0x40, 0x3f, 0xf8, 0x12, 0x1, 0xff, 0xd2,
    0xa4, 0x0, 0xff, 0x94, 0x3, 0xff, 0xa7, 0x20,
    0x1f, 0xfc, 0x3, 0x0, 0xff, 0xe9, 0x11, 0x80,
    0x7f, 0xca, 0x1, 0xff, 0xd3, 0x60, 0xf, 0xfe,
    0xf9, 0x0, 0x7f, 0xf7, 0xc4, 0x3, 0xfe, 0x30,
    0xf, 0xfe, 0x99, 0x80, 0x7f, 0xc2, 0x1, 0xff,
    0xd3, 0x10, 0xf, 0xf9, 0x80, 0x3f, 0xfa, 0x6c,
    0x1, 0xff, 0x18, 0x7, 0xff, 0x4c, 0xc0, 0x3f,
    0xe1, 0x0, 0xff, 0xe9, 0x88, 0x7, 0xf8, 0x80,
    0x3f, 0xfa, 0x64, 0x1, 0xff, 0x8, 0x7, 0xff,
    0x4c, 0x40, 0x3f, 0xe6, 0x0, 0xff, 0xe9, 0xb0,
    0x7, 0xfc, 0x60, 0x1f, 0xfd, 0x33, 0x0, 0xff,
    0xb8, 0x3, 0xff, 0xa7, 0xc0, 0x1f, 0xf0, 0x80,
    0x7f, 0xf4, 0xc4, 0x3, 0xfe, 0x20, 0xf, 0xfe,
    0x99, 0x0, 0x7f, 0xce, 0x1, 0xff, 0xd3, 0x60,
    0xf, 0xf8, 0x80, 0x3f, 0xfa, 0x66, 0x1, 0xff,
    0x8, 0x7, 0xff, 0x4c, 0x40, 0x3f, 0xfb, 0xc2,
    0x1, 0xff, 0xdf, 0x30, 0xf, 0xfe, 0x1, 0x0,
    0x7f, 0xf4, 0x8c, 0x3, 0xff, 0x81, 0x40, 0x1f,
    0xfd, 0xf7, 0x30, 0xf, 0xfe, 0x88, 0x88, 0x3,
    0xff, 0x81, 0x8a, 0x1, 0xff, 0xd1, 0x20, 0xf,
    0xfe, 0xd, 0x6c, 0x29, 0x9f, 0x80, 0x3f, 0xf9,
    0x16, 0x1, 0xff, 0xc2, 0x27, 0xac, 0xcf, 0x8,
    0x7, 0xff, 0x1d, 0x40, 0x3f, 0xfb, 0xe4, 0x80,
    0x1f, 0xfd, 0xf9, 0x0, 0xff, 0xef, 0x94, 0x0,
    0x7f, 0xf7, 0xdd, 0x40, 0x3f, 0xfb, 0xf4, 0xa0,
    0x1f, 0xfd, 0xfa, 0x80, 0xf, 0xfe, 0xfb, 0xe1,
    0x80, 0x7f, 0xf7, 0x8f, 0x2d, 0x40, 0x3f, 0xfb,
    0xc9, 0x5f, 0x6e, 0x84, 0x20, 0x1f, 0xc0,

    /* U+007C "|" */
    0x2a, 0xaf, 0xfa, 0x19, 0x57, 0xff, 0x80, 0x1,
    0xff, 0xff, 0x0, 0xff, 0xff, 0x80, 0x7f, 0xff,
    0xc0, 0x3f, 0xff, 0xe0, 0x1f, 0xff, 0xf0, 0xf,
    0xff, 0xf8, 0x7, 0xff, 0xfc, 0x3, 0xff, 0xfe,
    0x1, 0xff, 0xff, 0x0, 0xff, 0xff, 0x80, 0x7f,
    0xff, 0xc0, 0x3f, 0xff, 0xe0, 0x1f, 0xff, 0xf0,
    0xf, 0xff, 0xf8, 0x7, 0xff, 0xfc, 0x3, 0xff,
    0xa8,

    /* U+007D "}" */
    0x7f, 0xff, 0xbb, 0x99, 0x2c, 0x40, 0x1f, 0xfd,
    0x91, 0x11, 0xb4, 0xef, 0x38, 0x80, 0x7f, 0xf7,
    0x6, 0x3a, 0x0, 0x3f, 0xfb, 0xcf, 0xc8, 0x1,
    0xff, 0xdd, 0x1b, 0x60, 0xf, 0xfe, 0xf4, 0xb0,
    0x7, 0xff, 0x7a, 0x4c, 0x3, 0xff, 0xbd, 0xc0,
    0x1f, 0xfd, 0xe2, 0x60, 0xf, 0xfe, 0xf5, 0x80,
    0x7f, 0xf7, 0x88, 0x80, 0x1f, 0xfc, 0x67, 0xee,
    0xed, 0xb7, 0x10, 0xf, 0xfe, 0x12, 0x0, 0x7f,
    0xf1, 0xc4, 0x78, 0x92, 0x39, 0xc0, 0x3f, 0xf8,
    0x3e, 0x1, 0xff, 0xd0, 0x88, 0x0, 0x7f, 0xf0,
    0xc, 0x3, 0xff, 0xa2, 0xe4, 0x1, 0xff, 0x8,
    0x7, 0xff, 0x4a, 0x80, 0x3f, 0xfb, 0xc4, 0x1,
    0xff, 0x8, 0x7, 0xff, 0x78, 0x80, 0x3f, 0xfa,
    0x46, 0x1, 0xff, 0x70, 0x7, 0xff, 0x4b, 0x80,
    0x3f, 0xe2, 0x0, 0xff, 0xe9, 0x10, 0x7, 0xfc,
    0xc0, 0x1f, 0xfd, 0x26, 0x0, 0xff, 0x88, 0x3,
    0xff, 0xa4, 0x60, 0x1f, 0xe1, 0x0, 0xff, 0xe9,
    0x8, 0x7, 0xfc, 0x40, 0x1f, 0xfd, 0x22, 0x0,
    0xff, 0x98, 0x3, 0xff, 0xa4, 0xc0, 0x1f, 0xf1,
    0x0, 0x7f, 0xf4, 0x88, 0x3, 0xfe, 0xe0, 0xf,
    0xfe, 0x97, 0x0, 0x7f, 0xc4, 0x1, 0xff, 0xd2,
    0x20, 0xf, 0xf9, 0x80, 0x3f, 0xfa, 0x4c, 0x1,
    0xff, 0x10, 0x7, 0xff, 0x48, 0x80, 0x3f, 0xc2,
    0x1, 0xff, 0xd2, 0x10, 0xf, 0xf8, 0x80, 0x3f,
    0xfa, 0x44, 0x1, 0xff, 0x38, 0x7, 0xff, 0x49,
    0xc0, 0x3f, 0xe1, 0x0, 0xff, 0xe9, 0x8, 0x7,
    0xfc, 0x20, 0x1f, 0xfd, 0xe6, 0x0, 0xff, 0xe9,
    0x38, 0x7, 0xfc, 0x44, 0x0, 0xff, 0xe8, 0x90,
    0x7, 0xff, 0x2, 0x40, 0x3f, 0xfa, 0x4a, 0x1,
    0xff, 0x25, 0x0, 0x7f, 0xf4, 0x64, 0x3, 0xff,
    0x80, 0xbd, 0x8, 0x20, 0x1f, 0xfc, 0xd3, 0x70,
    0xf, 0xfe, 0x0, 0xbd, 0xf7, 0xff, 0xff, 0x8,
    0x3, 0xff, 0x81, 0xa, 0x1, 0xff, 0xde, 0xa6,
    0x0, 0xff, 0xef, 0x4d, 0x90, 0x7, 0xff, 0x75,
    0x36, 0xd4, 0x40, 0x3f, 0xfb, 0x89, 0x76, 0x40,
    0xf, 0xfe, 0xd1, 0x4f, 0x52, 0x0, 0x7f, 0xf6,
    0x63, 0x58, 0x3, 0xff, 0xb4, 0x38, 0xe0, 0x1f,
    0xfd, 0xcd, 0x30, 0xf, 0xfe, 0xe4, 0x98, 0x7,
    0xff, 0x70, 0xd8, 0x3, 0xff, 0x82, 0xd5, 0x9d,
    0xdf, 0xfc, 0x20, 0xf, 0xfa, 0x40, 0x3f, 0xf8,
    0x9, 0xd2, 0xa6, 0x23, 0xff, 0xc2, 0x0, 0xff,
    0x94, 0x3, 0xfe, 0x3b, 0x10, 0xf, 0xfe, 0x79,
    0x0, 0x7f, 0xf0, 0x3c, 0x3, 0xff, 0xa2, 0xe0,
    0x1f, 0xf1, 0x18, 0x7, 0xff, 0x75, 0x80, 0x3f,
    0xfa, 0x42, 0x1, 0xff, 0x8, 0x7, 0xff, 0x49,
    0xc0, 0x3f, 0xfb, 0xc4, 0x1, 0xff, 0x30, 0x7,
    0xff, 0x48, 0x40, 0x3f, 0xe2, 0x0, 0xff, 0xe9,
    0x90, 0x7, 0xf8, 0x40, 0x3f, 0xfa, 0x6c, 0x1,
    0xff, 0x10, 0x7, 0xff, 0x48, 0x80, 0x3f, 0xe6,
    0x0, 0xff, 0xe9, 0x70, 0x7, 0xfc, 0x40, 0x1f,
    0xfd, 0x22, 0x0, 0xff, 0xb8, 0x3, 0xff, 0xa4,
    0xc0, 0x1f, 0xf1, 0x0, 0x7f, 0xf4, 0x88, 0x3,
    0xfe, 0x70, 0xf, 0xfe, 0x90, 0x80, 0x7f, 0xc4,
    0x1, 0xff, 0xd3, 0x20, 0xf, 0xf8, 0x40, 0x3f,
    0xfa, 0x4e, 0x1, 0xff, 0x10, 0x7, 0xff, 0x48,
    0x80, 0x3f, 0xe6, 0x0, 0xff, 0xe9, 0x70, 0x7,
    0xfc, 0x40, 0x1f, 0xfd, 0x23, 0x0, 0xff, 0xb8,
    0x3, 0xff, 0xbc, 0x60, 0x1f, 0xfd, 0x2d, 0x0,
    0xff, 0x84, 0x3, 0xff, 0xa4, 0xa0, 0x1f, 0xfd,
    0xd8, 0x20, 0xf, 0xf8, 0x40, 0x3f, 0xf9, 0xe3,
    0x2e, 0x1, 0xff, 0xc0, 0x30, 0xf, 0xfe, 0x30,
    0x99, 0xf2, 0x35, 0x73, 0x0, 0x7f, 0xf0, 0x70,
    0x3, 0xff, 0x8c, 0xd9, 0x9d, 0x72, 0xa0, 0x1f,
    0xfc, 0x34, 0x0, 0xff, 0xee, 0xa0, 0x80, 0x7f,
    0xf7, 0x78, 0x3, 0xff, 0xba, 0x6a, 0x1, 0xff,
    0xdd, 0xe0, 0xf, 0xfe, 0xed, 0x90, 0x7, 0xff,
    0x72, 0x90, 0x3, 0xff, 0xb6, 0x38, 0xa0, 0x1f,
    0xfd, 0xb7, 0xe3, 0x0, 0xff, 0xec, 0x8b, 0xf4,
    0x0, 0x7f, 0xf5, 0x84, 0xda, 0x37, 0xa0, 0x40,
    0x3f, 0xf9, 0xc0,

    /* U+007E "~" */
    0x0, 0xff, 0x8d, 0x5e, 0x20, 0xea, 0x60, 0x1f,
    0xfd, 0xa4, 0xbf, 0xca, 0x87, 0x74, 0x56, 0x74,
    0x90, 0x7, 0xff, 0x54, 0xf2, 0xd0, 0x3, 0xf8,
    0x5b, 0x60, 0x3, 0xff, 0x86, 0xb5, 0x5f, 0xcc,
    0x1, 0xcf, 0x86, 0x1, 0xff, 0xc2, 0x7d, 0x20,
    0xf, 0xfe, 0xe, 0x2a, 0xff, 0x78, 0x6, 0x88,
    0x0, 0x7f, 0xf1, 0x4b, 0xc, 0x3, 0xff, 0x9c,
    0xce, 0x1, 0xff, 0xc7, 0x1d, 0x20, 0xf, 0xfe,
    0x61, 0x48, 0x7, 0xff, 0x24, 0x7c, 0x40, 0x3f,
    0xf9, 0x70, 0x1, 0xff, 0xcb, 0x2a, 0x0, 0xff,
    0xe5, 0x12, 0x80, 0x7f, 0xf3, 0x11, 0x80, 0x3f,
    0xf9, 0x28, 0x1, 0xff, 0xce, 0x93, 0x0, 0xff,
    0xe4, 0x68, 0x7, 0xf9, 0x73, 0xfa, 0xcc, 0x3,
    0xfe, 0xe1, 0x0, 0xf8, 0xc0, 0x3f, 0x84, 0x18,
    0x3, 0xf8, 0xe8, 0xc0, 0x53, 0x14, 0x3, 0xfc,
    0x5a, 0x1, 0xf2, 0x0, 0x7f, 0x78, 0x18, 0x7,
    0xf4, 0x80, 0x7a, 0x90, 0x3, 0xfc, 0x78, 0x20,
    0x1a, 0x44, 0x3, 0xf8, 0x40, 0x40, 0x3f, 0x98,
    0x3, 0xeb, 0x20, 0xf, 0xf1, 0xf5, 0xcc, 0xb5,
    0x80, 0x3f, 0xc8, 0x1, 0xff, 0x8, 0x7, 0xee,
    0x0, 0xff, 0xe0, 0x23, 0x30, 0x80, 0x3f, 0xc4,
    0x40, 0xf, 0xfe, 0x41, 0xc0, 0x7, 0xff, 0x35,
    0x40, 0x3f, 0xf9, 0x4e, 0x80, 0x1f, 0xfc, 0xb1,
    0x80, 0xf, 0xfe, 0x5d, 0x90, 0x7, 0xff, 0x2a,
    0x0, 0x3f, 0xf9, 0xbe, 0x20, 0x1f, 0xfc, 0x86,
    0x60, 0x7, 0xff, 0x34, 0xbc, 0x80, 0x3f, 0xf8,
    0xcb, 0x20, 0x1f, 0xfc, 0xf1, 0xc6, 0x0, 0xff,
    0xe2, 0x4d, 0x0, 0x77, 0x77, 0xf8, 0x80, 0x3f,
    0xf8, 0x23, 0x38, 0x60, 0x1f, 0xfc, 0x6, 0xe6,
    0x0, 0xf0, 0x8f, 0xf8, 0x3, 0xff, 0x88, 0x79,
    0x87, 0x42, 0x0, 0x88, 0xda, 0xba, 0x44, 0x3,
    0xc0,

    /* U+00B0 "°" */
    0x0, 0xff, 0xe1, 0x8, 0xc0, 0x1f, 0xfc, 0xc1,
    0x6a, 0xdf, 0xee, 0xbf, 0xb2, 0x10, 0x3, 0xff,
    0x8a, 0x55, 0xd2, 0xa4, 0x1, 0xc2, 0x6f, 0x7c,
    0xc0, 0x1f, 0xfc, 0x27, 0xd5, 0x0, 0xff, 0xe0,
    0x8c, 0xe9, 0x80, 0x7f, 0xd7, 0x0, 0x1f, 0xfc,
    0x52, 0xc6, 0x0, 0xfe, 0xc4, 0x0, 0xff, 0xe4,
    0x4b, 0x80, 0x7d, 0x66, 0x1, 0xff, 0xca, 0x84,
    0x0, 0xe6, 0x40, 0xf, 0xfe, 0x65, 0x8, 0x4,
    0x32, 0x1, 0xfc, 0x95, 0xdf, 0xd9, 0x2, 0x1,
    0xf8, 0x60, 0x2, 0x90, 0xf, 0xea, 0xb5, 0x10,
    0x13, 0x7e, 0x50, 0xf, 0xcc, 0x20, 0x6, 0x0,
    0xfd, 0x6a, 0x1, 0xfa, 0x94, 0x3, 0xf3, 0x1,
    0x88, 0x7, 0xce, 0x80, 0x1f, 0xea, 0x10, 0xf,
    0xac, 0x14, 0x3, 0xf4, 0x80, 0x7f, 0xf0, 0x24,
    0x3, 0xe3, 0xf, 0x0, 0xf9, 0x4, 0x3, 0xff,
    0x80, 0xa0, 0x1f, 0x88, 0xc0, 0x3e, 0x30, 0xf,
    0xfe, 0x9, 0x8, 0x7, 0xcc, 0x20, 0x1f, 0x78,
    0x7, 0xff, 0x8, 0xc0, 0x3e, 0x10, 0xf, 0xfe,
    0xa0, 0x80, 0x7d, 0xe0, 0x1f, 0xfc, 0x22, 0x0,
    0xf8, 0x4c, 0x3, 0xe4, 0x0, 0xff, 0xe0, 0x90,
    0x7, 0xe6, 0xf0, 0xf, 0x8c, 0x40, 0x3f, 0xf8,
    0x14, 0x1, 0xf8, 0x90, 0x3, 0xf4, 0x0, 0x7f,
    0xc2, 0xc0, 0x1f, 0x18, 0x11, 0x0, 0x3e, 0x65,
    0x0, 0xff, 0x50, 0x80, 0x7d, 0x60, 0xa, 0x0,
    0xfd, 0x4e, 0x1, 0xf0, 0xe2, 0x0, 0x7e, 0x60,
    0x3, 0x88, 0x7, 0xe8, 0xd7, 0x42, 0x35, 0x9e,
    0x30, 0xf, 0xce, 0x20, 0x15, 0x80, 0x7f, 0x14,
    0x5e, 0xe5, 0x30, 0x7, 0xf0, 0xc0, 0x6, 0x56,
    0x0, 0xff, 0xe6, 0x68, 0x7, 0xa5, 0x0, 0x3f,
    0xf9, 0x54, 0x60, 0x1f, 0x5a, 0x80, 0x7f, 0xf2,
    0x2d, 0x40, 0x3f, 0xaa, 0x82, 0x1, 0xff, 0xc4,
    0x3d, 0x40, 0xf, 0xf9, 0x7d, 0xc4, 0x3, 0xff,
    0x80, 0x75, 0x84, 0x1, 0xff, 0xc1, 0x18, 0xeb,
    0x74, 0x20, 0x8, 0x49, 0x67, 0x71, 0x40, 0x3f,
    0x0
};


/*---------------------
 *  GLYPH DESCRIPTION
 *--------------------*/

static const lv_font_fmt_txt_glyph_dsc_t glyph_dsc[] = {
    {.bitmap_index = 0, .adv_w = 0, .box_w = 0, .box_h = 0, .ofs_x = 0, .ofs_y = 0} /* id = 0 reserved */,
    {.bitmap_index = 0, .adv_w = 922, .box_w = 0, .box_h = 0, .ofs_x = 0, .ofs_y = 0},
    {.bitmap_index = 0, .adv_w = 922, .box_w = 17, .box_h = 71, .ofs_x = 20, .ofs_y = 0},
    {.bitmap_index = 208, .adv_w = 922, .box_w = 36, .box_h = 29, .ofs_x = 11, .ofs_y = 41},
    {.bitmap_index = 360, .adv_w = 922, .box_w = 52, .box_h = 71, .ofs_x = 3, .ofs_y = -1},
    {.bitmap_index = 1087, .adv_w = 922, .box_w = 48, .box_h = 98, .ofs_x = 5, .ofs_y = -13},
    {.bitmap_index = 1834, .adv_w = 922, .box_w = 58, .box_h = 72, .ofs_x = 0, .ofs_y = 0},
    {.bitmap_index = 2767, .adv_w = 922, .box_w = 59, .box_h = 72, .ofs_x = 1, .ofs_y = -1},
    {.bitmap_index = 3613, .adv_w = 922, .box_w = 14, .box_h = 29, .ofs_x = 22, .ofs_y = 41},
    {.bitmap_index = 3690, .adv_w = 922, .box_w = 31, .box_h = 93, .ofs_x = 16, .ofs_y = -12},
    {.bitmap_index = 4203, .adv_w = 922, .box_w = 31, .box_h = 93, .ofs_x = 11, .ofs_y = -12},
    {.bitmap_index = 4715, .adv_w = 922, .box_w = 52, .box_h = 51, .ofs_x = 3, .ofs_y = 9},
    {.bitmap_index = 5222, .adv_w = 922, .box_w = 47, .box_h = 46, .ofs_x = 5, .ofs_y = 9},
    {.bitmap_index = 5352, .adv_w = 922, .box_w = 20, .box_h = 30, .ofs_x = 18, .ofs_y = -15},
    {.bitmap_index = 5518, .adv_w = 922, .box_w = 32, .box_h = 12, .ofs_x = 13, .ofs_y = 26},
    {.bitmap_index = 5542, .adv_w = 922, .box_w = 19, .box_h = 18, .ofs_x = 19, .ofs_y = -1},
    {.bitmap_index = 5643, .adv_w = 922, .box_w = 47, .box_h = 91, .ofs_x = 5, .ofs_y = -11},
    {.bitmap_index = 6267, .adv_w = 922, .box_w = 46, .box_h = 73, .ofs_x = 6, .ofs_y = -1},
    {.bitmap_index = 6837, .adv_w = 922, .box_w = 46, .box_h = 71, .ofs_x = 7, .ofs_y = 0},
    {.bitmap_index = 7075, .adv_w = 922, .box_w = 46, .box_h = 71, .ofs_x = 6, .ofs_y = 0},
    {.bitmap_index = 7656, .adv_w = 922, .box_w = 46, .box_h = 72, .ofs_x = 5, .ofs_y = -1},
    {.bitmap_index = 8172, .adv_w = 922, .box_w = 44, .box_h = 71, .ofs_x = 5, .ofs_y = 0},
    {.bitmap_index = 8577, .adv_w = 922, .box_w = 46, .box_h = 71, .ofs_x = 5, .ofs_y = -1},
    {.bitmap_index = 9002, .adv_w = 922, .box_w = 48, .box_h = 72, .ofs_x = 5, .ofs_y = -1},
    {.bitmap_index = 9695, .adv_w = 922, .box_w = 48, .box_h = 71, .ofs_x = 6, .ofs_y = 0},
    {.bitmap_index = 10176, .adv_w = 922, .box_w = 48, .box_h = 73, .ofs_x = 5, .ofs_y = -1},
    {.bitmap_index = 10983, .adv_w = 922, .box_w = 48, .box_h = 72, .ofs_x = 5, .ofs_y = -1},
    {.bitmap_index = 11681, .adv_w = 922, .box_w = 19, .box_h = 55, .ofs_x = 19, .ofs_y = -1},
    {.bitmap_index = 11895, .adv_w = 922, .box_w = 21, .box_h = 70, .ofs_x = 17, .ofs_y = -15},
    {.bitmap_index = 12192, .adv_w = 922, .box_w = 44, .box_h = 54, .ofs_x = 7, .ofs_y = 5},
    {.bitmap_index = 12583, .adv_w = 922, .box_w = 43, .box_h = 35, .ofs_x = 7, .ofs_y = 14},
    {.bitmap_index = 12659, .adv_w = 922, .box_w = 44, .box_h = 54, .ofs_x = 7, .ofs_y = 5},
    {.bitmap_index = 13047, .adv_w = 922, .box_w = 37, .box_h = 71, .ofs_x = 11, .ofs_y = 0},
    {.bitmap_index = 13443, .adv_w = 922, .box_w = 52, .box_h = 89, .ofs_x = 3, .ofs_y = -17},
    {.bitmap_index = 14250, .adv_w = 922, .box_w = 52, .box_h = 71, .ofs_x = 3, .ofs_y = 0},
    {.bitmap_index = 14964, .adv_w = 922, .box_w = 46, .box_h = 71, .ofs_x = 7, .ofs_y = 0},
    {.bitmap_index = 15443, .adv_w = 922, .box_w = 45, .box_h = 73, .ofs_x = 7, .ofs_y = -1},
    {.bitmap_index = 15955, .adv_w = 922, .box_w = 45, .box_h = 70, .ofs_x = 7, .ofs_y = 0},
    {.bitmap_index = 16296, .adv_w = 922, .box_w = 43, .box_h = 71, .ofs_x = 8, .ofs_y = 0},
    {.bitmap_index = 16459, .adv_w = 922, .box_w = 45, .box_h = 71, .ofs_x = 7, .ofs_y = 0},
    {.bitmap_index = 16619, .adv_w = 922, .box_w = 46, .box_h = 73, .ofs_x = 6, .ofs_y = -1},
    {.bitmap_index = 17139, .adv_w = 922, .box_w = 44, .box_h = 71, .ofs_x = 7, .ofs_y = 0},
    {.bitmap_index = 17298, .adv_w = 922, .box_w = 41, .box_h = 70, .ofs_x = 8, .ofs_y = 0},
    {.bitmap_index = 17456, .adv_w = 922, .box_w = 47, .box_h = 72, .ofs_x = 2, .ofs_y = -1},
    {.bitmap_index = 17800, .adv_w = 922, .box_w = 48, .box_h = 71, .ofs_x = 7, .ofs_y = 0},
    {.bitmap_index = 18305, .adv_w = 922, .box_w = 43, .box_h = 71, .ofs_x = 11, .ofs_y = 0},
    {.bitmap_index = 18451, .adv_w = 922, .box_w = 48, .box_h = 71, .ofs_x = 5, .ofs_y = 0},
    {.bitmap_index = 18961, .adv_w = 922, .box_w = 45, .box_h = 71, .ofs_x = 6, .ofs_y = 0},
    {.bitmap_index = 19396, .adv_w = 922, .box_w = 45, .box_h = 73, .ofs_x = 6, .ofs_y = -1},
    {.bitmap_index = 19894, .adv_w = 922, .box_w = 47, .box_h = 71, .ofs_x = 7, .ofs_y = 0},
    {.bitmap_index = 20243, .adv_w = 922, .box_w = 47, .box_h = 89, .ofs_x = 6, .ofs_y = -17},
    {.bitmap_index = 20877, .adv_w = 922, .box_w = 47, .box_h = 71, .ofs_x = 7, .ofs_y = 0},
    {.bitmap_index = 21356, .adv_w = 922, .box_w = 48, .box_h = 73, .ofs_x = 5, .ofs_y = -1},
    {.bitmap_index = 22070, .adv_w = 922, .box_w = 50, .box_h = 71, .ofs_x = 4, .ofs_y = -1},
    {.bitmap_index = 22235, .adv_w = 922, .box_w = 45, .box_h = 72, .ofs_x = 6, .ofs_y = -1},
    {.bitmap_index = 22566, .adv_w = 922, .box_w = 52, .box_h = 71, .ofs_x = 3, .ofs_y = 0},
    {.bitmap_index = 23333, .adv_w = 922, .box_w = 56, .box_h = 71, .ofs_x = 1, .ofs_y = 0},
    {.bitmap_index = 24443, .adv_w = 922, .box_w = 53, .box_h = 71, .ofs_x = 2, .ofs_y = 0},
    {.bitmap_index = 25249, .adv_w = 922, .box_w = 54, .box_h = 71, .ofs_x = 2, .ofs_y = 0},
    {.bitmap_index = 25813, .adv_w = 922, .box_w = 44, .box_h = 70, .ofs_x = 7, .ofs_y = 0},
    {.bitmap_index = 26247, .adv_w = 922, .box_w = 28, .box_h = 91, .ofs_x = 17, .ofs_y = -11},
    {.bitmap_index = 26375, .adv_w = 922, .box_w = 47, .box_h = 91, .ofs_x = 5, .ofs_y = -11},
    {.bitmap_index = 26995, .adv_w = 922, .box_w = 28, .box_h = 91, .ofs_x = 12, .ofs_y = -11},
    {.bitmap_index = 27122, .adv_w = 922, .box_w = 46, .box_h = 38, .ofs_x = 6, .ofs_y = 33},
    {.bitmap_index = 27517, .adv_w = 922, .box_w = 47, .box_h = 11, .ofs_x = 5, .ofs_y = -13},
    {.bitmap_index = 27544, .adv_w = 922, .box_w = 25, .box_h = 14, .ofs_x = 13, .ofs_y = 62},
    {.bitmap_index = 27634, .adv_w = 922, .box_w = 46, .box_h = 55, .ofs_x = 5, .ofs_y = -1},
    {.bitmap_index = 28134, .adv_w = 922, .box_w = 44, .box_h = 72, .ofs_x = 7, .ofs_y = -1},
    {.bitmap_index = 28622, .adv_w = 922, .box_w = 45, .box_h = 55, .ofs_x = 7, .ofs_y = -1},
    {.bitmap_index = 29078, .adv_w = 922, .box_w = 45, .box_h = 72, .ofs_x = 6, .ofs_y = -1},
    {.bitmap_index = 29574, .adv_w = 922, .box_w = 45, .box_h = 55, .ofs_x = 6, .ofs_y = -1},
    {.bitmap_index = 30035, .adv_w = 922, .box_w = 48, .box_h = 71, .ofs_x = 4, .ofs_y = 0},
    {.bitmap_index = 30273, .adv_w = 922, .box_w = 45, .box_h = 72, .ofs_x = 6, .ofs_y = -17},
    {.bitmap_index = 30828, .adv_w = 922, .box_w = 44, .box_h = 71, .ofs_x = 7, .ofs_y = 0},
    {.bitmap_index = 31140, .adv_w = 922, .box_w = 47, .box_h = 76, .ofs_x = 7, .ofs_y = 0},
    {.bitmap_index = 31402, .adv_w = 922, .box_w = 38, .box_h = 93, .ofs_x = 7, .ofs_y = -17},
    {.bitmap_index = 31751, .adv_w = 922, .box_w = 48, .box_h = 71, .ofs_x = 7, .ofs_y = 0},
    {.bitmap_index = 32175, .adv_w = 922, .box_w = 52, .box_h = 70, .ofs_x = 2, .ofs_y = 0},
    {.bitmap_index = 32403, .adv_w = 922, .box_w = 50, .box_h = 54, .ofs_x = 4, .ofs_y = 0},
    {.bitmap_index = 32692, .adv_w = 922, .box_w = 44, .box_h = 54, .ofs_x = 7, .ofs_y = 0},
    {.bitmap_index = 32966, .adv_w = 922, .box_w = 45, .box_h = 55, .ofs_x = 6, .ofs_y = -1},
    {.bitmap_index = 33434, .adv_w = 922, .box_w = 44, .box_h = 72, .ofs_x = 7, .ofs_y = -17},
    {.bitmap_index = 33928, .adv_w = 922, .box_w = 45, .box_h = 72, .ofs_x = 6, .ofs_y = -17},
    {.bitmap_index = 34418, .adv_w = 922, .box_w = 44, .box_h = 54, .ofs_x = 9, .ofs_y = 0},
    {.bitmap_index = 34705, .adv_w = 922, .box_w = 46, .box_h = 55, .ofs_x = 6, .ofs_y = -1},
    {.bitmap_index = 35228, .adv_w = 922, .box_w = 49, .box_h = 68, .ofs_x = 3, .ofs_y = 0},
    {.bitmap_index = 35459, .adv_w = 922, .box_w = 44, .box_h = 54, .ofs_x = 7, .ofs_y = -1},
    {.bitmap_index = 35744, .adv_w = 922, .box_w = 52, .box_h = 53, .ofs_x = 3, .ofs_y = 0},
    {.bitmap_index = 36322, .adv_w = 922, .box_w = 56, .box_h = 54, .ofs_x = 1, .ofs_y = 0},
    {.bitmap_index = 37160, .adv_w = 922, .box_w = 52, .box_h = 54, .ofs_x = 3, .ofs_y = 0},
    {.bitmap_index = 37778, .adv_w = 922, .box_w = 52, .box_h = 71, .ofs_x = 3, .ofs_y = -17},
    {.bitmap_index = 38467, .adv_w = 922, .box_w = 44, .box_h = 53, .ofs_x = 7, .ofs_y = 0},
    {.bitmap_index = 38794, .adv_w = 922, .box_w = 44, .box_h = 91, .ofs_x = 6, .ofs_y = -11},
    {.bitmap_index = 39345, .adv_w = 922, .box_w = 13, .box_h = 91, .ofs_x = 22, .ofs_y = -11},
    {.bitmap_index = 39402, .adv_w = 922, .box_w = 43, .box_h = 91, .ofs_x = 8, .ofs_y = -11},
    {.bitmap_index = 39957, .adv_w = 922, .box_w = 49, .box_h = 23, .ofs_x = 4, .ofs_y = 23},
    {.bitmap_index = 40206, .adv_w = 922, .box_w = 32, .box_h = 31, .ofs_x = 13, .ofs_y = 41}
};

/*---------------------
 *  CHARACTER MAPPING
 *--------------------*/



/*Collect the unicode lists and glyph_id offsets*/
static const lv_font_fmt_txt_cmap_t cmaps[] =
{
    {
        .range_start = 32, .range_length = 95, .glyph_id_start = 1,
        .unicode_list = NULL, .glyph_id_ofs_list = NULL, .list_length = 0, .type = LV_FONT_FMT_TXT_CMAP_FORMAT0_TINY
    },
    {
        .range_start = 176, .range_length = 1, .glyph_id_start = 96,
        .unicode_list = NULL, .glyph_id_ofs_list = NULL, .list_length = 0, .type = LV_FONT_FMT_TXT_CMAP_FORMAT0_TINY
    }
};



/*--------------------
 *  ALL CUSTOM DATA
 *--------------------*/

#if LVGL_VERSION_MAJOR == 8
/*Store all the custom data of the font*/
static  lv_font_fmt_txt_glyph_cache_t cache;
#endif

#if LVGL_VERSION_MAJOR >= 8
static const lv_font_fmt_txt_dsc_t font_dsc = {
#else
static lv_font_fmt_txt_dsc_t font_dsc = {
#endif
    .glyph_bitmap = glyph_bitmap,
    .glyph_dsc = glyph_dsc,
    .cmaps = cmaps,
    .kern_dsc = NULL,
    .kern_scale = 0,
    .cmap_num = 2,
    .bpp = 4,
    .kern_classes = 0,
    .bitmap_format = 1,
#if LVGL_VERSION_MAJOR == 8
    .cache = &cache
#endif
};



/*-----------------
 *  PUBLIC FONT
 *----------------*/

/*Initialize a public general font descriptor*/
#if LVGL_VERSION_MAJOR >= 8
const lv_font_t fv_mono_96 = {
#else
lv_font_t fv_mono_96 = {
#endif
    .get_glyph_dsc = lv_font_get_glyph_dsc_fmt_txt,    /*Function pointer to get glyph's data*/
    .get_glyph_bitmap = lv_font_get_bitmap_fmt_txt,    /*Function pointer to get glyph's bitmap*/
    .line_height = 102,          /*The maximum line height required by the font*/
    .base_line = 17,             /*Baseline measured from the bottom of the line*/
#if !(LVGL_VERSION_MAJOR == 6 && LVGL_VERSION_MINOR == 0)
    .subpx = LV_FONT_SUBPX_NONE,
#endif
#if LV_VERSION_CHECK(7, 4, 0) || LVGL_VERSION_MAJOR >= 8
    .underline_position = -15,
    .underline_thickness = 5,
#endif
    .dsc = &font_dsc,          /*The custom font data. Will be accessed by `get_glyph_bitmap/dsc` */
#if LV_VERSION_CHECK(8, 2, 0) || LVGL_VERSION_MAJOR >= 9
    .fallback = NULL,
#endif
    .user_data = NULL,
};



#endif /*#if FV_MONO_96*/

