/*******************************************************************************
 * Size: 28 px
 * Bpp: 4
 * Opts: --font ..\..\components\flightview_views\fonts\source_ttf\Outfit-Bold.ttf --range 0x20-0x7E,0xA0-0xFF --size 28 --format lvgl --bpp 4 --lv-font-name fv_outfit_28 --lv-include lvgl.h --no-kerning -o ..\..\components\flightview_views\fonts\fv_outfit_28.c
 ******************************************************************************/

#ifdef LV_LVGL_H_INCLUDE_SIMPLE
#include "lvgl.h"
#else
#include "lvgl.h"
#endif

#ifndef FV_OUTFIT_28
#define FV_OUTFIT_28 1
#endif

#if FV_OUTFIT_28

/*-----------------
 *    BITMAPS
 *----------------*/

/*Store the image of the glyphs*/
static LV_ATTRIBUTE_LARGE_CONST const uint8_t glyph_bitmap[] = {
    /* U+0020 " " */

    /* U+0021 "!" */
    0x5f, 0xfc, 0x62, 0x1, 0x85, 0xc0, 0x38, 0x40,
    0x31, 0x98, 0x3, 0x8, 0x80, 0x3f, 0x84, 0x3,
    0x8c, 0x0, 0x20, 0x1c, 0x60, 0x1, 0x0, 0x8,
    0x1, 0xc0, 0xe, 0x0, 0x10, 0x0, 0x80, 0xc,
    0x1, 0x7b, 0xa8, 0x0, 0x8, 0x18, 0x80, 0x2f,
    0x7a, 0x41, 0x90, 0x0, 0xc9, 0xc0, 0x18, 0xf4,
    0x3, 0x22, 0xb8, 0x8a, 0x4c,

    /* U+0022 "\"" */
    0x7f, 0xfa, 0x43, 0x3f, 0xe4, 0x10, 0xb, 0x81,
    0xc0, 0x26, 0x20, 0x8, 0x40, 0x80, 0x23, 0x70,
    0x8, 0x80, 0x40, 0x21, 0x20, 0x9, 0x83, 0x80,
    0x2, 0x2, 0x1, 0x18, 0x18, 0x0, 0x80, 0x2,
    0x0, 0x10, 0x60, 0x3, 0x80, 0xc, 0x4, 0x0,
    0x20, 0x2, 0x0, 0x4d, 0x50, 0x0, 0x55, 0x50,
    0x0,

    /* U+0023 "#" */
    0x0, 0xe2, 0xff, 0x94, 0x1, 0xbf, 0xea, 0x0,
    0xf9, 0xc0, 0x27, 0x0, 0x10, 0x3, 0x40, 0x3e,
    0xd0, 0x8, 0x80, 0xc0, 0x23, 0x0, 0xf8, 0x80,
    0x6, 0x0, 0x60, 0x9, 0x40, 0x3e, 0x70, 0x3,
    0x0, 0x34, 0x0, 0x22, 0x0, 0x87, 0xfe, 0x20,
    0x2, 0xff, 0x9c, 0x0, 0x3f, 0xe9, 0x0, 0xff,
    0xec, 0x8f, 0xf9, 0xc0, 0x2f, 0xf6, 0x0, 0x57,
    0xfe, 0x90, 0xc, 0x40, 0x3, 0x0, 0x28, 0x4,
    0xa0, 0x1f, 0x38, 0x1, 0x80, 0x1c, 0x1, 0x8,
    0x6, 0xff, 0x88, 0x0, 0xbf, 0xe7, 0x0, 0xbf,
    0xd4, 0x1, 0xff, 0xda, 0xee, 0x38, 0x5, 0xdc,
    0xc0, 0xa, 0xbb, 0x94, 0x0, 0x11, 0x10, 0x0,
    0x84, 0x4c, 0x1, 0x38, 0x88, 0x3, 0x98, 0x0,
    0xe0, 0x2, 0x0, 0x88, 0x3, 0xe3, 0x0, 0x10,
    0x3, 0x40, 0x4, 0x1, 0xf0, 0x80, 0x5a, 0x0,
    0x70, 0x3, 0x80, 0x7c, 0xa0, 0x13, 0x0, 0x8,
    0x0, 0x40, 0x1c,

    /* U+0024 "$" */
    0x0, 0xf1, 0x19, 0x80, 0x3f, 0xf8, 0x1d, 0x98,
    0x40, 0xf, 0xfe, 0x6a, 0x10, 0x3, 0x90, 0x3,
    0xe6, 0xeb, 0x10, 0x2, 0xdf, 0x30, 0x6, 0x89,
    0x10, 0xf, 0xc, 0xd8, 0x0, 0xdc, 0x3, 0xfc,
    0xc2, 0x12, 0x1, 0xd, 0xff, 0x50, 0x81, 0x60,
    0x83, 0x0, 0x50, 0x80, 0x2b, 0xed, 0x82, 0x1,
    0xef, 0x0, 0xc3, 0x22, 0x1, 0x30, 0x4, 0xd2,
    0x40, 0x1f, 0xbc, 0x3, 0x36, 0xe3, 0x0, 0x79,
    0x54, 0x1, 0xc7, 0x3c, 0xe0, 0x1d, 0x4e, 0x1,
    0xe1, 0x8d, 0x10, 0xd, 0x1c, 0xe2, 0x1, 0xc5,
    0xa0, 0x1c, 0x31, 0xd6, 0x80, 0x18, 0xcc, 0x1,
    0xf2, 0x5d, 0x0, 0x64, 0x0, 0x18, 0x7, 0x94,
    0xc0, 0x2f, 0x4, 0xcc, 0x8, 0x7, 0x10, 0x5,
    0xe9, 0x60, 0x7d, 0x2a, 0x6b, 0x82, 0x1, 0x27,
    0x0, 0x66, 0xac, 0xa3, 0x0, 0x8c, 0xd4, 0xa0,
    0x1f, 0xe2, 0xd0, 0x5, 0x50, 0xc0, 0x3c, 0x2f,
    0xa2, 0x1, 0x2e, 0x6d, 0x8, 0x2, 0x7a, 0x0,
    0x3e, 0x25, 0x20, 0x1, 0x0, 0x7f, 0xf2, 0x0,

    /* U+0025 "%" */
    0x0, 0x15, 0x77, 0xd9, 0x80, 0x75, 0xff, 0xc4,
    0x0, 0x3d, 0x51, 0x4, 0xc5, 0x0, 0x95, 0x0,
    0xc, 0x40, 0xf, 0x0, 0xf5, 0x80, 0x56, 0x0,
    0x18, 0x0, 0x8c, 0x1, 0xdc, 0x10, 0x12, 0x8,
    0x10, 0x4, 0x8, 0x7, 0x8c, 0x3, 0x89, 0xc0,
    0x6, 0xc0, 0x19, 0x0, 0x1b, 0xc2, 0x4, 0x49,
    0x0, 0xbc, 0x3, 0xa4, 0x40, 0x3a, 0x51, 0x0,
    0x6, 0x30, 0xe, 0x2f, 0x62, 0x15, 0xc4, 0x90,
    0xa, 0x0, 0x3e, 0x19, 0xde, 0xa3, 0x72, 0x0,
    0x48, 0x80, 0x7f, 0xf0, 0x6, 0x0, 0x4, 0xc0,
    0x1f, 0xfc, 0x1b, 0x0, 0xa4, 0x3, 0xff, 0x82,
    0x8a, 0x0, 0x54, 0x0, 0xff, 0xe0, 0xc8, 0x5,
    0x65, 0x5d, 0xf6, 0x60, 0x1f, 0x39, 0x0, 0x20,
    0xf5, 0x44, 0x13, 0x10, 0x3, 0x86, 0x0, 0x4,
    0xf2, 0x1, 0xea, 0x0, 0xeb, 0x0, 0xa4, 0x10,
    0x1, 0xbc, 0x20, 0x24, 0x1, 0x1a, 0x80, 0x11,
    0x0, 0x1c, 0x26, 0x1, 0xef, 0x0, 0xa4, 0x0,
    0x80, 0xd, 0xf2, 0x1, 0x20, 0x3, 0x18, 0x1,
    0xc8, 0x1, 0x20, 0x1e, 0xb0, 0x0, 0xc0, 0x0,
    0x60, 0x2, 0x2d, 0x51, 0x3, 0xb5, 0x0,

    /* U+0026 "&" */
    0x0, 0xe6, 0xce, 0xfd, 0x92, 0x0, 0xff, 0x16,
    0xc9, 0x88, 0x13, 0x6b, 0x0, 0x7f, 0x79, 0x0,
    0x7d, 0x2a, 0x1, 0xf3, 0x10, 0x7, 0xe3, 0x40,
    0xf, 0xb4, 0x2, 0x3e, 0xfa, 0x4, 0xc1, 0x0,
    0xf9, 0x80, 0x28, 0x10, 0x5d, 0xb0, 0xf, 0xe6,
    0x0, 0x88, 0x2, 0x20, 0xf, 0xf6, 0x0, 0x50,
    0x20, 0x1f, 0xfc, 0x17, 0x10, 0x0, 0xe0, 0x80,
    0x7f, 0xf0, 0x20, 0x40, 0x22, 0xd0, 0xf, 0xfa,
    0x5c, 0x3, 0x8e, 0xc0, 0x3f, 0x91, 0x80, 0x26,
    0x0, 0x92, 0x40, 0x3f, 0x70, 0x5, 0x13, 0x20,
    0x9, 0xa0, 0x3, 0xe7, 0x0, 0x90, 0x1a, 0x0,
    0x27, 0x60, 0xf, 0xf3, 0x0, 0x1d, 0xc0, 0x14,
    0xa8, 0x7, 0x30, 0x5, 0x66, 0x0, 0xe0, 0xd,
    0x46, 0x1, 0xb8, 0x2, 0x1c, 0xff, 0x48, 0x7,
    0x69, 0x0, 0x4a, 0x80, 0x1f, 0xfc, 0x1, 0xc1,
    0x0, 0xa9, 0x0, 0x3f, 0x28, 0x80, 0x7, 0x4,
    0x0, 0x37, 0x65, 0x20, 0x1, 0x3e, 0xd6, 0x80,
    0x45, 0xa0,

    /* U+0027 "'" */
    0x8f, 0xfa, 0x3c, 0x2, 0xe2, 0x0, 0x8d, 0x80,
    0x26, 0x10, 0x8, 0x48, 0x2, 0x20, 0xf, 0x10,
    0x10, 0x2, 0x6a, 0x40,

    /* U+0028 "(" */
    0x0, 0xff, 0xe0, 0x8e, 0x50, 0x7, 0xa8, 0xd6,
    0xc0, 0x33, 0xa0, 0x1, 0x80, 0x21, 0x80, 0x0,
    0xf8, 0x5, 0x20, 0x14, 0x10, 0x4, 0xc0, 0x1,
    0x60, 0x9, 0x4, 0x1, 0x20, 0x1b, 0x0, 0x24,
    0x0, 0xc8, 0x0, 0x13, 0x0, 0xc4, 0x0, 0x20,
    0xe, 0x10, 0x3, 0x80, 0x61, 0x0, 0x88, 0x3,
    0xff, 0x82, 0x20, 0x11, 0x80, 0x7e, 0x10, 0xe,
    0x20, 0x3, 0x0, 0x73, 0x80, 0x8, 0x40, 0x36,
    0x0, 0x48, 0x1, 0x9c, 0x2, 0xe0, 0xc, 0x28,
    0x0, 0x43, 0x0, 0xd0, 0x1, 0x78, 0x6, 0x35,
    0x0, 0x1c, 0x80, 0x6b, 0x10, 0x3, 0x88, 0x4,
    0x3a, 0x3, 0x82, 0x1, 0x8f, 0x30, 0x40,

    /* U+0029 ")" */
    0x0, 0x8, 0x7, 0x8b, 0xe0, 0x3, 0x16, 0xb,
    0xb0, 0x4, 0x22, 0x0, 0x49, 0x0, 0xe, 0x40,
    0x29, 0x0, 0x99, 0x0, 0x8, 0x60, 0x17, 0x80,
    0x54, 0x1, 0x21, 0x0, 0x1c, 0x3, 0x28, 0x0,
    0x4c, 0x2, 0xc0, 0x9, 0x40, 0x25, 0x0, 0xbc,
    0x2, 0x10, 0x8, 0x80, 0x3e, 0x70, 0xc, 0x20,
    0x1f, 0x8, 0x1, 0xc0, 0x21, 0x0, 0x84, 0x2,
    0x20, 0xb, 0x40, 0x24, 0x0, 0x8c, 0x2, 0xc0,
    0x9, 0x40, 0x2, 0x80, 0x4, 0x10, 0x4, 0x0,
    0x5c, 0x0, 0x26, 0x0, 0x12, 0x80, 0x3c, 0x2,
    0x80, 0x2, 0x10, 0x1, 0x54, 0x0, 0x4a, 0x3,
    0xa0, 0xc, 0xb7, 0x80, 0x18,

    /* U+002A "*" */
    0x0, 0xff, 0xe2, 0x8, 0x80, 0xd, 0x86, 0x1,
    0xc3, 0x94, 0x0, 0xa3, 0xc8, 0x0, 0x87, 0x9,
    0x18, 0x4c, 0x1, 0x40, 0x19, 0x80, 0x13, 0x0,
    0x9, 0x20, 0x8, 0x6e, 0x0, 0xc, 0x8, 0xc0,
    0x1e, 0x76, 0x0, 0x93, 0xfe, 0x90, 0x5b, 0xf6,
    0x0, 0xfb, 0x82, 0x50, 0x0, 0x60, 0x9, 0x61,
    0x3, 0x8, 0x0, 0x46, 0x80, 0x3a, 0x7b, 0x14,
    0x11, 0xb1, 0xc0, 0x25, 0x0, 0x18, 0x80, 0x24,
    0xc0, 0x31, 0x10, 0x3, 0xf0, 0x9b, 0x49, 0x80,
    0x40,

    /* U+002B "+" */
    0x0, 0xea, 0xbb, 0x40, 0x7, 0xf9, 0x12, 0x30,
    0xf, 0xff, 0x1a, 0xcc, 0xe1, 0x0, 0x2c, 0xce,
    0x3f, 0x66, 0xc0, 0x10, 0xb3, 0x65, 0x0, 0xff,
    0xe8, 0x57, 0xfe, 0x10, 0x2, 0x7f, 0xe6, 0x0,
    0xff, 0xf6, 0x0,

    /* U+002C "," */
    0x5, 0xee, 0x40, 0x15, 0x8, 0x9d, 0x50, 0x3,
    0x79, 0x0, 0x62, 0x46, 0x0, 0xac, 0x20, 0x41,
    0xc, 0x24, 0x42, 0x0, 0x5c, 0x14, 0xc0, 0xc8,
    0x2c, 0x0, 0x5b, 0x82, 0x0,

    /* U+002D "-" */
    0x5c, 0xcf, 0xe5, 0x23, 0x3f, 0xf0, 0x7, 0xff,
    0x28,

    /* U+002E "." */
    0x0, 0x9, 0x0, 0x4f, 0xdb, 0x82, 0x50, 0x0,
    0x39, 0x60, 0xc, 0x6a, 0x1, 0xb0, 0x68, 0x85,
    0x9c,

    /* U+002F "/" */
    0x0, 0xf1, 0xff, 0xd0, 0x1, 0xeb, 0x0, 0xac,
    0x3, 0xc8, 0x0, 0x13, 0x0, 0xe1, 0x30, 0x2,
    0x0, 0x79, 0xc0, 0x2f, 0x0, 0xf6, 0x80, 0x4a,
    0x1, 0xe4, 0x0, 0x20, 0x7, 0x90, 0x2, 0xd0,
    0xf, 0x68, 0x4, 0x80, 0x1e, 0x70, 0x1, 0x10,
    0x3, 0x8c, 0x40, 0xa, 0x1, 0xe4, 0x0, 0xac,
    0x3, 0xd6, 0x0, 0x13, 0x0, 0xe1, 0x30, 0x2,
    0x0, 0x79, 0xc0, 0x2f, 0x0, 0xf6, 0x80, 0x48,
    0x1, 0xe4, 0x0, 0x18, 0x80, 0x72, 0x0, 0x56,
    0x1, 0xed, 0x0, 0x94, 0x3, 0xce, 0x0, 0x22,
    0x0, 0x71, 0x8, 0x1, 0x40, 0x3c, 0xa0, 0x16,
    0x0, 0x7a, 0xc0, 0x24, 0x0, 0xf0,

    /* U+0030 "0" */
    0x0, 0xe1, 0x7c, 0xff, 0x75, 0xa8, 0x7, 0xf2,
    0xf4, 0x18, 0x0, 0x52, 0xb0, 0x40, 0x3c, 0xd4,
    0x1, 0xf8, 0xfc, 0x80, 0x31, 0xc8, 0x7, 0xf8,
    0x78, 0x3, 0x70, 0x6, 0x9f, 0xf6, 0xa0, 0x4,
    0x6e, 0x0, 0x52, 0x0, 0xa9, 0x80, 0x5, 0x66,
    0x1, 0x48, 0x3, 0xc0, 0x22, 0x50, 0xe, 0xf0,
    0x8, 0x50, 0x10, 0x2, 0x50, 0xf, 0x18, 0x80,
    0x58, 0x2, 0x1, 0x70, 0x7, 0xc4, 0x1, 0x10,
    0x80, 0x63, 0x0, 0xf9, 0xc0, 0x21, 0x0, 0xff,
    0xe3, 0x8, 0x6, 0x30, 0xf, 0x9c, 0x2, 0x10,
    0x20, 0xb, 0xc0, 0x3e, 0x20, 0x8, 0x81, 0xc0,
    0x24, 0x0, 0xf1, 0x88, 0x5, 0x81, 0xc0, 0x11,
    0x30, 0x7, 0x78, 0x4, 0x28, 0x8, 0x60, 0x14,
    0xb8, 0x0, 0xa8, 0xc0, 0x29, 0x0, 0xb8, 0x3,
    0x47, 0xfb, 0x54, 0x2, 0x27, 0x0, 0x8a, 0x40,
    0x3f, 0xc3, 0xe0, 0x1c, 0xd6, 0x20, 0x1f, 0x1f,
    0x90, 0x7, 0x93, 0xe0, 0xc0, 0x2, 0x95, 0x82,
    0x1, 0x0,

    /* U+0031 "1" */
    0x7f, 0xff, 0xac, 0x3, 0xff, 0x8c, 0x48, 0x90,
    0x80, 0x65, 0xbb, 0x90, 0x3, 0xff, 0xfe, 0x1,
    0xff, 0xf4,

    /* U+0032 "2" */
    0x0, 0xcb, 0x7b, 0xfd, 0xb0, 0x40, 0x1c, 0x5b,
    0x48, 0x40, 0x24, 0xfa, 0xc0, 0x11, 0xe9, 0x0,
    0x7e, 0x95, 0x1, 0xd0, 0xe, 0x10, 0xe, 0xb0,
    0x2, 0x80, 0x4f, 0xdd, 0x28, 0x4, 0x28, 0x36,
    0xc1, 0x30, 0x20, 0x34, 0x1, 0x88, 0x1, 0x36,
    0xc0, 0x1c, 0x40, 0x10, 0x80, 0x48, 0x1, 0xc2,
    0x40, 0x11, 0x0, 0x7f, 0x58, 0x6, 0x40, 0xf,
    0xd0, 0xa0, 0x12, 0x88, 0x7, 0xce, 0xe0, 0x8,
    0x6c, 0x3, 0xe7, 0x80, 0xd, 0xa2, 0x1, 0xe6,
    0x80, 0xd, 0x66, 0x1, 0xe6, 0x90, 0xd, 0x68,
    0x1, 0xe6, 0x90, 0xd, 0x68, 0x1, 0xe5, 0x90,
    0xd, 0x88, 0x1, 0xe5, 0xa0, 0xc, 0x3f, 0x99,
    0xd4, 0x74, 0x1, 0xc2, 0x67, 0xe4, 0x60, 0xf,
    0xfe, 0x88,

    /* U+0033 "3" */
    0x5, 0xff, 0xff, 0xe0, 0x30, 0x7, 0xff, 0x44,
    0x81, 0x91, 0x3c, 0x20, 0x1a, 0x10, 0xe, 0xef,
    0xbc, 0x40, 0x26, 0x70, 0xf, 0x8a, 0x80, 0x24,
    0x90, 0xf, 0x87, 0xc4, 0x0, 0x76, 0x1, 0xfb,
    0x48, 0x2, 0xa0, 0xf, 0xca, 0x60, 0x1a, 0x79,
    0x80, 0x3f, 0xf8, 0x23, 0x2e, 0x1, 0xcf, 0x57,
    0x4c, 0x1, 0xa0, 0x80, 0x31, 0x2a, 0x2c, 0xe0,
    0x6, 0xa0, 0xf, 0xe3, 0x40, 0x8, 0xc0, 0x3f,
    0xc2, 0x1, 0xf2, 0x0, 0x79, 0x0, 0x21, 0x0,
    0x65, 0xc0, 0x80, 0xa, 0xc4, 0x2, 0xc0, 0xc3,
    0x7, 0xee, 0xb5, 0x0, 0x21, 0x63, 0x30, 0x6,
    0x11, 0x0, 0x75, 0x1, 0xe1, 0x0, 0x7e, 0x2b,
    0x40, 0x1, 0xed, 0x29, 0x0, 0x9, 0x27, 0x50,
    0x0,

    /* U+0034 "4" */
    0x0, 0xf1, 0x7f, 0xe9, 0x0, 0xff, 0xa0, 0x3,
    0x58, 0x7, 0xf8, 0x94, 0x2, 0x62, 0x0, 0xff,
    0x40, 0x6, 0xb0, 0xf, 0xf1, 0x28, 0x4, 0xc4,
    0x1, 0xfe, 0xb0, 0xd, 0x60, 0x1f, 0xe1, 0x60,
    0x9, 0x88, 0x3, 0xfd, 0x0, 0x1a, 0xc1, 0x57,
    0x8, 0x6, 0x16, 0x0, 0x98, 0x86, 0xab, 0x10,
    0x6, 0x80, 0xd, 0x60, 0x1f, 0xe1, 0x60, 0x9,
    0x88, 0x3, 0xfd, 0x20, 0x1a, 0xc0, 0x3f, 0xc2,
    0xe0, 0x1b, 0x7f, 0xdc, 0x1, 0xb3, 0xdd, 0xc0,
    0x1f, 0xfd, 0x52, 0x33, 0xfe, 0x0, 0xc6, 0x62,
    0x4c, 0xcf, 0xda, 0x1, 0xbf, 0x14, 0x3, 0xff,
    0xce,

    /* U+0035 "5" */
    0x0, 0x37, 0xff, 0xfb, 0x0, 0x2e, 0x0, 0xff,
    0xe1, 0x8, 0x7, 0xff, 0x8, 0x80, 0x23, 0x44,
    0xf2, 0x80, 0x4e, 0x1, 0x75, 0xdf, 0xa4, 0x2,
    0x20, 0x8, 0x80, 0x3f, 0xc2, 0x0, 0x10, 0x33,
    0x8, 0x7, 0x84, 0x2, 0x1f, 0xcc, 0x76, 0xb8,
    0x6, 0x20, 0xf, 0xc5, 0x18, 0x20, 0x2, 0x10,
    0xf, 0xe3, 0xa0, 0x0, 0xe1, 0x3e, 0x7f, 0x59,
    0x0, 0x48, 0x80, 0x1, 0x6c, 0x18, 0xa, 0x60,
    0x80, 0x5a, 0x1, 0xfc, 0x2e, 0x1, 0x28, 0x7,
    0xff, 0x8, 0x40, 0x2, 0x80, 0x1e, 0x40, 0x9,
    0x80, 0x72, 0xdc, 0x40, 0x5, 0x64, 0x1, 0x60,
    0xe1, 0x4, 0x77, 0x5a, 0x80, 0x19, 0x90, 0x80,
    0x30, 0x88, 0x3, 0xac, 0x56, 0xc8, 0x3, 0xf0,
    0xda, 0x0, 0x13, 0x69, 0x48, 0x0, 0x49, 0x3c,
    0x80, 0x0,

    /* U+0036 "6" */
    0x0, 0xf9, 0x7f, 0xf4, 0x80, 0x7f, 0xd, 0x80,
    0x47, 0x20, 0x1f, 0xd4, 0x20, 0x1, 0xd0, 0xf,
    0xe6, 0x40, 0xb, 0x44, 0x3, 0xf1, 0x48, 0x5,
    0x6, 0x1, 0xfd, 0xc0, 0x12, 0xb8, 0x7, 0xf3,
    0x98, 0x4, 0xbd, 0x6a, 0x1, 0xe2, 0x80, 0xe,
    0x14, 0xac, 0x10, 0xd, 0xc0, 0x1f, 0xc7, 0x80,
    0x12, 0x98, 0x4, 0x71, 0x26, 0x1, 0x14, 0x0,
    0x24, 0x2, 0x4c, 0x76, 0xc4, 0x0, 0x98, 0x4,
    0xc0, 0x28, 0x0, 0xd2, 0x1, 0x9, 0x90, 0x6,
    0x30, 0xc, 0x40, 0x19, 0x80, 0x38, 0x40, 0x3f,
    0x84, 0x80, 0x33, 0x0, 0x66, 0x0, 0xcc, 0x24,
    0x1, 0x42, 0x80, 0x12, 0x0, 0x23, 0x20, 0x80,
    0xd, 0x5f, 0xeb, 0x10, 0xa, 0x0, 0xa, 0xa0,
    0xf, 0xf3, 0xa0, 0x5, 0x4e, 0x1, 0xfa, 0x20,
    0x1, 0xd1, 0xac, 0x40, 0x2, 0x7d, 0x70, 0x8,

    /* U+0037 "7" */
    0x7f, 0xff, 0xfe, 0x9, 0x80, 0x7f, 0xf4, 0x44,
    0x91, 0x3f, 0x8, 0x4, 0x44, 0x5b, 0xbf, 0xc0,
    0x1a, 0x80, 0x3f, 0x90, 0x40, 0x26, 0x0, 0xfe,
    0xe0, 0x9, 0x4, 0x3, 0xf0, 0xa8, 0x5, 0xc0,
    0x1f, 0xce, 0x1, 0x94, 0x3, 0xfa, 0x80, 0x26,
    0x0, 0xfe, 0x23, 0x0, 0xa8, 0x3, 0xfa, 0xc0,
    0x22, 0x30, 0xf, 0xe7, 0x0, 0x94, 0x3, 0xf9,
    0x44, 0x2, 0xa0, 0xf, 0xee, 0x0, 0x8c, 0x80,
    0x3f, 0xa, 0x0, 0x54, 0x1, 0xfc, 0xc0, 0x19,
    0x80, 0x3f, 0xa8, 0x2, 0x50, 0xf, 0xe3, 0x20,
    0xb, 0x80, 0x3f, 0xa8, 0x2, 0x14, 0x0, 0xf0,

    /* U+0038 "8" */
    0x0, 0xc7, 0x3b, 0xfd, 0xb0, 0x20, 0x1e, 0x9c,
    0x62, 0x1, 0x27, 0xe5, 0x0, 0xd0, 0xc0, 0x1f,
    0xa9, 0x0, 0x2, 0xe0, 0x19, 0xc, 0x3, 0x40,
    0x1, 0x40, 0x36, 0xde, 0x48, 0x4, 0x60, 0x1,
    0x0, 0x94, 0x80, 0xc, 0x1, 0x84, 0x18, 0x2,
    0x70, 0x8, 0x40, 0x30, 0x81, 0x90, 0x0, 0xa9,
    0x17, 0x40, 0x27, 0x0, 0xbc, 0x40, 0xb, 0x74,
    0x60, 0x3, 0x80, 0x8, 0x98, 0x3, 0xf4, 0x0,
    0x6b, 0x70, 0xf, 0xd6, 0xc0, 0x7, 0x40, 0x0,
    0xd7, 0x72, 0x0, 0x29, 0x30, 0x90, 0xa, 0xd4,
    0x44, 0xec, 0x1, 0x48, 0x88, 0x2, 0x40, 0xd,
    0xa0, 0x13, 0x98, 0x6, 0x20, 0xc, 0x60, 0x11,
    0x90, 0x6, 0xe2, 0x0, 0x24, 0x0, 0x4a, 0xa,
    0x1, 0x16, 0xeb, 0xac, 0x3, 0x68, 0x40, 0x80,
    0x62, 0x10, 0xc, 0x6c, 0x5, 0xa4, 0x1, 0xf9,
    0x34, 0x2, 0x3d, 0x94, 0x10, 0x1, 0x35, 0xd8,
    0x40,

    /* U+0039 "9" */
    0x0, 0xc5, 0x1b, 0xfe, 0xd9, 0x20, 0xf, 0xa3,
    0x5c, 0x80, 0x4, 0xdb, 0x0, 0x1d, 0x2e, 0x1,
    0xf9, 0xe8, 0x2, 0x56, 0x0, 0xff, 0x2b, 0x0,
    0x20, 0x2, 0x1b, 0xff, 0x58, 0x80, 0x56, 0x2,
    0x40, 0x15, 0xa0, 0x1, 0x28, 0x2, 0x22, 0x80,
    0x32, 0x80, 0x64, 0x0, 0xcc, 0x1, 0xff, 0xc4,
    0x20, 0xc, 0xc0, 0x19, 0x40, 0x33, 0xa, 0x0,
    0x52, 0xc2, 0x26, 0xa0, 0x8, 0x88, 0x10, 0x1,
    0xa7, 0xb9, 0x20, 0x1a, 0xc0, 0x7, 0x40, 0x1f,
    0xe2, 0x60, 0x9, 0x75, 0x0, 0x3f, 0x70, 0x7,
    0x15, 0xf6, 0x30, 0x6, 0x73, 0x0, 0xf8, 0x49,
    0xc0, 0x23, 0x80, 0xf, 0xea, 0x10, 0xb, 0x80,
    0x3f, 0x9d, 0x0, 0x28, 0x20, 0xf, 0xc7, 0x0,
    0x12, 0x38, 0x7, 0xf7, 0x0, 0x6a, 0x0, 0xfe,
    0x92, 0x0, 0xa4, 0x40, 0x3c,

    /* U+003A ":" */
    0x6, 0xee, 0x38, 0x1c, 0x88, 0xa1, 0x50, 0x3,
    0x69, 0x80, 0x6e, 0x45, 0x0, 0x23, 0x5, 0x77,
    0x2c, 0x2, 0x11, 0x0, 0x7f, 0x84, 0x80, 0x2a,
    0xed, 0xb0, 0x45, 0x0, 0x23, 0x18, 0x6, 0xe4,
    0x0, 0xda, 0x72, 0x22, 0x75,

    /* U+003B ";" */
    0x7, 0xee, 0x30, 0x24, 0x8, 0xa4, 0xf0, 0x3,
    0x27, 0x0, 0x63, 0x64, 0x0, 0x2a, 0x5, 0xf7,
    0x28, 0x2, 0x11, 0x0, 0x7f, 0x1d, 0xd9, 0x0,
    0xb1, 0x11, 0x66, 0xa0, 0x1a, 0xc0, 0x3b, 0xd8,
    0x80, 0x24, 0x1c, 0x0, 0x21, 0x84, 0x80, 0x20,
    0x5, 0xc1, 0x4c, 0x10, 0x1, 0x0, 0x5, 0xea,
    0x20, 0x0,

    /* U+003C "<" */
    0x0, 0xff, 0xe0, 0x9, 0x0, 0x7f, 0x8e, 0xb9,
    0x0, 0x3f, 0x2e, 0x61, 0x40, 0x3e, 0x18, 0xea,
    0x30, 0xf, 0x92, 0xb9, 0xc4, 0x3, 0x12, 0x83,
    0x6d, 0xa8, 0x7, 0x2e, 0x69, 0xd4, 0x90, 0x6,
    0x29, 0xfa, 0x30, 0xf, 0xd7, 0xac, 0x1, 0xff,
    0x5d, 0x20, 0x7, 0x5b, 0x88, 0x6, 0x5b, 0xe7,
    0x10, 0x0, 0xc7, 0x51, 0x80, 0x61, 0x8e, 0xb2,
    0x0, 0x97, 0x30, 0xa0, 0x1c, 0x88, 0x0, 0xe3,
    0xae, 0x81, 0x0, 0xff, 0x85, 0xfa, 0x90, 0x3,
    0xff, 0x80, 0xb7, 0xaa,

    /* U+003D "=" */
    0x59, 0x9f, 0xfe, 0x1, 0xfb, 0x37, 0xff, 0x1,
    0x40, 0x3f, 0xfa, 0x15, 0xff, 0xff, 0xc0, 0x60,
    0xf, 0xfe, 0x82, 0xcc, 0xff, 0xf0, 0xf, 0xd9,
    0xbf, 0xf8, 0xa, 0x1, 0xff, 0xd0,

    /* U+003E ">" */
    0x30, 0xf, 0xfe, 0xc, 0xf4, 0x8, 0x7, 0xfc,
    0x2f, 0xd4, 0x80, 0x1f, 0xfc, 0x5, 0xbd, 0x60,
    0xf, 0x60, 0x80, 0x62, 0x9f, 0x92, 0x0, 0x9b,
    0xa9, 0x0, 0x39, 0xb6, 0xd0, 0x2, 0x5b, 0xd7,
    0x10, 0xc, 0x96, 0xc0, 0x18, 0xa3, 0xa0, 0x3,
    0xfe, 0x6c, 0x80, 0xf, 0xc5, 0x3f, 0x26, 0x1,
    0x8a, 0x59, 0x33, 0x58, 0x3, 0x92, 0xf5, 0x83,
    0x8c, 0x3, 0xb, 0xf5, 0xa0, 0x7, 0xc7, 0x3d,
    0x2, 0x1, 0xf2, 0xe6, 0x18, 0x3, 0xf7, 0x72,
    0x8c, 0x3, 0xfc,

    /* U+003F "?" */
    0x0, 0x8e, 0xb7, 0xfb, 0x20, 0x40, 0x3a, 0x31,
    0x48, 0x4, 0xdf, 0xd0, 0x2, 0x87, 0x0, 0xf8,
    0x6c, 0x80, 0x9c, 0x3, 0xfd, 0x0, 0x54, 0x20,
    0xb9, 0xda, 0xa0, 0x12, 0x0, 0x17, 0xe6, 0x8c,
    0x4a, 0x0, 0x21, 0x0, 0x85, 0x80, 0x22, 0x80,
    0x8, 0x40, 0x3d, 0x3f, 0xaa, 0x1, 0x38, 0x7,
    0xff, 0x0, 0xa0, 0x3, 0xc2, 0x1, 0x97, 0x44,
    0x3, 0xde, 0x1, 0x65, 0x0, 0x7f, 0xf0, 0xc,
    0x3, 0xf9, 0x66, 0x60, 0xf, 0xf1, 0x33, 0x40,
    0x1f, 0xf0, 0x90, 0x7, 0xfc, 0xdd, 0xba, 0x10,
    0xf, 0xc3, 0x20, 0x2, 0x80, 0xf, 0xc4, 0x1,
    0x88, 0x3, 0xf1, 0x80, 0x63, 0x0, 0xfe, 0xb2,
    0x5, 0x80, 0xc,

    /* U+0040 "@" */
    0x0, 0xe1, 0x6b, 0xdf, 0xf6, 0xd2, 0x80, 0x7f,
    0x9f, 0xe5, 0x8, 0x0, 0x4b, 0x5a, 0x60, 0x1f,
    0x5c, 0x8, 0x7, 0xe2, 0xc5, 0x0, 0xeb, 0x40,
    0x1, 0xcf, 0x7f, 0xb6, 0x48, 0x1, 0x46, 0x1,
    0x3a, 0x0, 0x23, 0x18, 0x40, 0x4, 0xda, 0xa0,
    0xd, 0x0, 0xc, 0x0, 0x1d, 0xc1, 0x3d, 0xf7,
    0xbf, 0xd4, 0x40, 0x2c, 0xe, 0x0, 0x18, 0xd,
    0x61, 0x4, 0x20, 0xa, 0x0, 0x1a, 0x1a, 0x0,
    0x70, 0x72, 0x1, 0x40, 0xe, 0x40, 0x2, 0x3,
    0x0, 0x3c, 0x2c, 0x1, 0xf7, 0x40, 0x18, 0x40,
    0x21, 0x30, 0x1, 0x80, 0x81, 0x8, 0x38, 0x7,
    0xf1, 0x80, 0xc, 0x18, 0x9, 0x42, 0xc0, 0x30,
    0x80, 0x42, 0xc0, 0xe, 0xf, 0x0, 0x57, 0xb0,
    0x0, 0x7f, 0x80, 0x4, 0x18, 0x0, 0x60, 0x48,
    0x0, 0xff, 0x94, 0x18, 0x0, 0x2e, 0xf, 0xb1,
    0xb, 0x97, 0x7f, 0x48, 0xb, 0x80, 0x21, 0x40,
    0x9d, 0xc8, 0xd1, 0x73, 0x11, 0x8, 0x2, 0xc,
    0x1, 0x54, 0x41, 0x0, 0x1c, 0xe6, 0x0, 0x3e,
    0xd3, 0x0, 0x2d, 0xf7, 0xfb, 0x18, 0xa, 0xc0,
    0x3c, 0x38, 0xe0, 0x1f, 0xc7, 0x20, 0x1f, 0xa3,
    0xa0, 0xc4, 0x4, 0x9b, 0x30, 0x40, 0x18,

    /* U+0041 "A" */
    0x0, 0xfd, 0xdf, 0xf3, 0x0, 0x7f, 0xf0, 0x94,
    0x40, 0x2b, 0x0, 0xff, 0xe1, 0x70, 0x6, 0x23,
    0x0, 0xff, 0xe0, 0xa, 0x0, 0x75, 0x0, 0x7f,
    0xf0, 0x24, 0x3, 0xcc, 0x1, 0xff, 0xc0, 0x60,
    0xf, 0x94, 0x3, 0xfc, 0x82, 0x0, 0x17, 0x0,
    0xa4, 0x3, 0xfd, 0xc0, 0x13, 0x58, 0x4, 0x64,
    0x1, 0xf8, 0x54, 0x2, 0xb3, 0x20, 0xa, 0x80,
    0x3f, 0x30, 0x4, 0x46, 0x14, 0x1, 0x30, 0x7,
    0xea, 0x0, 0xa8, 0x0, 0xa0, 0x10, 0xa0, 0x7,
    0x8c, 0x80, 0x25, 0x0, 0x11, 0x80, 0x5e, 0x1,
    0xe9, 0x0, 0x8c, 0x80, 0x2b, 0x0, 0x90, 0x40,
    0x30, 0xa8, 0x4, 0x7f, 0xfa, 0x0, 0x33, 0x0,
    0x67, 0x0, 0xff, 0xe1, 0x50, 0x6, 0xb0, 0xf,
    0xfe, 0x11, 0x18, 0x0, 0xc8, 0x2, 0x56, 0x6f,
    0x80, 0x34, 0x80, 0x28, 0x2, 0x1a, 0x99, 0xf9,
    0x80, 0x25, 0x0, 0x30, 0x4, 0xc0, 0x1f, 0xa8,
    0x3, 0x33, 0x0, 0x35, 0x0, 0x7e, 0x32, 0x0,
    0xa8,

    /* U+0042 "B" */
    0x1f, 0xff, 0xee, 0xb4, 0x0, 0xff, 0xe1, 0xa,
    0x5d, 0x0, 0x7f, 0xf1, 0x16, 0x0, 0x3e, 0x68,
    0x89, 0x80, 0x33, 0x80, 0x7d, 0xae, 0xf4, 0xd0,
    0x6, 0x40, 0xf, 0xf9, 0x0, 0x30, 0x80, 0x7f,
    0xc6, 0x1, 0x9c, 0x3, 0xfc, 0x5c, 0x1, 0x19,
    0x0, 0x7a, 0xff, 0xed, 0x30, 0x0, 0xf0, 0x7,
    0xff, 0xe, 0x88, 0x3, 0xff, 0x87, 0x6c, 0x1,
    0xf3, 0xd5, 0x50, 0x40, 0x14, 0x98, 0x7, 0xb1,
    0x56, 0x7d, 0x30, 0xa, 0x0, 0x3f, 0xf8, 0x14,
    0x1, 0x28, 0x7, 0xff, 0x0, 0x40, 0x21, 0x0,
    0xff, 0xe0, 0x50, 0x4, 0x40, 0x1e, 0xd7, 0x7a,
    0x34, 0x80, 0x25, 0x0, 0xf3, 0x44, 0x4e, 0x40,
    0x11, 0x48, 0x7, 0xff, 0x8, 0xbc, 0x40, 0x3f,
    0xe1, 0x49, 0xd2, 0x0, 0x0,

    /* U+0043 "C" */
    0x0, 0xf9, 0x6b, 0x7b, 0xfb, 0x20, 0x80, 0x3f,
    0x2f, 0x52, 0x90, 0x80, 0x9b, 0xed, 0x10, 0x7,
    0x55, 0x4, 0x3, 0xf9, 0x71, 0x0, 0x2a, 0x50,
    0xf, 0xfe, 0x1, 0xa8, 0x1, 0xd4, 0x3, 0x2d,
    0xf7, 0xec, 0x90, 0x16, 0x8, 0xc, 0x0, 0x6a,
    0xa2, 0x8, 0x13, 0x6b, 0xe0, 0x80, 0x18, 0x3,
    0x4a, 0x80, 0x7d, 0x2, 0x1, 0x58, 0x4, 0x2c,
    0x1, 0xff, 0xc1, 0x30, 0x9, 0xc0, 0x3f, 0xf8,
    0x22, 0x1, 0xb8, 0x3, 0xff, 0xa8, 0x20, 0x1b,
    0x80, 0x3f, 0xf8, 0x46, 0x1, 0x38, 0x7, 0xff,
    0xa, 0xc0, 0x21, 0x60, 0xf, 0xfe, 0xb, 0x0,
    0x69, 0x40, 0xf, 0x9c, 0x80, 0x21, 0x80, 0xd,
    0x74, 0x82, 0x4, 0xd9, 0x18, 0x40, 0x13, 0xa8,
    0x6, 0x5b, 0xef, 0xd9, 0x30, 0x1c, 0x30, 0xa,
    0x94, 0x3, 0xff, 0x80, 0x2c, 0x1, 0xaa, 0x44,
    0x3, 0xf9, 0x35, 0x40, 0x39, 0xba, 0x94, 0x84,
    0x4, 0xdf, 0x2c, 0x80,

    /* U+0044 "D" */
    0x1f, 0xff, 0xed, 0xa6, 0x0, 0xff, 0xe2, 0x92,
    0xcf, 0x38, 0x7, 0xff, 0x18, 0x62, 0xc4, 0x3,
    0xf0, 0x91, 0x42, 0x1, 0xc9, 0xa0, 0x1f, 0xab,
    0x76, 0xee, 0x48, 0x80, 0x47, 0x20, 0x1f, 0xfc,
    0x1, 0x6f, 0x20, 0x9, 0x88, 0x3, 0xff, 0x82,
    0x3c, 0x1, 0xac, 0x3, 0xff, 0x84, 0x68, 0x1,
    0x38, 0x7, 0xff, 0xf, 0x0, 0x21, 0x10, 0x7,
    0xff, 0x8, 0x80, 0x31, 0x80, 0x7f, 0xf5, 0x88,
    0x3, 0x18, 0x7, 0xff, 0xb, 0x0, 0x21, 0x10,
    0x7, 0xff, 0x4, 0xd0, 0x2, 0x70, 0xf, 0xfe,
    0x8, 0xf0, 0x6, 0xb0, 0xf, 0xf8, 0x5f, 0xc8,
    0x2, 0x62, 0x0, 0xf5, 0x77, 0x5f, 0xd0, 0x20,
    0x11, 0xc8, 0x7, 0xc2, 0x38, 0x3, 0xc9, 0xa0,
    0x1f, 0xfc, 0x41, 0x8b, 0x10, 0xf, 0xfe, 0x9,
    0x2c, 0xf3, 0x80, 0x70,

    /* U+0045 "E" */
    0x1f, 0xff, 0xfe, 0x10, 0x7, 0xff, 0x68, 0x8c,
    0xff, 0x80, 0x3d, 0x39, 0x9f, 0xc0, 0x1f, 0xfe,
    0xab, 0xff, 0xfc, 0x40, 0x1f, 0xfd, 0xa3, 0x44,
    0xfc, 0x60, 0x1e, 0x8b, 0xbf, 0xc2, 0x1, 0xff,
    0xea, 0xad, 0xdf, 0xe1, 0x0, 0xe1, 0x22, 0xfe,
    0x0, 0xff, 0xea, 0x80,

    /* U+0046 "F" */
    0x1f, 0xff, 0xfe, 0xc, 0x80, 0x7f, 0xf5, 0xc8,
    0xcf, 0xf7, 0x0, 0x74, 0xe6, 0x7e, 0x70, 0xf,
    0xff, 0x34, 0xe6, 0x7e, 0x10, 0xe, 0x23, 0x3f,
    0xe0, 0xf, 0xfe, 0xbd, 0xff, 0xfe, 0x20, 0xf,
    0xff, 0xf8, 0x7, 0xff, 0x48,

    /* U+0047 "G" */
    0x0, 0xf9, 0x27, 0x7b, 0xfb, 0x25, 0x0, 0x3f,
    0xe4, 0xdb, 0x62, 0x10, 0x13, 0x6b, 0xd4, 0x0,
    0xfd, 0x16, 0x40, 0x1f, 0xc5, 0x70, 0x1, 0xe9,
    0x70, 0xf, 0xfe, 0xb, 0xa0, 0x6, 0x66, 0x0,
    0x64, 0xad, 0xfd, 0xa5, 0x0, 0xa1, 0x0, 0x21,
    0x80, 0xd, 0x56, 0xa4, 0x4, 0xb5, 0x63, 0x4e,
    0x1, 0x98, 0x40, 0x28, 0x50, 0xf, 0x93, 0x94,
    0x3, 0xac, 0x2, 0x17, 0x0, 0xff, 0xe2, 0x18,
    0x4, 0xe0, 0x18, 0x73, 0x3f, 0xc4, 0x20, 0x1b,
    0x80, 0x31, 0x9f, 0xfc, 0x22, 0x0, 0xff, 0xe4,
    0x8, 0x7, 0x70, 0x7, 0xff, 0xc, 0x80, 0xc0,
    0x27, 0x0, 0xc5, 0xff, 0xc8, 0x1, 0x10, 0x2,
    0xc0, 0x21, 0x60, 0xf, 0xc4, 0x80, 0x12, 0x80,
    0x18, 0x40, 0x29, 0x50, 0xf, 0xf, 0x80, 0x6a,
    0x0, 0xc, 0x0, 0x6a, 0xa2, 0x8, 0x13, 0x79,
    0x0, 0x4a, 0x40, 0x13, 0x28, 0x6, 0x5b, 0xef,
    0xd9, 0x10, 0x8, 0x6c, 0x3, 0xa9, 0x80, 0x3f,
    0xf8, 0x3, 0x82, 0x1, 0xe9, 0xa2, 0x0, 0xfe,
    0x5f, 0x20, 0xf, 0xcb, 0xb4, 0xa4, 0x20, 0x26,
    0xfb, 0x42, 0x1, 0x80,

    /* U+0048 "H" */
    0x1f, 0xfc, 0x80, 0x1f, 0x6f, 0xfd, 0x20, 0x1f,
    0xff, 0xf0, 0xf, 0xff, 0x65, 0xff, 0xfc, 0x40,
    0x1f, 0xfe, 0x11, 0x22, 0xf8, 0x3, 0xfd, 0x5b,
    0xbf, 0x10, 0x7, 0xff, 0xfc, 0x3, 0xff, 0xd6,

    /* U+0049 "I" */
    0x1f, 0xfc, 0x80, 0x1f, 0xff, 0xf0, 0xf, 0xfe,
    0xd8,

    /* U+004A "J" */
    0x0, 0xfc, 0x5f, 0xf9, 0x0, 0x3f, 0xff, 0xe0,
    0x1f, 0xff, 0xf0, 0xf, 0xfe, 0x70, 0x80, 0x67,
    0x0, 0x88, 0x3, 0x20, 0x6, 0x20, 0x5, 0x6b,
    0x8, 0x9a, 0x0, 0x22, 0x10, 0xa5, 0x9, 0xee,
    0x48, 0x6, 0xb0, 0x55, 0x0, 0x7f, 0x23, 0x2,
    0xc0, 0x7, 0xe5, 0xb0, 0x9, 0xf5, 0x88, 0x0,
    0x4b, 0x74, 0x1, 0x0,

    /* U+004B "K" */
    0x1f, 0xfc, 0x80, 0x1e, 0xcf, 0xfd, 0x20, 0x1f,
    0xfc, 0x9, 0x30, 0x8, 0xe4, 0x3, 0xfe, 0x66,
    0x0, 0x45, 0xa0, 0x1f, 0xf1, 0xc8, 0x6, 0xf1,
    0x0, 0xff, 0xe, 0x80, 0x6b, 0x20, 0xf, 0xfb,
    0x44, 0x2, 0x94, 0x0, 0xff, 0xa8, 0xc0, 0x26,
    0x60, 0x7, 0xfc, 0xea, 0x1, 0x24, 0x80, 0x7f,
    0xdb, 0x0, 0x11, 0x58, 0x7, 0xff, 0x1, 0x80,
    0x37, 0x0, 0x7f, 0xf0, 0x50, 0x3, 0x78, 0x7,
    0xff, 0x7, 0xd4, 0x2, 0x39, 0x0, 0xff, 0xe0,
    0xd1, 0x0, 0x4c, 0xc0, 0xf, 0xfe, 0xf, 0x80,
    0x69, 0x30, 0xf, 0xfe, 0x1, 0x50, 0x6, 0xd1,
    0x0, 0xff, 0xe0, 0x2b, 0x0, 0x43, 0x40, 0x1f,
    0xfc, 0x19, 0x30, 0x9, 0x20, 0x3, 0xff, 0x83,
    0xc2, 0x1, 0x3a, 0x80, 0x7f, 0xf0, 0xa, 0x80,
    0x35, 0x10, 0x7, 0xff, 0x1, 0x1c, 0x3, 0x78,
    0x0,

    /* U+004C "L" */
    0x1f, 0xfc, 0x80, 0x1f, 0xff, 0xf0, 0xf, 0xff,
    0xf8, 0x7, 0xff, 0xfc, 0x3, 0xff, 0x85, 0x5d,
    0xdf, 0x80, 0x3c, 0x23, 0xfe, 0x0, 0xff, 0xe9,
    0x0,

    /* U+004D "M" */
    0x1f, 0xf9, 0x40, 0x3f, 0xf8, 0xb, 0xff, 0x10,
    0x6, 0xb1, 0x0, 0xff, 0xac, 0x3, 0xf0, 0xd8,
    0x7, 0xfa, 0x44, 0x3, 0xf9, 0x50, 0x3, 0xf1,
    0xb0, 0x7, 0xfd, 0x20, 0x1f, 0xb8, 0x3, 0xff,
    0x80, 0x50, 0x1, 0xe7, 0x20, 0xf, 0xfe, 0xb,
    0x90, 0x6, 0x28, 0x0, 0xff, 0xe1, 0xf0, 0x6,
    0xe0, 0xf, 0xfe, 0x21, 0xb0, 0x1, 0x8c, 0x3,
    0xff, 0x82, 0xa0, 0x14, 0x88, 0xa0, 0x2, 0x50,
    0xf, 0xf7, 0x20, 0x5, 0x56, 0x20, 0x4, 0xe0,
    0xf, 0xfa, 0x40, 0x24, 0x50, 0xa, 0x40, 0x3f,
    0xf8, 0x5, 0x0, 0x1e, 0x82, 0x0, 0xff, 0xe0,
    0xb9, 0x80, 0x62, 0x70, 0xf, 0xfe, 0x1f, 0x80,
    0x6e, 0x0, 0xff, 0xe2, 0x1c, 0x22, 0x20, 0xc0,
    0x3f, 0xf8, 0xaf, 0x76, 0x70, 0xf, 0xff, 0xf8,

    /* U+004E "N" */
    0x1f, 0xf9, 0x40, 0x3f, 0x57, 0xfd, 0x80, 0x1a,
    0x88, 0x3, 0xff, 0x8b, 0xe0, 0x1f, 0xfc, 0x52,
    0xa0, 0xf, 0xfe, 0x2a, 0xb8, 0x7, 0xff, 0x16,
    0xc, 0x3, 0xff, 0x8b, 0xa2, 0x1, 0xff, 0xc4,
    0x1d, 0x0, 0xff, 0xe0, 0xa8, 0x4, 0x70, 0x1,
    0xff, 0xc0, 0xe7, 0x0, 0x9d, 0x40, 0x3f, 0xf8,
    0x10, 0x60, 0x15, 0x10, 0x7, 0xff, 0x3, 0x44,
    0x2, 0xf0, 0xf, 0xfe, 0x0, 0xd0, 0x4, 0x4a,
    0x1, 0xff, 0xc0, 0x48, 0x0, 0xff, 0xe2, 0xba,
    0x0, 0x7f, 0xf1, 0x68, 0x80, 0x3f, 0xf8, 0x83,
    0xc0, 0x1f, 0xfc, 0x53, 0x90, 0xf, 0xfe, 0x2b,
    0x30, 0x3, 0xff, 0x8b, 0x26, 0x1, 0x0,

    /* U+004F "O" */
    0x0, 0xf9, 0x6b, 0x7b, 0xfb, 0x20, 0x80, 0x3f,
    0xe6, 0xea, 0x52, 0x10, 0x13, 0x7d, 0xa2, 0x0,
    0xfd, 0x52, 0x20, 0x1f, 0xcb, 0x88, 0x1, 0xea,
    0x50, 0xf, 0xfe, 0x0, 0xda, 0x0, 0x67, 0x50,
    0xc, 0xb7, 0xdc, 0xd8, 0x20, 0xd, 0x42, 0x0,
    0x18, 0x0, 0xd7, 0x48, 0x22, 0x27, 0xd5, 0x0,
    0x86, 0x0, 0xc, 0x1, 0xa5, 0x0, 0x3e, 0xa2,
    0x0, 0x98, 0x1, 0x60, 0x10, 0xb0, 0x7, 0xf4,
    0x0, 0x65, 0x3, 0x0, 0x9c, 0x3, 0xfc, 0xa0,
    0x1b, 0x44, 0x3, 0x70, 0x7, 0xfc, 0x20, 0x10,
    0x88, 0x3, 0xff, 0x9d, 0xc0, 0x1f, 0xf0, 0x80,
    0x42, 0x6, 0x1, 0x38, 0x7, 0xf9, 0x40, 0x36,
    0x85, 0x80, 0x42, 0xc0, 0x1f, 0xd0, 0x1, 0x94,
    0x18, 0x40, 0x29, 0x40, 0xf, 0xa8, 0x80, 0x26,
    0x0, 0xc, 0x0, 0x6b, 0xa4, 0x11, 0x13, 0xea,
    0x80, 0x43, 0x0, 0x13, 0x28, 0x6, 0x5b, 0xee,
    0x6c, 0x10, 0x6, 0xd1, 0x0, 0xd4, 0xc0, 0x1f,
    0xfc, 0x1, 0xb3, 0x0, 0xf4, 0xd1, 0x0, 0x7f,
    0x2e, 0x20, 0x7, 0xe5, 0xda, 0x62, 0x10, 0x13,
    0x7d, 0xa2, 0x0, 0xc0,

    /* U+0050 "P" */
    0x1f, 0xff, 0xed, 0x93, 0x0, 0xff, 0xe0, 0x93,
    0x64, 0x0, 0x7f, 0xf0, 0xdd, 0xc0, 0x1e, 0x68,
    0x89, 0x40, 0x34, 0x10, 0x7, 0x6b, 0xbd, 0x56,
    0x1, 0xa8, 0x3, 0xfc, 0x88, 0x0, 0x8c, 0x3,
    0xfe, 0x20, 0x9, 0xc0, 0x3f, 0xe2, 0x0, 0x9c,
    0x3, 0xfc, 0x88, 0x0, 0x8c, 0x3, 0xb5, 0xde,
    0xab, 0x0, 0xd4, 0x1, 0xcd, 0x11, 0x28, 0x6,
    0x72, 0x0, 0xff, 0xe0, 0xbc, 0x0, 0x7f, 0xc4,
    0xd9, 0x0, 0x1f, 0x5f, 0xfe, 0xd9, 0x30, 0xf,
    0xff, 0xf8, 0x7, 0xff, 0x30,

    /* U+0051 "Q" */
    0x0, 0xf9, 0x67, 0x7b, 0xfb, 0x20, 0x80, 0x3f,
    0xf8, 0xb, 0xd4, 0xc4, 0x20, 0x26, 0xfb, 0x44,
    0x1, 0xfd, 0x54, 0x10, 0xf, 0xe5, 0xc4, 0x0,
    0xfa, 0x94, 0x3, 0xff, 0x80, 0x36, 0x80, 0x1c,
    0xea, 0x1, 0x96, 0xfb, 0x9b, 0x4, 0x1, 0xac,
    0x40, 0x21, 0x80, 0xd, 0x54, 0x41, 0x11, 0x3e,
    0xa8, 0x6, 0x80, 0x9, 0x80, 0x34, 0xa8, 0x7,
    0xd4, 0x60, 0x13, 0x8, 0x2, 0xc0, 0x21, 0x60,
    0xf, 0xe9, 0x0, 0xce, 0x0, 0x30, 0x9, 0xc0,
    0x3f, 0xca, 0x1, 0xb8, 0x4, 0x3, 0x70, 0x7,
    0xc2, 0x1, 0x10, 0x4, 0x40, 0x20, 0x1f, 0xf3,
    0x72, 0x80, 0x7f, 0xf0, 0x78, 0x3, 0x9a, 0x42,
    0x94, 0x8, 0x2, 0x20, 0x1, 0x80, 0x4e, 0x1,
    0xd8, 0x1, 0x55, 0x0, 0x36, 0x80, 0x2c, 0x2,
    0x16, 0x0, 0xd4, 0xa0, 0x12, 0x80, 0x65, 0x0,
    0x38, 0x80, 0x52, 0xa0, 0x1a, 0x98, 0x3, 0xce,
    0x1, 0xa0, 0x3, 0x55, 0x10, 0x44, 0x5c, 0x1,
    0xe9, 0x0, 0xcc, 0xc0, 0xc, 0xb7, 0xdc, 0xd8,
    0x0, 0xf4, 0x80, 0x74, 0xb0, 0x7, 0xff, 0xd,
    0xe0, 0x3, 0xa6, 0x88, 0x3, 0xf9, 0x58, 0x2,
    0x76, 0x0, 0xe5, 0xdb, 0x62, 0x10, 0x13, 0x7d,
    0xa9, 0x60, 0x1, 0xb8, 0x7, 0xc9, 0x3b, 0xdf,
    0xd9, 0x4, 0x0, 0x96, 0x3d, 0x10, 0xf, 0xfe,
    0x3c, 0xe0, 0x80,

    /* U+0052 "R" */
    0x1f, 0xff, 0xed, 0x82, 0x0, 0xff, 0xe1, 0x13,
    0xeb, 0x80, 0x7f, 0xf1, 0x21, 0x80, 0x3e, 0x68,
    0x89, 0x40, 0x34, 0x80, 0x7d, 0xae, 0xf5, 0x50,
    0x3, 0x28, 0x7, 0xfc, 0xa2, 0x1, 0x68, 0x7,
    0xff, 0x40, 0xc4, 0x2, 0xe0, 0xf, 0x1a, 0x24,
    0xfa, 0x1, 0x9c, 0x3, 0xd1, 0x77, 0x40, 0x80,
    0x50, 0x20, 0x1f, 0xfc, 0x27, 0x70, 0x7, 0xff,
    0x0, 0x5b, 0x60, 0x3, 0xf5, 0x10, 0x6, 0x82,
    0x0, 0xfe, 0x1f, 0x0, 0x87, 0x40, 0x3f, 0xe2,
    0x90, 0x8, 0xe4, 0x3, 0xfe, 0x65, 0x0, 0x99,
    0x40, 0x3f, 0xea, 0x20, 0xa, 0x88, 0x3, 0xfe,
    0xe0, 0xd, 0xe0, 0x1f, 0xf1, 0xc0, 0x4, 0x54,
    0x1, 0xff, 0x3a, 0x0, 0x4a, 0xe0,

    /* U+0053 "S" */
    0x0, 0xe6, 0xbe, 0xfe, 0xd9, 0x30, 0xf, 0x27,
    0x4a, 0x8, 0x9, 0x36, 0x59, 0x0, 0x47, 0x62,
    0x1, 0xf9, 0x30, 0x40, 0x10, 0x1, 0x84, 0xc8,
    0x3, 0x38, 0x80, 0x10, 0x2, 0x7e, 0xcd, 0xd2,
    0x83, 0xc8, 0x0, 0x80, 0x35, 0x80, 0x45, 0x57,
    0x0, 0x11, 0x80, 0x69, 0x0, 0xe4, 0x0, 0xc2,
    0x20, 0x9, 0x75, 0xc4, 0x3, 0xf4, 0x80, 0x62,
    0x8e, 0xb4, 0x0, 0xf3, 0xb0, 0x7, 0x92, 0xf0,
    0xc0, 0x3a, 0x6c, 0xc0, 0x3c, 0x78, 0x60, 0x1c,
    0x99, 0x86, 0x10, 0xe, 0xe0, 0xf, 0x8e, 0x7a,
    0x44, 0x2, 0x23, 0x0, 0xfe, 0x6d, 0x0, 0xcc,
    0x0, 0x4b, 0x0, 0xf1, 0x80, 0x63, 0x4, 0xb4,
    0xd5, 0x0, 0xd0, 0x1, 0x94, 0xec, 0x0, 0x55,
    0xfb, 0xaf, 0x70, 0x8, 0x4c, 0xc8, 0x1, 0xc4,
    0x40, 0xe, 0xa0, 0x5, 0xb8, 0x7, 0xf0, 0xd2,
    0x0, 0x51, 0xb0, 0x62, 0x0, 0x14, 0x9f, 0x50,
    0x0,

    /* U+0054 "T" */
    0x7f, 0xff, 0xfe, 0x22, 0x80, 0x7f, 0xf6, 0x4,
    0x8b, 0x84, 0x3, 0x9, 0x17, 0xb, 0x6e, 0xf5,
    0x0, 0x6c, 0xdd, 0xe4, 0x0, 0xff, 0xff, 0x80,
    0x7f, 0xff, 0xc0, 0x3f, 0xff, 0xe0, 0x1f, 0xfe,
    0x10,

    /* U+0055 "U" */
    0x6f, 0xfc, 0x1, 0xf2, 0xff, 0xe1, 0x0, 0xff,
    0xff, 0x80, 0x7f, 0xff, 0xc0, 0x3f, 0xfc, 0x62,
    0x1, 0xff, 0xc0, 0x30, 0xe, 0x20, 0xc, 0x60,
    0x1e, 0xe0, 0x8, 0x41, 0x0, 0x34, 0x0, 0x70,
    0xb0, 0x4, 0xa0, 0x5, 0x0, 0x93, 0x10, 0x49,
    0xbc, 0x40, 0x2f, 0x0, 0x58, 0x80, 0x47, 0x7d,
    0xb2, 0x20, 0x12, 0x20, 0x0, 0x34, 0x1, 0xff,
    0x15, 0x0, 0x64, 0xc2, 0x0, 0xfc, 0x98, 0x20,
    0x1c, 0x7b, 0x28, 0x20, 0x2, 0x5b, 0xb0, 0x80,
    0x40,

    /* U+0056 "V" */
    0x5f, 0xfc, 0xa0, 0x1f, 0x93, 0xff, 0x2a, 0x80,
    0x37, 0x0, 0x7e, 0xe0, 0x8, 0x54, 0x18, 0x2,
    0x41, 0x0, 0xf9, 0x40, 0x27, 0x0, 0x50, 0x6,
    0x70, 0xf, 0x30, 0x6, 0xa0, 0x1, 0x90, 0x5,
    0x40, 0x1e, 0xd0, 0x8, 0xcc, 0x1, 0x50, 0x4,
    0x64, 0x1, 0x85, 0x0, 0x2a, 0x0, 0xcc, 0x1,
    0x94, 0x3, 0x30, 0x6, 0x70, 0xc, 0x28, 0x1,
    0x50, 0x6, 0xa0, 0x9, 0x44, 0x3, 0xb8, 0x2,
    0x23, 0x0, 0x19, 0x0, 0x5c, 0x1, 0xe5, 0x10,
    0xa, 0x80, 0x16, 0x1, 0xa, 0x0, 0x7c, 0xc0,
    0x13, 0x80, 0x18, 0x2, 0x60, 0xf, 0xd4, 0x1,
    0xa, 0x20, 0x40, 0x29, 0x0, 0xfc, 0x46, 0x1,
    0x77, 0x0, 0x24, 0x10, 0xf, 0xea, 0x0, 0x95,
    0x40, 0x17, 0x0, 0x7f, 0x9c, 0x3, 0xe1, 0x50,
    0xf, 0xf0, 0xa8, 0x7, 0x9c, 0x3, 0xff, 0x81,
    0xc0, 0x1e, 0xa0, 0xf, 0xfe, 0x2, 0x8, 0x6,
    0x33, 0x0, 0x7f, 0xf0, 0x58, 0x3, 0x50, 0x7,
    0xff, 0xa, 0x80, 0x33, 0x80, 0x7c,

    /* U+0057 "W" */
    0x6f, 0xfc, 0x1, 0xf6, 0xff, 0xb8, 0x3, 0xee,
    0xff, 0x99, 0xc0, 0x32, 0x0, 0x71, 0x10, 0x0,
    0x26, 0x1, 0xc6, 0x20, 0x13, 0x8a, 0x0, 0x5a,
    0x1, 0xc8, 0x1, 0x90, 0x3, 0xac, 0x2, 0x31,
    0xd, 0x0, 0x9c, 0x3, 0xb4, 0x3, 0x58, 0x7,
    0x28, 0x5, 0x60, 0x7, 0x0, 0x84, 0xc0, 0x32,
    0x0, 0x63, 0x10, 0x8, 0x48, 0x2, 0x50, 0x0,
    0x98, 0x5, 0x60, 0x12, 0x0, 0x79, 0xc0, 0x27,
    0x0, 0x88, 0x80, 0x15, 0x80, 0x48, 0x1, 0x68,
    0x7, 0xb0, 0x2, 0xd0, 0x9, 0x40, 0x32, 0x80,
    0x46, 0x20, 0x7, 0x0, 0x84, 0x0, 0xa0, 0x12,
    0x0, 0x56, 0x1, 0x88, 0x80, 0x13, 0x81, 0x88,
    0x1, 0x10, 0x1, 0x20, 0x28, 0x4, 0x46, 0x1,
    0xca, 0x1, 0x68, 0x20, 0x5, 0xbe, 0x1, 0x60,
    0x78, 0x4, 0xa0, 0x1e, 0xb0, 0x9, 0x2, 0xc0,
    0x27, 0x50, 0x9, 0x41, 0x0, 0x2b, 0x0, 0xf1,
    0x90, 0x4, 0xc6, 0x0, 0x31, 0x4, 0x0, 0x13,
    0x8, 0x0, 0x4c, 0x3, 0xe5, 0x0, 0xa0, 0x2,
    0x40, 0x6, 0x0, 0x50, 0x1, 0x38, 0x7, 0xeb,
    0x0, 0x84, 0x2, 0xb0, 0x2, 0x80, 0x42, 0x1,
    0x68, 0x7, 0xe3, 0x10, 0xe, 0x13, 0x0, 0x11,
    0x0, 0x3c, 0x80, 0x1f, 0xce, 0x1, 0xce, 0x1,
    0x94, 0x3, 0x94, 0x3, 0xfd, 0xa0, 0x1d, 0x80,
    0x1b, 0x0, 0x3b, 0xc0, 0x3f, 0xc8, 0x1, 0xca,
    0x1, 0x90, 0x3, 0x94, 0x3, 0xfe, 0x50, 0x9,
    0x0, 0x3c, 0xa0, 0x12, 0x0, 0x7f, 0xf0, 0x3c,
    0x2, 0xd0, 0xf, 0x78, 0x5, 0xa0, 0x1e,

    /* U+0058 "X" */
    0xd, 0xff, 0xca, 0x1, 0xe1, 0xff, 0xda, 0x0,
    0xe0, 0xd, 0x62, 0x1, 0xd4, 0x1, 0xa4, 0x0,
    0x6e, 0x1, 0xc, 0x0, 0x65, 0x40, 0x9, 0x90,
    0x2, 0x83, 0x0, 0x99, 0x0, 0x3, 0x60, 0x11,
    0x48, 0x7, 0x70, 0x6, 0x90, 0x4, 0x8, 0x5,
    0xc0, 0x1e, 0x28, 0x0, 0x8a, 0x11, 0x80, 0x27,
    0x30, 0xf, 0x9c, 0xc0, 0x27, 0xa0, 0x8, 0xa0,
    0x3, 0xfb, 0x80, 0x30, 0x80, 0x5c, 0x1, 0xfe,
    0x29, 0x0, 0xf3, 0x98, 0x7, 0xfc, 0xc6, 0x1,
    0x86, 0x0, 0x3f, 0xf8, 0x4, 0x60, 0x18, 0x54,
    0x3, 0xff, 0x81, 0xc0, 0x1e, 0xb1, 0x0, 0xff,
    0x39, 0x80, 0x78, 0x6c, 0x3, 0xf8, 0xa0, 0x2,
    0x56, 0x0, 0x95, 0x40, 0x1f, 0xb8, 0x2, 0x1b,
    0x81, 0x0, 0xac, 0x40, 0x3d, 0x6, 0x1, 0x58,
    0x8a, 0xc0, 0x21, 0xb0, 0xe, 0x37, 0x0, 0x91,
    0x40, 0xa, 0x80, 0x12, 0xa0, 0x6, 0xe0, 0xd,
    0x40, 0x1a, 0x40, 0x35, 0x0, 0x50, 0x40, 0x14,
    0x88, 0x6, 0x28, 0x0, 0x86, 0x40, 0xdc, 0x2,
    0x36, 0x0, 0xf3, 0x90, 0x4, 0xc8,

    /* U+0059 "Y" */
    0x5f, 0xfd, 0x60, 0x1f, 0x37, 0xfe, 0x95, 0x40,
    0x9, 0x14, 0x3, 0xd0, 0x1, 0xc, 0x84, 0x80,
    0x68, 0x0, 0xe8, 0x10, 0xa, 0xc0, 0x4, 0xe0,
    0x11, 0x38, 0x4, 0x4e, 0x1, 0x22, 0x80, 0x50,
    0x40, 0x14, 0x8, 0x2, 0x40, 0x34, 0x80, 0x74,
    0x80, 0x68, 0x4, 0x40, 0x4, 0xe4, 0x1, 0xc8,
    0x80, 0x9, 0x8e, 0x40, 0x22, 0x80, 0xf, 0xa8,
    0x3, 0x61, 0x0, 0x52, 0x1, 0xf8, 0x60, 0x3,
    0xe5, 0x40, 0xf, 0xe7, 0x20, 0xf, 0x58, 0x7,
    0xfd, 0x20, 0x1d, 0x22, 0x1, 0xff, 0x22, 0x80,
    0x42, 0xc0, 0x1f, 0xfc, 0x12, 0x0, 0x8c, 0x3,
    0xff, 0xfe, 0x1, 0xff, 0xf5,

    /* U+005A "Z" */
    0x9, 0xff, 0xff, 0xe1, 0x8, 0x7, 0xff, 0x5f,
    0x8c, 0xff, 0x0, 0x71, 0x88, 0x3e, 0x67, 0xd0,
    0x1, 0xda, 0x1, 0xfc, 0x34, 0x1, 0xa8, 0x40,
    0x3f, 0xa8, 0x40, 0x26, 0x50, 0xf, 0xe6, 0x40,
    0x8, 0xa4, 0x3, 0xf8, 0xa4, 0x3, 0x70, 0x7,
    0xfb, 0xc0, 0x34, 0x18, 0x7, 0xf4, 0x90, 0x4,
    0x8e, 0x1, 0xfc, 0x8c, 0x1, 0xd, 0x0, 0x7f,
    0xd, 0x0, 0x6b, 0x10, 0xf, 0xea, 0x10, 0x9,
    0x94, 0x3, 0xf9, 0x90, 0x2, 0x29, 0x0, 0xfe,
    0x29, 0x0, 0xdc, 0x1, 0xfe, 0xf0, 0xe, 0xfc,
    0xcf, 0xa8, 0x8, 0x80, 0x1c, 0x67, 0xf9, 0xc0,
    0x3f, 0xfa, 0xe0,

    /* U+005B "[" */
    0x3f, 0xff, 0x70, 0x7, 0xff, 0x22, 0x77, 0x58,
    0x1, 0x88, 0xb0, 0x7, 0xff, 0xfc, 0x3, 0xff,
    0xcb, 0x7f, 0xee, 0x0, 0xff, 0xe2, 0x1e, 0xef,
    0xb0,

    /* U+005C "\\" */
    0xcf, 0xf8, 0x3, 0xeb, 0x0, 0x90, 0x3, 0xca,
    0x1, 0x60, 0x7, 0x88, 0x40, 0xa, 0x1, 0xf3,
    0x80, 0x8, 0x80, 0x1e, 0xd0, 0x9, 0x40, 0x3c,
    0x80, 0x15, 0x80, 0x7c, 0x80, 0x3, 0x10, 0xf,
    0x68, 0x4, 0x80, 0x1e, 0x70, 0xb, 0xc0, 0x3c,
    0x26, 0x0, 0x40, 0xf, 0xac, 0x0, 0x26, 0x1,
    0xe4, 0x0, 0xac, 0x3, 0xc6, 0x20, 0x5, 0x0,
    0xf9, 0xc0, 0x4, 0x40, 0xf, 0x68, 0x4, 0x80,
    0x1e, 0x40, 0xb, 0x40, 0x3e, 0x40, 0x2, 0x0,
    0x7d, 0xa0, 0x12, 0x80, 0x79, 0xc0, 0x2f, 0x0,
    0xf0, 0x98, 0x1, 0x0, 0x3e, 0x40, 0x0, 0x98,
    0x7, 0xac, 0x2, 0xb0,

    /* U+005D "]" */
    0x1f, 0xff, 0x80, 0x3f, 0xf8, 0x83, 0xbb, 0x30,
    0x6, 0x22, 0xb8, 0x3, 0xff, 0xfe, 0x1, 0xff,
    0xe4, 0x1f, 0xfa, 0x0, 0x3f, 0xf8, 0xe3, 0xbb,
    0xf0,

    /* U+005E "^" */
    0x0, 0xe7, 0x87, 0x0, 0xfe, 0x58, 0x78, 0x60,
    0xf, 0xd6, 0x1, 0x40, 0x80, 0x79, 0xc4, 0x2,
    0x19, 0x0, 0xe1, 0x80, 0x5, 0x80, 0x1c, 0x80,
    0x35, 0x80, 0x19, 0x1c, 0x1, 0x20, 0x11, 0xa8,
    0x2, 0x2, 0x44, 0x11, 0x0, 0xf, 0x0, 0x38,
    0x80, 0xc8, 0x2, 0x40,

    /* U+005F "_" */
    0x66, 0xff, 0xe1, 0x4, 0xcf, 0xff, 0x8, 0x80,
    0x3f, 0xfa, 0x40,

    /* U+0060 "`" */
    0x0, 0x18, 0x7, 0x1e, 0x40, 0x6, 0xe0, 0x79,
    0x0, 0x49, 0x0, 0x1a, 0x42, 0x18, 0x2, 0x69,
    0x19, 0xd5, 0x0, 0x78, 0x0, 0xab, 0x1d, 0x80,

    /* U+0061 "a" */
    0x0, 0xcb, 0x9d, 0xfb, 0x25, 0xff, 0x88, 0x0,
    0x39, 0x46, 0x20, 0x4d, 0xa0, 0x1f, 0x69, 0x80,
    0x7f, 0xf0, 0x5c, 0xc0, 0x3f, 0xf8, 0x52, 0x1,
    0xab, 0xfd, 0x62, 0x1, 0xc4, 0x20, 0x14, 0xa8,
    0x1, 0x28, 0x3, 0x98, 0x3, 0x38, 0x6, 0x40,
    0xf, 0xfe, 0x4b, 0x0, 0x67, 0x0, 0xc8, 0x1,
    0xc4, 0x20, 0x14, 0xa8, 0x1, 0x28, 0x3, 0xd2,
    0x1, 0xab, 0xfd, 0x62, 0x1, 0xe7, 0x20, 0xf,
    0xfe, 0x1e, 0x18, 0x7, 0xff, 0x8, 0x72, 0x4c,
    0x40, 0x9b, 0x40, 0x38,

    /* U+0062 "b" */
    0x7f, 0xfb, 0x0, 0x3f, 0xff, 0xe0, 0x1f, 0xfc,
    0x33, 0xae, 0xfd, 0x93, 0x0, 0xf8, 0xf1, 0x44,
    0x9, 0xb1, 0xc0, 0x3f, 0xf8, 0x50, 0xe0, 0x1f,
    0x84, 0x3, 0xa0, 0x80, 0x39, 0x3b, 0xa6, 0x0,
    0xd4, 0x1, 0x86, 0xc4, 0x6, 0x4c, 0x2, 0x40,
    0xc, 0x80, 0x1d, 0x60, 0x11, 0x0, 0x7f, 0xf1,
    0xd0, 0x3, 0xb0, 0x2, 0x30, 0xc, 0x36, 0x20,
    0x32, 0x80, 0x12, 0x80, 0x72, 0x77, 0x4c, 0x1,
    0xa8, 0x3, 0xe1, 0x0, 0xe8, 0x20, 0xf, 0xfe,
    0x3, 0xb8, 0x3, 0x92, 0xd0, 0x40, 0x97, 0x20,
    0x0,

    /* U+0063 "c" */
    0x0, 0xc5, 0x19, 0xdf, 0xb2, 0x60, 0x1d, 0x1a,
    0xe6, 0x20, 0x4d, 0x92, 0x1, 0x4b, 0x80, 0x7e,
    0x72, 0x6, 0x60, 0x7, 0xe1, 0xd2, 0xb, 0x0,
    0xd3, 0xfe, 0xc4, 0xd3, 0x3, 0x20, 0xa, 0x58,
    0x0, 0x76, 0x60, 0x6, 0x0, 0xce, 0x1, 0xff,
    0xca, 0x60, 0xc, 0xe0, 0x1f, 0x8c, 0x40, 0x29,
    0x60, 0x1, 0x5a, 0x0, 0x50, 0x1, 0xa7, 0xfd,
    0xa9, 0x68, 0x0, 0x65, 0x0, 0xfe, 0xb3, 0x0,
    0x53, 0x80, 0x7e, 0x63, 0x0, 0xa3, 0x5c, 0x84,
    0x9, 0xb2, 0x40,

    /* U+0064 "d" */
    0x0, 0xff, 0x17, 0xfe, 0x20, 0xf, 0xff, 0xf8,
    0x7, 0xf2, 0xdf, 0x7e, 0xc0, 0x80, 0x7c, 0x39,
    0x48, 0x20, 0x4f, 0x80, 0x1f, 0x69, 0x80, 0x7f,
    0xf0, 0x5c, 0xc0, 0x3f, 0xf8, 0x52, 0x1, 0xab,
    0xfd, 0x62, 0x1, 0xc4, 0x20, 0x14, 0xa8, 0x1,
    0x28, 0x3, 0x98, 0x3, 0x38, 0x6, 0x40, 0xf,
    0xfe, 0x4b, 0x0, 0x67, 0x0, 0xc8, 0x1, 0xc4,
    0x20, 0x14, 0xa8, 0x1, 0x28, 0x3, 0xd2, 0x1,
    0xab, 0xfd, 0x62, 0x1, 0xe7, 0x30, 0xf, 0xfe,
    0x1e, 0x98, 0x7, 0xff, 0x8, 0x72, 0x90, 0x40,
    0x5b, 0x0, 0x38,

    /* U+0065 "e" */
    0x0, 0xc7, 0x3b, 0xfd, 0xb0, 0x40, 0x1e, 0x8c,
    0x62, 0x1, 0x27, 0xd6, 0x0, 0xd4, 0xe0, 0x1f,
    0xa5, 0x80, 0xc, 0xa0, 0x13, 0xd5, 0x18, 0x2,
    0x91, 0x8, 0x0, 0xb2, 0x15, 0x52, 0xe0, 0x13,
    0x18, 0x80, 0x59, 0xff, 0x9c, 0x2, 0xd6, 0x0,
    0xff, 0xe0, 0x88, 0x7, 0xff, 0x8, 0x58, 0x3,
    0x77, 0xff, 0xea, 0x31, 0x0, 0xac, 0x3, 0xd,
    0x0, 0x68, 0x0, 0x97, 0x19, 0x63, 0xd6, 0xc0,
    0x26, 0x50, 0x8, 0xe6, 0x9c, 0x41, 0x20, 0x2,
    0xa7, 0x0, 0xfc, 0x92, 0x1, 0xa3, 0x5c, 0x84,
    0x5, 0x6e, 0xc2, 0x0,

    /* U+0066 "f" */
    0x0, 0xe1, 0x7c, 0xef, 0xd9, 0x10, 0xe, 0x3f,
    0x83, 0x10, 0x26, 0xe3, 0x0, 0x87, 0x44, 0x3,
    0xc8, 0x60, 0x13, 0x8, 0x6, 0x10, 0x5b, 0x0,
    0xda, 0x1, 0x1f, 0xf7, 0x28, 0x3, 0x98, 0x2,
    0x40, 0x0, 0x80, 0x59, 0xfe, 0x30, 0x9, 0xff,
    0xe7, 0x0, 0xff, 0xe9, 0x5a, 0xa8, 0x40, 0x22,
    0x55, 0x8c, 0x0, 0xf5, 0x42, 0x0, 0x96, 0xaa,
    0x40, 0xf, 0xff, 0xf8, 0x7, 0xff, 0xa4,

    /* U+0067 "g" */
    0x0, 0xcd, 0x9d, 0xfb, 0xf, 0xff, 0x68, 0x0,
    0x72, 0x4c, 0x40, 0x9e, 0x0, 0x3d, 0x86, 0x1,
    0xff, 0xc0, 0x82, 0x0, 0xc4, 0x20, 0x1f, 0x30,
    0x4, 0x39, 0xbd, 0x40, 0x1c, 0x62, 0x1, 0x51,
    0x80, 0x15, 0xc0, 0x33, 0x0, 0x64, 0x0, 0xd8,
    0x1, 0xff, 0xc7, 0x60, 0xc, 0xa0, 0x1b, 0x0,
    0x31, 0x88, 0x5, 0x66, 0x0, 0x57, 0x0, 0xe6,
    0x0, 0x87, 0x3b, 0xe8, 0x3, 0xd0, 0x40, 0x18,
    0x40, 0x3f, 0xb0, 0x80, 0x3f, 0xf8, 0x23, 0xb2,
    0x62, 0x7, 0x30, 0x1, 0x8, 0x4, 0x2d, 0x9d,
    0xf8, 0xda, 0x1, 0x30, 0x2, 0x3d, 0x80, 0x33,
    0xa8, 0x5, 0xe1, 0x4e, 0x33, 0xfd, 0xbf, 0x0,
    0x10, 0xa8, 0xb8, 0x6, 0x12, 0x0, 0xed, 0x1,
    0xc4, 0x0, 0xfc, 0x58, 0x60, 0x1, 0xbb, 0x31,
    0x8, 0xa, 0x4e, 0x98, 0x0,

    /* U+0068 "h" */
    0x7f, 0xfb, 0x0, 0x3f, 0xff, 0xe0, 0x1f, 0xc7,
    0x5d, 0xfd, 0x24, 0x1, 0xe3, 0xc5, 0x10, 0x16,
    0xd4, 0x0, 0xff, 0xe0, 0xd8, 0x80, 0x78, 0x48,
    0x3, 0x98, 0x3, 0x9f, 0xb7, 0x0, 0x36, 0x0,
    0x61, 0x80, 0x1, 0xb0, 0x4, 0xe0, 0x18, 0x80,
    0x30, 0x80, 0x7f, 0xff, 0xc0, 0x3f, 0xf9, 0xe0,

    /* U+0069 "i" */
    0xa, 0xfc, 0x27, 0x50, 0x3e, 0xe0, 0x4, 0x58,
    0x1, 0x22, 0xd2, 0xbd, 0x2, 0xd4, 0x3, 0xff,
    0xd8, 0x1, 0xff, 0xf5,

    /* U+006A "j" */
    0x0, 0xf2, 0xf7, 0x18, 0x3, 0xc3, 0x42, 0x29,
    0x20, 0xe, 0x20, 0xc, 0xc0, 0x1c, 0x62, 0x0,
    0x15, 0x0, 0xf6, 0x32, 0xe8, 0x80, 0x78, 0xa6,
    0x8c, 0x3, 0xc5, 0xff, 0x88, 0x3, 0xff, 0xfe,
    0x1, 0xff, 0xff, 0x0, 0x8c, 0x0, 0x46, 0xa,
    0x1, 0x84, 0xb, 0x31, 0xf0, 0x1, 0x18, 0x16,
    0x8, 0x7, 0xa4, 0x4, 0x40, 0x1e, 0x75, 0x3,
    0xe6, 0x10, 0x14, 0xb8, 0x0, 0x0,

    /* U+006B "k" */
    0x7f, 0xfb, 0x0, 0x3f, 0xff, 0xe0, 0x1f, 0xfc,
    0x63, 0xff, 0xd2, 0x1, 0xfd, 0xc0, 0x11, 0x48,
    0x7, 0xe9, 0x20, 0xb, 0xc0, 0x3f, 0x23, 0x0,
    0x54, 0x40, 0x1f, 0xd, 0x0, 0x4c, 0xa0, 0x1f,
    0xac, 0x40, 0x7, 0x20, 0x1f, 0x8d, 0x40, 0x2f,
    0x0, 0xfe, 0x10, 0xd, 0x20, 0x1f, 0xc5, 0x20,
    0x12, 0xa8, 0x3, 0xf9, 0x90, 0x2, 0xa1, 0x0,
    0xfe, 0x90, 0xd, 0xa0, 0x1f, 0xc5, 0x20, 0x11,
    0xb8, 0x7, 0xf3, 0x18, 0x5, 0x6, 0x1, 0xfd,
    0xc0, 0x1b, 0x80,

    /* U+006C "l" */
    0x7f, 0xfb, 0x0, 0x3f, 0xff, 0xe0, 0x1f, 0xfc,
    0x80,

    /* U+006D "m" */
    0x7f, 0xfb, 0x16, 0xfb, 0xfa, 0x88, 0xa, 0x77,
    0xfa, 0xd0, 0x3, 0xe3, 0xa4, 0x10, 0x15, 0xd8,
    0xd6, 0x20, 0x14, 0xb9, 0x0, 0xff, 0xe1, 0x38,
    0x7, 0xcc, 0xc0, 0xf, 0x84, 0x80, 0x3e, 0x21,
    0x0, 0xd6, 0x1, 0xe9, 0xed, 0x90, 0xc, 0x3b,
    0xae, 0x50, 0x8, 0x84, 0x3, 0xb, 0x0, 0x18,
    0x80, 0x27, 0x20, 0x4, 0x0, 0x62, 0x0, 0xc4,
    0x1, 0x84, 0x2, 0x10, 0x8, 0xc0, 0x3f, 0xff,
    0xe0, 0x1f, 0xff, 0xf0, 0xf, 0xfe, 0x20,

    /* U+006E "n" */
    0x7f, 0xfb, 0xe, 0xbb, 0xfa, 0x48, 0x3, 0xc7,
    0x8a, 0x20, 0x2d, 0xa8, 0x1, 0xff, 0xc1, 0xa1,
    0x0, 0xf0, 0x90, 0x6, 0x16, 0x0, 0xe7, 0xed,
    0xc0, 0xd, 0x80, 0x18, 0x60, 0x0, 0x6c, 0x1,
    0x38, 0x6, 0x20, 0xc, 0x20, 0x1f, 0xff, 0xf0,
    0xf, 0xfe, 0x78,

    /* U+006F "o" */
    0x0, 0xc5, 0x1b, 0xdf, 0xb2, 0x60, 0x1f, 0x46,
    0xb9, 0x8, 0x13, 0x65, 0x0, 0x75, 0x38, 0x7,
    0xe5, 0xc0, 0x9, 0x94, 0x3, 0xfc, 0x70, 0x0,
    0xb0, 0x8, 0x6b, 0xfd, 0x62, 0x1, 0x38, 0x19,
    0x0, 0x50, 0xa0, 0x4, 0xa0, 0xc, 0xac, 0x1,
    0x9c, 0x3, 0x20, 0x6, 0x20, 0xf, 0xfe, 0x23,
    0x0, 0x64, 0x0, 0xc8, 0x1, 0x8c, 0xc4, 0x1,
    0x5a, 0x80, 0x12, 0x80, 0x32, 0x5, 0x80, 0x43,
    0x5f, 0xeb, 0x10, 0x9, 0xc0, 0xc, 0xa0, 0x1f,
    0xe3, 0x80, 0xa, 0x9c, 0x3, 0xf3, 0x60, 0x7,
    0x46, 0xb9, 0x0, 0x9, 0xb2, 0x40, 0x20,

    /* U+0070 "p" */
    0x7f, 0xfb, 0x12, 0xfb, 0xf6, 0x4c, 0x3, 0xe3,
    0xb4, 0x10, 0x26, 0xc7, 0x0, 0xff, 0xe1, 0x43,
    0x80, 0x7e, 0x10, 0xe, 0x82, 0x0, 0xe4, 0xee,
    0x98, 0x3, 0x50, 0x6, 0x1b, 0x10, 0x19, 0x30,
    0x9, 0x0, 0x32, 0x0, 0x75, 0x80, 0x44, 0x1,
    0xff, 0xc7, 0x40, 0xe, 0xb0, 0x8, 0xc0, 0x30,
    0xd8, 0x80, 0xc9, 0x80, 0x4a, 0x1, 0xc9, 0xdd,
    0x30, 0x6, 0xa0, 0xf, 0x84, 0x3, 0xa0, 0x80,
    0x3f, 0xf8, 0xe, 0xe0, 0xe, 0x4c, 0x41, 0x2,
    0x5c, 0x80, 0xf, 0x8e, 0xfb, 0xf6, 0x8c, 0x3,
    0xff, 0xfe, 0x1, 0x0,

    /* U+0071 "q" */
    0x0, 0xcb, 0x9d, 0xfb, 0x25, 0xff, 0x88, 0x0,
    0x39, 0x46, 0x20, 0x4d, 0xa0, 0x1f, 0x69, 0x80,
    0x7f, 0xf0, 0x5c, 0xc0, 0x3f, 0xf8, 0x52, 0x1,
    0xab, 0xfd, 0x62, 0x1, 0xc4, 0x20, 0x14, 0xa8,
    0x1, 0x28, 0x3, 0x98, 0x3, 0x38, 0x6, 0x40,
    0xf, 0xfe, 0x4b, 0x0, 0x67, 0x0, 0xc8, 0x1,
    0xc4, 0x20, 0x14, 0xa8, 0x1, 0x28, 0x3, 0xd2,
    0x1, 0xab, 0xfd, 0x62, 0x1, 0xe7, 0x20, 0xf,
    0xfe, 0x1e, 0x18, 0x7, 0x84, 0x3, 0xe1, 0xc9,
    0x31, 0x2, 0x7f, 0x0, 0xfe, 0x6c, 0xef, 0xd8,
    0x10, 0xf, 0xff, 0xf8, 0x7, 0xf8,

    /* U+0072 "r" */
    0x7f, 0xfb, 0x16, 0xff, 0xda, 0xe0, 0x1c, 0x74,
    0x80, 0x2, 0x91, 0x0, 0xff, 0x68, 0x80, 0x78,
    0x48, 0x20, 0xc0, 0x3c, 0xfd, 0xb8, 0xe0, 0x1e,
    0x18, 0x0, 0x18, 0x7, 0xc4, 0x1, 0xff, 0xff,
    0x0, 0xff, 0xe2, 0x0,

    /* U+0073 "s" */
    0x0, 0x92, 0xfb, 0xfb, 0x20, 0x40, 0x34, 0xda,
    0x8, 0x9, 0xbf, 0x30, 0x1, 0x58, 0x3, 0xf4,
    0x88, 0x78, 0x4, 0x4e, 0xe2, 0x0, 0x60, 0x80,
    0x80, 0x4b, 0x10, 0xd8, 0xc3, 0x0, 0x10, 0x4,
    0xfb, 0x6, 0xe6, 0x1, 0x40, 0x80, 0x44, 0xf9,
    0x84, 0x0, 0x87, 0x14, 0x3, 0x8e, 0xd0, 0x2,
    0x2a, 0xea, 0x50, 0xd, 0x0, 0x15, 0x20, 0xad,
    0x60, 0x4, 0x60, 0xb, 0x5b, 0xc8, 0x78, 0x0,
    0x84, 0x1d, 0x0, 0x6, 0xf0, 0x80, 0x13, 0x83,
    0xb8, 0x3, 0xf1, 0x40, 0x2, 0x3a, 0xc, 0x40,
    0x4e, 0x74, 0x40,

    /* U+0074 "t" */
    0x0, 0x8d, 0x56, 0x40, 0xf, 0x55, 0x6f, 0x0,
    0xff, 0xf1, 0xd7, 0xf9, 0x80, 0x24, 0xff, 0x68,
    0x7, 0xff, 0x2b, 0x15, 0x44, 0x1, 0xa, 0xac,
    0xd5, 0x44, 0x0, 0x96, 0xa9, 0x0, 0x1f, 0xff,
    0xf0, 0xf, 0xfe, 0x60,

    /* U+0075 "u" */
    0xdf, 0xf9, 0xc0, 0x26, 0xff, 0xb8, 0x3, 0xff,
    0xfe, 0x1, 0xff, 0xc4, 0x10, 0xb, 0xc0, 0x21,
    0x0, 0x8d, 0x40, 0x26, 0x20, 0x1a, 0x0, 0x9b,
    0x40, 0x21, 0xdd, 0x71, 0x0, 0x5c, 0x88, 0x0,
    0xc4, 0x1, 0x8d, 0x42, 0xd0, 0x3, 0xe3, 0xd0,
    0xa, 0xe9, 0x4, 0x5, 0x27, 0x4, 0x0,

    /* U+0076 "v" */
    0xcf, 0xfb, 0x0, 0x3a, 0xff, 0xec, 0x9, 0x0,
    0x8c, 0x80, 0x32, 0x0, 0x54, 0xa, 0x20, 0x12,
    0x80, 0x4a, 0x1, 0x98, 0x0, 0xc0, 0x15, 0x0,
    0x5c, 0x1, 0x30, 0x5, 0x40, 0x11, 0x10, 0x0,
    0x80, 0x15, 0x80, 0x44, 0x80, 0x12, 0x82, 0x80,
    0x48, 0x40, 0x1b, 0xc0, 0x2a, 0xe, 0x0, 0xb8,
    0x3, 0x90, 0x80, 0x4, 0x68, 0x0, 0x15, 0x0,
    0xf5, 0x0, 0x5c, 0x1, 0x30, 0x7, 0xcc, 0x1,
    0x10, 0x5, 0x20, 0x1f, 0xa, 0x80, 0x72, 0x88,
    0x7, 0xe9, 0x0, 0xee, 0x0, 0xfe, 0x32, 0x0,
    0x89, 0x0, 0x3f, 0xd6, 0x1, 0x50, 0x7, 0x80,

    /* U+0077 "w" */
    0xbf, 0xf9, 0xc0, 0x37, 0x7f, 0xb4, 0x3, 0x47,
    0xfd, 0x5c, 0x1, 0x58, 0x4, 0x62, 0x0, 0x23,
    0x0, 0x90, 0x2, 0xf5, 0x0, 0x8c, 0x40, 0x16,
    0x1, 0xac, 0x0, 0x26, 0x1, 0x28, 0x20, 0x4,
    0x80, 0x5, 0x0, 0xca, 0x0, 0x70, 0x9, 0x40,
    0x1c, 0x1, 0x60, 0x19, 0x0, 0x62, 0x20, 0x60,
    0x5, 0xe0, 0x5, 0x0, 0x9c, 0x2c, 0x3, 0xca,
    0xa, 0x1, 0x28, 0x4, 0xa0, 0x1, 0x35, 0x0,
    0x19, 0x0, 0x2d, 0x0, 0x25, 0x0, 0xde, 0x1,
    0x51, 0x0, 0x2d, 0x40, 0x7, 0xc0, 0x17, 0x80,
    0x65, 0x0, 0x98, 0x2, 0x5a, 0x0, 0x94, 0x2,
    0x50, 0xe, 0x50, 0xe, 0x32, 0x28, 0x3, 0x94,
    0x3, 0xde, 0x1, 0xd6, 0x0, 0x50, 0xe, 0xf0,
    0xf, 0x28, 0x7, 0x28, 0x2, 0xc0, 0x39, 0x40,
    0x3e, 0x50, 0x8, 0xc8, 0x0, 0x64, 0x1, 0x28,
    0x7, 0xef, 0x0, 0xac, 0x3, 0x28, 0x5, 0xc0,
    0x18,

    /* U+0078 "x" */
    0x4f, 0xfd, 0x60, 0x12, 0xff, 0xe4, 0x43, 0x0,
    0x48, 0x80, 0x5, 0x80, 0x4c, 0x81, 0x22, 0x1,
    0x48, 0x40, 0x80, 0x6, 0x40, 0x2a, 0x0, 0x8a,
    0x9c, 0x2, 0xa0, 0xc, 0x8c, 0x1, 0x28, 0x4,
    0xc8, 0x1, 0xd2, 0x40, 0x1c, 0x32, 0x1, 0xf7,
    0x0, 0x75, 0x0, 0x7e, 0x50, 0xe, 0xd0, 0xf,
    0x8a, 0x40, 0x39, 0x8c, 0x3, 0xdc, 0x1, 0xf7,
    0x0, 0x73, 0x98, 0x0, 0x6c, 0x2, 0x28, 0x0,
    0x8a, 0x0, 0x28, 0x46, 0x0, 0x9c, 0xc0, 0x1e,
    0x1, 0x23, 0x4, 0x88, 0x5, 0xc1, 0x4, 0x1,
    0x48, 0x5, 0x60, 0x11, 0x40,

    /* U+0079 "y" */
    0xbf, 0xfb, 0x80, 0x3b, 0xbf, 0xea, 0xf0, 0x8,
    0x4c, 0x2, 0x41, 0x0, 0xa5, 0x4, 0x2, 0xb0,
    0xb, 0x40, 0x22, 0x30, 0x60, 0x9, 0x40, 0x27,
    0x0, 0xac, 0x1, 0x20, 0x11, 0x10, 0xc, 0x40,
    0x26, 0x0, 0xa, 0x0, 0x4a, 0x16, 0x1, 0x30,
    0x6, 0xe0, 0xa, 0xc1, 0x80, 0x2b, 0x0, 0xca,
    0x20, 0x3, 0x51, 0x0, 0x19, 0x0, 0x73, 0x0,
    0x56, 0x1, 0x48, 0x7, 0xa8, 0x2, 0x10, 0x0,
    0xa8, 0x7, 0x89, 0x0, 0x39, 0x80, 0x3f, 0x70,
    0x7, 0x48, 0x7, 0xe5, 0x10, 0x9, 0x4, 0x3,
    0xf8, 0xc0, 0x2f, 0x0, 0xfe, 0x52, 0x0, 0x12,
    0x0, 0x7f, 0x48, 0x5, 0x40, 0x1f, 0xc6, 0x60,
    0x9, 0x80, 0x3f, 0xa4, 0x2, 0x51, 0x0, 0xfc,
    0x4a, 0x1, 0x48, 0x7, 0xf5, 0x0, 0x44, 0x60,
    0x1f, 0x0,

    /* U+007A "z" */
    0xd, 0xff, 0xff, 0x58, 0x7, 0xff, 0x34, 0x81,
    0x59, 0xb1, 0x0, 0x62, 0x80, 0x89, 0x9a, 0xcc,
    0x3, 0x70, 0x80, 0x77, 0x8, 0x5, 0x26, 0x1,
    0xd2, 0x60, 0x12, 0xb0, 0x7, 0x2b, 0x0, 0x45,
    0x40, 0x1c, 0x54, 0x1, 0xbc, 0x3, 0xde, 0x1,
    0xa4, 0x80, 0x3a, 0x48, 0x3, 0x7c, 0xce, 0x54,
    0x60, 0xe, 0x66, 0xed, 0x10, 0xf, 0xfe, 0x68,

    /* U+007B "{" */
    0x0, 0xd1, 0xbf, 0xeb, 0x0, 0xb5, 0xc8, 0x3,
    0x9c, 0x80, 0x3e, 0xc0, 0xa, 0x76, 0x80, 0xe,
    0x0, 0x36, 0x21, 0x0, 0x38, 0x7, 0xe2, 0x0,
    0x10, 0x7, 0x8, 0x0, 0x40, 0x3b, 0x80, 0x3f,
    0x60, 0x0, 0x40, 0x28, 0xf5, 0x0, 0x38, 0x7,
    0xc7, 0x20, 0x1f, 0x1b, 0x80, 0x51, 0xa8, 0x0,
    0x90, 0xc, 0x5a, 0x0, 0x10, 0xe, 0x10, 0xf,
    0xdc, 0x0, 0x10, 0xe, 0x30, 0x1, 0x0, 0x70,
    0x80, 0x7f, 0xc6, 0x60, 0xc, 0x60, 0x16, 0x7d,
    0x80, 0x24, 0x40, 0x3e, 0x1c, 0x40, 0xf, 0x8a,
    0xff, 0x75, 0x40,

    /* U+007C "|" */
    0x58, 0x88, 0x79, 0xde, 0x30, 0xf, 0xff, 0xf8,
    0x7, 0xff, 0x84,

    /* U+007D "}" */
    0x4f, 0xf7, 0x51, 0x80, 0x78, 0x57, 0x10, 0x3,
    0xf5, 0x0, 0x13, 0x6c, 0xc0, 0x2, 0x40, 0x2,
    0x49, 0x0, 0xff, 0xe2, 0x90, 0x4, 0x40, 0x1b,
    0xc0, 0x3f, 0x8, 0x0, 0x80, 0x38, 0x40, 0x4,
    0x40, 0xd, 0x40, 0x16, 0xf8, 0x4, 0x52, 0x1,
    0xf1, 0x48, 0x7, 0xca, 0x1, 0x5f, 0x0, 0x5c,
    0x0, 0x24, 0x10, 0x8, 0x40, 0x6, 0x1, 0xde,
    0x0, 0x10, 0xe, 0x10, 0x8, 0x40, 0x31, 0x80,
    0x46, 0x1, 0xf, 0x0, 0x72, 0x7f, 0x20, 0x0,
    0x48, 0x3, 0xe9, 0x0, 0xf1, 0x4b, 0x80, 0x13,
    0x75, 0xda, 0xc0, 0x10,

    /* U+007E "~" */
    0x0, 0xc, 0xf7, 0xec, 0x8, 0x5, 0x2, 0x0,
    0x3f, 0x61, 0x2, 0x7e, 0xba, 0xe7, 0xc1, 0xe,
    0x10, 0xf, 0x22, 0x88, 0x15, 0x87, 0x0, 0xd,
    0x48, 0x3, 0xc7, 0x60, 0x79, 0x39, 0x5b, 0x68,
    0x0, 0x28, 0xc1,

    /* U+00A0 " " */

    /* U+00A1 "¡" */
    0x7, 0xee, 0x38, 0x1c, 0x8, 0xa1, 0x10, 0x1,
    0x8c, 0x80, 0x31, 0x2a, 0x80, 0xa, 0xa0, 0xae,
    0xe5, 0x0, 0x42, 0x20, 0x8, 0x4c, 0xc2, 0x0,
    0xbc, 0xc5, 0x80, 0x4, 0x0, 0x20, 0x7, 0x0,
    0x38, 0x7, 0x8, 0x0, 0x40, 0x6, 0x0, 0x30,
    0x0, 0x80, 0x4, 0x3, 0xf8, 0x44, 0x1, 0xc6,
    0x1, 0x8c, 0x40, 0x30, 0xb8, 0x6, 0x70,

    /* U+00A2 "¢" */
    0x0, 0xf3, 0xff, 0xa4, 0x3, 0xff, 0x99, 0xc0,
    0x2, 0x30, 0xf, 0x9f, 0x98, 0x0, 0x99, 0xa8,
    0x1, 0xae, 0x4, 0x3, 0x8a, 0xd4, 0x1, 0x48,
    0x1, 0xf8, 0x90, 0x11, 0x40, 0x33, 0x43, 0x1,
    0x60, 0x87, 0x80, 0x6d, 0x97, 0x9c, 0xf1, 0x0,
    0x20, 0x4, 0xe4, 0x1, 0x19, 0x0, 0x4, 0x3,
    0x60, 0x7, 0xff, 0x4, 0x40, 0x3f, 0x8, 0x6,
    0xd0, 0xf, 0xe4, 0x0, 0x9c, 0x80, 0x23, 0x30,
    0x5, 0xe0, 0x1b, 0x65, 0xe7, 0x30, 0x60, 0x4,
    0x50, 0xc, 0xd0, 0xc0, 0xd, 0x20, 0x5, 0x18,
    0x7, 0xe1, 0x70, 0xb, 0x20, 0x40, 0x38, 0xf1,
    0x40, 0x33, 0xf3, 0x0, 0x13, 0x70, 0xc0, 0x3e,
    0xe0, 0x1, 0x10, 0x3, 0xff, 0x8a,

    /* U+00A3 "£" */
    0x0, 0xf1, 0xce, 0xff, 0x63, 0x88, 0x7, 0xd1,
    0x8c, 0x40, 0x27, 0x1e, 0x80, 0x1d, 0xe, 0x1,
    0xf0, 0xd9, 0x0, 0x44, 0xe0, 0x1f, 0xca, 0x40,
    0x15, 0x0, 0x68, 0xff, 0x50, 0x35, 0x0, 0x63,
    0x0, 0x8d, 0xc0, 0xb, 0xb2, 0x1, 0xce, 0x1,
    0x28, 0x6, 0x20, 0xf, 0xfe, 0x38, 0x99, 0x84,
    0x2, 0x23, 0x3c, 0x20, 0x13, 0x66, 0x8, 0x2,
    0x4c, 0xcd, 0x20, 0x1f, 0xfd, 0x77, 0xff, 0x18,
    0x4, 0xdf, 0xfa, 0x0, 0x3f, 0xfc, 0xed, 0xdc,
    0x30, 0x9, 0xbb, 0xbd, 0x80, 0x23, 0x0, 0x70,
    0x8f, 0x88, 0x3, 0xff, 0xaa,

    /* U+00A4 "¤" */
    0x0, 0x40, 0x80, 0x7c, 0x6e, 0x1, 0x53, 0xe1,
    0x2c, 0x4b, 0xa1, 0xec, 0x38, 0x22, 0x81, 0x6d,
    0x3b, 0x45, 0xe0, 0x84, 0xa, 0x48, 0x7, 0xfd,
    0x62, 0xe, 0x1, 0xfe, 0x14, 0x0, 0x48, 0x4,
    0x39, 0xf4, 0x1, 0xa, 0x80, 0xc, 0x2, 0x93,
    0x5, 0x60, 0xb, 0x40, 0x3c, 0x40, 0x10, 0x80,
    0x78, 0x80, 0x2e, 0x0, 0x94, 0x2, 0xe0, 0x6,
    0x80, 0x49, 0xb5, 0xc4, 0x1, 0x38, 0x1, 0x80,
    0x31, 0x28, 0x80, 0x44, 0x0, 0x2c, 0x0, 0xff,
    0x16, 0x88, 0x6, 0x74, 0x10, 0x15, 0x60, 0x8,
    0x4b, 0x6, 0xa2, 0xfb, 0xfa, 0xa5, 0xcf, 0x0,
    0x5, 0xca, 0x1, 0xf4, 0x60, 0x0,

    /* U+00A5 "¥" */
    0x7f, 0xfc, 0x80, 0x1c, 0xdf, 0xf9, 0x1c, 0x80,
    0x28, 0x0, 0xeb, 0x0, 0x91, 0x1, 0x0, 0x11,
    0x98, 0x2, 0x52, 0x0, 0xa4, 0x0, 0xa6, 0x1,
    0x40, 0x5, 0x20, 0x13, 0x10, 0x5, 0x0, 0x12,
    0x18, 0x21, 0x80, 0x50, 0x1, 0x91, 0x0, 0x14,
    0x87, 0x80, 0x50, 0x20, 0x3, 0xff, 0x20, 0x4,
    0xaa, 0x40, 0xa, 0x3f, 0xc0, 0x1f, 0xd4, 0x1,
    0xf8, 0x55, 0x70, 0x7, 0x85, 0x57, 0x1, 0x55,
    0x64, 0x0, 0xe9, 0xaa, 0xc0, 0x1e, 0xf0, 0xe,
    0x60, 0xe, 0x3f, 0xfd, 0x60, 0x1d, 0xdf, 0xf8,
    0x3, 0xff, 0x8c, 0x2a, 0xbc, 0x20, 0x10, 0xaa,
    0xf0, 0x15, 0x57, 0x10, 0x4, 0x95, 0x5c, 0x1,
    0xff, 0xff, 0x0, 0xff, 0x80,

    /* U+00A6 "¦" */
    0x8b, 0xb8, 0x4d, 0x12, 0x30, 0xf, 0xff, 0xd,
    0xff, 0xc4, 0x1, 0xff, 0xc3, 0x8b, 0xb8, 0x4d,
    0x12, 0x30, 0xf, 0xff, 0x8,

    /* U+00A7 "§" */
    0x0, 0x8a, 0x77, 0xfd, 0xb2, 0x60, 0x19, 0xb5,
    0x88, 0x0, 0x4d, 0x92, 0x0, 0x39, 0x0, 0xfc,
    0xd2, 0x12, 0x1, 0x91, 0x44, 0x2, 0xd0, 0x70,
    0xa, 0x6e, 0xba, 0x2, 0xd0, 0x3, 0xb8, 0x2,
    0x7e, 0x40, 0x3, 0x0, 0x4f, 0x8c, 0x20, 0x20,
    0x14, 0x0, 0x63, 0x9e, 0xa2, 0x0, 0x8c, 0xc0,
    0x1e, 0x5d, 0x60, 0x5, 0x18, 0x7, 0xe9, 0x24,
    0x50, 0xa, 0x69, 0x0, 0x35, 0x60, 0x4, 0xcc,
    0x5b, 0x50, 0x8, 0x80, 0x32, 0x10, 0x7, 0x8b,
    0x40, 0x22, 0xdb, 0xc5, 0x0, 0xa9, 0x48, 0x3,
    0x21, 0x80, 0x52, 0x41, 0x86, 0x1, 0xf1, 0x30,
    0x0, 0x72, 0xd4, 0x3, 0x8a, 0x0, 0x32, 0x57,
    0xc8, 0x80, 0x4a, 0x1, 0x38, 0x4, 0xd4, 0x1,
    0x10, 0x2, 0x21, 0xa8, 0x3, 0xa0, 0x11, 0x4,
    0x38, 0x15, 0xff, 0x30, 0x4, 0x81, 0x80, 0x1f,
    0xc3, 0x0, 0x98, 0x60, 0x1e, 0x2c, 0x10, 0x1,
    0xe6, 0xc3, 0x31, 0xef, 0x48, 0x0,

    /* U+00A8 "¨" */
    0x3, 0xa9, 0x10, 0x1, 0x4d, 0x10, 0x16, 0x2b,
    0x60, 0x3, 0x19, 0x70, 0x50, 0x2, 0x21, 0x31,
    0x0, 0xa, 0x90, 0x4, 0x22, 0x20, 0xc, 0xc8,
    0xe2, 0x54, 0x3, 0x42, 0x29, 0x20,

    /* U+00A9 "©" */
    0x0, 0xf8, 0x55, 0xdc, 0xc8, 0x1, 0xff, 0xc1,
    0x4c, 0xea, 0x88, 0x4d, 0xfd, 0x10, 0x7, 0xe1,
    0xbb, 0xc, 0x67, 0xfb, 0xad, 0x97, 0x5c, 0x3,
    0xc3, 0x89, 0x1a, 0xe6, 0x0, 0x14, 0x9e, 0x48,
    0x90, 0xe, 0xd2, 0xb7, 0x0, 0xfc, 0x36, 0xcc,
    0x70, 0x9, 0x8e, 0x10, 0x0, 0x53, 0xbf, 0xd6,
    0xa0, 0x9, 0x38, 0x10, 0x4, 0x1b, 0x80, 0x1b,
    0x58, 0x80, 0x52, 0xa8, 0x0, 0xe0, 0x80, 0x31,
    0x90, 0x2, 0xc8, 0x7, 0xdc, 0x0, 0x25, 0x70,
    0xb0, 0x40, 0x5, 0x80, 0x47, 0xe, 0x36, 0x80,
    0x16, 0x9, 0x90, 0x88, 0xc, 0x40, 0x5, 0x8f,
    0x1c, 0x80, 0x19, 0x41, 0x84, 0xc0, 0xc, 0x1,
    0x28, 0x7, 0xf0, 0x81, 0x88, 0x4, 0x20, 0x11,
    0x0, 0x7f, 0xf0, 0xc, 0x80, 0xa, 0x1, 0x2b,
    0x1, 0x48, 0x80, 0x66, 0x2, 0xc0, 0x30, 0x15,
    0x0, 0xa7, 0xf5, 0xb0, 0x40, 0x2c, 0x5, 0x40,
    0xa0, 0x5, 0x90, 0x7, 0x8b, 0x40, 0x26, 0x31,
    0x13, 0x30, 0x80, 0x75, 0x80, 0x38, 0xf8, 0x0,
    0xe3, 0x20, 0x8, 0xf, 0x0, 0xa7, 0xae, 0x6b,
    0x70, 0x80, 0xe0, 0xd4, 0x0, 0x34, 0x58, 0x20,
    0x1, 0x46, 0x52, 0x0, 0x26, 0x8e, 0x80, 0x65,
    0xa3, 0xf5, 0x0, 0xf0, 0xc5, 0x86, 0x8, 0x7,
    0x2e, 0x15, 0x75, 0xc4, 0x27, 0x39, 0xd7, 0xc8,
    0x3, 0xe3, 0xcb, 0x76, 0x63, 0xb8, 0x1f, 0x68,
    0x40, 0x30,

    /* U+00AA "ª" */
    0x0, 0x47, 0x7e, 0x63, 0xfc, 0x81, 0x6e, 0x20,
    0x66, 0x0, 0x91, 0x0, 0x5, 0x40, 0xd, 0x80,
    0x7, 0xab, 0x50, 0x8, 0x40, 0x1a, 0x0, 0x20,
    0xb, 0x80, 0x12, 0x24, 0xc0, 0x12, 0x80, 0xf,
    0xb4, 0x40, 0x22, 0xa0, 0xc, 0x20, 0x19, 0x76,
    0x1e, 0xff, 0x30, 0x80,

    /* U+00AB "«" */
    0x0, 0xa2, 0xee, 0x30, 0x6b, 0xb9, 0x40, 0x6,
    0xe8, 0x80, 0x31, 0x94, 0x43, 0x28, 0x3, 0xc0,
    0x29, 0xb, 0x0, 0xa4, 0x0, 0xa6, 0x0, 0x72,
    0x35, 0x0, 0x2a, 0x0, 0x2c, 0x0, 0x50, 0x1c,
    0x1, 0x58, 0x0, 0x84, 0x0, 0x20, 0x3, 0x0,
    0x8, 0x80, 0x4, 0xe0, 0x3, 0x50, 0x80, 0x0,
    0xc0, 0x5, 0x2, 0x0, 0xb0, 0x63, 0x0, 0x39,
    0x0, 0x56, 0x0, 0x19, 0xf, 0x0, 0xa4, 0x2,
    0x53, 0x0, 0x31, 0x99, 0x40, 0x8, 0xa0,

    /* U+00AC "¬" */
    0x59, 0x9f, 0xfe, 0x1, 0xfb, 0x37, 0xff, 0x1,
    0x40, 0x3f, 0xfa, 0x15, 0xff, 0xfa, 0xc0, 0x3f,
    0xfd, 0x6c, 0xef, 0x28,

    /* U+00AE "®" */
    0x0, 0x8e, 0x77, 0xfa, 0xd4, 0x3, 0xa3, 0xe,
    0x72, 0x8e, 0xec, 0x1, 0x33, 0xe5, 0x21, 0xa4,
    0x7b, 0x50, 0x2, 0x68, 0xdb, 0xfd, 0xcc, 0x3e,
    0xa8, 0xa2, 0xa0, 0x22, 0xd9, 0x90, 0x93, 0x76,
    0xa8, 0x4, 0x29, 0xa2, 0x20, 0xf7, 0x0, 0xf4,
    0x3e, 0x0, 0x6e, 0x60, 0x8, 0x68, 0x9c, 0x1,
    0xec, 0xe4, 0x80, 0x12, 0x45, 0x10, 0x3f, 0xb,
    0xd1, 0x3f, 0x3, 0xf9, 0x59, 0xa8, 0x42, 0x63,
    0x90, 0xa, 0xeb, 0x78, 0x5, 0x51, 0x5b, 0xfd,
    0x6b, 0xa4, 0x1, 0x9b, 0x7b, 0x7b, 0x90, 0x1,
    0x0,

    /* U+00AF "¯" */
    0x22, 0xff, 0xb3, 0x77, 0xfb, 0x0, 0x3f, 0xf9,
    0x40,

    /* U+00B0 "°" */
    0x0, 0xff, 0xe0, 0x8c, 0xf7, 0xf4, 0x88, 0x4,
    0x3e, 0xc2, 0x2, 0xde, 0x40, 0xb, 0x10, 0xe,
    0x1e, 0x0, 0x28, 0x2, 0x3e, 0x40, 0x6, 0x24,
    0x1, 0x38, 0x30, 0x4, 0x44, 0x0, 0xa0, 0x58,
    0x2, 0x20, 0x50, 0x3, 0xf4, 0x80, 0xc, 0x42,
    0xc4, 0x3, 0x87, 0x80, 0x3, 0xee, 0x40, 0x2d,
    0xe4, 0x0,

    /* U+00B1 "±" */
    0x0, 0xee, 0xff, 0x58, 0x7, 0xff, 0x56, 0xbf,
    0xf0, 0x80, 0x13, 0xff, 0x30, 0x7, 0xff, 0x43,
    0xd9, 0xb0, 0x4, 0x2c, 0xd9, 0x55, 0x33, 0x84,
    0x0, 0xb3, 0x38, 0xc0, 0x3f, 0xf8, 0xf3, 0x10,
    0xe0, 0xe, 0x59, 0x9d, 0xdd, 0x64, 0xce, 0x3f,
    0x66, 0xff, 0xe0, 0x28, 0x7, 0xff, 0x40,

    /* U+00B2 "²" */
    0x1, 0x8d, 0xfd, 0x91, 0x1, 0xc7, 0x20, 0x26,
    0xc0, 0x0, 0x80, 0x98, 0x0, 0x90, 0x71, 0xbf,
    0x8, 0x0, 0x40, 0x9, 0x15, 0x20, 0x2, 0x80,
    0x4d, 0x40, 0x5, 0x30, 0x3, 0x48, 0x1, 0x68,
    0x0, 0xf2, 0x1, 0xa9, 0x8e, 0x0, 0x32, 0xab,
    0x1c, 0x3, 0xf0,

    /* U+00B3 "³" */
    0xb, 0xff, 0xf1, 0x0, 0x7f, 0xb1, 0x50, 0x2,
    0x82, 0x7, 0xa7, 0x0, 0x2b, 0x80, 0x46, 0x60,
    0x2, 0xc8, 0x4, 0x2e, 0xa0, 0x6, 0x40, 0x1,
    0xc5, 0x18, 0x0, 0x81, 0xbb, 0x30, 0x60, 0x2,
    0x49, 0x3, 0x30, 0x0, 0xd1, 0x12, 0x60, 0x2,
    0x8c, 0x0,

    /* U+00B4 "´" */
    0x0, 0xc6, 0x1, 0xcf, 0x88, 0x1, 0x44, 0x2,
    0x84, 0x25, 0xc0, 0x3, 0x72, 0xc0, 0x13, 0x5e,
    0x0, 0x13, 0x64, 0x55, 0xf2, 0xc8, 0x0,

    /* U+00B5 "µ" */
    0xbf, 0xfa, 0x0, 0x24, 0xff, 0xc0, 0x1f, 0xff,
    0xf0, 0xf, 0xfe, 0x81, 0x0, 0x42, 0x1, 0xfc,
    0xa4, 0x0, 0x90, 0x8, 0x40, 0x3d, 0xba, 0xf3,
    0x0, 0x90, 0x3, 0xe2, 0x0, 0xe9, 0x0, 0xff,
    0xe0, 0x49, 0x80, 0x73, 0x39, 0x0, 0xae, 0x30,
    0x7, 0x86, 0x37, 0xfa, 0x8c, 0x3, 0xff, 0xfa,

    /* U+00B6 "¶" */
    0x0, 0x92, 0xb7, 0xff, 0xff, 0x80, 0x60, 0xa,
    0xb5, 0x20, 0xf, 0xfe, 0x15, 0x28, 0x7, 0xff,
    0x11, 0x14, 0x2, 0x27, 0x60, 0xa, 0x18, 0x2,
    0x78, 0x2e, 0x0, 0x97, 0x63, 0x0, 0x26, 0xd0,
    0xa, 0x9c, 0x5c, 0x2, 0x80, 0xf, 0xfe, 0x31,
    0x80, 0x7f, 0xf0, 0x84, 0x2, 0x70, 0xf, 0xfe,
    0x15, 0x80, 0x52, 0xc2, 0x1, 0xff, 0xc0, 0x61,
    0x0, 0xa7, 0xa8, 0x3, 0xfe, 0x1d, 0x0, 0xff,
    0xe3, 0x1e, 0xa0, 0x7, 0xff, 0x14, 0xaf, 0xae,
    0x58, 0x3, 0xff, 0x86, 0x28, 0xd8, 0x1, 0xff,
    0xff, 0x0, 0xff, 0xff, 0x80, 0x7f, 0xf2, 0x1e,
    0x22, 0x15, 0x88, 0x88, 0x0,

    /* U+00B7 "·" */
    0x0, 0x10, 0x4, 0x7d, 0xbe, 0x81, 0xe2, 0x0,
    0xa0, 0x30, 0x8, 0x41, 0x0, 0x23, 0xa, 0x40,
    0x3e, 0x0,

    /* U+00B8 "¸" */
    0x0, 0xab, 0xec, 0x3, 0x90, 0x19, 0x80, 0x12,
    0x8, 0x14, 0xc0, 0x18, 0xeb, 0x0, 0x14, 0x76,
    0xb5, 0x80, 0xa, 0x32, 0x40, 0x3, 0x98,

    /* U+00B9 "¹" */
    0x7f, 0xfd, 0x20, 0x1e, 0x35, 0x20, 0x9, 0x29,
    0xc0, 0x3f, 0xfb, 0x60,

    /* U+00BA "º" */
    0x0, 0x2e, 0x7f, 0x59, 0x80, 0x53, 0x46, 0x2,
    0x98, 0xa0, 0x8c, 0x0, 0x43, 0x0, 0x50, 0xe8,
    0x2, 0x2f, 0x10, 0x0, 0x86, 0x0, 0x30, 0x1,
    0x80, 0xf, 0x40, 0x1e, 0x24, 0xa0, 0x2, 0x60,
    0x2, 0x76, 0x90, 0x1a, 0xd, 0x88, 0x6, 0x2d,
    0x0, 0x27, 0x4b, 0xba, 0xb4, 0x40,

    /* U+00BB "»" */
    0x1b, 0xba, 0x40, 0x17, 0x78, 0x2, 0x12, 0x44,
    0x32, 0x86, 0x22, 0x50, 0x1, 0x40, 0x80, 0x2c,
    0x1c, 0x80, 0xe, 0x40, 0x1, 0xb0, 0x0, 0xc0,
    0x70, 0x5, 0x0, 0x12, 0xa0, 0x1, 0xc8, 0xd8,
    0x0, 0xa8, 0x1, 0x10, 0x4, 0x21, 0xc0, 0x11,
    0x0, 0xd, 0x80, 0xa, 0x63, 0x0, 0x2, 0x60,
    0x7, 0x80, 0x56, 0x14, 0x1, 0x70, 0x1, 0xcc,
    0x1, 0x2, 0x88, 0x0, 0x29, 0x80, 0xc0, 0x0,
    0x5c, 0x24, 0x2, 0xb0, 0x0,

    /* U+00BC "¼" */
    0x0, 0xff, 0xe1, 0x90, 0x6, 0x2f, 0xfd, 0xc0,
    0x1f, 0x16, 0xc8, 0x7, 0xff, 0x13, 0xc1, 0xa0,
    0x0, 0x6a, 0x80, 0x1f, 0xd6, 0x40, 0x7, 0x30,
    0x1a, 0xf0, 0xf, 0xd0, 0x80, 0x15, 0x98, 0x7,
    0xfc, 0xae, 0x0, 0x1d, 0x40, 0xf, 0xf8, 0xe8,
    0x0, 0x7e, 0x40, 0x1f, 0xf0, 0xe8, 0x1, 0x70,
    0x40, 0x3f, 0xf8, 0x4, 0x20, 0xf4, 0x1, 0xff,
    0xc2, 0x3c, 0x98, 0x0, 0xff, 0xe2, 0x1b, 0x1,
    0x14, 0x1, 0xe4, 0xdd, 0x60, 0x7, 0x26, 0xeb,
    0x0, 0x3e, 0x22, 0xa1, 0x40, 0x28, 0x0, 0x48,
    0x7, 0xf5, 0xbd, 0x20, 0x19, 0x80, 0xc, 0x1,
    0xf1, 0x6a, 0x1, 0xa0, 0x48, 0x1, 0x84, 0x3,
    0xc9, 0xa4, 0x3, 0xa0, 0x2a, 0x0, 0xad, 0xd6,
    0x0, 0x4f, 0x60, 0x16, 0x88, 0x48, 0x5, 0x24,
    0x43, 0x60, 0xa8, 0x0, 0xa4, 0xc0, 0xa, 0x1,
    0x28, 0x5, 0xe4, 0xa0, 0x13, 0x30, 0x3, 0xff,
    0x80, 0x56, 0x0, 0x39, 0x0, 0xdb, 0xff, 0x70,
    0x5, 0x20, 0x94, 0x3a, 0x1, 0xff, 0xc4, 0x5f,
    0x10, 0xf, 0xe1, 0xff, 0x80,

    /* U+00BD "½" */
    0x0, 0xff, 0xe1, 0x90, 0x6, 0x2f, 0xfd, 0xc0,
    0x1f, 0x16, 0x48, 0x7, 0xff, 0x13, 0xc5, 0xa0,
    0x0, 0x6a, 0x80, 0x1f, 0xd4, 0x40, 0x7, 0x30,
    0x1a, 0xf0, 0xf, 0xce, 0xa0, 0x15, 0x98, 0x7,
    0xfc, 0x90, 0x0, 0x1c, 0x40, 0xf, 0xf8, 0x68,
    0x0, 0x58, 0x60, 0x1f, 0xfc, 0xd, 0x10, 0x3c,
    0x20, 0xf, 0xfe, 0x2, 0x18, 0x2e, 0x8, 0x7,
    0xff, 0x5, 0x29, 0xe8, 0x3, 0xff, 0x88, 0xb0,
    0x1, 0xfe, 0x69, 0x94, 0x0, 0x64, 0xbe, 0xfc,
    0x50, 0xe, 0x26, 0x69, 0x44, 0x1e, 0xd0, 0x40,
    0xe9, 0x80, 0x3e, 0x8a, 0xc1, 0x20, 0x1, 0x88,
    0x2, 0xc0, 0x3d, 0x6e, 0x1, 0x2d, 0xc6, 0x50,
    0x0, 0xc0, 0x30, 0xea, 0x0, 0x3c, 0x41, 0x1c,
    0x20, 0x0, 0xa0, 0x11, 0xf9, 0x0, 0x2c, 0x80,
    0x36, 0x18, 0x2, 0x0, 0xb, 0x82, 0x0, 0x84,
    0x0, 0x87, 0xc, 0x1, 0x66, 0x7, 0x40, 0x12,
    0xb8, 0x4, 0x38, 0x60, 0x3, 0xea, 0x13, 0x90,
    0x1, 0xd0, 0x6, 0xb2, 0x0, 0x8d, 0x54, 0x60,
    0xd2, 0x3a, 0x1, 0xc2, 0x1, 0xfe, 0x6f, 0x10,
    0xe, 0xbf, 0xff, 0x88,

    /* U+00BE "¾" */
    0x0, 0xff, 0xe1, 0x90, 0x7, 0x7f, 0xfc, 0x1,
    0xef, 0xb0, 0xf, 0xf0, 0x80, 0x74, 0x92, 0x50,
    0x4, 0xaa, 0x30, 0xa, 0x80, 0x32, 0x30, 0x1,
    0x54, 0x0, 0xab, 0x20, 0x4, 0xa0, 0x4, 0x34,
    0x1, 0x42, 0x80, 0x4c, 0x20, 0x9, 0x60, 0xa,
    0x84, 0x1, 0x2e, 0x1, 0x8d, 0xd0, 0x1, 0x20,
    0x7, 0x40, 0x5, 0x30, 0x7, 0x2c, 0x58, 0x4,
    0x47, 0x0, 0xb, 0x50, 0xe, 0x9e, 0xbd, 0x0,
    0x8d, 0x80, 0x18, 0x80, 0x1d, 0xc, 0x8, 0x40,
    0x7, 0x15, 0xbc, 0x30, 0xf, 0x44, 0x8, 0x4,
    0xea, 0x0, 0x8, 0xec, 0xc4, 0x0, 0xe7, 0xdf,
    0xec, 0x40, 0xd, 0x53, 0x20, 0xf, 0xf3, 0xf9,
    0x80, 0x18, 0x40, 0x90, 0x3, 0xf4, 0x40, 0x60,
    0x1, 0x40, 0xa, 0x0, 0xfd, 0x2e, 0x0, 0x90,
    0x33, 0x0, 0x18, 0x3, 0xea, 0x60, 0x4, 0x90,
    0x48, 0x1, 0xa7, 0x74, 0xa0, 0x15, 0xa8, 0x1,
    0x18, 0x5, 0x40, 0x4, 0xa4, 0x49, 0x0, 0x5a,
    0x0, 0x6, 0x80, 0xe, 0x1, 0x21, 0x0, 0xc,
    0x49, 0x0, 0x2a, 0x10, 0xf, 0xfe, 0x1, 0x58,
    0x1, 0x90, 0x2, 0x6f, 0xfc, 0xa0, 0x9, 0x10,
    0x4a, 0x29, 0x0, 0xff, 0xe2, 0x2e, 0x0, 0x7f,
    0xab, 0xfc, 0xc0,

    /* U+00BF "¿" */
    0x0, 0xea, 0xfd, 0x40, 0xf, 0xe8, 0x50, 0x2a,
    0x0, 0xfe, 0x40, 0x8, 0x4c, 0x3, 0xf2, 0x80,
    0x62, 0x0, 0xfd, 0x4, 0x0, 0x91, 0x0, 0xfc,
    0x3b, 0xaf, 0x60, 0xf, 0xf8, 0x80, 0x3f, 0xf8,
    0xa, 0xb1, 0x0, 0x7f, 0xaa, 0xa5, 0x0, 0xfc,
    0x32, 0x1, 0xff, 0x27, 0x30, 0x5, 0xe0, 0x1e,
    0x3b, 0x0, 0xe1, 0x0, 0xf4, 0x0, 0x47, 0xbf,
    0x20, 0x1e, 0x40, 0xb, 0xc8, 0x3, 0xff, 0x88,
    0x3a, 0xa0, 0x10, 0x80, 0x5e, 0x62, 0xb8, 0x54,
    0xe0, 0x4, 0x0, 0x8f, 0x3a, 0x88, 0x1, 0x2,
    0x10, 0x1, 0xfe, 0x81, 0x2, 0xb1, 0x0, 0xfa,
    0x1c, 0x2, 0x4f, 0x72, 0x0, 0x13, 0x6b, 0x80,
    0x0,

    /* U+00C0 "À" */
    0x0, 0xfc, 0xe2, 0x1, 0xff, 0xc5, 0x48, 0xf2,
    0x0, 0xff, 0xe1, 0x8d, 0x0, 0xe1, 0x0, 0x7f,
    0xf0, 0x9c, 0x40, 0x3, 0x86, 0x1, 0xff, 0xc1,
    0x6d, 0x40, 0x0, 0xe8, 0x7, 0xff, 0x8, 0xae,
    0xc6, 0x16, 0x1, 0xff, 0xc4, 0x4c, 0xb5, 0x0,
    0xff, 0xe3, 0x20, 0x7, 0xff, 0x13, 0xbf, 0xe6,
    0x0, 0xff, 0xe1, 0x28, 0x80, 0x56, 0x1, 0xff,
    0xc2, 0xe0, 0xc, 0x46, 0x1, 0xff, 0xc0, 0x14,
    0x0, 0xea, 0x0, 0xff, 0xe0, 0x48, 0x7, 0x98,
    0x3, 0xff, 0x80, 0xc0, 0x1f, 0x28, 0x7, 0xf9,
    0x4, 0x0, 0x2e, 0x1, 0x48, 0x7, 0xfb, 0x80,
    0x26, 0xb0, 0x8, 0xc8, 0x3, 0xf0, 0xa8, 0x5,
    0x66, 0x40, 0x15, 0x0, 0x7e, 0x60, 0x8, 0x8c,
    0x28, 0x2, 0x60, 0xf, 0xd4, 0x1, 0x50, 0x1,
    0x40, 0x21, 0x40, 0xf, 0x19, 0x0, 0x4a, 0x0,
    0x23, 0x0, 0xbc, 0x3, 0xd2, 0x1, 0x19, 0x0,
    0x56, 0x1, 0x20, 0x80, 0x61, 0x50, 0x8, 0xff,
    0xf4, 0x0, 0x66, 0x0, 0xce, 0x1, 0xff, 0xc2,
    0xa0, 0xd, 0x60, 0x1f, 0xfc, 0x22, 0x30, 0x1,
    0x90, 0x4, 0xac, 0xdf, 0x0, 0x69, 0x0, 0x50,
    0x4, 0x35, 0x33, 0xf3, 0x0, 0x4a, 0x0, 0x60,
    0x9, 0x80, 0x3f, 0x50, 0x6, 0x66, 0x0, 0x6a,
    0x0, 0xfc, 0x64, 0x1, 0x50,

    /* U+00C1 "Á" */
    0x0, 0xff, 0x13, 0x0, 0x7f, 0xf1, 0x4f, 0x24,
    0xc0, 0x3f, 0xf8, 0x67, 0x82, 0x1c, 0x1, 0xff,
    0xc2, 0x4c, 0x0, 0x89, 0x40, 0x3f, 0xf8, 0x36,
    0x1, 0x2e, 0xa8, 0x7, 0xff, 0x6, 0x1, 0x32,
    0x88, 0x3, 0xff, 0x84, 0xf7, 0x63, 0x0, 0xff,
    0xe2, 0xa0, 0x7, 0xff, 0x1f, 0xbf, 0xe6, 0x0,
    0xff, 0xe1, 0x28, 0x80, 0x56, 0x1, 0xff, 0xc2,
    0xe0, 0xc, 0x46, 0x1, 0xff, 0xc0, 0x14, 0x0,
    0xea, 0x0, 0xff, 0xe0, 0x48, 0x7, 0x98, 0x3,
    0xff, 0x80, 0xc0, 0x1f, 0x28, 0x7, 0xf9, 0x4,
    0x0, 0x2e, 0x1, 0x48, 0x7, 0xfb, 0x80, 0x26,
    0xb0, 0x8, 0xc8, 0x3, 0xf0, 0xa8, 0x5, 0x66,
    0x40, 0x15, 0x0, 0x7e, 0x60, 0x8, 0x8c, 0x28,
    0x2, 0x60, 0xf, 0xd4, 0x1, 0x50, 0x1, 0x40,
    0x21, 0x40, 0xf, 0x19, 0x0, 0x4a, 0x0, 0x23,
    0x0, 0xbc, 0x3, 0xd2, 0x1, 0x19, 0x0, 0x56,
    0x1, 0x20, 0x80, 0x61, 0x50, 0x8, 0xff, 0xf4,
    0x0, 0x66, 0x0, 0xce, 0x1, 0xff, 0xc2, 0xa0,
    0xd, 0x60, 0x1f, 0xfc, 0x22, 0x30, 0x1, 0x90,
    0x4, 0xac, 0xdf, 0x0, 0x69, 0x0, 0x50, 0x4,
    0x35, 0x33, 0xf3, 0x0, 0x4a, 0x0, 0x60, 0x9,
    0x80, 0x3f, 0x50, 0x6, 0x66, 0x0, 0x6a, 0x0,
    0xfc, 0x64, 0x1, 0x50,

    /* U+00C2 "Â" */
    0x0, 0xfc, 0x51, 0x5, 0x0, 0xff, 0xe1, 0x96,
    0x3b, 0xa9, 0x80, 0x3f, 0xf8, 0x25, 0x82, 0x1,
    0x4b, 0x0, 0x7f, 0xc3, 0xe2, 0x1, 0xd2, 0xc0,
    0x1f, 0xec, 0x20, 0x3, 0xd9, 0x0, 0x25, 0x0,
    0x3f, 0xa8, 0xf, 0x61, 0x35, 0xc0, 0x90, 0x3,
    0xf9, 0xef, 0x8, 0x2, 0x8d, 0xf0, 0xf, 0xf9,
    0x0, 0x3c, 0x44, 0x0, 0xff, 0xe0, 0xf7, 0xfc,
    0xc0, 0x1f, 0xfc, 0x25, 0x10, 0xa, 0xc0, 0x3f,
    0xf8, 0x5c, 0x1, 0x88, 0xc0, 0x3f, 0xf8, 0x2,
    0x80, 0x1d, 0x40, 0x1f, 0xfc, 0x9, 0x0, 0xf3,
    0x0, 0x7f, 0xf0, 0x18, 0x3, 0xe5, 0x0, 0xff,
    0x20, 0x80, 0x5, 0xc0, 0x29, 0x0, 0xff, 0x70,
    0x4, 0xd6, 0x1, 0x19, 0x0, 0x7e, 0x15, 0x0,
    0xac, 0xc8, 0x2, 0xa0, 0xf, 0xcc, 0x1, 0x11,
    0x85, 0x0, 0x4c, 0x1, 0xfa, 0x80, 0x2a, 0x0,
    0x28, 0x4, 0x28, 0x1, 0xe3, 0x20, 0x9, 0x40,
    0x4, 0x60, 0x17, 0x80, 0x7a, 0x40, 0x23, 0x20,
    0xa, 0xc0, 0x24, 0x10, 0xc, 0x2a, 0x1, 0x1f,
    0xfe, 0x80, 0xc, 0xc0, 0x19, 0xc0, 0x3f, 0xf8,
    0x54, 0x1, 0xac, 0x3, 0xff, 0x84, 0x46, 0x0,
    0x32, 0x0, 0x95, 0x9b, 0xe0, 0xd, 0x20, 0xa,
    0x0, 0x86, 0xa6, 0x7e, 0x60, 0x9, 0x40, 0xc,
    0x1, 0x30, 0x7, 0xea, 0x0, 0xcc, 0xc0, 0xd,
    0x40, 0x1f, 0x8c, 0x80, 0x2a,

    /* U+00C3 "Ã" */
    0x0, 0xe1, 0x9e, 0xfc, 0x61, 0x13, 0x38, 0x7,
    0xf0, 0xfb, 0x8, 0x1c, 0xf7, 0x26, 0x1c, 0x3,
    0xf2, 0x8, 0x7, 0xf6, 0x0, 0x7e, 0x59, 0x7,
    0x95, 0x0, 0xcb, 0x60, 0x1f, 0xcd, 0xf0, 0xd5,
    0xf9, 0x7b, 0x40, 0x1f, 0xfc, 0x43, 0x42, 0x0,
    0xff, 0xe1, 0x77, 0xfc, 0xc0, 0x1f, 0xfc, 0x25,
    0x10, 0xa, 0xc0, 0x3f, 0xf8, 0x5c, 0x1, 0x88,
    0xc0, 0x3f, 0xf8, 0x2, 0x80, 0x1d, 0x40, 0x1f,
    0xfc, 0x9, 0x0, 0xf3, 0x0, 0x7f, 0xf0, 0x18,
    0x3, 0xe5, 0x0, 0xff, 0x20, 0x80, 0x5, 0xc0,
    0x29, 0x0, 0xff, 0x70, 0x4, 0xd6, 0x1, 0x19,
    0x0, 0x7e, 0x15, 0x0, 0xac, 0xc8, 0x2, 0xa0,
    0xf, 0xcc, 0x1, 0x11, 0x85, 0x0, 0x4c, 0x1,
    0xfa, 0x80, 0x2a, 0x0, 0x28, 0x4, 0x28, 0x1,
    0xe3, 0x20, 0x9, 0x40, 0x4, 0x60, 0x17, 0x80,
    0x7a, 0x40, 0x23, 0x20, 0xa, 0xc0, 0x24, 0x10,
    0xc, 0x2a, 0x1, 0x1f, 0xfe, 0x80, 0xc, 0xc0,
    0x19, 0xc0, 0x3f, 0xf8, 0x54, 0x1, 0xac, 0x3,
    0xff, 0x84, 0x46, 0x0, 0x32, 0x0, 0x95, 0x9b,
    0xe0, 0xd, 0x20, 0xa, 0x0, 0x86, 0xa6, 0x7e,
    0x60, 0x9, 0x40, 0xc, 0x1, 0x30, 0x7, 0xea,
    0x0, 0xcc, 0xc0, 0xd, 0x40, 0x1f, 0x8c, 0x80,
    0x2a,

    /* U+00C4 "Ä" */
    0x0, 0xe4, 0xde, 0x70, 0x1, 0xe7, 0xc8, 0x7,
    0xfa, 0xc8, 0x60, 0xc3, 0x8c, 0x19, 0x80, 0x1f,
    0x88, 0x3, 0x28, 0x10, 0x5, 0xc0, 0x1f, 0x88,
    0x80, 0x12, 0x2, 0x0, 0x58, 0x1, 0xfd, 0x8c,
    0xb6, 0x41, 0x4e, 0xb4, 0x80, 0x1f, 0xc3, 0x34,
    0x80, 0x1, 0x8a, 0x50, 0xf, 0xfe, 0xf, 0x7f,
    0xcc, 0x1, 0xff, 0xc2, 0x51, 0x0, 0xac, 0x3,
    0xff, 0x85, 0xc0, 0x18, 0x8c, 0x3, 0xff, 0x80,
    0x28, 0x1, 0xd4, 0x1, 0xff, 0xc0, 0x90, 0xf,
    0x30, 0x7, 0xff, 0x1, 0x80, 0x3e, 0x50, 0xf,
    0xf2, 0x8, 0x0, 0x5c, 0x2, 0x90, 0xf, 0xf7,
    0x0, 0x4d, 0x60, 0x11, 0x90, 0x7, 0xe1, 0x50,
    0xa, 0xcc, 0x80, 0x2a, 0x0, 0xfc, 0xc0, 0x11,
    0x18, 0x50, 0x4, 0xc0, 0x1f, 0xa8, 0x2, 0xa0,
    0x2, 0x80, 0x42, 0x80, 0x1e, 0x32, 0x0, 0x94,
    0x0, 0x46, 0x1, 0x78, 0x7, 0xa4, 0x2, 0x32,
    0x0, 0xac, 0x2, 0x41, 0x0, 0xc2, 0xa0, 0x11,
    0xff, 0xe8, 0x0, 0xcc, 0x1, 0x9c, 0x3, 0xff,
    0x85, 0x40, 0x1a, 0xc0, 0x3f, 0xf8, 0x44, 0x60,
    0x3, 0x20, 0x9, 0x59, 0xbe, 0x0, 0xd2, 0x0,
    0xa0, 0x8, 0x6a, 0x67, 0xe6, 0x0, 0x94, 0x0,
    0xc0, 0x13, 0x0, 0x7e, 0xa0, 0xc, 0xcc, 0x0,
    0xd4, 0x1, 0xf8, 0xc8, 0x2, 0xa0,

    /* U+00C5 "Å" */
    0x0, 0xfd, 0x1d, 0xf6, 0x60, 0x1f, 0xfc, 0x2b,
    0x71, 0x4, 0xc2, 0x0, 0xff, 0xe0, 0x22, 0x1,
    0x60, 0x1, 0x0, 0x1f, 0xfc, 0x2, 0x0, 0x53,
    0xa8, 0x38, 0x7, 0xff, 0x0, 0xc0, 0xa, 0x2e,
    0xc, 0x1, 0xff, 0xc0, 0x41, 0xa, 0xe2, 0xe,
    0x0, 0xff, 0xe0, 0xd, 0x0, 0x72, 0x80, 0x7f,
    0xf0, 0x44, 0x3, 0x10, 0x7, 0xff, 0xb, 0x80,
    0x31, 0x18, 0x7, 0xff, 0x0, 0x50, 0x3, 0xa8,
    0x3, 0xff, 0x81, 0x20, 0x1e, 0x60, 0xf, 0xfe,
    0x3, 0x0, 0x7c, 0xa0, 0x1f, 0xe4, 0x10, 0x0,
    0xb8, 0x5, 0x20, 0x1f, 0xee, 0x0, 0x9a, 0x80,
    0x23, 0x20, 0xf, 0xc2, 0xa0, 0x15, 0x91, 0x0,
    0x2a, 0x0, 0xfc, 0xc0, 0x11, 0x18, 0x50, 0x4,
    0xc0, 0x1f, 0xa8, 0x2, 0xa0, 0x2, 0x80, 0x42,
    0x80, 0x1e, 0x32, 0x0, 0x94, 0x0, 0x46, 0x1,
    0x78, 0x7, 0xa4, 0x2, 0x32, 0x0, 0xac, 0x2,
    0x41, 0x0, 0xc2, 0xa0, 0x11, 0xff, 0xe8, 0x0,
    0xcc, 0x1, 0x9c, 0x3, 0xff, 0x85, 0x40, 0x1a,
    0xc0, 0x3f, 0xf8, 0x44, 0x60, 0x3, 0x20, 0x9,
    0x59, 0xbe, 0x0, 0xd2, 0x0, 0xa0, 0x8, 0x6a,
    0x67, 0xe6, 0x0, 0x94, 0x0, 0xc0, 0x13, 0x0,
    0x7e, 0xa0, 0xc, 0xcc, 0x0, 0xd4, 0x1, 0xf8,
    0xc8, 0x2, 0xa0,

    /* U+00C6 "Æ" */
    0x0, 0xfd, 0xdf, 0xff, 0xfc, 0x59, 0x0, 0xf9,
    0x44, 0x3, 0xff, 0x9b, 0xc0, 0x1f, 0xfc, 0xd1,
    0x40, 0x8, 0xcc, 0x1, 0xc6, 0x7f, 0xb8, 0x3,
    0xd2, 0x1, 0x2e, 0x61, 0x0, 0x24, 0xcc, 0xfc,
    0xe0, 0x1e, 0x60, 0xa, 0x40, 0x3f, 0xf9, 0x28,
    0x20, 0x2, 0x30, 0xf, 0xfe, 0x4f, 0x0, 0x54,
    0x1, 0xff, 0xc9, 0x15, 0x0, 0x94, 0x3, 0xe4,
    0xff, 0xfa, 0xc0, 0x39, 0x80, 0x24, 0x20, 0xf,
    0xfe, 0x4d, 0x0, 0x4f, 0x33, 0x94, 0x3, 0xff,
    0x88, 0x64, 0x1, 0x1b, 0x36, 0x10, 0x8, 0x51,
    0x3e, 0x30, 0xd, 0x20, 0x1f, 0xfc, 0x15, 0xbb,
    0xfa, 0x0, 0x21, 0x50, 0xf, 0xfe, 0x6b, 0x80,
    0x43, 0xff, 0xe4, 0x0, 0xff, 0xe1, 0xd8, 0x4,
    0xc0, 0x1f, 0xfc, 0x93, 0x20, 0xa, 0xc0, 0x3f,
    0xc9, 0xbb, 0xfa, 0x42, 0x80, 0x22, 0x30, 0xf,
    0xf8, 0x8b, 0xf8, 0x18, 0x2, 0x50, 0xf, 0xfe,
    0x4b, 0x0, 0x6a, 0x0, 0xff, 0xe4, 0x80,

    /* U+00C7 "Ç" */
    0x0, 0xf9, 0x6b, 0x7b, 0xfb, 0x20, 0x80, 0x3f,
    0x2f, 0x52, 0x90, 0x80, 0x9b, 0xed, 0x10, 0x7,
    0x55, 0x4, 0x3, 0xf9, 0x71, 0x0, 0x2a, 0x50,
    0xf, 0xfe, 0x1, 0xa8, 0x1, 0xd4, 0x3, 0x2d,
    0xf7, 0xec, 0x90, 0x16, 0x8, 0xc, 0x0, 0x6a,
    0xa2, 0x8, 0x13, 0x6b, 0xe0, 0x80, 0x18, 0x3,
    0x4a, 0x80, 0x7d, 0x2, 0x1, 0x58, 0x4, 0x2c,
    0x1, 0xff, 0xc1, 0x30, 0x9, 0xc0, 0x3f, 0xf8,
    0x22, 0x1, 0xb8, 0x3, 0xff, 0xa8, 0x20, 0x1b,
    0x80, 0x3f, 0xf8, 0x46, 0x1, 0x38, 0x7, 0xff,
    0xa, 0xc0, 0x21, 0x60, 0xf, 0xfe, 0xb, 0x0,
    0x69, 0x40, 0xf, 0x9c, 0x80, 0x21, 0x80, 0xd,
    0x74, 0x82, 0x4, 0xd9, 0x18, 0x40, 0x13, 0xa8,
    0x6, 0x5b, 0xef, 0xd9, 0x30, 0x1c, 0x30, 0xa,
    0x94, 0x3, 0xff, 0x80, 0x2c, 0x1, 0xaa, 0x44,
    0x3, 0xf9, 0x35, 0x40, 0x39, 0xba, 0x94, 0x2,
    0x13, 0x7c, 0xb2, 0x0, 0xfc, 0xb4, 0x20, 0xbd,
    0x90, 0x60, 0x1f, 0xf1, 0x88, 0x2f, 0x10, 0x7,
    0xff, 0x9, 0xc8, 0x6, 0x0, 0x3f, 0xf8, 0xc,
    0xb6, 0x80, 0x1, 0x0, 0xff, 0x8e, 0x65, 0x8c,
    0x0, 0xe0, 0xf, 0xf8, 0xe0, 0x80, 0x4e, 0xd4,
    0x3, 0x80,

    /* U+00C8 "È" */
    0x0, 0xf3, 0x88, 0x7, 0xff, 0x5, 0x23, 0x8,
    0x3, 0xfe, 0x1a, 0x2, 0xc2, 0x0, 0xff, 0x38,
    0x80, 0x7, 0xc, 0x3, 0xf9, 0xb1, 0x0, 0x3,
    0xc0, 0x1f, 0xe3, 0xbb, 0x18, 0x40, 0x7, 0xff,
    0x1, 0x32, 0xd4, 0x3, 0xff, 0x84, 0x80, 0x1e,
    0x1f, 0xff, 0xfe, 0x10, 0x7, 0xff, 0x68, 0x8c,
    0xff, 0x80, 0x3d, 0x39, 0x9f, 0xc0, 0x1f, 0xfe,
    0xab, 0xff, 0xfc, 0x40, 0x1f, 0xfd, 0xa3, 0x44,
    0xfc, 0x60, 0x1e, 0x8b, 0xbf, 0xc2, 0x1, 0xff,
    0xea, 0xad, 0xdf, 0xe1, 0x0, 0xe1, 0x22, 0xfe,
    0x0, 0xff, 0xea, 0x80,

    /* U+00C9 "É" */
    0x0, 0xfc, 0x4c, 0x1, 0xff, 0xc1, 0x3c, 0x92,
    0x0, 0xff, 0x93, 0x4, 0x3c, 0x3, 0xfc, 0xb6,
    0x1, 0x12, 0x0, 0x7e, 0x1a, 0x0, 0x97, 0x50,
    0x3, 0xf0, 0xc0, 0x26, 0x51, 0x0, 0x7f, 0x9f,
    0x2c, 0xc0, 0x3f, 0xf8, 0x26, 0x1, 0xfc, 0x3f,
    0xff, 0xfc, 0x20, 0xf, 0xfe, 0xd1, 0x19, 0xff,
    0x0, 0x7a, 0x73, 0x3f, 0x80, 0x3f, 0xfd, 0x57,
    0xff, 0xf8, 0x80, 0x3f, 0xfb, 0x46, 0x89, 0xf8,
    0xc0, 0x3d, 0x17, 0x7f, 0x84, 0x3, 0xff, 0xd5,
    0x5b, 0xbf, 0xc2, 0x1, 0xc2, 0x45, 0xfc, 0x1,
    0xff, 0xd5,

    /* U+00CA "Ê" */
    0x0, 0xf1, 0x44, 0x14, 0x3, 0xfe, 0x2c, 0x77,
    0x53, 0x0, 0x7f, 0x16, 0x8, 0x5, 0x2a, 0x1,
    0xf1, 0x60, 0x80, 0x75, 0x28, 0x7, 0xbc, 0x40,
    0xf, 0x64, 0x0, 0xa3, 0x0, 0xe5, 0x4, 0xd8,
    0x4d, 0x70, 0x23, 0x0, 0xe8, 0xbb, 0x10, 0x5,
    0x19, 0xe0, 0x1f, 0x20, 0x7, 0x8c, 0x80, 0x21,
    0xff, 0xff, 0xe1, 0x0, 0x7f, 0xf6, 0x88, 0xcf,
    0xf8, 0x3, 0xd3, 0x99, 0xfc, 0x1, 0xff, 0xea,
    0xbf, 0xff, 0xc4, 0x1, 0xff, 0xda, 0x34, 0x4f,
    0xc6, 0x1, 0xe8, 0xbb, 0xfc, 0x20, 0x1f, 0xfe,
    0xaa, 0xdd, 0xfe, 0x10, 0xe, 0x12, 0x2f, 0xe0,
    0xf, 0xfe, 0xa8,

    /* U+00CB "Ë" */
    0x0, 0x93, 0x79, 0xc0, 0x7, 0xbf, 0x20, 0x1e,
    0xb2, 0x18, 0x30, 0xe2, 0x6, 0x50, 0xc, 0x40,
    0x19, 0x80, 0x80, 0x2d, 0x0, 0xc4, 0x40, 0x9,
    0x1, 0x0, 0x2b, 0x0, 0xef, 0x65, 0xc1, 0xa,
    0x65, 0xa3, 0x0, 0xe2, 0x9a, 0x30, 0x0, 0xcd,
    0x28, 0x4, 0x3f, 0xff, 0xfc, 0x20, 0xf, 0xfe,
    0xd1, 0x19, 0xff, 0x0, 0x7a, 0x73, 0x3f, 0x80,
    0x3f, 0xfd, 0x57, 0xff, 0xf8, 0x80, 0x3f, 0xfb,
    0x46, 0x89, 0xf8, 0xc0, 0x3d, 0x17, 0x7f, 0x84,
    0x3, 0xff, 0xd5, 0x5b, 0xbf, 0xc2, 0x1, 0xc2,
    0x45, 0xfc, 0x1, 0xff, 0xd5,

    /* U+00CC "Ì" */
    0x0, 0x38, 0x80, 0x65, 0x8c, 0x10, 0x1, 0x50,
    0x16, 0x10, 0x28, 0x4, 0x58, 0x4f, 0x86, 0x0,
    0x1e, 0x3, 0xca, 0x20, 0x80, 0x9, 0x77, 0x10,
    0x3, 0x8c, 0x0, 0x3f, 0xf9, 0x0, 0x3f, 0xff,
    0xe0, 0x1f, 0xfe, 0xe0,

    /* U+00CD "Í" */
    0x0, 0xc6, 0xa0, 0x1c, 0x99, 0x44, 0x1, 0x2d,
    0x80, 0x38, 0x0, 0xb4, 0x1, 0x19, 0x86, 0x80,
    0x26, 0xe3, 0x17, 0x4, 0xd9, 0x10, 0x4, 0x65,
    0x90, 0x7, 0x18, 0x7, 0x87, 0xff, 0x20, 0x7,
    0xff, 0xfc, 0x3, 0xff, 0xfe, 0x1, 0x0,

    /* U+00CE "Î" */
    0x0, 0xc7, 0x10, 0x40, 0xf, 0x8f, 0x5d, 0xd6,
    0xa0, 0x1c, 0x5a, 0x20, 0x15, 0x20, 0x4, 0x58,
    0x20, 0x1d, 0x68, 0x3, 0x82, 0x0, 0x8a, 0x10,
    0x5, 0x90, 0xb8, 0x27, 0x3a, 0xf3, 0x1, 0x90,
    0x4d, 0xd8, 0x40, 0x29, 0xcd, 0x0, 0x90, 0x3,
    0xc6, 0x20, 0x18, 0x7f, 0xf2, 0x0, 0x7f, 0xff,
    0xc0, 0x3f, 0xff, 0xe0, 0x1f, 0xff, 0xf0, 0xf,
    0x0,

    /* U+00CF "Ï" */
    0x5, 0xee, 0x30, 0x0, 0xf7, 0xa0, 0x6, 0x84,
    0x52, 0x41, 0xa4, 0x2e, 0x84, 0x1, 0x98, 0x44,
    0x1, 0x11, 0x88, 0x0, 0x54, 0x4c, 0x2, 0x40,
    0xc5, 0x56, 0x88, 0x6b, 0x2d, 0x90, 0x15, 0x50,
    0xc0, 0x3, 0x34, 0x80, 0x18, 0x7f, 0xf2, 0x0,
    0x7f, 0xff, 0xc0, 0x3f, 0xff, 0xe0, 0x1f, 0xff,
    0xf0, 0xf, 0x0,

    /* U+00D0 "Ð" */
    0x0, 0x47, 0xff, 0xee, 0xc8, 0x30, 0xf, 0xfe,
    0x28, 0x9b, 0xe6, 0xc, 0x3, 0xff, 0x8e, 0x78,
    0xc0, 0x1f, 0xe2, 0x28, 0x40, 0x3d, 0x2c, 0x1,
    0xf8, 0xb7, 0x6e, 0xfc, 0x50, 0xd, 0x24, 0x1,
    0xff, 0xc1, 0x3a, 0x90, 0xd, 0x20, 0x1f, 0xfc,
    0x36, 0x60, 0x4, 0x84, 0x1, 0xff, 0xc3, 0xb0,
    0xc, 0xad, 0xee, 0x1, 0x17, 0xfe, 0x50, 0x8,
    0x84, 0x2, 0xd0, 0xf, 0xfe, 0x21, 0x0, 0x42,
    0x1, 0xff, 0xc9, 0x49, 0x40, 0x8, 0x66, 0x73,
    0x80, 0x62, 0x0, 0x84, 0x98, 0xc0, 0x23, 0x66,
    0xc4, 0x1, 0x10, 0x80, 0x5a, 0x1, 0xff, 0xc3,
    0xb0, 0xc, 0xa0, 0x1f, 0xfc, 0x26, 0x60, 0x4,
    0x84, 0x1, 0xff, 0xc0, 0x3a, 0x90, 0xd, 0x20,
    0x1f, 0x17, 0x76, 0xfc, 0x50, 0xd, 0x24, 0x1,
    0xf8, 0x47, 0x0, 0x7a, 0x58, 0x3, 0xff, 0x8a,
    0x78, 0xc0, 0x1f, 0xfc, 0x21, 0x37, 0xbc, 0x30,
    0xc,

    /* U+00D1 "Ñ" */
    0x0, 0xe9, 0xef, 0xd7, 0x20, 0x58, 0x0, 0xfd,
    0xac, 0x20, 0x51, 0xbf, 0x4f, 0x20, 0x1e, 0x42,
    0x0, 0xfe, 0x40, 0xf, 0x25, 0x83, 0x4b, 0x8,
    0x4, 0x98, 0x1, 0xf2, 0x7c, 0xb4, 0xf6, 0x5e,
    0xd8, 0x80, 0x7f, 0xf0, 0x4d, 0x8, 0x3, 0x87,
    0xfe, 0x50, 0xf, 0xd5, 0xff, 0x60, 0x6, 0xa2,
    0x0, 0xff, 0xe2, 0xf8, 0x7, 0xff, 0x14, 0xa8,
    0x3, 0xff, 0x8a, 0xae, 0x1, 0xff, 0xc5, 0x83,
    0x0, 0xff, 0xe2, 0xe8, 0x80, 0x7f, 0xf1, 0x7,
    0x40, 0x3f, 0xf8, 0x2a, 0x1, 0x1c, 0x0, 0x7f,
    0xf0, 0x39, 0xc0, 0x27, 0x50, 0xf, 0xfe, 0x4,
    0x18, 0x5, 0x44, 0x1, 0xff, 0xc0, 0xd1, 0x0,
    0xbc, 0x3, 0xff, 0x80, 0x34, 0x1, 0x12, 0x80,
    0x7f, 0xf0, 0x12, 0x0, 0x3f, 0xf8, 0xae, 0x80,
    0x1f, 0xfc, 0x5a, 0x20, 0xf, 0xfe, 0x20, 0xf0,
    0x7, 0xff, 0x14, 0xe4, 0x3, 0xff, 0x8a, 0xcc,
    0x0, 0xff, 0xe2, 0xc9, 0x80, 0x40,

    /* U+00D2 "Ò" */
    0x0, 0xfe, 0x20, 0xf, 0xfe, 0x40, 0xe5, 0x80,
    0x7f, 0xf1, 0xec, 0x52, 0xc0, 0x3f, 0xf8, 0xaa,
    0xa0, 0x2, 0x60, 0x80, 0x7f, 0xf0, 0xd6, 0x0,
    0x23, 0xc0, 0xf, 0xfe, 0x23, 0xf3, 0x0, 0x1c,
    0x3, 0xff, 0x8a, 0x33, 0xad, 0x60, 0x1f, 0xfc,
    0x72, 0x91, 0x0, 0xff, 0xe1, 0xad, 0x6f, 0x7f,
    0x64, 0x10, 0x7, 0xfc, 0xdd, 0x4a, 0x42, 0x2,
    0x6f, 0xb4, 0x40, 0x1f, 0xaa, 0x44, 0x3, 0xf9,
    0x71, 0x0, 0x3d, 0x4a, 0x1, 0xff, 0xc0, 0x1b,
    0x40, 0xc, 0xea, 0x1, 0x96, 0xfb, 0x9b, 0x4,
    0x1, 0xa8, 0x40, 0x3, 0x0, 0x1a, 0xe9, 0x4,
    0x44, 0xfa, 0xa0, 0x10, 0xc0, 0x1, 0x80, 0x34,
    0xa0, 0x7, 0xd4, 0x40, 0x13, 0x0, 0x2c, 0x2,
    0x16, 0x0, 0xfe, 0x80, 0xc, 0xa0, 0x60, 0x13,
    0x80, 0x7f, 0x94, 0x3, 0x68, 0x80, 0x6e, 0x0,
    0xff, 0x84, 0x2, 0x11, 0x0, 0x7f, 0xf3, 0xb8,
    0x3, 0xfe, 0x10, 0x8, 0x40, 0xc0, 0x27, 0x0,
    0xff, 0x28, 0x6, 0xd0, 0xb0, 0x8, 0x58, 0x3,
    0xfa, 0x0, 0x32, 0x83, 0x8, 0x5, 0x28, 0x1,
    0xf5, 0x10, 0x4, 0xc0, 0x1, 0x80, 0xd, 0x74,
    0x82, 0x22, 0x7d, 0x50, 0x8, 0x60, 0x2, 0x65,
    0x0, 0xcb, 0x7d, 0xcd, 0x82, 0x0, 0xda, 0x20,
    0x1a, 0x98, 0x3, 0xff, 0x80, 0x36, 0x60, 0x1e,
    0x9a, 0x20, 0xf, 0xe5, 0xc4, 0x0, 0xfc, 0xbb,
    0x4c, 0x42, 0x2, 0x6f, 0xb4, 0x40, 0x18,

    /* U+00D3 "Ó" */
    0x0, 0xff, 0xe0, 0x10, 0x7, 0xff, 0x22, 0xb0,
    0x40, 0x3f, 0xf8, 0xd6, 0xa3, 0x40, 0x1f, 0xfc,
    0x5c, 0x40, 0x2, 0x30, 0x7, 0xff, 0xf, 0xc,
    0x2, 0x86, 0x0, 0xff, 0xe1, 0xa8, 0x1, 0xb9,
    0xc0, 0x3f, 0xf8, 0x92, 0xdb, 0x22, 0x1, 0xff,
    0xc6, 0x92, 0x0, 0xff, 0xe3, 0x2d, 0x6f, 0x7f,
    0x64, 0x10, 0x7, 0xfc, 0xdd, 0x4a, 0x42, 0x2,
    0x6f, 0xb4, 0x40, 0x1f, 0xaa, 0x44, 0x3, 0xf9,
    0x71, 0x0, 0x3d, 0x4a, 0x1, 0xff, 0xc0, 0x1b,
    0x40, 0xc, 0xea, 0x1, 0x96, 0xfb, 0x9b, 0x4,
    0x1, 0xa8, 0x40, 0x3, 0x0, 0x1a, 0xe9, 0x4,
    0x44, 0xfa, 0xa0, 0x10, 0xc0, 0x1, 0x80, 0x34,
    0xa0, 0x7, 0xd4, 0x40, 0x13, 0x0, 0x2c, 0x2,
    0x16, 0x0, 0xfe, 0x80, 0xc, 0xa0, 0x60, 0x13,
    0x80, 0x7f, 0x94, 0x3, 0x68, 0x80, 0x6e, 0x0,
    0xff, 0x84, 0x2, 0x11, 0x0, 0x7f, 0xf3, 0xb8,
    0x3, 0xfe, 0x10, 0x8, 0x40, 0xc0, 0x27, 0x0,
    0xff, 0x28, 0x6, 0xd0, 0xb0, 0x8, 0x58, 0x3,
    0xfa, 0x0, 0x32, 0x83, 0x8, 0x5, 0x28, 0x1,
    0xf5, 0x10, 0x4, 0xc0, 0x1, 0x80, 0xd, 0x74,
    0x82, 0x22, 0x7d, 0x50, 0x8, 0x60, 0x2, 0x65,
    0x0, 0xcb, 0x7d, 0xcd, 0x82, 0x0, 0xda, 0x20,
    0x1a, 0x98, 0x3, 0xff, 0x80, 0x36, 0x60, 0x1e,
    0x9a, 0x20, 0xf, 0xe5, 0xc4, 0x0, 0xfc, 0xbb,
    0x4c, 0x42, 0x2, 0x6f, 0xb4, 0x40, 0x18,

    /* U+00D4 "Ô" */
    0x0, 0xfe, 0x17, 0x86, 0x0, 0xff, 0xe2, 0x8e,
    0x43, 0xcb, 0x80, 0x7f, 0xf1, 0x34, 0x80, 0x28,
    0x60, 0xf, 0xfe, 0x15, 0x98, 0x7, 0x4a, 0x80,
    0x7f, 0xf0, 0x29, 0x0, 0x7, 0x2, 0x0, 0xa4,
    0x0, 0xff, 0x88, 0x6, 0x71, 0xfd, 0x0, 0xc,
    0x1, 0xff, 0x44, 0x3d, 0x80, 0x3, 0x75, 0x24,
    0x1, 0xff, 0xc0, 0x71, 0x0, 0xe5, 0x60, 0xf,
    0xfe, 0xa, 0xd6, 0xf7, 0xf6, 0x41, 0x0, 0x7f,
    0xcd, 0xd4, 0xa4, 0x20, 0x26, 0xfb, 0x44, 0x1,
    0xfa, 0xa4, 0x40, 0x3f, 0x97, 0x10, 0x3, 0xd4,
    0xa0, 0x1f, 0xfc, 0x1, 0xb4, 0x0, 0xce, 0xa0,
    0x19, 0x6f, 0xb9, 0xb0, 0x40, 0x1a, 0x84, 0x0,
    0x30, 0x1, 0xae, 0x90, 0x44, 0x4f, 0xaa, 0x1,
    0xc, 0x0, 0x18, 0x3, 0x4a, 0x0, 0x7d, 0x44,
    0x1, 0x30, 0x2, 0xc0, 0x21, 0x60, 0xf, 0xe8,
    0x0, 0xca, 0x6, 0x1, 0x38, 0x7, 0xf9, 0x40,
    0x36, 0x88, 0x6, 0xe0, 0xf, 0xf8, 0x40, 0x21,
    0x10, 0x7, 0xff, 0x3b, 0x80, 0x3f, 0xe1, 0x0,
    0x84, 0xc, 0x2, 0x70, 0xf, 0xf2, 0x80, 0x6d,
    0xb, 0x0, 0x85, 0x80, 0x3f, 0xa0, 0x3, 0x28,
    0x30, 0x80, 0x52, 0x80, 0x1f, 0x51, 0x0, 0x4c,
    0x0, 0x18, 0x0, 0xd7, 0x48, 0x22, 0x27, 0xd5,
    0x0, 0x86, 0x0, 0x26, 0x50, 0xc, 0xb7, 0xdc,
    0xd8, 0x20, 0xd, 0xa2, 0x1, 0xa9, 0x80, 0x3f,
    0xf8, 0x3, 0x66, 0x1, 0xe9, 0xa2, 0x0, 0xfe,
    0x5c, 0x40, 0xf, 0xcb, 0xb4, 0xc4, 0x20, 0x26,
    0xfb, 0x44, 0x1, 0x80,

    /* U+00D5 "Õ" */
    0x0, 0xfc, 0x8a, 0x20, 0x1f, 0xfc, 0x53, 0xeb,
    0xae, 0x92, 0x7, 0xb0, 0xf, 0xf8, 0xb0, 0x40,
    0x26, 0xdf, 0x84, 0xb0, 0xf, 0xf0, 0x80, 0x7f,
    0xf2, 0x4f, 0xb, 0x3e, 0x88, 0x2, 0x5b, 0x0,
    0xff, 0x8f, 0x4c, 0x17, 0x72, 0xf6, 0x80, 0x3f,
    0xf8, 0xc6, 0x84, 0x1, 0xff, 0xc2, 0x5a, 0xde,
    0xfe, 0xc8, 0x20, 0xf, 0xf9, 0xba, 0x94, 0x84,
    0x4, 0xdf, 0x68, 0x80, 0x3f, 0x54, 0x88, 0x7,
    0xf2, 0xe2, 0x0, 0x7a, 0x94, 0x3, 0xff, 0x80,
    0x36, 0x80, 0x19, 0xd4, 0x3, 0x2d, 0xf7, 0x36,
    0x8, 0x3, 0x50, 0x80, 0x6, 0x0, 0x35, 0xd2,
    0x8, 0x89, 0xf5, 0x40, 0x21, 0x80, 0x3, 0x0,
    0x69, 0x40, 0xf, 0xa8, 0x80, 0x26, 0x0, 0x58,
    0x4, 0x2c, 0x1, 0xfd, 0x0, 0x19, 0x40, 0xc0,
    0x27, 0x0, 0xff, 0x28, 0x6, 0xd1, 0x0, 0xdc,
    0x1, 0xff, 0x8, 0x4, 0x22, 0x0, 0xff, 0xe7,
    0x70, 0x7, 0xfc, 0x20, 0x10, 0x81, 0x80, 0x4e,
    0x1, 0xfe, 0x50, 0xd, 0xa1, 0x60, 0x10, 0xb0,
    0x7, 0xf4, 0x0, 0x65, 0x6, 0x10, 0xa, 0x50,
    0x3, 0xea, 0x20, 0x9, 0x80, 0x3, 0x0, 0x1a,
    0xe9, 0x4, 0x44, 0xfa, 0xa0, 0x10, 0xc0, 0x4,
    0xca, 0x1, 0x96, 0xfb, 0x9b, 0x4, 0x1, 0xb4,
    0x40, 0x35, 0x30, 0x7, 0xff, 0x0, 0x6c, 0xc0,
    0x3d, 0x34, 0x40, 0x1f, 0xcb, 0x88, 0x1, 0xf9,
    0x76, 0x98, 0x84, 0x4, 0xdf, 0x68, 0x80, 0x30,

    /* U+00D6 "Ö" */
    0x0, 0xf0, 0xcd, 0x20, 0x5, 0x14, 0xc0, 0x1f,
    0xfc, 0xd, 0x65, 0xb3, 0x9, 0x75, 0x95, 0x0,
    0xff, 0x8c, 0x2, 0x40, 0x70, 0xb, 0xc0, 0x3f,
    0xe1, 0x0, 0x88, 0x14, 0x2, 0xd0, 0xf, 0xfb,
    0x48, 0x19, 0x42, 0x4c, 0x15, 0xc0, 0x3f, 0xe3,
    0xdf, 0x90, 0x1, 0x67, 0xd0, 0x7, 0xff, 0x5d,
    0x6b, 0x7b, 0xfb, 0x20, 0x80, 0x3f, 0xe6, 0xea,
    0x52, 0x10, 0x13, 0x7d, 0xa2, 0x0, 0xfd, 0x52,
    0x20, 0x1f, 0xcb, 0x88, 0x1, 0xea, 0x50, 0xf,
    0xfe, 0x0, 0xda, 0x0, 0x67, 0x50, 0xc, 0xb7,
    0xdc, 0xd8, 0x20, 0xd, 0x42, 0x0, 0x18, 0x0,
    0xd7, 0x48, 0x22, 0x27, 0xd5, 0x0, 0x86, 0x0,
    0xc, 0x1, 0xa5, 0x0, 0x3e, 0xa2, 0x0, 0x98,
    0x1, 0x60, 0x10, 0xb0, 0x7, 0xf4, 0x0, 0x65,
    0x3, 0x0, 0x9c, 0x3, 0xfc, 0xa0, 0x1b, 0x44,
    0x3, 0x70, 0x7, 0xfc, 0x20, 0x10, 0x88, 0x3,
    0xff, 0x9d, 0xc0, 0x1f, 0xf0, 0x80, 0x42, 0x6,
    0x1, 0x38, 0x7, 0xf9, 0x40, 0x36, 0x85, 0x80,
    0x42, 0xc0, 0x1f, 0xd0, 0x1, 0x94, 0x18, 0x40,
    0x29, 0x40, 0xf, 0xa8, 0x80, 0x26, 0x0, 0xc,
    0x0, 0x6b, 0xa4, 0x11, 0x13, 0xea, 0x80, 0x43,
    0x0, 0x13, 0x28, 0x6, 0x5b, 0xee, 0x6c, 0x10,
    0x6, 0xd1, 0x0, 0xd4, 0xc0, 0x1f, 0xfc, 0x1,
    0xb3, 0x0, 0xf4, 0xd1, 0x0, 0x7f, 0x2e, 0x20,
    0x7, 0xe5, 0xda, 0x62, 0x10, 0x13, 0x7d, 0xa2,
    0x0, 0xc0,

    /* U+00D7 "×" */
    0x0, 0xff, 0xe2, 0x1b, 0x0, 0x7a, 0x58, 0x2,
    0x3c, 0x96, 0x0, 0xd2, 0xd2, 0xc0, 0x58, 0x0,
    0x96, 0x0, 0x4b, 0x0, 0x24, 0xc9, 0x0, 0x29,
    0x69, 0x60, 0x9, 0xcc, 0x2d, 0x0, 0x29, 0x60,
    0x9, 0xe0, 0x2, 0xb4, 0x0, 0xf3, 0xc0, 0x7,
    0x58, 0x80, 0x64, 0x80, 0xf, 0x48, 0x80, 0x64,
    0x50, 0xe, 0x96, 0x0, 0xf5, 0x28, 0x5, 0x2c,
    0x1, 0x31, 0x80, 0x54, 0xa0, 0xcc, 0x0, 0x9a,
    0x70, 0xc0, 0x2b, 0x6, 0x40, 0x3, 0x48, 0x3,
    0xc, 0x7, 0x0, 0x16, 0x8d, 0x20, 0x1b, 0x17,
    0x8, 0x2, 0xb9, 0x0, 0xf5, 0x10, 0x0,

    /* U+00D8 "Ø" */
    0x0, 0xff, 0xe3, 0x88, 0x7, 0xf2, 0xd6, 0xf7,
    0xf6, 0x41, 0x0, 0x2f, 0x4, 0x3, 0xcd, 0xd4,
    0xa4, 0x20, 0x26, 0xfb, 0x56, 0x85, 0x82, 0x1,
    0xaa, 0x44, 0x3, 0xf9, 0x50, 0x0, 0x50, 0x1,
    0x52, 0x80, 0x7f, 0xf0, 0xd2, 0x40, 0xe, 0xa0,
    0x19, 0x6f, 0xb9, 0xb0, 0x1, 0xea, 0x0, 0xc,
    0x0, 0x6b, 0xa4, 0x11, 0x16, 0x0, 0x7a, 0x40,
    0xc, 0x1, 0xa5, 0x0, 0x36, 0x20, 0x7, 0x9c,
    0x1, 0x60, 0x10, 0xb0, 0x4, 0x38, 0x60, 0x11,
    0x80, 0x65, 0x3, 0x0, 0x9c, 0x2, 0x1c, 0x30,
    0x9, 0xb0, 0x3, 0x68, 0x80, 0x6e, 0x0, 0xe,
    0x10, 0x4, 0xf2, 0x4, 0x1, 0x10, 0x7, 0xc5,
    0x84, 0x1, 0x3c, 0x0, 0xc, 0x3, 0x8, 0x6,
    0xe2, 0xc2, 0x0, 0xa2, 0x0, 0x10, 0x80, 0x44,
    0x6, 0x1, 0x3e, 0x8, 0x5, 0x2e, 0x1, 0x28,
    0x6, 0xd0, 0xa0, 0x8, 0x44, 0x1, 0x4b, 0x0,
    0x68, 0x0, 0xca, 0xc, 0x20, 0x1e, 0xa6, 0x0,
    0xd4, 0x40, 0x13, 0x0, 0x4c, 0x1, 0xc4, 0x23,
    0x13, 0xea, 0x80, 0x43, 0x0, 0x4, 0x70, 0xe,
    0x2b, 0xee, 0x6c, 0x10, 0x6, 0xa1, 0x1, 0xa0,
    0xf, 0xfe, 0x18, 0xda, 0x0, 0x6, 0xc0, 0x27,
    0x20, 0xf, 0xe5, 0xc4, 0x0, 0xcb, 0x41, 0x51,
    0xb6, 0xc4, 0x0, 0x13, 0x7d, 0xa2, 0x0, 0xf2,
    0xf2, 0x80, 0x12, 0x77, 0xfd, 0xd9, 0x4, 0x1,
    0xe0,

    /* U+00D9 "Ù" */
    0x0, 0xf0, 0xb8, 0x7, 0xff, 0x12, 0xe2, 0x80,
    0x3f, 0xf8, 0x4a, 0xa0, 0x5a, 0x0, 0xff, 0xe0,
    0xc8, 0x4, 0xb6, 0x1, 0xff, 0xc0, 0xc9, 0x10,
    0x2, 0x40, 0x7, 0xff, 0x1, 0xba, 0x0, 0x64,
    0x3, 0xff, 0x84, 0xfd, 0x82, 0x1, 0xff, 0xc3,
    0x12, 0x0, 0xf9, 0xbf, 0xf0, 0x7, 0xcb, 0xff,
    0x84, 0x3, 0xff, 0xfe, 0x1, 0xff, 0xff, 0x0,
    0xff, 0xf1, 0x88, 0x7, 0xff, 0x0, 0xc0, 0x38,
    0x80, 0x31, 0x80, 0x7b, 0x80, 0x21, 0x4, 0x0,
    0xd0, 0x1, 0xc2, 0xc0, 0x12, 0x80, 0x14, 0x2,
    0x4c, 0x41, 0x26, 0xf1, 0x0, 0xbc, 0x1, 0x62,
    0x1, 0x1d, 0xf6, 0xc8, 0x80, 0x48, 0x80, 0x0,
    0xd0, 0x7, 0xfc, 0x54, 0x1, 0x93, 0x8, 0x3,
    0xf2, 0x60, 0x80, 0x71, 0xec, 0xa0, 0x80, 0x9,
    0x6e, 0xc2, 0x1, 0x0,

    /* U+00DA "Ú" */
    0x0, 0xfe, 0x62, 0x0, 0xff, 0xe1, 0xc4, 0xf0,
    0x7, 0xff, 0xa, 0x5c, 0xd, 0xc0, 0x3f, 0xf8,
    0x14, 0xc0, 0x15, 0x0, 0x7f, 0xcc, 0xa0, 0x1,
    0x8d, 0x0, 0xff, 0x98, 0x81, 0xfd, 0xc0, 0x3f,
    0xf8, 0x3f, 0xd0, 0x20, 0x1f, 0xfc, 0x22, 0x10,
    0xf, 0xf3, 0x7f, 0xe0, 0xf, 0x97, 0xff, 0x8,
    0x7, 0xff, 0xfc, 0x3, 0xff, 0xfe, 0x1, 0xff,
    0xe3, 0x10, 0xf, 0xfe, 0x1, 0x80, 0x71, 0x0,
    0x63, 0x0, 0xf7, 0x0, 0x42, 0x8, 0x1, 0xa0,
    0x3, 0x85, 0x80, 0x25, 0x0, 0x28, 0x4, 0x98,
    0x82, 0x4d, 0xe2, 0x1, 0x78, 0x2, 0xc4, 0x2,
    0x3b, 0xed, 0x91, 0x0, 0x91, 0x0, 0x1, 0xa0,
    0xf, 0xf8, 0xa8, 0x3, 0x26, 0x10, 0x7, 0xe4,
    0xc1, 0x0, 0xe3, 0xd9, 0x41, 0x0, 0x12, 0xdd,
    0x84, 0x2,

    /* U+00DB "Û" */
    0x0, 0xf9, 0x62, 0x4, 0x1, 0xff, 0xc1, 0x6a,
    0x77, 0x61, 0x0, 0x7f, 0xcd, 0x20, 0x10, 0xe1,
    0x0, 0x7f, 0x2c, 0x80, 0x70, 0xe0, 0x80, 0x7c,
    0x74, 0x0, 0x1a, 0x80, 0x0, 0xe0, 0x7, 0xc6,
    0x40, 0xfc, 0xaf, 0xa6, 0xa, 0x1, 0xfb, 0xf6,
    0x0, 0x22, 0xca, 0x80, 0xf, 0xc4, 0x40, 0xf,
    0x28, 0x7, 0x37, 0xfe, 0x0, 0xf9, 0x7f, 0xf0,
    0x80, 0x7f, 0xff, 0xc0, 0x3f, 0xff, 0xe0, 0x1f,
    0xfe, 0x31, 0x0, 0xff, 0xe0, 0x18, 0x7, 0x10,
    0x6, 0x30, 0xf, 0x70, 0x4, 0x20, 0x80, 0x1a,
    0x0, 0x38, 0x58, 0x2, 0x50, 0x2, 0x80, 0x49,
    0x88, 0x24, 0xde, 0x20, 0x17, 0x80, 0x2c, 0x40,
    0x23, 0xbe, 0xd9, 0x10, 0x9, 0x10, 0x0, 0x1a,
    0x0, 0xff, 0x8a, 0x80, 0x32, 0x61, 0x0, 0x7e,
    0x4c, 0x10, 0xe, 0x3d, 0x94, 0x10, 0x1, 0x2d,
    0xd8, 0x40, 0x20,

    /* U+00DC "Ü" */
    0x0, 0xc9, 0x52, 0x20, 0x3, 0xa9, 0x20, 0xf,
    0x8e, 0xd5, 0xa8, 0x7, 0x15, 0xbc, 0x3, 0xe4,
    0x0, 0x90, 0x10, 0x2, 0x22, 0x0, 0x78, 0x80,
    0x21, 0x6, 0x0, 0xc6, 0x1, 0xe5, 0x60, 0x2d,
    0x3, 0x81, 0x15, 0x8, 0x7, 0xd3, 0xfa, 0x60,
    0x7, 0xee, 0x28, 0x7, 0xff, 0x29, 0xbf, 0xf0,
    0x7, 0xcb, 0xff, 0x84, 0x3, 0xff, 0xfe, 0x1,
    0xff, 0xff, 0x0, 0xff, 0xf1, 0x88, 0x7, 0xff,
    0x0, 0xc0, 0x38, 0x80, 0x31, 0x80, 0x7b, 0x80,
    0x21, 0x4, 0x0, 0xd0, 0x1, 0xc2, 0xc0, 0x12,
    0x80, 0x14, 0x2, 0x4c, 0x41, 0x26, 0xf1, 0x0,
    0xbc, 0x1, 0x62, 0x1, 0x1d, 0xf6, 0xc8, 0x80,
    0x48, 0x80, 0x0, 0xd0, 0x7, 0xfc, 0x54, 0x1,
    0x93, 0x8, 0x3, 0xf2, 0x60, 0x80, 0x71, 0xec,
    0xa0, 0x80, 0x9, 0x6e, 0xc2, 0x1, 0x0,

    /* U+00DD "Ý" */
    0x0, 0xff, 0x40, 0x7, 0xff, 0x16, 0x9e, 0x40,
    0x3f, 0xf8, 0x76, 0xa0, 0xc8, 0x1, 0xff, 0xc0,
    0x1c, 0x40, 0xb, 0xc0, 0x3f, 0xf8, 0x10, 0x60,
    0x2, 0xab, 0x0, 0xff, 0xe0, 0x40, 0x8a, 0x75,
    0x40, 0x3f, 0xf8, 0x23, 0xbc, 0xc0, 0x1f, 0xfc,
    0x43, 0x0, 0xff, 0x97, 0xff, 0x58, 0x7, 0xcd,
    0xff, 0xa5, 0x50, 0x2, 0x45, 0x0, 0xf4, 0x0,
    0x43, 0x21, 0x20, 0x1a, 0x0, 0x3a, 0x4, 0x2,
    0xb0, 0x1, 0x38, 0x4, 0x4e, 0x1, 0x13, 0x80,
    0x48, 0xa0, 0x14, 0x10, 0x5, 0x2, 0x0, 0x90,
    0xd, 0x20, 0x1d, 0x20, 0x1a, 0x1, 0x10, 0x1,
    0x39, 0x0, 0x72, 0x20, 0x2, 0x63, 0x90, 0x8,
    0xa0, 0x3, 0xea, 0x0, 0xd8, 0x40, 0x14, 0x80,
    0x7e, 0x18, 0x0, 0xf9, 0x50, 0x3, 0xf9, 0xc8,
    0x3, 0xd6, 0x1, 0xff, 0x48, 0x7, 0x48, 0x80,
    0x7f, 0xc8, 0xa0, 0x10, 0xb0, 0x7, 0xff, 0x4,
    0x80, 0x23, 0x0, 0xff, 0xff, 0x80, 0x7f, 0xfd,
    0x40,

    /* U+00DE "Þ" */
    0x1f, 0xfc, 0x80, 0x1f, 0xfe, 0x3d, 0x66, 0xc8,
    0x1, 0xfe, 0x69, 0x9d, 0x7f, 0x42, 0x1, 0xff,
    0xc2, 0x5f, 0x20, 0xf, 0xfe, 0x10, 0xf8, 0x7,
    0xaf, 0xfe, 0xd4, 0x0, 0x89, 0x80, 0x3f, 0x8a,
    0xc8, 0x2, 0xc0, 0xf, 0xf9, 0x0, 0x26, 0x0,
    0xff, 0x8c, 0x2, 0x70, 0xf, 0xf1, 0xa8, 0x4,
    0x40, 0x1d, 0xae, 0xf4, 0xe0, 0x6, 0xa0, 0xe,
    0x68, 0x89, 0x80, 0x33, 0x18, 0x7, 0xff, 0x5,
    0xa4, 0x3, 0xfe, 0x26, 0xc9, 0x0, 0xfa, 0xff,
    0xf6, 0xc9, 0x80, 0x7f, 0xf9, 0xc0,

    /* U+00DF "ß" */
    0x0, 0x86, 0x33, 0xbf, 0x69, 0x0, 0x3c, 0xbc,
    0xe6, 0x20, 0x4b, 0x72, 0x1, 0x92, 0x80, 0x3f,
    0x34, 0x0, 0x52, 0x1, 0x88, 0xc0, 0x33, 0x90,
    0x19, 0x0, 0x55, 0xb9, 0xa0, 0x19, 0x1, 0x40,
    0x22, 0x50, 0x1, 0x20, 0x4, 0x20, 0x20, 0x13,
    0x0, 0x66, 0x0, 0x8c, 0x3, 0xe4, 0x8d, 0x20,
    0x1, 0x20, 0x7, 0xd8, 0xe4, 0x1, 0x78, 0x7,
    0xff, 0xb, 0xc8, 0x3, 0xff, 0x82, 0x58, 0x20,
    0x1e, 0x8f, 0xd6, 0x0, 0x85, 0x80, 0x3f, 0x14,
    0xa0, 0x5, 0x60, 0x1f, 0xed, 0x0, 0x88, 0x3,
    0xfd, 0xc0, 0x1f, 0xfc, 0x13, 0x70, 0x9, 0x40,
    0x3d, 0x1b, 0x98, 0x0, 0xdc, 0x1, 0xe6, 0x23,
    0x0, 0xc8, 0xa0, 0x1c, 0xa2, 0x1, 0xcb, 0x60,
    0x1e, 0x13, 0x0, 0xa, 0x5d, 0x0, 0x0,

    /* U+00E0 "à" */
    0x0, 0xf1, 0x8, 0x7, 0xff, 0xb, 0xb0, 0x80,
    0x3f, 0xf8, 0x10, 0x65, 0x84, 0x1, 0xfe, 0x27,
    0x0, 0xe, 0x18, 0x7, 0xf1, 0x51, 0x0, 0x7,
    0x8, 0x3, 0xf9, 0x76, 0x44, 0xc, 0x80, 0x3f,
    0xe6, 0xe8, 0xe0, 0xf, 0xfe, 0x13, 0x90, 0x7,
    0xf2, 0xe7, 0x7e, 0xc9, 0x7f, 0xe2, 0x0, 0xe,
    0x51, 0x88, 0x13, 0x68, 0x7, 0xda, 0x60, 0x1f,
    0xfc, 0x17, 0x30, 0xf, 0xfe, 0x14, 0x80, 0x6a,
    0xff, 0x58, 0x80, 0x71, 0x8, 0x5, 0x2a, 0x0,
    0x4a, 0x0, 0xe6, 0x0, 0xce, 0x1, 0x90, 0x3,
    0xff, 0x92, 0xc0, 0x19, 0xc0, 0x32, 0x0, 0x71,
    0x8, 0x5, 0x2a, 0x0, 0x4a, 0x0, 0xf4, 0x80,
    0x6a, 0xff, 0x58, 0x80, 0x79, 0xc8, 0x3, 0xff,
    0x87, 0x86, 0x1, 0xff, 0xc2, 0x1c, 0x93, 0x10,
    0x26, 0xd0, 0xe,

    /* U+00E1 "á" */
    0x0, 0xfe, 0x30, 0xf, 0xfe, 0x14, 0x61, 0x80,
    0x7f, 0xf0, 0x25, 0xc3, 0x40, 0x3f, 0xea, 0x60,
    0x0, 0xc8, 0x7, 0xf5, 0x28, 0x4, 0xf0, 0x1,
    0xfd, 0x80, 0x5, 0xe8, 0x10, 0xf, 0xe6, 0x8d,
    0xa1, 0x0, 0xff, 0xe0, 0x39, 0x0, 0x7f, 0xf0,
    0x17, 0x3b, 0xf6, 0x4b, 0xff, 0x10, 0x0, 0x72,
    0x8c, 0x40, 0x9b, 0x40, 0x3e, 0xd3, 0x0, 0xff,
    0xe0, 0xb9, 0x80, 0x7f, 0xf0, 0xa4, 0x3, 0x57,
    0xfa, 0xc4, 0x3, 0x88, 0x40, 0x29, 0x50, 0x2,
    0x50, 0x7, 0x30, 0x6, 0x70, 0xc, 0x80, 0x1f,
    0xfc, 0x96, 0x0, 0xce, 0x1, 0x90, 0x3, 0x88,
    0x40, 0x29, 0x50, 0x2, 0x50, 0x7, 0xa4, 0x3,
    0x57, 0xfa, 0xc4, 0x3, 0xce, 0x40, 0x1f, 0xfc,
    0x3c, 0x30, 0xf, 0xfe, 0x10, 0xe4, 0x98, 0x81,
    0x36, 0x80, 0x70,

    /* U+00E2 "â" */
    0x0, 0xf9, 0xe1, 0xc0, 0x3f, 0xf8, 0x17, 0xf,
    0x14, 0x1, 0xfe, 0xa4, 0x0, 0x96, 0x40, 0x3f,
    0x4a, 0x80, 0x73, 0x40, 0x7, 0xa1, 0x80, 0x5,
    0x24, 0x0, 0x77, 0x0, 0x76, 0x80, 0x23, 0x5b,
    0x5c, 0x0, 0x60, 0x1c, 0xb3, 0xce, 0x1, 0x46,
    0x42, 0x0, 0x79, 0x84, 0x3, 0x8d, 0xc0, 0x3e,
    0x5c, 0xef, 0xd9, 0x2f, 0xfc, 0x40, 0x1, 0xca,
    0x31, 0x2, 0x6d, 0x0, 0xfb, 0x4c, 0x3, 0xff,
    0x82, 0xe6, 0x1, 0xff, 0xc2, 0x90, 0xd, 0x5f,
    0xeb, 0x10, 0xe, 0x21, 0x0, 0xa5, 0x40, 0x9,
    0x40, 0x1c, 0xc0, 0x19, 0xc0, 0x32, 0x0, 0x7f,
    0xf2, 0x58, 0x3, 0x38, 0x6, 0x40, 0xe, 0x21,
    0x0, 0xa5, 0x40, 0x9, 0x40, 0x1e, 0x90, 0xd,
    0x5f, 0xeb, 0x10, 0xf, 0x39, 0x0, 0x7f, 0xf0,
    0xf0, 0xc0, 0x3f, 0xf8, 0x43, 0x92, 0x62, 0x4,
    0xda, 0x1, 0xc0,

    /* U+00E3 "ã" */
    0x0, 0xcf, 0xbf, 0xb0, 0x60, 0x92, 0x1, 0xeb,
    0x82, 0x2, 0x7c, 0xfb, 0x6b, 0x0, 0xc4, 0xa0,
    0x1f, 0xca, 0x20, 0x11, 0x60, 0xb4, 0xb8, 0x80,
    0x47, 0x82, 0x1, 0x8b, 0xa5, 0xa3, 0xb6, 0xf7,
    0x8, 0x3, 0xfe, 0x24, 0x20, 0xf, 0xcb, 0x9d,
    0xfb, 0x25, 0xff, 0x88, 0x0, 0x39, 0x46, 0x20,
    0x4d, 0xa0, 0x1f, 0x69, 0x80, 0x7f, 0xf0, 0x5c,
    0xc0, 0x3f, 0xf8, 0x52, 0x1, 0xab, 0xfd, 0x62,
    0x1, 0xc4, 0x20, 0x14, 0xa8, 0x1, 0x28, 0x3,
    0x98, 0x3, 0x38, 0x6, 0x40, 0xf, 0xfe, 0x4b,
    0x0, 0x67, 0x0, 0xc8, 0x1, 0xc4, 0x20, 0x14,
    0xa8, 0x1, 0x28, 0x3, 0xd2, 0x1, 0xab, 0xfd,
    0x62, 0x1, 0xe7, 0x20, 0xf, 0xfe, 0x1e, 0x18,
    0x7, 0xff, 0x8, 0x72, 0x4c, 0x40, 0x9b, 0x40,
    0x38,

    /* U+00E4 "ä" */
    0x0, 0x8b, 0x3e, 0x80, 0x3, 0x7f, 0x82, 0x1,
    0xd2, 0x60, 0xb0, 0x10, 0x80, 0x76, 0x1, 0xcc,
    0x1, 0x10, 0x10, 0x4, 0xc0, 0x1c, 0x80, 0x17,
    0x86, 0x80, 0x48, 0x1, 0xd3, 0xb, 0x2a, 0xd,
    0x2b, 0x10, 0x0, 0xf3, 0xd3, 0x0, 0x4d, 0x4e,
    0x1, 0xf2, 0xe7, 0x7e, 0xc9, 0x7f, 0xe2, 0x0,
    0xe, 0x51, 0x88, 0x13, 0x68, 0x7, 0xda, 0x60,
    0x1f, 0xfc, 0x17, 0x30, 0xf, 0xfe, 0x14, 0x80,
    0x6a, 0xff, 0x58, 0x80, 0x71, 0x8, 0x5, 0x2a,
    0x0, 0x4a, 0x0, 0xe6, 0x0, 0xce, 0x1, 0x90,
    0x3, 0xff, 0x92, 0xc0, 0x19, 0xc0, 0x32, 0x0,
    0x71, 0x8, 0x5, 0x2a, 0x0, 0x4a, 0x0, 0xf4,
    0x80, 0x6a, 0xff, 0x58, 0x80, 0x79, 0xc8, 0x3,
    0xff, 0x87, 0x86, 0x1, 0xff, 0xc2, 0x1c, 0x93,
    0x10, 0x26, 0xd0, 0xe,

    /* U+00E5 "å" */
    0x0, 0xf8, 0xd4, 0xc0, 0x3f, 0xe1, 0xcc, 0x56,
    0x58, 0x7, 0xfa, 0x8c, 0x2, 0x4a, 0x0, 0xfc,
    0x28, 0xd, 0xea, 0xa, 0x1, 0xf8, 0x80, 0x1a,
    0x1e, 0x0, 0x10, 0xf, 0x8c, 0x1, 0x2d, 0x0,
    0x22, 0x0, 0xfc, 0xe0, 0x52, 0x41, 0x0, 0x1f,
    0xd1, 0x24, 0x5, 0x4c, 0x1, 0xfe, 0x6d, 0xfd,
    0x50, 0xf, 0xe5, 0xce, 0xfd, 0x92, 0xff, 0xc4,
    0x0, 0x1c, 0xa3, 0x10, 0x26, 0xd0, 0xf, 0xb4,
    0xc0, 0x3f, 0xf8, 0x2e, 0x60, 0x1f, 0xfc, 0x29,
    0x0, 0xd5, 0xfe, 0xb1, 0x0, 0xe2, 0x10, 0xa,
    0x54, 0x0, 0x94, 0x1, 0xcc, 0x1, 0x9c, 0x3,
    0x20, 0x7, 0xff, 0x25, 0x80, 0x33, 0x80, 0x64,
    0x0, 0xe2, 0x10, 0xa, 0x54, 0x0, 0x94, 0x1,
    0xe9, 0x0, 0xd5, 0xfe, 0xb1, 0x0, 0xf3, 0x90,
    0x7, 0xff, 0xf, 0xc, 0x3, 0xff, 0x84, 0x39,
    0x26, 0x20, 0x4d, 0xa0, 0x1c,

    /* U+00E6 "æ" */
    0x0, 0xcb, 0x9d, 0xfb, 0x5, 0xff, 0x9a, 0xb7,
    0xfb, 0x1c, 0x40, 0x38, 0x72, 0x8c, 0x40, 0x9f,
    0x40, 0x34, 0xa9, 0x0, 0x9c, 0x7a, 0x0, 0x6d,
    0x30, 0xf, 0xfe, 0x30, 0xda, 0x0, 0x1c, 0xc0,
    0x3f, 0xf8, 0x22, 0xf5, 0x28, 0x1, 0x50, 0x2,
    0x40, 0x34, 0xff, 0xac, 0x40, 0x3b, 0xe1, 0x5a,
    0xd4, 0x0, 0x2a, 0x42, 0x1, 0x4b, 0x0, 0x12,
    0x80, 0x3b, 0xbf, 0xf2, 0x80, 0x5a, 0xc0, 0x19,
    0xc0, 0x32, 0x0, 0x7f, 0xf0, 0x84, 0x3, 0xff,
    0x9b, 0xcc, 0x1, 0x9c, 0x3, 0x20, 0x7, 0x7f,
    0xff, 0x39, 0x8, 0x5, 0x2a, 0x0, 0x4a, 0x0,
    0xe7, 0x0, 0xc5, 0x0, 0x1a, 0x40, 0x35, 0x7f,
    0xac, 0x40, 0x3a, 0x2d, 0x96, 0x75, 0xe0, 0x2,
    0x72, 0x0, 0xff, 0xe1, 0x24, 0xd3, 0x0, 0x1d,
    0x40, 0x2c, 0x30, 0xf, 0xfe, 0x3a, 0x28, 0x4,
    0x39, 0x26, 0x20, 0x4d, 0xa0, 0x1a, 0x58, 0x80,
    0x4, 0xb7, 0x60, 0x0,

    /* U+00E7 "ç" */
    0x0, 0xc5, 0x19, 0xdf, 0xb2, 0x60, 0x1d, 0x1a,
    0xe6, 0x20, 0x4d, 0x92, 0x1, 0x4b, 0x80, 0x7e,
    0x72, 0x6, 0x60, 0x7, 0xe1, 0xd2, 0xb, 0x0,
    0xd3, 0xfe, 0xc4, 0xd3, 0x3, 0x20, 0xa, 0x58,
    0x0, 0x76, 0x60, 0x6, 0x0, 0xce, 0x1, 0xff,
    0xca, 0x60, 0xc, 0xe0, 0x1f, 0x8c, 0x40, 0x29,
    0x60, 0x1, 0x5a, 0x0, 0x50, 0x1, 0xa7, 0xfd,
    0xa9, 0x68, 0x0, 0x65, 0x0, 0xfe, 0xb3, 0x0,
    0x53, 0x80, 0x7e, 0x63, 0x0, 0xa3, 0x5c, 0x2,
    0x26, 0xc9, 0x0, 0xe2, 0x83, 0x4, 0xc9, 0x30,
    0xf, 0x84, 0xc1, 0x3c, 0xc0, 0x3f, 0x1c, 0x18,
    0xc, 0x0, 0x7c, 0x8a, 0x88, 0x0, 0x30, 0x7,
    0x8a, 0xa3, 0x1c, 0x1, 0x40, 0x1e, 0x28, 0x20,
    0x1, 0xd3, 0x80, 0x40,

    /* U+00E8 "è" */
    0x0, 0xf1, 0x80, 0x7f, 0xf0, 0x57, 0x18, 0x3,
    0xfe, 0x1b, 0x9, 0x70, 0xf, 0xf5, 0x8, 0x2,
    0x20, 0x1, 0xfd, 0x2a, 0x1, 0x3c, 0x0, 0x7e,
    0x2a, 0xc4, 0x0, 0x60, 0x7, 0xf8, 0xee, 0xd0,
    0x80, 0x1f, 0xfc, 0x4, 0x70, 0xf, 0xe3, 0x9d,
    0xfe, 0xd8, 0x20, 0xf, 0x46, 0x31, 0x0, 0x93,
    0xeb, 0x0, 0x6a, 0x70, 0xf, 0xd2, 0xc0, 0x6,
    0x50, 0x9, 0xea, 0x8c, 0x1, 0x48, 0x84, 0x0,
    0x59, 0xa, 0xa9, 0x70, 0x9, 0x8c, 0x40, 0x2c,
    0xff, 0xce, 0x1, 0x6b, 0x0, 0x7f, 0xf0, 0x44,
    0x3, 0xff, 0x84, 0x2c, 0x1, 0xbb, 0xff, 0xf5,
    0x18, 0x80, 0x56, 0x1, 0x86, 0x80, 0x34, 0x0,
    0x4b, 0x8c, 0xb1, 0xeb, 0x60, 0x13, 0x28, 0x4,
    0x73, 0x4e, 0x20, 0x90, 0x1, 0x53, 0x80, 0x7e,
    0x49, 0x0, 0xd1, 0xae, 0x42, 0x2, 0xb7, 0x61,
    0x0,

    /* U+00E9 "é" */
    0x0, 0xfc, 0x40, 0x1f, 0xfc, 0x12, 0xca, 0x0,
    0xff, 0x8f, 0x5, 0x54, 0x1, 0xfc, 0x78, 0x20,
    0xa, 0x10, 0xf, 0x8f, 0x0, 0x22, 0xb1, 0x0,
    0xf8, 0x84, 0x6, 0xb5, 0x0, 0x3f, 0xd, 0x47,
    0x28, 0x7, 0xfc, 0x8e, 0x1, 0xff, 0xc0, 0x39,
    0xdf, 0xed, 0x82, 0x0, 0xf4, 0x63, 0x10, 0x9,
    0x3e, 0xb0, 0x6, 0xa7, 0x0, 0xfd, 0x2c, 0x0,
    0x65, 0x0, 0x9e, 0xa8, 0xc0, 0x14, 0x88, 0x40,
    0x5, 0x90, 0xaa, 0x97, 0x0, 0x98, 0xc4, 0x2,
    0xcf, 0xfc, 0xe0, 0x16, 0xb0, 0x7, 0xff, 0x4,
    0x40, 0x3f, 0xf8, 0x42, 0xc0, 0x1b, 0xbf, 0xff,
    0x51, 0x88, 0x5, 0x60, 0x18, 0x68, 0x3, 0x40,
    0x4, 0xb8, 0xcb, 0x1e, 0xb6, 0x1, 0x32, 0x80,
    0x47, 0x34, 0xe2, 0x9, 0x0, 0x15, 0x38, 0x7,
    0xe4, 0x90, 0xd, 0x1a, 0xe4, 0x20, 0x2b, 0x76,
    0x10,

    /* U+00EA "ê" */
    0x0, 0xf2, 0x44, 0xc, 0x3, 0xfc, 0x96, 0xee,
    0xd2, 0x0, 0xfc, 0x76, 0x1, 0xe, 0x10, 0x7,
    0x8f, 0x0, 0x38, 0x70, 0x40, 0x31, 0x68, 0x4,
    0xec, 0x0, 0x1c, 0x10, 0x8, 0x8c, 0xf, 0x62,
    0x6c, 0x80, 0x44, 0x1, 0xbe, 0x70, 0x80, 0x9,
    0xaf, 0xa0, 0x1c, 0x4c, 0x1, 0xe8, 0x10, 0xf,
    0x1c, 0xef, 0xf6, 0xc1, 0x0, 0x7a, 0x31, 0x88,
    0x4, 0x9f, 0x58, 0x3, 0x53, 0x80, 0x7e, 0x96,
    0x0, 0x32, 0x80, 0x4f, 0x54, 0x60, 0xa, 0x44,
    0x20, 0x2, 0xc8, 0x55, 0x4b, 0x80, 0x4c, 0x62,
    0x1, 0x67, 0xfe, 0x70, 0xb, 0x58, 0x3, 0xff,
    0x82, 0x20, 0x1f, 0xfc, 0x21, 0x60, 0xd, 0xdf,
    0xff, 0xa8, 0xc4, 0x2, 0xb0, 0xc, 0x34, 0x1,
    0xa0, 0x2, 0x5c, 0x65, 0x8f, 0x5b, 0x0, 0x99,
    0x40, 0x23, 0x9a, 0x71, 0x4, 0x80, 0xa, 0x9c,
    0x3, 0xf2, 0x48, 0x6, 0x8d, 0x72, 0x10, 0x15,
    0xbb, 0x8, 0x0,

    /* U+00EB "ë" */
    0x0, 0x9f, 0xb5, 0x0, 0xb, 0xdc, 0x60, 0xc,
    0x90, 0x25, 0x60, 0x34, 0x22, 0x92, 0x0, 0x88,
    0x3, 0x9, 0x0, 0x66, 0x0, 0x90, 0x2, 0x21,
    0x31, 0x0, 0xa, 0x80, 0x45, 0x8a, 0xd8, 0x0,
    0xc6, 0x5d, 0x10, 0xc, 0x75, 0x22, 0x0, 0x29,
    0xa3, 0x0, 0xf1, 0xce, 0xff, 0x6c, 0x10, 0x7,
    0xa3, 0x18, 0x80, 0x49, 0xf5, 0x80, 0x35, 0x38,
    0x7, 0xe9, 0x60, 0x3, 0x28, 0x4, 0xf5, 0x46,
    0x0, 0xa4, 0x42, 0x0, 0x2c, 0x85, 0x54, 0xb8,
    0x4, 0xc6, 0x20, 0x16, 0x7f, 0xe7, 0x0, 0xb5,
    0x80, 0x3f, 0xf8, 0x22, 0x1, 0xff, 0xc2, 0x16,
    0x0, 0xdd, 0xff, 0xfa, 0x8c, 0x40, 0x2b, 0x0,
    0xc3, 0x40, 0x1a, 0x0, 0x25, 0xc6, 0x58, 0xf5,
    0xb0, 0x9, 0x94, 0x2, 0x39, 0xa7, 0x10, 0x48,
    0x0, 0xa9, 0xc0, 0x3f, 0x24, 0x80, 0x68, 0xd7,
    0x21, 0x1, 0x5b, 0xb0, 0x80,

    /* U+00EC "ì" */
    0x0, 0x13, 0x0, 0x7b, 0xa5, 0xc0, 0x34, 0x18,
    0x44, 0x0, 0x26, 0x0, 0x9e, 0x40, 0x1d, 0x0,
    0x13, 0x28, 0x1, 0xf9, 0xc0, 0xd4, 0x2, 0x18,
    0xde, 0x0, 0xf1, 0x10, 0x2, 0x7f, 0xfb, 0x0,
    0x3f, 0xff, 0xe0, 0x1f, 0xfd, 0x20,

    /* U+00ED "í" */
    0x0, 0xd0, 0x1, 0xea, 0x79, 0x0, 0xd6, 0xa0,
    0xca, 0x0, 0xb4, 0x0, 0xa4, 0x21, 0x0, 0x3,
    0x38, 0x12, 0x22, 0x8e, 0x60, 0x0, 0xef, 0xb8,
    0x7, 0x18, 0x80, 0x79, 0xff, 0xec, 0x0, 0xff,
    0xff, 0x80, 0x7f, 0xf4, 0xc0,

    /* U+00EE "î" */
    0x0, 0x8f, 0xbf, 0xcc, 0x1, 0xc7, 0x82, 0x0,
    0x97, 0x0, 0x93, 0x0, 0x3a, 0x20, 0x9, 0x60,
    0x13, 0x90, 0x1, 0xe1, 0xc0, 0xb, 0xd1, 0xb2,
    0x21, 0xe7, 0x37, 0x42, 0x0, 0x6f, 0x97, 0x6,
    0x40, 0xe, 0x16, 0x0, 0xcf, 0xff, 0x60, 0x7,
    0xff, 0xfc, 0x3, 0xff, 0xf6,

    /* U+00EF "ï" */
    0xa, 0xfc, 0x10, 0x4, 0xfe, 0x98, 0x42, 0x81,
    0xd0, 0x33, 0x0, 0xb8, 0x8, 0x2, 0x60, 0xe0,
    0x8, 0x83, 0x0, 0x25, 0xc, 0x0, 0x90, 0x1a,
    0x56, 0x20, 0x9, 0x4a, 0xf4, 0x0, 0x6a, 0x70,
    0x9, 0x6a, 0x4, 0x3, 0x3f, 0xfd, 0x80, 0x1f,
    0xff, 0xf0, 0xf, 0xff, 0xf8, 0x7, 0xf8,

    /* U+00F0 "ð" */
    0x0, 0xa3, 0xff, 0x30, 0x2d, 0x48, 0x7, 0xa1,
    0x0, 0x29, 0xfa, 0x56, 0x10, 0xf, 0x68, 0x7,
    0x8a, 0x0, 0x3a, 0xbe, 0x40, 0x39, 0x35, 0xc4,
    0x3, 0x30, 0x0, 0x94, 0x2, 0x45, 0x0, 0xf4,
    0x3e, 0xea, 0x98, 0x2, 0xb1, 0x0, 0xe4, 0x87,
    0xbe, 0x60, 0x8, 0x68, 0x3, 0x86, 0xe9, 0x4,
    0x3, 0x91, 0x40, 0x36, 0xa0, 0x7, 0xf5, 0x88,
    0x1, 0xcc, 0x2, 0x38, 0x93, 0x0, 0x86, 0x40,
    0x12, 0x1, 0x26, 0x3b, 0x62, 0x0, 0x4c, 0x4,
    0x20, 0x14, 0x0, 0x69, 0x0, 0x84, 0xd8, 0x3,
    0x18, 0x6, 0x20, 0xc, 0xce, 0x1, 0x84, 0x3,
    0xf8, 0x48, 0x3, 0x30, 0x6, 0x60, 0xc, 0xc2,
    0x80, 0x14, 0x28, 0x1, 0x20, 0x2, 0x22, 0x7,
    0x80, 0x6a, 0xff, 0x58, 0x80, 0x56, 0x0, 0x48,
    0x0, 0xff, 0x2b, 0x0, 0x4f, 0x20, 0x1f, 0x9e,
    0x80, 0x39, 0xb5, 0xc8, 0x0, 0x4d, 0xb0, 0x1,
    0x0,

    /* U+00F1 "ñ" */
    0x0, 0x15, 0x77, 0x20, 0x2, 0x43, 0x0, 0x87,
    0x14, 0x44, 0xfa, 0xcc, 0xad, 0x20, 0x5, 0x88,
    0x6, 0x29, 0x90, 0x8a, 0x40, 0x16, 0x21, 0x12,
    0x40, 0x18, 0x64, 0x0, 0x39, 0x4e, 0xda, 0xe2,
    0x9, 0x84, 0x1, 0x12, 0x80, 0x51, 0xdf, 0x64,
    0x0, 0x7f, 0xfb, 0xe, 0xbb, 0xfa, 0x48, 0x3,
    0xc7, 0x8a, 0x20, 0x2d, 0xa8, 0x1, 0xff, 0xc1,
    0xa1, 0x0, 0xf0, 0x90, 0x6, 0x16, 0x0, 0xe7,
    0xed, 0xc0, 0xd, 0x80, 0x18, 0x60, 0x0, 0x6c,
    0x1, 0x38, 0x6, 0x20, 0xc, 0x20, 0x1f, 0xff,
    0xf0, 0xf, 0xfe, 0x78,

    /* U+00F2 "ò" */
    0x0, 0xf1, 0x80, 0x7f, 0xf0, 0x8f, 0x20, 0x3,
    0xff, 0x83, 0xc0, 0xf2, 0x1, 0xff, 0x49, 0x0,
    0x1a, 0x80, 0x3f, 0xd0, 0xc0, 0x12, 0xd0, 0x7,
    0xf0, 0xce, 0xa8, 0x3, 0x0, 0x3f, 0xe2, 0xac,
    0x76, 0x0, 0xff, 0xe0, 0x9c, 0x0, 0x7f, 0x8a,
    0x37, 0xbf, 0x64, 0xc0, 0x3e, 0x8d, 0x72, 0x10,
    0x26, 0xca, 0x0, 0xea, 0x70, 0xf, 0xcb, 0x80,
    0x13, 0x28, 0x7, 0xf8, 0xe0, 0x1, 0x60, 0x10,
    0xd7, 0xfa, 0xc4, 0x2, 0x70, 0x32, 0x0, 0xa1,
    0x40, 0x9, 0x40, 0x19, 0x58, 0x3, 0x38, 0x6,
    0x40, 0xc, 0x40, 0x1f, 0xfc, 0x46, 0x0, 0xc8,
    0x1, 0x90, 0x3, 0x19, 0x88, 0x2, 0xb5, 0x0,
    0x25, 0x0, 0x64, 0xb, 0x0, 0x86, 0xbf, 0xd6,
    0x20, 0x13, 0x80, 0x19, 0x40, 0x3f, 0xc7, 0x0,
    0x15, 0x38, 0x7, 0xe6, 0xc0, 0xe, 0x8d, 0x72,
    0x0, 0x13, 0x64, 0x80, 0x40,

    /* U+00F3 "ó" */
    0x0, 0xfc, 0x22, 0x0, 0xff, 0xe0, 0x8e, 0x68,
    0x7, 0xff, 0x0, 0xb0, 0x8d, 0xc0, 0x3f, 0xc5,
    0x84, 0x0, 0x83, 0x0, 0xfc, 0x58, 0x20, 0x2,
    0xa3, 0x0, 0xfc, 0x44, 0x1, 0x8d, 0x50, 0xf,
    0xf7, 0x3f, 0x38, 0x7, 0xff, 0x0, 0xa0, 0x3,
    0xff, 0x82, 0x51, 0xbd, 0xfb, 0x26, 0x1, 0xf4,
    0x6b, 0x90, 0x81, 0x36, 0x50, 0x7, 0x53, 0x80,
    0x7e, 0x5c, 0x0, 0x99, 0x40, 0x3f, 0xc7, 0x0,
    0xb, 0x0, 0x86, 0xbf, 0xd6, 0x20, 0x13, 0x81,
    0x90, 0x5, 0xa, 0x0, 0x4a, 0x0, 0xca, 0xc0,
    0x19, 0xc0, 0x32, 0x0, 0x62, 0x0, 0xff, 0xe2,
    0x30, 0x6, 0x40, 0xc, 0x80, 0x18, 0xcc, 0x40,
    0x15, 0xa8, 0x1, 0x28, 0x3, 0x20, 0x58, 0x4,
    0x35, 0xfe, 0xb1, 0x0, 0x9c, 0x0, 0xca, 0x1,
    0xfe, 0x38, 0x0, 0xa9, 0xc0, 0x3f, 0x36, 0x0,
    0x74, 0x6b, 0x90, 0x0, 0x9b, 0x24, 0x2,

    /* U+00F4 "ô" */
    0x0, 0xf1, 0xc4, 0x10, 0x3, 0xfe, 0x2d, 0x77,
    0x5a, 0x0, 0x7f, 0x16, 0x8, 0x5, 0x66, 0x1,
    0xf0, 0xe0, 0x80, 0x76, 0x18, 0x7, 0xe, 0x8,
    0x1, 0x9c, 0x2, 0xd2, 0x0, 0xc2, 0xc0, 0x59,
    0x31, 0x86, 0x6, 0x40, 0x1d, 0x51, 0xa6, 0x0,
    0x3c, 0x8e, 0x0, 0xf0, 0xb8, 0x7, 0x9c, 0xc0,
    0x3e, 0x28, 0xde, 0xfd, 0x93, 0x0, 0xfa, 0x35,
    0xc8, 0x40, 0x9b, 0x28, 0x3, 0xa9, 0xc0, 0x3f,
    0x2e, 0x0, 0x4c, 0xa0, 0x1f, 0xe3, 0x80, 0x5,
    0x80, 0x43, 0x5f, 0xeb, 0x10, 0x9, 0xc0, 0xc8,
    0x2, 0x85, 0x0, 0x25, 0x0, 0x65, 0x60, 0xc,
    0xe0, 0x19, 0x0, 0x31, 0x0, 0x7f, 0xf1, 0x18,
    0x3, 0x20, 0x6, 0x40, 0xc, 0x66, 0x20, 0xa,
    0xd4, 0x0, 0x94, 0x1, 0x90, 0x2c, 0x2, 0x1a,
    0xff, 0x58, 0x80, 0x4e, 0x0, 0x65, 0x0, 0xff,
    0x1c, 0x0, 0x54, 0xe0, 0x1f, 0x9b, 0x0, 0x3a,
    0x35, 0xc8, 0x0, 0x4d, 0x92, 0x1, 0x0,

    /* U+00F5 "õ" */
    0x0, 0x8a, 0xfb, 0x96, 0xa2, 0x28, 0x40, 0xe,
    0x3d, 0x41, 0x12, 0x57, 0x71, 0xed, 0x40, 0x32,
    0x0, 0x7f, 0xb0, 0x3, 0x3b, 0x86, 0x25, 0x40,
    0x33, 0xc8, 0x7, 0x47, 0x3b, 0x57, 0xe5, 0xf4,
    0x0, 0x7f, 0xf0, 0xd, 0x4, 0x3, 0xf1, 0x46,
    0xf7, 0xec, 0x98, 0x7, 0xd1, 0xae, 0x42, 0x4,
    0xd9, 0x40, 0x1d, 0x4e, 0x1, 0xf9, 0x70, 0x2,
    0x65, 0x0, 0xff, 0x1c, 0x0, 0x2c, 0x2, 0x1a,
    0xff, 0x58, 0x80, 0x4e, 0x6, 0x40, 0x14, 0x28,
    0x1, 0x28, 0x3, 0x2b, 0x0, 0x67, 0x0, 0xc8,
    0x1, 0x88, 0x3, 0xff, 0x88, 0xc0, 0x19, 0x0,
    0x32, 0x0, 0x63, 0x31, 0x0, 0x56, 0xa0, 0x4,
    0xa0, 0xc, 0x81, 0x60, 0x10, 0xd7, 0xfa, 0xc4,
    0x2, 0x70, 0x3, 0x28, 0x7, 0xf8, 0xe0, 0x2,
    0xa7, 0x0, 0xfc, 0xd8, 0x1, 0xd1, 0xae, 0x40,
    0x2, 0x6c, 0x90, 0x8,

    /* U+00F6 "ö" */
    0x0, 0x9b, 0xb8, 0xc0, 0x4, 0xde, 0x80, 0xe,
    0x29, 0x11, 0x49, 0x5, 0x10, 0xba, 0x0, 0x66,
    0x0, 0xcc, 0x22, 0x0, 0x88, 0x3, 0x28, 0x80,
    0x5, 0x44, 0x80, 0x24, 0x0, 0xc3, 0x8c, 0xb8,
    0x21, 0x8c, 0xb6, 0x40, 0x1c, 0x53, 0x44, 0x0,
    0x19, 0xa4, 0x0, 0xf8, 0xa3, 0x7b, 0xf6, 0x4c,
    0x3, 0xe8, 0xd7, 0x21, 0x2, 0x6c, 0xa0, 0xe,
    0xa7, 0x0, 0xfc, 0xb8, 0x1, 0x32, 0x80, 0x7f,
    0x8e, 0x0, 0x16, 0x1, 0xd, 0x7f, 0xac, 0x40,
    0x27, 0x3, 0x20, 0xa, 0x14, 0x0, 0x94, 0x1,
    0x95, 0x80, 0x33, 0x80, 0x64, 0x0, 0xc4, 0x1,
    0xff, 0xc4, 0x60, 0xc, 0x80, 0x19, 0x0, 0x31,
    0x98, 0x80, 0x2b, 0x50, 0x2, 0x50, 0x6, 0x40,
    0xb0, 0x8, 0x6b, 0xfd, 0x62, 0x1, 0x38, 0x1,
    0x94, 0x3, 0xfc, 0x70, 0x1, 0x53, 0x80, 0x7e,
    0x6c, 0x0, 0xe8, 0xd7, 0x20, 0x1, 0x36, 0x48,
    0x4,

    /* U+00F7 "÷" */
    0x0, 0xe7, 0xed, 0x40, 0xf, 0xe2, 0x81, 0x2b,
    0x0, 0xfe, 0x60, 0xc, 0x20, 0x1f, 0x94, 0x40,
    0x6, 0x20, 0x1f, 0x87, 0xe2, 0x18, 0x1, 0xfe,
    0x17, 0x70, 0x7, 0xab, 0xff, 0xff, 0x80, 0xc0,
    0x1f, 0xfd, 0xf, 0x66, 0xff, 0xe0, 0x2a, 0xa6,
    0x75, 0x8f, 0x4c, 0xf1, 0x80, 0x61, 0xc7, 0x8c,
    0x0, 0xfe, 0x51, 0x0, 0x18, 0x80, 0x7e, 0x60,
    0xc, 0x20, 0x1f, 0x8a, 0x4, 0x56, 0x1, 0xc0,

    /* U+00F8 "ø" */
    0x0, 0xff, 0xe0, 0x98, 0x7, 0x8a, 0x37, 0xbf,
    0x64, 0x97, 0x28, 0x3, 0x46, 0xb9, 0x8, 0x13,
    0x6d, 0x2, 0xb0, 0x2, 0x9c, 0x3, 0xfc, 0x8c,
    0xc, 0xa0, 0x11, 0x33, 0x88, 0x6, 0xc0, 0x4,
    0x0, 0x4f, 0xb3, 0xa2, 0x1, 0xa0, 0xc, 0x40,
    0x5, 0x0, 0xb4, 0x1, 0xe5, 0x60, 0x9, 0x1,
    0xa8, 0x0, 0xce, 0x1, 0x10, 0x7, 0x3c, 0x80,
    0x1a, 0x40, 0x39, 0x80, 0x26, 0x80, 0x3, 0xc8,
    0x20, 0x4, 0x46, 0x20, 0x1c, 0xf0, 0xe, 0x60,
    0x12, 0x84, 0x0, 0x70, 0xce, 0xc0, 0x4, 0xe0,
    0xe, 0x0, 0xe6, 0x61, 0x0, 0x47, 0x0, 0x8e,
    0x1, 0xfe, 0x6c, 0x0, 0x23, 0x84, 0x73, 0x90,
    0x0, 0x9b, 0x24, 0x3, 0x45, 0xb8, 0xc6, 0xff,
    0xb6, 0x4c, 0x3, 0x0,

    /* U+00F9 "ù" */
    0x0, 0xc6, 0xa0, 0x1f, 0xf7, 0x52, 0x80, 0x7f,
    0x51, 0x5, 0x30, 0x7, 0xc4, 0x80, 0x14, 0xb8,
    0x7, 0x8b, 0xdc, 0x2, 0x83, 0x0, 0xf0, 0xc7,
    0x30, 0x21, 0x80, 0x7e, 0x19, 0xda, 0x0, 0xff,
    0x88, 0x40, 0x36, 0xff, 0xce, 0x1, 0x37, 0xfd,
    0xc0, 0x1f, 0xff, 0xf0, 0xf, 0xfe, 0x20, 0x80,
    0x5e, 0x1, 0x8, 0x4, 0x6a, 0x1, 0x31, 0x0,
    0xd0, 0x4, 0xda, 0x1, 0xe, 0xeb, 0x88, 0x2,
    0xe4, 0x40, 0x6, 0x20, 0xc, 0x6a, 0x16, 0x80,
    0x1f, 0x1e, 0x80, 0x57, 0x48, 0x20, 0x29, 0x38,
    0x20,

    /* U+00FA "ú" */
    0x0, 0xfa, 0x0, 0x3f, 0xeb, 0x78, 0x0, 0xfc,
    0x38, 0x80, 0xe6, 0x1, 0xe1, 0xd3, 0x0, 0xa4,
    0x3, 0xd6, 0x60, 0x2, 0xaa, 0x0, 0x7a, 0x0,
    0x67, 0x54, 0x3, 0xe2, 0xce, 0x60, 0xf, 0xf1,
    0x80, 0x7e, 0xdf, 0xf9, 0xc0, 0x26, 0xff, 0xb8,
    0x3, 0xff, 0xfe, 0x1, 0xff, 0xc4, 0x10, 0xb,
    0xc0, 0x21, 0x0, 0x8d, 0x40, 0x26, 0x20, 0x1a,
    0x0, 0x9b, 0x40, 0x21, 0xdd, 0x71, 0x0, 0x5c,
    0x88, 0x0, 0xc4, 0x1, 0x8d, 0x42, 0xd0, 0x3,
    0xe3, 0xd0, 0xa, 0xe9, 0x4, 0x5, 0x27, 0x4,
    0x0,

    /* U+00FB "û" */
    0x0, 0xe7, 0x87, 0x0, 0xfe, 0xa8, 0x78, 0xb0,
    0xf, 0xa9, 0x40, 0x24, 0xb0, 0xe, 0x95, 0x0,
    0xe4, 0xb0, 0xa, 0x18, 0x0, 0x98, 0xa0, 0x4,
    0x90, 0x5, 0x0, 0xd5, 0x9d, 0x58, 0x86, 0x80,
    0xb, 0x3d, 0x40, 0x24, 0xeb, 0x40, 0x8, 0xc4,
    0x3, 0xc8, 0x0, 0xdf, 0xf9, 0xc0, 0x26, 0xff,
    0xb8, 0x3, 0xff, 0xfe, 0x1, 0xff, 0xc4, 0x10,
    0xb, 0xc0, 0x21, 0x0, 0x8d, 0x40, 0x26, 0x20,
    0x1a, 0x0, 0x9b, 0x40, 0x21, 0xdd, 0x71, 0x0,
    0x5c, 0x88, 0x0, 0xc4, 0x1, 0x8d, 0x42, 0xd0,
    0x3, 0xe3, 0xd0, 0xa, 0xe9, 0x4, 0x5, 0x27,
    0x4, 0x0,

    /* U+00FC "ü" */
    0x1, 0xbf, 0xb1, 0x0, 0x57, 0xe1, 0x0, 0x21,
    0x1, 0x20, 0x1d, 0x40, 0xf8, 0x0, 0xa0, 0x11,
    0x7, 0x0, 0x44, 0x0, 0xb0, 0xb, 0x3, 0x0,
    0x24, 0x0, 0x3c, 0x2c, 0x38, 0x2d, 0x2b, 0xd0,
    0x4, 0xf4, 0xe0, 0x12, 0xd4, 0x0, 0x37, 0xfe,
    0x70, 0x9, 0xbf, 0xee, 0x0, 0xff, 0xff, 0x80,
    0x7f, 0xf1, 0x4, 0x2, 0xf0, 0x8, 0x40, 0x23,
    0x50, 0x9, 0x88, 0x6, 0x80, 0x26, 0xd0, 0x8,
    0x77, 0x5c, 0x40, 0x17, 0x22, 0x0, 0x31, 0x0,
    0x63, 0x50, 0xb4, 0x0, 0xf8, 0xf4, 0x2, 0xba,
    0x41, 0x1, 0x49, 0xc1, 0x0,

    /* U+00FD "ý" */
    0x0, 0xfd, 0x0, 0x1f, 0xfc, 0x1, 0xc7, 0x60,
    0xf, 0xf0, 0xe1, 0x84, 0x90, 0x7, 0xe1, 0xc2,
    0x0, 0xa8, 0x3, 0xf5, 0x10, 0x0, 0xee, 0x0,
    0x3f, 0x40, 0x15, 0x62, 0x0, 0x7f, 0x1e, 0x6a,
    0x80, 0x7f, 0xf0, 0xc, 0x3, 0xfa, 0xff, 0xee,
    0x0, 0xee, 0xff, 0xab, 0xc0, 0x21, 0x30, 0x9,
    0x4, 0x2, 0x94, 0x10, 0xa, 0xc0, 0x2d, 0x0,
    0x88, 0xc1, 0x80, 0x25, 0x0, 0x9c, 0x2, 0xb0,
    0x4, 0x80, 0x44, 0x40, 0x31, 0x0, 0x98, 0x0,
    0x28, 0x1, 0x28, 0x58, 0x4, 0xc0, 0x1b, 0x80,
    0x2b, 0x6, 0x0, 0xac, 0x3, 0x28, 0x80, 0xd,
    0x44, 0x0, 0x64, 0x1, 0xcc, 0x1, 0x58, 0x5,
    0x20, 0x1e, 0xa0, 0x8, 0x40, 0x2, 0xa0, 0x1e,
    0x24, 0x0, 0xe6, 0x0, 0xfd, 0xc0, 0x1d, 0x20,
    0x1f, 0x94, 0x40, 0x24, 0x10, 0xf, 0xe3, 0x0,
    0xbc, 0x3, 0xf9, 0x48, 0x0, 0x48, 0x1, 0xfd,
    0x20, 0x15, 0x0, 0x7f, 0x19, 0x80, 0x26, 0x0,
    0xfe, 0x90, 0x9, 0x44, 0x3, 0xf1, 0x28, 0x5,
    0x20, 0x1f, 0xd4, 0x1, 0x11, 0x80, 0x7c,

    /* U+00FE "þ" */
    0x7f, 0xfb, 0x0, 0x3f, 0xff, 0xe0, 0x1f, 0xfc,
    0x32, 0xae, 0xfd, 0x93, 0x0, 0xf8, 0xf5, 0x44,
    0x9, 0xb1, 0xc0, 0x3f, 0xf8, 0x50, 0xe0, 0x1f,
    0x84, 0x3, 0xa0, 0x80, 0x39, 0x3b, 0xa6, 0x0,
    0xd4, 0x1, 0x86, 0xc4, 0x6, 0x4c, 0x2, 0x40,
    0xc, 0x80, 0x1d, 0x60, 0x11, 0x0, 0x7f, 0xf1,
    0xd0, 0x3, 0xac, 0x2, 0x30, 0xc, 0x36, 0x20,
    0x32, 0x60, 0x12, 0x80, 0x72, 0x77, 0x4c, 0x1,
    0xa8, 0x3, 0xe1, 0x0, 0xe8, 0x20, 0xf, 0xfe,
    0x3, 0xb8, 0x3, 0x93, 0x10, 0x40, 0x97, 0x20,
    0x3, 0xe3, 0xbe, 0xfd, 0xa3, 0x0, 0xff, 0xff,
    0x80, 0x40,

    /* U+00FF "ÿ" */
    0x0, 0x16, 0x7d, 0x80, 0x55, 0xf8, 0x20, 0x1a,
    0x4c, 0x12, 0x2, 0x14, 0xe, 0xc0, 0x33, 0x0,
    0x44, 0x4, 0x1, 0x38, 0x6, 0x40, 0xb, 0x3,
    0x0, 0x25, 0x0, 0xd3, 0xb, 0x2c, 0xd, 0x2b,
    0x10, 0x0, 0xe7, 0xa6, 0x0, 0x9a, 0x9c, 0x2,
    0xbf, 0xfb, 0x80, 0x3b, 0xbf, 0xea, 0xf0, 0x8,
    0x4c, 0x2, 0x41, 0x0, 0xa5, 0x4, 0x2, 0xb0,
    0xb, 0x40, 0x22, 0x30, 0x60, 0x9, 0x40, 0x27,
    0x0, 0xac, 0x1, 0x20, 0x11, 0x10, 0xc, 0x40,
    0x26, 0x0, 0xa, 0x0, 0x4a, 0x16, 0x1, 0x30,
    0x6, 0xe0, 0xa, 0xc1, 0x80, 0x2b, 0x0, 0xca,
    0x20, 0x3, 0x51, 0x0, 0x19, 0x0, 0x73, 0x0,
    0x56, 0x1, 0x48, 0x7, 0xa8, 0x2, 0x10, 0x0,
    0xa8, 0x7, 0x89, 0x0, 0x39, 0x80, 0x3f, 0x70,
    0x7, 0x48, 0x7, 0xe5, 0x10, 0x9, 0x4, 0x3,
    0xf8, 0xc0, 0x2f, 0x0, 0xfe, 0x52, 0x0, 0x12,
    0x0, 0x7f, 0x48, 0x5, 0x40, 0x1f, 0xc6, 0x60,
    0x9, 0x80, 0x3f, 0xa4, 0x2, 0x51, 0x0, 0xfc,
    0x4a, 0x1, 0x48, 0x7, 0xf5, 0x0, 0x44, 0x60,
    0x1f, 0x0
};


/*---------------------
 *  GLYPH DESCRIPTION
 *--------------------*/

static const lv_font_fmt_txt_glyph_dsc_t glyph_dsc[] = {
    {.bitmap_index = 0, .adv_w = 0, .box_w = 0, .box_h = 0, .ofs_x = 0, .ofs_y = 0} /* id = 0 reserved */,
    {.bitmap_index = 0, .adv_w = 85, .box_w = 0, .box_h = 0, .ofs_x = 0, .ofs_y = 0},
    {.bitmap_index = 0, .adv_w = 128, .box_w = 6, .box_h = 20, .ofs_x = 1, .ofs_y = 0},
    {.bitmap_index = 53, .adv_w = 204, .box_w = 11, .box_h = 9, .ofs_x = 1, .ofs_y = 11},
    {.bitmap_index = 102, .adv_w = 297, .box_w = 18, .box_h = 20, .ofs_x = 0, .ofs_y = 0},
    {.bitmap_index = 233, .adv_w = 270, .box_w = 15, .box_h = 26, .ofs_x = 1, .ofs_y = -3},
    {.bitmap_index = 377, .adv_w = 307, .box_w = 19, .box_h = 20, .ofs_x = 0, .ofs_y = 0},
    {.bitmap_index = 536, .adv_w = 310, .box_w = 19, .box_h = 20, .ofs_x = 1, .ofs_y = 0},
    {.bitmap_index = 674, .adv_w = 112, .box_w = 5, .box_h = 9, .ofs_x = 1, .ofs_y = 11},
    {.bitmap_index = 694, .adv_w = 139, .box_w = 9, .box_h = 26, .ofs_x = 0, .ofs_y = -4},
    {.bitmap_index = 789, .adv_w = 139, .box_w = 8, .box_h = 26, .ofs_x = 0, .ofs_y = -4},
    {.bitmap_index = 882, .adv_w = 220, .box_w = 13, .box_h = 13, .ofs_x = 0, .ofs_y = 9},
    {.bitmap_index = 955, .adv_w = 252, .box_w = 14, .box_h = 14, .ofs_x = 1, .ofs_y = 3},
    {.bitmap_index = 990, .adv_w = 127, .box_w = 6, .box_h = 10, .ofs_x = 1, .ofs_y = -5},
    {.bitmap_index = 1019, .adv_w = 207, .box_w = 11, .box_h = 4, .ofs_x = 1, .ofs_y = 5},
    {.bitmap_index = 1028, .adv_w = 134, .box_w = 6, .box_h = 6, .ofs_x = 1, .ofs_y = 0},
    {.bitmap_index = 1045, .adv_w = 172, .box_w = 11, .box_h = 23, .ofs_x = 0, .ofs_y = -2},
    {.bitmap_index = 1139, .adv_w = 298, .box_w = 18, .box_h = 20, .ofs_x = 0, .ofs_y = 0},
    {.bitmap_index = 1277, .adv_w = 169, .box_w = 9, .box_h = 20, .ofs_x = 0, .ofs_y = 0},
    {.bitmap_index = 1295, .adv_w = 253, .box_w = 15, .box_h = 20, .ofs_x = 0, .ofs_y = 0},
    {.bitmap_index = 1401, .adv_w = 250, .box_w = 15, .box_h = 20, .ofs_x = 0, .ofs_y = 0},
    {.bitmap_index = 1506, .adv_w = 273, .box_w = 17, .box_h = 20, .ofs_x = 0, .ofs_y = 0},
    {.bitmap_index = 1595, .adv_w = 251, .box_w = 15, .box_h = 20, .ofs_x = 0, .ofs_y = 0},
    {.bitmap_index = 1709, .adv_w = 257, .box_w = 16, .box_h = 20, .ofs_x = 0, .ofs_y = 0},
    {.bitmap_index = 1829, .adv_w = 236, .box_w = 15, .box_h = 20, .ofs_x = 0, .ofs_y = 0},
    {.bitmap_index = 1917, .adv_w = 252, .box_w = 15, .box_h = 20, .ofs_x = 0, .ofs_y = 0},
    {.bitmap_index = 2046, .adv_w = 257, .box_w = 16, .box_h = 20, .ofs_x = 0, .ofs_y = 0},
    {.bitmap_index = 2163, .adv_w = 130, .box_w = 6, .box_h = 14, .ofs_x = 1, .ofs_y = 0},
    {.bitmap_index = 2200, .adv_w = 125, .box_w = 6, .box_h = 18, .ofs_x = 1, .ofs_y = -4},
    {.bitmap_index = 2250, .adv_w = 252, .box_w = 14, .box_h = 15, .ofs_x = 1, .ofs_y = 2},
    {.bitmap_index = 2326, .adv_w = 252, .box_w = 14, .box_h = 11, .ofs_x = 1, .ofs_y = 4},
    {.bitmap_index = 2356, .adv_w = 252, .box_w = 14, .box_h = 15, .ofs_x = 1, .ofs_y = 2},
    {.bitmap_index = 2431, .adv_w = 224, .box_w = 14, .box_h = 20, .ofs_x = 0, .ofs_y = 0},
    {.bitmap_index = 2530, .adv_w = 339, .box_w = 20, .box_h = 19, .ofs_x = 1, .ofs_y = -3},
    {.bitmap_index = 2697, .adv_w = 327, .box_w = 20, .box_h = 20, .ofs_x = 0, .ofs_y = 0},
    {.bitmap_index = 2834, .adv_w = 287, .box_w = 17, .box_h = 20, .ofs_x = 1, .ofs_y = 0},
    {.bitmap_index = 2943, .adv_w = 309, .box_w = 19, .box_h = 20, .ofs_x = 0, .ofs_y = 0},
    {.bitmap_index = 3075, .adv_w = 338, .box_w = 20, .box_h = 20, .ofs_x = 1, .ofs_y = 0},
    {.bitmap_index = 3191, .adv_w = 276, .box_w = 16, .box_h = 20, .ofs_x = 1, .ofs_y = 0},
    {.bitmap_index = 3235, .adv_w = 264, .box_w = 15, .box_h = 20, .ofs_x = 1, .ofs_y = 0},
    {.bitmap_index = 3272, .adv_w = 352, .box_w = 22, .box_h = 20, .ofs_x = 0, .ofs_y = 0},
    {.bitmap_index = 3428, .adv_w = 327, .box_w = 18, .box_h = 20, .ofs_x = 1, .ofs_y = 0},
    {.bitmap_index = 3460, .adv_w = 131, .box_w = 6, .box_h = 20, .ofs_x = 1, .ofs_y = 0},
    {.bitmap_index = 3469, .adv_w = 238, .box_w = 14, .box_h = 20, .ofs_x = 0, .ofs_y = 0},
    {.bitmap_index = 3521, .adv_w = 316, .box_w = 19, .box_h = 20, .ofs_x = 1, .ofs_y = 0},
    {.bitmap_index = 3642, .adv_w = 251, .box_w = 15, .box_h = 20, .ofs_x = 1, .ofs_y = 0},
    {.bitmap_index = 3667, .adv_w = 384, .box_w = 22, .box_h = 20, .ofs_x = 1, .ofs_y = 0},
    {.bitmap_index = 3779, .adv_w = 331, .box_w = 18, .box_h = 20, .ofs_x = 1, .ofs_y = 0},
    {.bitmap_index = 3874, .adv_w = 361, .box_w = 22, .box_h = 20, .ofs_x = 0, .ofs_y = 0},
    {.bitmap_index = 4030, .adv_w = 281, .box_w = 16, .box_h = 20, .ofs_x = 1, .ofs_y = 0},
    {.bitmap_index = 4107, .adv_w = 367, .box_w = 23, .box_h = 22, .ofs_x = 0, .ofs_y = -2},
    {.bitmap_index = 4294, .adv_w = 292, .box_w = 17, .box_h = 20, .ofs_x = 1, .ofs_y = 0},
    {.bitmap_index = 4396, .adv_w = 261, .box_w = 16, .box_h = 20, .ofs_x = 0, .ofs_y = 0},
    {.bitmap_index = 4525, .adv_w = 286, .box_w = 18, .box_h = 20, .ofs_x = 0, .ofs_y = 0},
    {.bitmap_index = 4558, .adv_w = 314, .box_w = 18, .box_h = 20, .ofs_x = 1, .ofs_y = 0},
    {.bitmap_index = 4631, .adv_w = 319, .box_w = 20, .box_h = 20, .ofs_x = 0, .ofs_y = 0},
    {.bitmap_index = 4773, .adv_w = 449, .box_w = 28, .box_h = 20, .ofs_x = 0, .ofs_y = 0},
    {.bitmap_index = 4988, .adv_w = 320, .box_w = 20, .box_h = 20, .ofs_x = 0, .ofs_y = 0},
    {.bitmap_index = 5138, .adv_w = 308, .box_w = 19, .box_h = 20, .ofs_x = 0, .ofs_y = 0},
    {.bitmap_index = 5231, .adv_w = 272, .box_w = 17, .box_h = 20, .ofs_x = 0, .ofs_y = 0},
    {.bitmap_index = 5322, .adv_w = 156, .box_w = 8, .box_h = 24, .ofs_x = 1, .ofs_y = -4},
    {.bitmap_index = 5347, .adv_w = 172, .box_w = 11, .box_h = 23, .ofs_x = 0, .ofs_y = -2},
    {.bitmap_index = 5439, .adv_w = 156, .box_w = 8, .box_h = 24, .ofs_x = 0, .ofs_y = -4},
    {.bitmap_index = 5464, .adv_w = 209, .box_w = 13, .box_h = 8, .ofs_x = 0, .ofs_y = 13},
    {.bitmap_index = 5508, .adv_w = 226, .box_w = 15, .box_h = 4, .ofs_x = 0, .ofs_y = -4},
    {.bitmap_index = 5519, .adv_w = 145, .box_w = 7, .box_h = 7, .ofs_x = 1, .ofs_y = 15},
    {.bitmap_index = 5543, .adv_w = 267, .box_w = 16, .box_h = 14, .ofs_x = 0, .ofs_y = 0},
    {.bitmap_index = 5619, .adv_w = 267, .box_w = 15, .box_h = 20, .ofs_x = 1, .ofs_y = 0},
    {.bitmap_index = 5700, .adv_w = 222, .box_w = 14, .box_h = 14, .ofs_x = 0, .ofs_y = 0},
    {.bitmap_index = 5775, .adv_w = 267, .box_w = 16, .box_h = 20, .ofs_x = 0, .ofs_y = 0},
    {.bitmap_index = 5858, .adv_w = 246, .box_w = 15, .box_h = 14, .ofs_x = 0, .ofs_y = 0},
    {.bitmap_index = 5942, .adv_w = 195, .box_w = 14, .box_h = 20, .ofs_x = 0, .ofs_y = 0},
    {.bitmap_index = 6005, .adv_w = 262, .box_w = 15, .box_h = 20, .ofs_x = 0, .ofs_y = -6},
    {.bitmap_index = 6122, .adv_w = 256, .box_w = 14, .box_h = 20, .ofs_x = 1, .ofs_y = 0},
    {.bitmap_index = 6170, .adv_w = 117, .box_w = 5, .box_h = 20, .ofs_x = 1, .ofs_y = 0},
    {.bitmap_index = 6190, .adv_w = 122, .box_w = 11, .box_h = 26, .ofs_x = -4, .ofs_y = -6},
    {.bitmap_index = 6252, .adv_w = 245, .box_w = 15, .box_h = 20, .ofs_x = 1, .ofs_y = 0},
    {.bitmap_index = 6327, .adv_w = 117, .box_w = 5, .box_h = 20, .ofs_x = 1, .ofs_y = 0},
    {.bitmap_index = 6336, .adv_w = 391, .box_w = 23, .box_h = 14, .ofs_x = 1, .ofs_y = 0},
    {.bitmap_index = 6407, .adv_w = 256, .box_w = 14, .box_h = 14, .ofs_x = 1, .ofs_y = 0},
    {.bitmap_index = 6450, .adv_w = 258, .box_w = 16, .box_h = 14, .ofs_x = 0, .ofs_y = 0},
    {.bitmap_index = 6537, .adv_w = 267, .box_w = 15, .box_h = 20, .ofs_x = 1, .ofs_y = -6},
    {.bitmap_index = 6621, .adv_w = 267, .box_w = 16, .box_h = 20, .ofs_x = 0, .ofs_y = -6},
    {.bitmap_index = 6707, .adv_w = 199, .box_w = 12, .box_h = 14, .ofs_x = 1, .ofs_y = 0},
    {.bitmap_index = 6743, .adv_w = 205, .box_w = 13, .box_h = 14, .ofs_x = 0, .ofs_y = 0},
    {.bitmap_index = 6826, .adv_w = 179, .box_w = 11, .box_h = 20, .ofs_x = 0, .ofs_y = 0},
    {.bitmap_index = 6862, .adv_w = 241, .box_w = 13, .box_h = 14, .ofs_x = 1, .ofs_y = 0},
    {.bitmap_index = 6909, .adv_w = 241, .box_w = 16, .box_h = 14, .ofs_x = 0, .ofs_y = 0},
    {.bitmap_index = 6997, .adv_w = 352, .box_w = 22, .box_h = 14, .ofs_x = 0, .ofs_y = 0},
    {.bitmap_index = 7126, .adv_w = 240, .box_w = 15, .box_h = 14, .ofs_x = 0, .ofs_y = 0},
    {.bitmap_index = 7211, .adv_w = 239, .box_w = 15, .box_h = 20, .ofs_x = 0, .ofs_y = -6},
    {.bitmap_index = 7325, .adv_w = 215, .box_w = 13, .box_h = 14, .ofs_x = 0, .ofs_y = 0},
    {.bitmap_index = 7381, .adv_w = 153, .box_w = 9, .box_h = 24, .ofs_x = 0, .ofs_y = -4},
    {.bitmap_index = 7464, .adv_w = 134, .box_w = 5, .box_h = 26, .ofs_x = 2, .ofs_y = -4},
    {.bitmap_index = 7475, .adv_w = 153, .box_w = 9, .box_h = 24, .ofs_x = 0, .ofs_y = -4},
    {.bitmap_index = 7559, .adv_w = 252, .box_w = 15, .box_h = 5, .ofs_x = 0, .ofs_y = 7},
    {.bitmap_index = 7594, .adv_w = 85, .box_w = 0, .box_h = 0, .ofs_x = 0, .ofs_y = 0},
    {.bitmap_index = 7594, .adv_w = 129, .box_w = 6, .box_h = 20, .ofs_x = 1, .ofs_y = -6},
    {.bitmap_index = 7649, .adv_w = 231, .box_w = 14, .box_h = 20, .ofs_x = 0, .ofs_y = 0},
    {.bitmap_index = 7751, .adv_w = 282, .box_w = 16, .box_h = 20, .ofs_x = 1, .ofs_y = 0},
    {.bitmap_index = 7836, .adv_w = 269, .box_w = 15, .box_h = 15, .ofs_x = 1, .ofs_y = 2},
    {.bitmap_index = 7930, .adv_w = 301, .box_w = 17, .box_h = 20, .ofs_x = 1, .ofs_y = 0},
    {.bitmap_index = 8031, .adv_w = 134, .box_w = 5, .box_h = 26, .ofs_x = 2, .ofs_y = -4},
    {.bitmap_index = 8052, .adv_w = 241, .box_w = 13, .box_h = 24, .ofs_x = 1, .ofs_y = -4},
    {.bitmap_index = 8186, .adv_w = 222, .box_w = 12, .box_h = 5, .ofs_x = 1, .ofs_y = 15},
    {.bitmap_index = 8216, .adv_w = 363, .box_w = 21, .box_h = 21, .ofs_x = 1, .ofs_y = 0},
    {.bitmap_index = 8410, .adv_w = 162, .box_w = 10, .box_h = 9, .ofs_x = 0, .ofs_y = 11},
    {.bitmap_index = 8454, .adv_w = 228, .box_w = 14, .box_h = 10, .ofs_x = 0, .ofs_y = 2},
    {.bitmap_index = 8525, .adv_w = 252, .box_w = 14, .box_h = 9, .ofs_x = 1, .ofs_y = 4},
    {.bitmap_index = 8545, .adv_w = 245, .box_w = 13, .box_h = 13, .ofs_x = 1, .ofs_y = 7},
    {.bitmap_index = 8626, .adv_w = 208, .box_w = 11, .box_h = 4, .ofs_x = 1, .ofs_y = 16},
    {.bitmap_index = 8635, .adv_w = 177, .box_w = 11, .box_h = 10, .ofs_x = 0, .ofs_y = 11},
    {.bitmap_index = 8685, .adv_w = 252, .box_w = 14, .box_h = 14, .ofs_x = 1, .ofs_y = 3},
    {.bitmap_index = 8732, .adv_w = 152, .box_w = 9, .box_h = 10, .ofs_x = 0, .ofs_y = 10},
    {.bitmap_index = 8775, .adv_w = 150, .box_w = 9, .box_h = 10, .ofs_x = 0, .ofs_y = 10},
    {.bitmap_index = 8817, .adv_w = 145, .box_w = 7, .box_h = 7, .ofs_x = 1, .ofs_y = 15},
    {.bitmap_index = 8840, .adv_w = 266, .box_w = 14, .box_h = 20, .ofs_x = 2, .ofs_y = -6},
    {.bitmap_index = 8888, .adv_w = 322, .box_w = 19, .box_h = 23, .ofs_x = 1, .ofs_y = -3},
    {.bitmap_index = 8981, .adv_w = 82, .box_w = 6, .box_h = 6, .ofs_x = 0, .ofs_y = 8},
    {.bitmap_index = 8999, .adv_w = 136, .box_w = 8, .box_h = 6, .ofs_x = 0, .ofs_y = -6},
    {.bitmap_index = 9022, .adv_w = 119, .box_w = 6, .box_h = 10, .ofs_x = 0, .ofs_y = 10},
    {.bitmap_index = 9034, .adv_w = 156, .box_w = 10, .box_h = 9, .ofs_x = 0, .ofs_y = 11},
    {.bitmap_index = 9080, .adv_w = 228, .box_w = 14, .box_h = 10, .ofs_x = 0, .ofs_y = 2},
    {.bitmap_index = 9149, .adv_w = 311, .box_w = 19, .box_h = 22, .ofs_x = 0, .ofs_y = -1},
    {.bitmap_index = 9298, .adv_w = 310, .box_w = 19, .box_h = 22, .ofs_x = 0, .ofs_y = -1},
    {.bitmap_index = 9454, .adv_w = 309, .box_w = 19, .box_h = 22, .ofs_x = 0, .ofs_y = -1},
    {.bitmap_index = 9625, .adv_w = 219, .box_w = 14, .box_h = 20, .ofs_x = 0, .ofs_y = -6},
    {.bitmap_index = 9722, .adv_w = 327, .box_w = 20, .box_h = 28, .ofs_x = 0, .ofs_y = 0},
    {.bitmap_index = 9903, .adv_w = 327, .box_w = 20, .box_h = 28, .ofs_x = 0, .ofs_y = 0},
    {.bitmap_index = 10083, .adv_w = 327, .box_w = 20, .box_h = 28, .ofs_x = 0, .ofs_y = 0},
    {.bitmap_index = 10272, .adv_w = 327, .box_w = 20, .box_h = 26, .ofs_x = 0, .ofs_y = 0},
    {.bitmap_index = 10449, .adv_w = 327, .box_w = 20, .box_h = 26, .ofs_x = 0, .ofs_y = 0},
    {.bitmap_index = 10631, .adv_w = 327, .box_w = 20, .box_h = 26, .ofs_x = 0, .ofs_y = 0},
    {.bitmap_index = 10810, .adv_w = 445, .box_w = 27, .box_h = 20, .ofs_x = 0, .ofs_y = 0},
    {.bitmap_index = 10945, .adv_w = 309, .box_w = 19, .box_h = 26, .ofs_x = 0, .ofs_y = -6},
    {.bitmap_index = 11115, .adv_w = 276, .box_w = 16, .box_h = 28, .ofs_x = 1, .ofs_y = 0},
    {.bitmap_index = 11199, .adv_w = 276, .box_w = 16, .box_h = 28, .ofs_x = 1, .ofs_y = 0},
    {.bitmap_index = 11281, .adv_w = 276, .box_w = 16, .box_h = 28, .ofs_x = 1, .ofs_y = 0},
    {.bitmap_index = 11372, .adv_w = 276, .box_w = 16, .box_h = 26, .ofs_x = 1, .ofs_y = 0},
    {.bitmap_index = 11457, .adv_w = 131, .box_w = 7, .box_h = 28, .ofs_x = 0, .ofs_y = 0},
    {.bitmap_index = 11493, .adv_w = 131, .box_w = 8, .box_h = 28, .ofs_x = 0, .ofs_y = 0},
    {.bitmap_index = 11532, .adv_w = 131, .box_w = 12, .box_h = 28, .ofs_x = -2, .ofs_y = 0},
    {.bitmap_index = 11589, .adv_w = 131, .box_w = 12, .box_h = 26, .ofs_x = -2, .ofs_y = 0},
    {.bitmap_index = 11640, .adv_w = 347, .box_w = 21, .box_h = 20, .ofs_x = 0, .ofs_y = 0},
    {.bitmap_index = 11769, .adv_w = 331, .box_w = 18, .box_h = 26, .ofs_x = 1, .ofs_y = 0},
    {.bitmap_index = 11903, .adv_w = 361, .box_w = 22, .box_h = 28, .ofs_x = 0, .ofs_y = 0},
    {.bitmap_index = 12102, .adv_w = 361, .box_w = 22, .box_h = 28, .ofs_x = 0, .ofs_y = 0},
    {.bitmap_index = 12301, .adv_w = 361, .box_w = 22, .box_h = 28, .ofs_x = 0, .ofs_y = 0},
    {.bitmap_index = 12513, .adv_w = 361, .box_w = 22, .box_h = 27, .ofs_x = 0, .ofs_y = 0},
    {.bitmap_index = 12713, .adv_w = 361, .box_w = 22, .box_h = 27, .ofs_x = 0, .ofs_y = 0},
    {.bitmap_index = 12915, .adv_w = 252, .box_w = 14, .box_h = 15, .ofs_x = 1, .ofs_y = 2},
    {.bitmap_index = 13002, .adv_w = 361, .box_w = 22, .box_h = 22, .ofs_x = 0, .ofs_y = -1},
    {.bitmap_index = 13195, .adv_w = 314, .box_w = 18, .box_h = 28, .ofs_x = 1, .ofs_y = 0},
    {.bitmap_index = 13311, .adv_w = 314, .box_w = 18, .box_h = 28, .ofs_x = 1, .ofs_y = 0},
    {.bitmap_index = 13425, .adv_w = 314, .box_w = 18, .box_h = 28, .ofs_x = 1, .ofs_y = 0},
    {.bitmap_index = 13548, .adv_w = 314, .box_w = 18, .box_h = 27, .ofs_x = 1, .ofs_y = 0},
    {.bitmap_index = 13667, .adv_w = 308, .box_w = 19, .box_h = 28, .ofs_x = 0, .ofs_y = 0},
    {.bitmap_index = 13804, .adv_w = 281, .box_w = 16, .box_h = 20, .ofs_x = 1, .ofs_y = 0},
    {.bitmap_index = 13882, .adv_w = 265, .box_w = 15, .box_h = 20, .ofs_x = 1, .ofs_y = 0},
    {.bitmap_index = 13993, .adv_w = 267, .box_w = 16, .box_h = 22, .ofs_x = 0, .ofs_y = 0},
    {.bitmap_index = 14108, .adv_w = 267, .box_w = 16, .box_h = 22, .ofs_x = 0, .ofs_y = 0},
    {.bitmap_index = 14223, .adv_w = 267, .box_w = 16, .box_h = 22, .ofs_x = 0, .ofs_y = 0},
    {.bitmap_index = 14346, .adv_w = 267, .box_w = 16, .box_h = 20, .ofs_x = 0, .ofs_y = 0},
    {.bitmap_index = 14459, .adv_w = 267, .box_w = 16, .box_h = 20, .ofs_x = 0, .ofs_y = 0},
    {.bitmap_index = 14575, .adv_w = 267, .box_w = 16, .box_h = 23, .ofs_x = 0, .ofs_y = 0},
    {.bitmap_index = 14700, .adv_w = 419, .box_w = 26, .box_h = 14, .ofs_x = 0, .ofs_y = 0},
    {.bitmap_index = 14832, .adv_w = 222, .box_w = 14, .box_h = 20, .ofs_x = 0, .ofs_y = -6},
    {.bitmap_index = 14940, .adv_w = 246, .box_w = 15, .box_h = 22, .ofs_x = 0, .ofs_y = 0},
    {.bitmap_index = 15061, .adv_w = 246, .box_w = 15, .box_h = 22, .ofs_x = 0, .ofs_y = 0},
    {.bitmap_index = 15182, .adv_w = 246, .box_w = 15, .box_h = 22, .ofs_x = 0, .ofs_y = 0},
    {.bitmap_index = 15313, .adv_w = 246, .box_w = 15, .box_h = 20, .ofs_x = 0, .ofs_y = 0},
    {.bitmap_index = 15438, .adv_w = 117, .box_w = 8, .box_h = 22, .ofs_x = -1, .ofs_y = 0},
    {.bitmap_index = 15476, .adv_w = 117, .box_w = 8, .box_h = 22, .ofs_x = 0, .ofs_y = 0},
    {.bitmap_index = 15513, .adv_w = 117, .box_w = 11, .box_h = 21, .ofs_x = -2, .ofs_y = 0},
    {.bitmap_index = 15558, .adv_w = 117, .box_w = 12, .box_h = 20, .ofs_x = -2, .ofs_y = 0},
    {.bitmap_index = 15605, .adv_w = 257, .box_w = 16, .box_h = 20, .ofs_x = 0, .ofs_y = 0},
    {.bitmap_index = 15734, .adv_w = 256, .box_w = 14, .box_h = 20, .ofs_x = 1, .ofs_y = 0},
    {.bitmap_index = 15818, .adv_w = 258, .box_w = 16, .box_h = 22, .ofs_x = 0, .ofs_y = 0},
    {.bitmap_index = 15943, .adv_w = 258, .box_w = 16, .box_h = 22, .ofs_x = 0, .ofs_y = 0},
    {.bitmap_index = 16070, .adv_w = 258, .box_w = 16, .box_h = 22, .ofs_x = 0, .ofs_y = 0},
    {.bitmap_index = 16205, .adv_w = 258, .box_w = 16, .box_h = 20, .ofs_x = 0, .ofs_y = 0},
    {.bitmap_index = 16329, .adv_w = 258, .box_w = 16, .box_h = 20, .ofs_x = 0, .ofs_y = 0},
    {.bitmap_index = 16458, .adv_w = 252, .box_w = 14, .box_h = 15, .ofs_x = 1, .ofs_y = 2},
    {.bitmap_index = 16522, .adv_w = 258, .box_w = 16, .box_h = 16, .ofs_x = 0, .ofs_y = -1},
    {.bitmap_index = 16630, .adv_w = 241, .box_w = 13, .box_h = 22, .ofs_x = 1, .ofs_y = 0},
    {.bitmap_index = 16711, .adv_w = 241, .box_w = 13, .box_h = 22, .ofs_x = 1, .ofs_y = 0},
    {.bitmap_index = 16792, .adv_w = 241, .box_w = 13, .box_h = 22, .ofs_x = 1, .ofs_y = 0},
    {.bitmap_index = 16882, .adv_w = 241, .box_w = 13, .box_h = 20, .ofs_x = 1, .ofs_y = 0},
    {.bitmap_index = 16967, .adv_w = 239, .box_w = 15, .box_h = 28, .ofs_x = 0, .ofs_y = -6},
    {.bitmap_index = 17118, .adv_w = 267, .box_w = 15, .box_h = 26, .ofs_x = 1, .ofs_y = -6},
    {.bitmap_index = 17208, .adv_w = 239, .box_w = 15, .box_h = 26, .ofs_x = 0, .ofs_y = -6}
};

/*---------------------
 *  CHARACTER MAPPING
 *--------------------*/



/*Collect the unicode lists and glyph_id offsets*/
static const lv_font_fmt_txt_cmap_t cmaps[] =
{
    {
        .range_start = 32, .range_length = 95, .glyph_id_start = 1,
        .unicode_list = NULL, .glyph_id_ofs_list = NULL, .list_length = 0, .type = LV_FONT_FMT_TXT_CMAP_FORMAT0_TINY
    },
    {
        .range_start = 160, .range_length = 13, .glyph_id_start = 96,
        .unicode_list = NULL, .glyph_id_ofs_list = NULL, .list_length = 0, .type = LV_FONT_FMT_TXT_CMAP_FORMAT0_TINY
    },
    {
        .range_start = 174, .range_length = 82, .glyph_id_start = 109,
        .unicode_list = NULL, .glyph_id_ofs_list = NULL, .list_length = 0, .type = LV_FONT_FMT_TXT_CMAP_FORMAT0_TINY
    }
};



/*--------------------
 *  ALL CUSTOM DATA
 *--------------------*/

#if LVGL_VERSION_MAJOR == 8
/*Store all the custom data of the font*/
static  lv_font_fmt_txt_glyph_cache_t cache;
#endif

#if LVGL_VERSION_MAJOR >= 8
static const lv_font_fmt_txt_dsc_t font_dsc = {
#else
static lv_font_fmt_txt_dsc_t font_dsc = {
#endif
    .glyph_bitmap = glyph_bitmap,
    .glyph_dsc = glyph_dsc,
    .cmaps = cmaps,
    .kern_dsc = NULL,
    .kern_scale = 0,
    .cmap_num = 3,
    .bpp = 4,
    .kern_classes = 0,
    .bitmap_format = 1,
#if LVGL_VERSION_MAJOR == 8
    .cache = &cache
#endif
};



/*-----------------
 *  PUBLIC FONT
 *----------------*/

/*Initialize a public general font descriptor*/
#if LVGL_VERSION_MAJOR >= 8
const lv_font_t fv_outfit_28 = {
#else
lv_font_t fv_outfit_28 = {
#endif
    .get_glyph_dsc = lv_font_get_glyph_dsc_fmt_txt,    /*Function pointer to get glyph's data*/
    .get_glyph_bitmap = lv_font_get_bitmap_fmt_txt,    /*Function pointer to get glyph's bitmap*/
    .line_height = 34,          /*The maximum line height required by the font*/
    .base_line = 6,             /*Baseline measured from the bottom of the line*/
#if !(LVGL_VERSION_MAJOR == 6 && LVGL_VERSION_MINOR == 0)
    .subpx = LV_FONT_SUBPX_NONE,
#endif
#if LV_VERSION_CHECK(7, 4, 0) || LVGL_VERSION_MAJOR >= 8
    .underline_position = -3,
    .underline_thickness = 1,
#endif
    .dsc = &font_dsc,          /*The custom font data. Will be accessed by `get_glyph_bitmap/dsc` */
#if LV_VERSION_CHECK(8, 2, 0) || LVGL_VERSION_MAJOR >= 9
    .fallback = NULL,
#endif
    .user_data = NULL,
};



#endif /*#if FV_OUTFIT_28*/

