/*******************************************************************************
 * Size: 88 px
 * Bpp: 4
 * Opts: --font ..\..\components\flightview_views\fonts\source_ttf\Outfit-ExtraBold.ttf --range 0x20-0x7E,0xA0-0xFF --size 88 --format lvgl --bpp 4 --lv-font-name fv_outfit_88 --lv-include lvgl.h --no-kerning -o ..\..\components\flightview_views\fonts\fv_outfit_88.c
 ******************************************************************************/

#ifdef LV_LVGL_H_INCLUDE_SIMPLE
#include "lvgl.h"
#else
#include "lvgl.h"
#endif

#ifndef FV_OUTFIT_88
#define FV_OUTFIT_88 1
#endif

#if FV_OUTFIT_88

/*-----------------
 *    BITMAPS
 *----------------*/

/*Store the image of the glyphs*/
static LV_ATTRIBUTE_LARGE_CONST const uint8_t glyph_bitmap[] = {
    /* U+0020 " " */

    /* U+0021 "!" */
    0x5f, 0xff, 0xfe, 0x22, 0xb0, 0x7, 0xff, 0x10,
    0x44, 0x1, 0xff, 0xc4, 0x73, 0x0, 0xff, 0xe2,
    0x8, 0x80, 0x3f, 0xf8, 0x86, 0x1, 0xff, 0xc5,
    0x10, 0x10, 0xf, 0xfe, 0x29, 0x80, 0x7f, 0xf0,
    0x84, 0x0, 0x20, 0x1f, 0xfc, 0x23, 0x0, 0x38,
    0x7, 0xff, 0x8, 0x40, 0x2, 0x1, 0xff, 0xc2,
    0x70, 0x1, 0x80, 0x7f, 0xf0, 0x84, 0x0, 0x20,
    0x1f, 0xfc, 0x23, 0x0, 0x78, 0x7, 0xff, 0x8,
    0x40, 0x2, 0x1, 0xff, 0xc2, 0xf0, 0x1, 0x80,
    0x7f, 0xf0, 0x88, 0x0, 0x20, 0x1f, 0xfc, 0x21,
    0x0, 0x38, 0x7, 0xff, 0x9, 0xc0, 0x2, 0x1,
    0xff, 0xc2, 0x10, 0x1, 0x80, 0x7f, 0xf0, 0x8c,
    0x0, 0x20, 0x1f, 0xfc, 0x21, 0x0, 0xff, 0xe4,
    0x90, 0x7, 0xff, 0x0, 0x40, 0x30, 0x80, 0x7f,
    0xf0, 0xc, 0x3, 0x38, 0x7, 0xff, 0x0, 0x40,
    0x30, 0x80, 0x7f, 0xf0, 0x1c, 0x3, 0x18, 0x7,
    0xff, 0x0, 0x40, 0x30, 0x80, 0x7f, 0xf0, 0xc,
    0x3, 0x78, 0x7, 0xff, 0x0, 0x40, 0x30, 0x80,
    0x7f, 0xf0, 0x3c, 0x3, 0x18, 0x7, 0xff, 0x0,
    0x40, 0x30, 0x80, 0x7f, 0xf0, 0xc, 0x3, 0x38,
    0x7, 0xff, 0x0, 0x40, 0x30, 0x80, 0x7f, 0xf0,
    0x1c, 0x3, 0x18, 0x7, 0xff, 0x0, 0x40, 0x30,
    0x80, 0x7f, 0xf0, 0xc, 0x3, 0xff, 0x8a, 0x20,
    0x1c, 0x20, 0x1f, 0xe1, 0x0, 0xf1, 0x80, 0x7f,
    0x8c, 0x3, 0xc2, 0x1, 0xfe, 0x10, 0xf, 0x7d,
    0x57, 0xfb, 0xc0, 0x3c, 0x6a, 0xbf, 0xe3, 0x0,
    0xff, 0xff, 0x80, 0x7f, 0xf2, 0xc5, 0x66, 0xae,
    0x54, 0x40, 0x3f, 0xa3, 0xa9, 0x95, 0x1a, 0xba,
    0x0, 0x3c, 0x38, 0xe0, 0x1f, 0x9f, 0x4, 0x3,
    0x69, 0x80, 0x7f, 0x8f, 0x40, 0x28, 0x30, 0xf,
    0xfe, 0x1, 0xb8, 0xb, 0x80, 0x7f, 0xf0, 0xa0,
    0x1c, 0x3, 0xff, 0x88, 0xb8, 0x1, 0xff, 0xc4,
    0xc1, 0x0, 0xff, 0xe2, 0x18, 0x7, 0xff, 0x14,
    0x44, 0x1, 0xff, 0xc4, 0x2d, 0x0, 0xff, 0xe2,
    0x7a, 0x80, 0x7f, 0xf1, 0x10, 0x90, 0x3, 0xff,
    0x84, 0xa4, 0x12, 0x20, 0x1f, 0xfc, 0x1, 0xb0,
    0x1, 0x68, 0x7, 0xff, 0x3, 0x44, 0x2, 0x3d,
    0x30, 0xf, 0xc7, 0xa6, 0x1, 0xc5, 0x96, 0xa4,
    0x0, 0x25, 0xac, 0x20, 0x8,

    /* U+0022 "\"" */
    0xbf, 0xff, 0xfe, 0xb, 0x0, 0x6e, 0xff, 0xff,
    0xe0, 0x90, 0x80, 0x7f, 0xf0, 0x4c, 0x3, 0x10,
    0x7, 0xff, 0x4, 0xc8, 0x3, 0xff, 0x82, 0xc0,
    0x19, 0xc0, 0x3f, 0xf8, 0x23, 0xe0, 0x1f, 0xfc,
    0x11, 0x0, 0xc4, 0x1, 0xff, 0xc0, 0x10, 0x20,
    0xf, 0xfe, 0x9, 0x0, 0x61, 0x0, 0xff, 0xe0,
    0x10, 0x8, 0x7, 0xff, 0x1b, 0x80, 0x3f, 0xf8,
    0xc, 0xc, 0x1, 0xff, 0xc0, 0x20, 0xe, 0x30,
    0xf, 0xfe, 0x1, 0x81, 0x0, 0x7f, 0xf0, 0x4,
    0x3, 0x98, 0x3, 0xff, 0x81, 0xc0, 0x1f, 0xfc,
    0x26, 0x0, 0xe1, 0x0, 0xff, 0xe0, 0x8, 0x0,
    0x80, 0x3f, 0xe3, 0x0, 0xe2, 0x0, 0xff, 0xe0,
    0x10, 0x0, 0x40, 0x3f, 0xee, 0x0, 0xff, 0xe3,
    0x38, 0x1, 0x80, 0x3f, 0xe2, 0x0, 0xf1, 0x0,
    0x7f, 0xc4, 0x0, 0x30, 0xf, 0xf8, 0x40, 0x3c,
    0x20, 0x1f, 0xf0, 0x80, 0x38, 0x3, 0xfe, 0x60,
    0xf, 0x30, 0x7, 0xf8, 0x40, 0x21, 0x0, 0xff,
    0x8c, 0x3, 0xc6, 0x1, 0xfe, 0x30, 0x8, 0x80,
    0x3f, 0xe1, 0x0, 0xf7, 0x0, 0x7f, 0x98, 0x2,
    0x70, 0xf, 0xf0, 0x80, 0x7c, 0x20, 0x1f, 0xe1,
    0x0, 0x88, 0x3, 0xfc, 0x40, 0x1f, 0x18, 0x7,
    0xf8, 0x80, 0x21, 0x0, 0xff, 0x38, 0x7, 0xcc,
    0x1, 0xfe, 0xe0, 0xc, 0x20, 0x1f, 0xc4, 0x1,
    0xf0, 0x80, 0x7f, 0x8c, 0x3, 0x10, 0x7, 0xf0,
    0x80, 0x7c, 0x40, 0x1f, 0xe6, 0x0, 0xce, 0x1,
    0xfd, 0xc0, 0x1f, 0xfc, 0x61, 0x0, 0xc4, 0x1,
    0xfc, 0x60, 0x1f, 0x88, 0x3, 0xf8, 0x80, 0x30,
    0x80, 0x7f, 0x30, 0x7, 0xe1, 0x0, 0xff, 0xe1,
    0x70, 0x7, 0xf1, 0x0, 0x7e, 0x60, 0xf, 0xc4,
    0x1, 0xc6, 0x1, 0xfc, 0x20, 0x1f, 0x8c, 0x3,
    0xf0, 0x80, 0x73, 0x0, 0x7e, 0x10, 0xf, 0xee,
    0x0, 0xfc, 0xc0, 0x1c, 0x53, 0x3f, 0xac, 0x3,
    0xf9, 0x66, 0x7f, 0x80, 0x20,

    /* U+0023 "#" */
    0x0, 0xff, 0xe2, 0x5f, 0xff, 0xfd, 0x0, 0x1f,
    0x3f, 0xff, 0xfd, 0xa0, 0x1f, 0xfc, 0xa6, 0x0,
    0xff, 0xb4, 0x3, 0xed, 0x0, 0xff, 0x9c, 0x3,
    0xff, 0x94, 0x40, 0x1f, 0xf3, 0x0, 0x7c, 0xe0,
    0x1f, 0xf1, 0x0, 0x7f, 0xf2, 0x4c, 0x3, 0xff,
    0x80, 0x60, 0x1f, 0x10, 0x7, 0xfd, 0xa0, 0x1f,
    0xfc, 0x95, 0x0, 0xff, 0x88, 0x3, 0xe2, 0x0,
    0xff, 0xe0, 0x38, 0x7, 0xff, 0x27, 0x80, 0x3f,
    0xe7, 0x0, 0xf9, 0xc0, 0x3f, 0xf8, 0x4, 0x1,
    0xff, 0xc9, 0x30, 0xf, 0xf8, 0x80, 0x3e, 0xd0,
    0xf, 0xf8, 0xc0, 0x3f, 0xf9, 0x4a, 0x1, 0xff,
    0x68, 0x7, 0xc6, 0x1, 0xff, 0x30, 0x7, 0xff,
    0x24, 0x44, 0x1, 0xff, 0x38, 0x7, 0xcc, 0x1,
    0xff, 0x68, 0x7, 0xff, 0x24, 0x80, 0x3f, 0xf8,
    0x4, 0x1, 0xf1, 0x0, 0x7f, 0xc6, 0x1, 0xff,
    0xc9, 0x50, 0xf, 0xf8, 0x80, 0x3e, 0x30, 0xf,
    0xfe, 0x2, 0x80, 0x7f, 0xf2, 0x7c, 0x3, 0xfe,
    0x70, 0xf, 0x94, 0x3, 0xfe, 0x11, 0x0, 0x7f,
    0xf2, 0x48, 0x3, 0xfe, 0xd0, 0xf, 0xbc, 0x3,
    0xfe, 0x20, 0xf, 0xfe, 0x52, 0x80, 0x7f, 0xc4,
    0x1, 0xf2, 0x80, 0x7f, 0xca, 0x1, 0xff, 0xc9,
    0x11, 0x0, 0x7f, 0xce, 0x1, 0xf1, 0x0, 0x7f,
    0xde, 0x1, 0xff, 0xc9, 0x50, 0xf, 0xfe, 0x1,
    0x0, 0x78, 0x44, 0x1, 0xff, 0x28, 0x7, 0xfc,
    0x7f, 0xff, 0xd6, 0x1, 0xff, 0xc0, 0xff, 0xfb,
    0x80, 0x3f, 0xf8, 0x19, 0xff, 0xf4, 0x0, 0x7f,
    0xff, 0xc0, 0x3f, 0xff, 0xe0, 0x1f, 0xff, 0xf0,
    0xf, 0xff, 0xf8, 0x7, 0xff, 0xfc, 0x3, 0xff,
    0xfe, 0x1, 0xff, 0xe4, 0x28, 0x8f, 0x98, 0x3,
    0xff, 0x80, 0xf1, 0x1f, 0x0, 0x7f, 0xf0, 0x16,
    0x23, 0xfa, 0xc0, 0x21, 0x77, 0xfb, 0x0, 0x3f,
    0xf8, 0x10, 0xef, 0xe6, 0x0, 0xff, 0xe0, 0x4b,
    0xbf, 0xf1, 0x80, 0x7f, 0xda, 0x1, 0xff, 0x18,
    0x7, 0xca, 0x1, 0xff, 0xc0, 0x30, 0xf, 0xfe,
    0x49, 0x80, 0x7f, 0xca, 0x1, 0xf1, 0x80, 0x7f,
    0xc2, 0x1, 0xff, 0xca, 0x60, 0xf, 0xfb, 0xc0,
    0x3e, 0xe0, 0xf, 0xf9, 0x40, 0x3f, 0xf9, 0x44,
    0x1, 0xff, 0x10, 0x7, 0xca, 0x1, 0xff, 0x18,
    0x7, 0xff, 0x24, 0x80, 0x3f, 0xf8, 0xa, 0x1,
    0xf1, 0x80, 0x7f, 0xdc, 0x1, 0xff, 0xc9, 0x70,
    0xf, 0xf8, 0x44, 0x1, 0xe1, 0x0, 0xff, 0xe0,
    0x28, 0x7, 0xfc, 0x51, 0x1f, 0xd2, 0x1, 0xff,
    0xc0, 0x88, 0xfa, 0xc0, 0x3f, 0xf8, 0x15, 0x11,
    0xf1, 0x80, 0x4c, 0xef, 0xfc, 0x60, 0x1f, 0xf0,
    0xbb, 0xfc, 0xa0, 0x1f, 0xfc, 0x6, 0x77, 0xf9,
    0x40, 0x3f, 0xff, 0xe0, 0x1f, 0xff, 0xf0, 0xf,
    0xff, 0xf8, 0x7, 0xff, 0xfc, 0x3, 0xff, 0xfe,
    0x1, 0xff, 0xff, 0x0, 0xff, 0xf2, 0x27, 0xff,
    0xd0, 0x1, 0xff, 0xf, 0xff, 0xdc, 0x1, 0xff,
    0xc0, 0xef, 0xff, 0xe6, 0x0, 0xff, 0xb8, 0x3,
    0xfe, 0x50, 0xf, 0x94, 0x3, 0xff, 0x80, 0x20,
    0x1f, 0xfc, 0x95, 0x0, 0xff, 0x8c, 0x3, 0xe3,
    0x0, 0xff, 0x8c, 0x3, 0xff, 0x94, 0x40, 0x1f,
    0xf7, 0x0, 0x7d, 0xa0, 0x1f, 0xf2, 0x80, 0x7f,
    0xf2, 0x44, 0x40, 0x1f, 0xf2, 0x80, 0x7c, 0xc0,
    0x1f, 0xf7, 0x0, 0x7f, 0xf2, 0x54, 0x3, 0xff,
    0x80, 0x60, 0x1f, 0x18, 0x7, 0xfc, 0x60, 0x1f,
    0xfc, 0x92, 0x0, 0xff, 0x84, 0x3, 0xe2, 0x0,
    0xff, 0xe0, 0x28, 0x7, 0xff, 0x27, 0xc0, 0x3f,
    0xe5, 0x0, 0xf9, 0xc0, 0x3f, 0xf8, 0x2, 0x1,
    0xff, 0xc9, 0x50, 0xf, 0xf8, 0xc0, 0x3e, 0x20,
    0xf, 0xf8, 0xc0, 0x3f, 0xf9, 0x44, 0x1, 0xff,
    0x70, 0x7, 0xda, 0x1, 0xff, 0x28, 0x7, 0xff,
    0x24, 0x44, 0x1, 0xff, 0x28, 0x7, 0xce, 0x1,
    0xff, 0x70, 0x7, 0xff, 0x25, 0x40, 0x3f, 0xf8,
    0x6, 0x1, 0xf1, 0x0, 0x7f, 0xc6, 0x1, 0xff,
    0xc9, 0x20, 0xf, 0xf8, 0x40, 0x3e, 0x20, 0xf,
    0xfe, 0x3, 0x0, 0x7f, 0xf2, 0x7c, 0x3, 0xfe,
    0x50, 0xf, 0x9c, 0x3, 0xff, 0x80, 0x40, 0x1f,
    0xfc, 0x95, 0x0, 0xff, 0x8c, 0x3, 0xed, 0x0,
    0xff, 0x8c, 0x3, 0xff, 0x94, 0x40, 0x1f, 0xf7,
    0x0, 0x7c, 0x40, 0x1f, 0xf3, 0x0, 0x7f, 0xf2,
    0x44, 0x40, 0x1f, 0xf2, 0x80, 0x7c, 0xe0, 0x1f,
    0xf6, 0x80, 0x7f, 0xf2, 0x9d, 0xff, 0xf8, 0x6,
    0x1, 0xf5, 0x3b, 0xff, 0xca, 0x1, 0xff, 0xc4,

    /* U+0024 "$" */
    0x0, 0xff, 0xe4, 0x77, 0xff, 0xf8, 0x40, 0x3f,
    0xff, 0xe0, 0x1f, 0xff, 0xf0, 0xf, 0xff, 0xf8,
    0x7, 0xff, 0xfc, 0x3, 0xff, 0xfe, 0x1, 0x8c,
    0x40, 0x3f, 0xd5, 0xa, 0x20, 0x1f, 0xfd, 0x25,
    0xae, 0xc0, 0xf, 0xf9, 0x1e, 0xbb, 0x60, 0xc0,
    0x3f, 0xf9, 0xaf, 0xd4, 0xa2, 0x1, 0xff, 0xc4,
    0x27, 0xcd, 0x60, 0xf, 0xfe, 0x4a, 0x74, 0x8,
    0x7, 0xff, 0x28, 0xa7, 0x98, 0x3, 0xff, 0x8d,
    0x56, 0x20, 0x1f, 0xfc, 0xe1, 0x9d, 0x30, 0xf,
    0xfe, 0x1e, 0x28, 0x7, 0xff, 0x48, 0xb2, 0x0,
    0x3f, 0xf8, 0x3, 0x86, 0x1, 0xff, 0xd5, 0x7a,
    0x0, 0xff, 0xb4, 0xc0, 0x3f, 0xfa, 0xeb, 0x80,
    0x1f, 0xd0, 0x60, 0x1f, 0xfd, 0x93, 0x90, 0xf,
    0x89, 0xc0, 0x3f, 0xfb, 0x47, 0x20, 0x1f, 0x40,
    0x7, 0xff, 0x68, 0xf0, 0x3, 0xe1, 0x50, 0xf,
    0xfe, 0xc9, 0xe8, 0x7, 0xe6, 0x0, 0xff, 0xe3,
    0x11, 0xa1, 0x88, 0x7, 0xff, 0x8, 0xf4, 0x40,
    0x3f, 0x58, 0x7, 0xff, 0xc, 0xeb, 0xf7, 0x2f,
    0x3b, 0x94, 0x80, 0x1f, 0xe2, 0xd1, 0x0, 0xfe,
    0x30, 0xf, 0xfe, 0x13, 0x62, 0x80, 0x78, 0x56,
    0xf5, 0x0, 0x3e, 0x2c, 0x10, 0xf, 0xe2, 0x0,
    0xff, 0xe1, 0xc, 0x80, 0x7f, 0xc5, 0x74, 0x20,
    0x18, 0xb0, 0x40, 0x3f, 0xcc, 0x1, 0xff, 0xc2,
    0x40, 0xf, 0xfe, 0x12, 0xe1, 0x0, 0xb, 0x4,
    0x3, 0xfe, 0x10, 0xf, 0xfe, 0x11, 0x80, 0x7f,
    0xf0, 0xcb, 0x8, 0x98, 0x20, 0x1f, 0xfc, 0x3,
    0x0, 0xff, 0xe1, 0x28, 0x7, 0xff, 0x10, 0x73,
    0x2, 0x1, 0xff, 0xd0, 0x32, 0x0, 0xff, 0xe2,
    0x8, 0x80, 0x3f, 0xf8, 0x46, 0x1, 0xff, 0xc3,
    0xf1, 0x0, 0xff, 0xe9, 0x88, 0x7, 0xff, 0xc,
    0xbd, 0x40, 0x3f, 0xfa, 0x4a, 0x1, 0xff, 0xc4,
    0x1a, 0xc4, 0x0, 0xff, 0xe8, 0x8, 0x80, 0x3f,
    0xf8, 0xa7, 0x7a, 0xe2, 0x1, 0xff, 0xce, 0x40,
    0xf, 0xfe, 0x39, 0x47, 0x5a, 0x80, 0x7f, 0xf3,
    0x3c, 0x3, 0xff, 0x94, 0x95, 0xf4, 0x80, 0x1f,
    0xfc, 0x95, 0x10, 0xf, 0xfe, 0x62, 0xdf, 0x38,
    0x80, 0x7f, 0xf1, 0xe4, 0x3, 0xff, 0x9c, 0x31,
    0xd2, 0x40, 0x1f, 0xfc, 0x57, 0x20, 0xf, 0xfe,
    0x83, 0x6c, 0x0, 0x7f, 0xf1, 0x7c, 0x3, 0xff,
    0xa4, 0xfc, 0xa0, 0x1f, 0xfc, 0x32, 0xb0, 0xf,
    0xfe, 0x90, 0xd5, 0x0, 0x3f, 0xf8, 0x69, 0x40,
    0x1f, 0xfd, 0x35, 0xc0, 0xf, 0xfe, 0x1a, 0xe0,
    0x80, 0x7f, 0xf4, 0x8f, 0x0, 0x3f, 0xf8, 0x67,
    0xec, 0x1, 0xff, 0xd2, 0x3a, 0x0, 0xff, 0xe1,
    0x8c, 0xe1, 0x80, 0x7f, 0xf4, 0x55, 0x40, 0x1f,
    0xfc, 0x43, 0xca, 0x30, 0xf, 0xfe, 0x85, 0x80,
    0x7f, 0xf1, 0x97, 0x30, 0xa0, 0x1f, 0xfc, 0xe1,
    0x70, 0xf, 0xfe, 0x39, 0xd7, 0x49, 0x80, 0x7f,
    0xf3, 0x24, 0x3, 0xff, 0x92, 0x2d, 0x9a, 0xe2,
    0x1, 0xff, 0xc9, 0x13, 0x0, 0xff, 0xe5, 0x94,
    0x75, 0xa8, 0x7, 0xff, 0x22, 0xc0, 0x3f, 0xf9,
    0xc9, 0x5c, 0xe0, 0x1f, 0xfc, 0x63, 0x0, 0xff,
    0xe8, 0xc, 0x6a, 0x0, 0x7f, 0xf1, 0x18, 0x3,
    0xff, 0xa4, 0x56, 0xc0, 0x1f, 0xfc, 0x32, 0x0,
    0xff, 0xea, 0x4a, 0x0, 0x7f, 0xf3, 0x45, 0x40,
    0x3f, 0xf9, 0x3e, 0x1, 0xff, 0xc3, 0x10, 0xf,
    0xc3, 0x94, 0xc0, 0x1f, 0xfc, 0x84, 0x0, 0xff,
    0xe1, 0x88, 0x7, 0xc3, 0xa4, 0x13, 0x0, 0x1f,
    0xfd, 0xfd, 0x30, 0x9, 0xec, 0x40, 0x3f, 0xf8,
    0xa4, 0x1, 0xff, 0xc2, 0x10, 0xf, 0xb0, 0xc0,
    0x39, 0x3d, 0x40, 0x3f, 0xf8, 0x96, 0x1, 0xff,
    0xc2, 0x20, 0xf, 0x61, 0x80, 0x7c, 0x35, 0x66,
    0x1, 0xff, 0xc1, 0x76, 0x0, 0xff, 0xe1, 0x20,
    0x7, 0x59, 0x80, 0x7f, 0x93, 0x30, 0xe4, 0x1,
    0xf9, 0x72, 0x0, 0x3f, 0xf8, 0x78, 0x1, 0xad,
    0x0, 0x3f, 0xf8, 0x27, 0x1b, 0xf9, 0x75, 0x4b,
    0xdf, 0xa3, 0x0, 0xff, 0xe2, 0x20, 0x5, 0x68,
    0x1, 0xff, 0xc6, 0x34, 0x55, 0x21, 0x0, 0x7f,
    0xf1, 0x98, 0x2, 0xa4, 0x0, 0xff, 0xef, 0xd8,
    0x0, 0xd4, 0x3, 0xff, 0xbe, 0xc4, 0x0, 0x3b,
    0x0, 0xff, 0xef, 0xc, 0x0, 0x64, 0xb1, 0x0,
    0xff, 0xee, 0x68, 0x80, 0x72, 0x61, 0x0, 0x7f,
    0xf6, 0xac, 0xc0, 0x3e, 0x2c, 0x50, 0xf, 0xfe,
    0xb8, 0xe2, 0x0, 0x7f, 0xd, 0x48, 0x7, 0xff,
    0x54, 0xf0, 0xc0, 0x3f, 0xf8, 0xd, 0xcc, 0x1,
    0xff, 0xd1, 0x19, 0xc2, 0x0, 0xff, 0xe1, 0xc,
    0xeb, 0x0, 0x7f, 0xf3, 0x46, 0x3d, 0x80, 0x3f,
    0xf8, 0xc5, 0x3d, 0x28, 0x1, 0xff, 0xc7, 0x15,
    0xbe, 0x71, 0x0, 0xff, 0xe4, 0x8b, 0x5f, 0xdc,
    0x29, 0x88, 0x7, 0xfd, 0x3b, 0xd4, 0x80, 0x1f,
    0xfd, 0x4, 0x7a, 0xce, 0x10, 0xf, 0xf3, 0x90,
    0x7, 0xff, 0xfc, 0x3, 0xff, 0xfe, 0x1, 0xff,
    0xff, 0x0, 0xff, 0xff, 0x80, 0x7f, 0xfb, 0xc0,

    /* U+0025 "%" */
    0x0, 0xfe, 0x49, 0xce, 0xff, 0x75, 0xc1, 0x80,
    0x7f, 0xf2, 0x48, 0xbf, 0xf8, 0x20, 0x1f, 0xf3,
    0xf5, 0xb1, 0x88, 0x0, 0x51, 0xf3, 0x8, 0x1,
    0xff, 0xc6, 0x6d, 0xdf, 0xfe, 0x9, 0x0, 0x7e,
    0x3d, 0x81, 0x0, 0xff, 0x1d, 0xd0, 0x80, 0x7f,
    0xf1, 0x20, 0x3, 0xff, 0x80, 0xc4, 0x1, 0xf2,
    0xe1, 0x0, 0x7f, 0xf0, 0x97, 0x8, 0x3, 0xff,
    0x85, 0x2, 0x1, 0xff, 0xc, 0x0, 0x7c, 0x94,
    0x1, 0xff, 0xc5, 0x2f, 0x10, 0xf, 0xfe, 0x1,
    0x38, 0x7, 0xff, 0x2, 0x4, 0x3, 0xc3, 0x40,
    0x1f, 0xfc, 0x72, 0xd0, 0xf, 0xfe, 0x4, 0x80,
    0x7f, 0xf0, 0x9, 0x80, 0x3e, 0xa1, 0x0, 0xff,
    0xe4, 0x1b, 0x80, 0x7f, 0x91, 0x0, 0x1f, 0xfc,
    0x9, 0x0, 0xf8, 0xd0, 0x3, 0xff, 0x95, 0x22,
    0x1, 0xfd, 0x20, 0x1f, 0xfc, 0x4, 0x40, 0x7,
    0xd4, 0x1, 0xff, 0xcb, 0x17, 0x0, 0xfc, 0xe4,
    0x1, 0xff, 0xc0, 0x90, 0xf, 0xce, 0x1, 0xff,
    0xcc, 0xa0, 0xf, 0x86, 0x0, 0x3f, 0xf8, 0xe,
    0x40, 0x1f, 0x10, 0x80, 0x7f, 0x15, 0xff, 0xa8,
    0x3, 0xfc, 0x60, 0x1f, 0x40, 0x7, 0xff, 0x0,
    0x60, 0x3, 0xf3, 0x0, 0x7f, 0xb9, 0x0, 0xb,
    0x40, 0x1f, 0xe1, 0x0, 0xe3, 0x60, 0xf, 0xfe,
    0x5, 0x80, 0x7f, 0x8, 0x7, 0xf1, 0x18, 0x6,
    0x50, 0xf, 0xf1, 0x0, 0x77, 0x80, 0x7f, 0xf0,
    0xd, 0x40, 0x3f, 0xfb, 0x2, 0x1, 0x94, 0xc0,
    0x3f, 0xf8, 0x1e, 0x1, 0xfe, 0x10, 0xf, 0xe2,
    0x30, 0xc, 0xa0, 0x1f, 0xe3, 0x0, 0xd6, 0x1,
    0xff, 0xc0, 0x53, 0x0, 0xff, 0x28, 0x7, 0xfb,
    0x90, 0x0, 0xb4, 0x1, 0xfe, 0x10, 0xa, 0x4,
    0x3, 0xff, 0x81, 0x60, 0x1f, 0xf0, 0x88, 0x3,
    0xf8, 0xaf, 0xfd, 0x40, 0x1f, 0xe4, 0x0, 0x85,
    0xc0, 0x3f, 0xf8, 0x10, 0x20, 0x1f, 0xfc, 0x7,
    0x0, 0xff, 0xe6, 0x68, 0x5, 0x60, 0x1f, 0xfc,
    0x2, 0x70, 0xf, 0xfe, 0xd, 0x80, 0x7f, 0xf3,
    0x1c, 0x0, 0x6a, 0x1, 0xff, 0xc0, 0x80, 0xf,
    0xfe, 0x11, 0x28, 0x7, 0xff, 0x2a, 0x4, 0x1,
    0xc0, 0x1f, 0xfc, 0x4, 0x50, 0xf, 0xfe, 0x1d,
    0x88, 0x7, 0xff, 0x20, 0xdc, 0x0, 0xc4, 0x1,
    0xff, 0xc0, 0x90, 0xf, 0xfe, 0x20, 0xe8, 0x7,
    0xff, 0x1c, 0x78, 0x0, 0x30, 0x1, 0xff, 0xc0,
    0x62, 0x0, 0xff, 0xe2, 0x9d, 0x80, 0x7f, 0xf1,
    0x47, 0x8, 0x1, 0x2, 0x1, 0xff, 0xc, 0x0,
    0x7f, 0xf1, 0xd3, 0x48, 0x3, 0xff, 0x84, 0x9e,
    0x40, 0x2, 0x60, 0xf, 0xfe, 0x4, 0x8, 0x7,
    0xff, 0x20, 0xb6, 0x4, 0x3, 0xfc, 0x55, 0x62,
    0x1, 0x48, 0x7, 0xff, 0x0, 0x98, 0x3, 0xff,
    0x96, 0xfd, 0x6c, 0x62, 0x0, 0x14, 0x7c, 0xd5,
    0x0, 0xc8, 0x80, 0xf, 0xfe, 0x4, 0x80, 0x7f,
    0xf3, 0x92, 0x73, 0xbf, 0xdd, 0x70, 0x60, 0x1e,
    0x90, 0xf, 0xfe, 0x2, 0xa0, 0x7, 0xff, 0x75,
    0xc8, 0x3, 0xff, 0x81, 0x0, 0x1f, 0xfd, 0xd1,
    0x80, 0xf, 0xfe, 0x3, 0x90, 0x7, 0xff, 0x76,
    0x0, 0x3f, 0xf8, 0x3, 0x0, 0x1f, 0xfd, 0xd3,
    0x60, 0xf, 0xfe, 0x5, 0x80, 0x7f, 0xf7, 0xbc,
    0x3, 0xff, 0x80, 0x6a, 0x1, 0xff, 0xdd, 0x53,
    0x0, 0xff, 0xe0, 0x78, 0x7, 0xff, 0x7a, 0xc0,
    0x3f, 0xf8, 0xc, 0x60, 0x1f, 0xfd, 0xd8, 0x10,
    0xf, 0xfe, 0x4, 0x0, 0x7f, 0xf7, 0x49, 0xc0,
    0x3f, 0xf8, 0x10, 0x20, 0x1f, 0xfd, 0xd8, 0x0,
    0xff, 0xe0, 0x13, 0x80, 0x7f, 0xf7, 0x51, 0x40,
    0x3f, 0xf8, 0x12, 0x1, 0xff, 0xde, 0x90, 0xf,
    0xfe, 0x2, 0x20, 0x3, 0x85, 0xab, 0x7f, 0xdd,
    0xb4, 0xc2, 0x1, 0xff, 0xcd, 0x62, 0x0, 0xff,
    0xe0, 0x48, 0x6, 0x2a, 0xe9, 0x52, 0x0, 0x9,
    0x2c, 0xf4, 0x88, 0x7, 0xff, 0x28, 0x60, 0x3,
    0xff, 0x80, 0xc4, 0x1, 0x3e, 0xa8, 0x7, 0xfc,
    0xdc, 0xc0, 0x1f, 0xfc, 0x98, 0x10, 0xf, 0xf8,
    0x60, 0x2, 0xa8, 0x0, 0xff, 0xe1, 0xcc, 0x80,
    0x3f, 0xf8, 0xe4, 0xc0, 0x1f, 0xfc, 0x8, 0x10,
    0x5, 0x28, 0x7, 0xff, 0x15, 0xa4, 0x3, 0xff,
    0x8d, 0x20, 0x1f, 0xfc, 0x2, 0x60, 0x3, 0x28,
    0x7, 0xff, 0x1d, 0x98, 0x1, 0xff, 0xc4, 0x54,
    0x0, 0xff, 0xe0, 0x70, 0x0, 0x64, 0x3, 0xff,
    0x93, 0x22, 0x1, 0xff, 0xc3, 0x80, 0xf, 0xfe,
    0x2, 0x98, 0x2, 0x0, 0x3f, 0xf9, 0x70, 0x1,
    0xff, 0xc2, 0x72, 0x0, 0xff, 0xe0, 0x58, 0x4,
    0xc0, 0x1f, 0xfc, 0xb6, 0x0, 0xff, 0xe0, 0x8c,
    0x0, 0x7f, 0xf0, 0x1c, 0x40, 0xa, 0x1, 0xff,
    0xcd, 0x50, 0xf, 0xfe, 0x5, 0x80, 0x7f, 0xf0,
    0x6, 0x0, 0x2c, 0x0, 0xff, 0x37, 0x7f, 0x30,
    0x7, 0xfb, 0x40, 0x3f, 0xe3, 0x50, 0xf, 0xfe,
    0x5, 0x80, 0x62, 0x0, 0xfe, 0x49, 0x10, 0x19,
    0x40, 0xf, 0xe2, 0x0, 0xff, 0xbc, 0x3, 0xff,
    0x80, 0x6a, 0x1, 0x9c, 0x3, 0xfb, 0x40, 0x3b,
    0x80, 0x3f, 0x98, 0x3, 0xfc, 0xc6, 0x1, 0xff,
    0xc0, 0xf0, 0xf, 0xfe, 0x9b, 0x80, 0x7f, 0xa0,
    0x3, 0xff, 0x80, 0xc6, 0x1, 0xce, 0x1, 0xfd,
    0x40, 0x1d, 0xc0, 0x1f, 0xc2, 0x1, 0xfd, 0x2,
    0x1, 0xff, 0xc0, 0x80, 0xf, 0x18, 0x7, 0xf1,
    0xd9, 0x1, 0x52, 0x0, 0x7f, 0x10, 0x7, 0xe2,
    0x70, 0xf, 0xfe, 0x4, 0x8, 0x7, 0xb4, 0x3,
    0xfc, 0x9b, 0xfa, 0xa0, 0x1f, 0xec, 0x0, 0xfd,
    0x20, 0x1f, 0xfc, 0x2, 0x70, 0xf, 0x94, 0x3,
    0xff, 0x9a, 0x80, 0x1f, 0x22, 0x0, 0x3f, 0xf8,
    0x12, 0x1, 0xfc, 0xc0, 0x1f, 0xfc, 0xb6, 0x0,
    0xfd, 0x20, 0x1f, 0xfc, 0x4, 0x40, 0x7, 0xf4,
    0x0, 0x7f, 0xf2, 0xe0, 0x3, 0xe6, 0x20, 0xf,
    0xfe, 0x4, 0x80, 0x7f, 0x86, 0x40, 0x3f, 0xf9,
    0x32, 0x20, 0x1e, 0x18, 0x0, 0xff, 0xe0, 0x39,
    0x0, 0x7f, 0xcc, 0xc0, 0xf, 0xfe, 0x3b, 0x30,
    0x3, 0xe8, 0x10, 0xf, 0xf8, 0x60, 0x3, 0xff,
    0x83, 0x2c, 0x1, 0xff, 0xc5, 0x69, 0x0, 0xf8,
    0x98, 0x3, 0xff, 0x81, 0x0, 0x1f, 0xfc, 0x39,
    0x90, 0x7, 0xff, 0xe, 0x64, 0x1, 0xfa, 0x40,
    0x3f, 0xf8, 0x6, 0xc0, 0x1f, 0xfc, 0x46, 0xd5,
    0x0, 0xff, 0x9b, 0x98, 0x3, 0xfa, 0x77, 0x7f,
    0xf8, 0x18, 0x1, 0xff, 0xc6, 0x2a, 0xe9, 0x52,
    0x0, 0x89, 0x67, 0xa4, 0x40, 0x3c,

    /* U+0026 "&" */
    0x0, 0xff, 0xe4, 0xa, 0xc5, 0xef, 0x7f, 0xdb,
    0x72, 0xc4, 0x1, 0xff, 0xe0, 0x4b, 0xea, 0x74,
    0x21, 0x0, 0x89, 0x1a, 0x77, 0x4e, 0x20, 0x1f,
    0xfd, 0xb4, 0xcb, 0x40, 0xf, 0xfe, 0x11, 0x47,
    0x40, 0x80, 0x7f, 0xf6, 0x26, 0xcc, 0x3, 0xff,
    0x8e, 0xfe, 0xc0, 0x1f, 0xfd, 0x52, 0xd6, 0x0,
    0xff, 0xe5, 0xc, 0xd0, 0x7, 0xff, 0x4c, 0xb0,
    0x80, 0x3f, 0xf9, 0xab, 0x82, 0x1, 0xff, 0xd0,
    0x1c, 0x10, 0xf, 0xfe, 0x79, 0xe0, 0x80, 0x7f,
    0xf3, 0xf0, 0x40, 0x3f, 0xfa, 0x25, 0xa0, 0x1f,
    0xfc, 0xe8, 0x20, 0xf, 0xfe, 0x99, 0x98, 0x3,
    0xff, 0x98, 0x4e, 0x1, 0xff, 0xd4, 0x93, 0x0,
    0xff, 0xe6, 0x40, 0x7, 0xff, 0x52, 0x98, 0x3,
    0xff, 0x98, 0x4a, 0x1, 0xff, 0xd3, 0xa5, 0x0,
    0xff, 0xe6, 0xa8, 0x7, 0xff, 0x4e, 0x94, 0x3,
    0xff, 0x9d, 0x40, 0x1f, 0xfd, 0x2b, 0x50, 0xf,
    0xfe, 0x79, 0x0, 0x7f, 0xf0, 0xdb, 0x3f, 0xdb,
    0x48, 0x1, 0xf5, 0xa0, 0x7, 0xff, 0x3c, 0xc0,
    0x3f, 0xf8, 0x79, 0x26, 0x0, 0x25, 0xbb, 0x8,
    0x6, 0xb4, 0x0, 0xff, 0xe8, 0x30, 0x7, 0xff,
    0xa, 0xc, 0x3, 0xe4, 0xf2, 0x0, 0x5a, 0x0,
    0x7f, 0xf4, 0x4c, 0x3, 0xff, 0x84, 0xc0, 0x1f,
    0xc3, 0x85, 0x88, 0x1, 0xff, 0xd2, 0x30, 0xf,
    0xfe, 0x10, 0x80, 0x7f, 0x87, 0x4c, 0x3, 0xff,
    0xa6, 0x20, 0x1f, 0xfc, 0x21, 0x0, 0xff, 0xf0,
    0x38, 0x7, 0xff, 0x9, 0x0, 0x3f, 0xfc, 0x6,
    0x1, 0xff, 0xc2, 0x90, 0xf, 0xff, 0x9, 0x0,
    0x7f, 0xf0, 0x4d, 0xc0, 0x3f, 0xfc, 0x8, 0x1,
    0xff, 0xc2, 0x84, 0x0, 0xff, 0xef, 0xd0, 0x7,
    0xff, 0xe, 0x88, 0x3, 0xff, 0xbc, 0x64, 0x1,
    0xff, 0xc2, 0x1c, 0x10, 0xf, 0xfe, 0xf4, 0x0,
    0x7f, 0xf0, 0xc7, 0x4, 0x3, 0xff, 0xba, 0xa6,
    0x1, 0xff, 0xc3, 0x2d, 0x0, 0xff, 0xef, 0x20,
    0x7, 0xff, 0x10, 0xec, 0x3, 0xff, 0xb6, 0x56,
    0xe0, 0x1f, 0xfc, 0x54, 0x90, 0xf, 0xfe, 0xca,
    0x62, 0x0, 0x7f, 0xf1, 0xda, 0x0, 0x3f, 0xfa,
    0xeb, 0x62, 0x1, 0xff, 0xc9, 0x76, 0x0, 0xff,
    0xea, 0xad, 0x0, 0x7f, 0xf3, 0x25, 0x40, 0x3f,
    0xfa, 0x67, 0x40, 0x1f, 0xfc, 0xea, 0x30, 0xf,
    0xfe, 0x97, 0x0, 0x7f, 0xf4, 0x34, 0x80, 0x3f,
    0xfa, 0x10, 0x40, 0x1f, 0xfd, 0x1, 0xc1, 0x0,
    0xff, 0xe7, 0xb, 0x80, 0x7f, 0xf4, 0x87, 0x4,
    0x3, 0xff, 0x9b, 0x20, 0x1f, 0xfc, 0x32, 0x0,
    0xff, 0xe2, 0x16, 0x80, 0x7f, 0xf3, 0x58, 0x3,
    0xff, 0x84, 0xfb, 0x0, 0x1f, 0xfc, 0x43, 0xb0,
    0xf, 0xfe, 0x59, 0x88, 0x7, 0xff, 0x5, 0xa0,
    0x1d, 0xc0, 0x1f, 0xfc, 0x44, 0x90, 0xf, 0xfe,
    0x55, 0x80, 0x7f, 0xf0, 0x46, 0x40, 0x28, 0x60,
    0xf, 0xfe, 0x23, 0x40, 0x7, 0xff, 0x24, 0xc0,
    0x3f, 0xf8, 0x2c, 0x1, 0xd2, 0xa0, 0x1f, 0xfc,
    0x47, 0x60, 0xf, 0xfe, 0x43, 0x0, 0x7f, 0xf0,
    0x70, 0x3, 0xd4, 0x80, 0x1f, 0xfc, 0x49, 0x50,
    0xf, 0xfe, 0x39, 0x80, 0x7f, 0xf0, 0x5c, 0x3,
    0xeb, 0x30, 0xf, 0xfe, 0x25, 0x18, 0x7, 0xff,
    0x18, 0x40, 0x3f, 0xf9, 0x5a, 0x40, 0x1f, 0xfc,
    0x4d, 0x20, 0xf, 0xfe, 0x9a, 0x80, 0x7e, 0x1c,
    0x10, 0xf, 0xfe, 0x18, 0xe0, 0x80, 0x7f, 0xf1,
    0x4, 0x3, 0xff, 0x83, 0xa0, 0x1f, 0xc3, 0x82,
    0x1, 0xff, 0xc3, 0x1c, 0x10, 0xf, 0xfe, 0x19,
    0x80, 0x7f, 0xf0, 0x51, 0x40, 0x3f, 0x8b, 0x40,
    0x3f, 0xf8, 0x85, 0xa0, 0x1f, 0xfc, 0x37, 0x0,
    0xff, 0xe1, 0x52, 0x0, 0x7e, 0x18, 0x0, 0xff,
    0xe2, 0x9d, 0x80, 0x7f, 0xf0, 0xb4, 0x3, 0xff,
    0x87, 0x72, 0x60, 0x18, 0x9f, 0xd0, 0x3, 0xff,
    0x8c, 0x92, 0x1, 0xff, 0xc1, 0x40, 0xf, 0xfe,
    0x23, 0x67, 0xee, 0xbb, 0x60, 0x40, 0x3f, 0xf9,
    0xd, 0x0, 0x1f, 0xfc, 0x3, 0x10, 0xf, 0xfe,
    0x31, 0x10, 0x40, 0x3f, 0xf9, 0x8e, 0xc0, 0x1f,
    0xfc, 0x6, 0x0, 0xff, 0xf1, 0x4a, 0x80, 0x7f,
    0xd2, 0x1, 0xff, 0xe3, 0xa3, 0x0, 0xff, 0xb,
    0x80, 0x7f, 0xf8, 0xf4, 0x80, 0x3f, 0xd0, 0x40,
    0x1f, 0xfe, 0x21, 0xc1, 0x0, 0xff, 0x70, 0x7,
    0xff, 0x8c, 0x70, 0x40, 0x3f, 0x8e, 0xc0, 0x3f,
    0xfc, 0x65, 0xa0, 0x1f, 0xe4, 0xa0, 0xf, 0xfe,
    0x91, 0x80, 0x7f, 0xf1, 0xe, 0xc0, 0x3f, 0xcb,
    0x82, 0x1, 0xff, 0xcf, 0x7c, 0xb0, 0xf, 0xfe,
    0x22, 0x48, 0x7, 0xf8, 0xfd, 0x40, 0x3f, 0xf9,
    0x89, 0xb0, 0x9, 0x20, 0x1f, 0xfc, 0x46, 0x80,
    0xf, 0xf0, 0xd5, 0x98, 0x7, 0xff, 0x21, 0x32,
    0xc8, 0x2, 0x68, 0x0, 0xff, 0xe2, 0x3b, 0x0,
    0x7f, 0xc9, 0x98, 0x51, 0x0, 0xff, 0xe1, 0x13,
    0xed, 0x98, 0x7, 0x9d, 0x80, 0x3f, 0xf8, 0x92,
    0xa0, 0x1f, 0xfc, 0x3, 0xae, 0xc8, 0x53, 0x11,
    0x0, 0x4, 0x91, 0xa7, 0x75, 0x4, 0x1, 0xfd,
    0x3f, 0xff, 0xfc, 0x55,

    /* U+0027 "'" */
    0xef, 0xff, 0xfe, 0x9, 0x90, 0x7, 0xff, 0x4,
    0x5c, 0x3, 0xff, 0x82, 0x44, 0x0, 0xff, 0xe1,
    0x8, 0x7, 0xff, 0x0, 0x83, 0x80, 0x3f, 0xf8,
    0x2, 0x6, 0x1, 0xff, 0xc0, 0x60, 0x60, 0xf,
    0xfe, 0x1, 0x80, 0x80, 0x7f, 0xf0, 0x38, 0x8,
    0x3, 0xff, 0x80, 0x20, 0x1f, 0xfc, 0x22, 0x0,
    0x10, 0x7, 0xfc, 0xc0, 0x1, 0x0, 0xff, 0x8c,
    0x0, 0xc0, 0x1f, 0xf0, 0x80, 0x8, 0x3, 0xfc,
    0x20, 0x17, 0x80, 0x7f, 0x88, 0x2, 0x20, 0xf,
    0xf3, 0x80, 0x42, 0x1, 0xfe, 0x20, 0x9, 0x80,
    0x3f, 0xc2, 0x1, 0x18, 0x7, 0xfb, 0x80, 0x21,
    0x0, 0xff, 0x18, 0x6, 0x10, 0xf, 0xe6, 0x0,
    0xc4, 0x1, 0xfc, 0x20, 0x19, 0xc0, 0x3f, 0x88,
    0x3, 0x10, 0x7, 0xe1, 0x0, 0xee, 0x0, 0xfc,
    0x60, 0x1c, 0x20, 0x1f, 0x98, 0x3, 0x92, 0x67,
    0xf7, 0x80, 0x40,

    /* U+0028 "(" */
    0x0, 0xff, 0xe2, 0x30, 0x7, 0xff, 0x2e, 0xa6,
    0x80, 0x3f, 0xf9, 0x36, 0xa0, 0xb4, 0x1, 0xff,
    0xc7, 0xb4, 0x0, 0x96, 0x80, 0x3f, 0xf8, 0xb4,
    0x80, 0x1c, 0xb6, 0x1, 0xff, 0xc3, 0x75, 0x0,
    0xf9, 0x2c, 0x3, 0xff, 0x82, 0x90, 0x1, 0xfc,
    0x96, 0x1, 0xff, 0x15, 0x80, 0x7f, 0xc9, 0x80,
    0x1f, 0xee, 0x0, 0xff, 0xe0, 0x9c, 0x0, 0x7e,
    0x63, 0x0, 0xff, 0xe0, 0x9c, 0x0, 0x7c, 0x30,
    0x1, 0xff, 0xc1, 0x2d, 0x0, 0xfd, 0x62, 0x1,
    0xff, 0xc0, 0x1c, 0x10, 0xf, 0x8d, 0x40, 0x3f,
    0xf8, 0x36, 0x20, 0x1f, 0xa0, 0x3, 0xff, 0x82,
    0xca, 0x1, 0xf8, 0x90, 0x3, 0xff, 0x80, 0x52,
    0x1, 0xfd, 0x0, 0x1f, 0xfc, 0x18, 0x0, 0xfe,
    0x25, 0x0, 0xff, 0xe0, 0x1a, 0x80, 0x7f, 0x50,
    0x7, 0xff, 0x7, 0xc0, 0x3f, 0xcc, 0x1, 0xff,
    0xc0, 0x43, 0x0, 0xfe, 0x51, 0x0, 0xff, 0xe0,
    0x78, 0x7, 0xfb, 0xc0, 0x3f, 0xf8, 0x4, 0x80,
    0x1f, 0xe5, 0x0, 0xff, 0xe0, 0x50, 0x7, 0xf9,
    0x0, 0x3f, 0xf8, 0x2c, 0x1, 0xfe, 0xd0, 0xf,
    0xfe, 0x1, 0x88, 0x7, 0xf9, 0x0, 0x3f, 0xf8,
    0x16, 0x1, 0xfe, 0x12, 0x0, 0xff, 0xe0, 0x28,
    0x7, 0xf9, 0x40, 0x3f, 0xf8, 0x2, 0x40, 0x1f,
    0xe3, 0x0, 0xff, 0xe0, 0x28, 0x7, 0xfd, 0xa0,
    0x1f, 0xfc, 0x3, 0x0, 0xff, 0x9c, 0x3, 0xff,
    0x81, 0x80, 0x1f, 0xf1, 0x0, 0x7f, 0xf0, 0x18,
    0x3, 0xfc, 0x40, 0x1f, 0xfc, 0x12, 0x0, 0xff,
    0x8, 0x7, 0xff, 0x0, 0x40, 0x3f, 0xe6, 0x0,
    0xff, 0xe0, 0x10, 0x7, 0xfc, 0x60, 0x1f, 0xfc,
    0x6, 0x0, 0xff, 0xb8, 0x3, 0xff, 0xb2, 0x60,
    0x1f, 0xf0, 0x80, 0x7f, 0xf0, 0x4, 0x3, 0xff,
    0xcb, 0xe0, 0x1f, 0xfc, 0xcf, 0x0, 0xff, 0xec,
    0x8, 0x7, 0xff, 0x0, 0x40, 0x3f, 0xef, 0x0,
    0xff, 0xe0, 0x18, 0x7, 0xfc, 0x20, 0x1f, 0xfc,
    0x1, 0x0, 0xff, 0x8c, 0x3, 0xff, 0x80, 0xe0,
    0x1f, 0xf3, 0x0, 0x7f, 0xf0, 0x8, 0x3, 0xfe,
    0x20, 0xf, 0xfe, 0x0, 0x80, 0x7f, 0xc2, 0x1,
    0xff, 0xc1, 0x20, 0xf, 0xf8, 0x80, 0x3f, 0xf8,
    0xe, 0x1, 0xff, 0x38, 0x7, 0xff, 0x3, 0x40,
    0x3f, 0xed, 0x0, 0xff, 0xe0, 0x18, 0x7, 0xfc,
    0x60, 0x1f, 0xfc, 0x4, 0x0, 0xff, 0x94, 0x3,
    0xff, 0x82, 0x60, 0x1f, 0xe1, 0x30, 0xf, 0xfe,
    0x5, 0x80, 0x7f, 0xc8, 0x1, 0xff, 0xc0, 0x50,
    0xf, 0xfb, 0x0, 0x3f, 0xf8, 0x4, 0x40, 0xf,
    0xf2, 0x8, 0x7, 0xff, 0x1, 0x40, 0x3f, 0xe4,
    0x0, 0xff, 0xe0, 0x48, 0x7, 0xfd, 0xc0, 0x1f,
    0xfc, 0x1, 0x50, 0xf, 0xf2, 0x8, 0x7, 0xff,
    0x2, 0x40, 0x3f, 0xe6, 0x0, 0xff, 0xe0, 0x1a,
    0x0, 0x7f, 0xa4, 0x3, 0xff, 0x83, 0x20, 0x1f,
    0xe1, 0x60, 0xf, 0xfe, 0x1, 0x30, 0x7, 0xfa,
    0xc0, 0x3f, 0xf8, 0x30, 0x20, 0x1f, 0xc4, 0xa0,
    0x1f, 0xfc, 0x1, 0xa0, 0xf, 0xf4, 0x0, 0x7f,
    0xf0, 0x51, 0x80, 0x3f, 0x89, 0x80, 0x3f, 0xf8,
    0x32, 0x40, 0x1f, 0xd2, 0x20, 0x1f, 0xfc, 0x1c,
    0x10, 0xf, 0xeb, 0x0, 0xff, 0xe0, 0x8e, 0x8,
    0x7, 0xe5, 0x40, 0xf, 0xfe, 0x9, 0x48, 0x7,
    0xf5, 0x8, 0x7, 0xff, 0x1, 0x60, 0x3, 0xf8,
    0x74, 0x3, 0xfe, 0x5a, 0x0, 0xff, 0x8e, 0x40,
    0x3f, 0x96, 0x80, 0x3f, 0xf8, 0x2c, 0xc0, 0xf,
    0x9a, 0x80, 0x3f, 0xf8, 0x72, 0xa0, 0x1c, 0xd2,
    0x1, 0xff, 0xc5, 0xa5, 0x0, 0x9a, 0x40, 0x3f,
    0xf8, 0xf4, 0xa0, 0xd2, 0x1, 0xff, 0xc9, 0xaa,
    0x48, 0x7, 0xc0,

    /* U+0029 ")" */
    0x0, 0xfc, 0x2a, 0x1, 0xff, 0xcb, 0x1c, 0xa6,
    0x0, 0xff, 0xe4, 0x8e, 0x10, 0x4b, 0x80, 0x7f,
    0xf1, 0xc7, 0x8, 0x2, 0x87, 0x0, 0xff, 0xe2,
    0x97, 0x90, 0x7, 0x43, 0x0, 0x7f, 0xf0, 0xcb,
    0x4, 0x3, 0xe9, 0x30, 0xf, 0xfe, 0x9, 0x60,
    0x80, 0x7f, 0x68, 0x80, 0x7f, 0xc5, 0x82, 0x1,
    0xfe, 0x1d, 0x0, 0xff, 0xb8, 0x40, 0x3f, 0xf8,
    0x6, 0xe0, 0x1f, 0xee, 0x10, 0xf, 0xfe, 0xc,
    0x10, 0x7, 0xf1, 0x68, 0x7, 0xff, 0xa, 0x40,
    0x3f, 0xc7, 0x40, 0x1f, 0xfc, 0x14, 0x50, 0xf,
    0xf2, 0xb0, 0x7, 0xff, 0x6, 0xc0, 0x3f, 0xe9,
    0x20, 0xf, 0xfe, 0x0, 0xb0, 0x7, 0xfd, 0xc0,
    0x1f, 0xfc, 0x1b, 0x0, 0xff, 0x8d, 0x80, 0x3f,
    0xf8, 0x4, 0xa0, 0x1f, 0xf4, 0x0, 0x7f, 0xf0,
    0x60, 0x3, 0xfe, 0x17, 0x0, 0xff, 0xe0, 0x12,
    0x0, 0x7f, 0xd0, 0x1, 0xff, 0xc1, 0xe0, 0xf,
    0xfe, 0x3, 0x0, 0x7f, 0xf0, 0x14, 0x3, 0xff,
    0x81, 0x60, 0x1f, 0xfc, 0x15, 0x0, 0xff, 0x89,
    0x0, 0x3f, 0xf8, 0x1e, 0x1, 0xff, 0xc0, 0xd0,
    0xf, 0xfe, 0x2, 0x80, 0x7f, 0xf0, 0x1c, 0x3,
    0xff, 0x82, 0x80, 0x1f, 0xf0, 0x98, 0x7, 0xff,
    0x3, 0x0, 0x3f, 0xf8, 0x16, 0x1, 0xff, 0xc0,
    0x40, 0xf, 0xfe, 0x2, 0x0, 0x7f, 0xf0, 0xc,
    0x3, 0xff, 0x80, 0x60, 0x1f, 0xfc, 0x13, 0x0,
    0xff, 0xe0, 0x18, 0x7, 0xff, 0x1, 0x40, 0x3f,
    0xf8, 0xa, 0x1, 0xff, 0xc0, 0xe0, 0xf, 0xfe,
    0x7, 0x80, 0x7f, 0xf0, 0xc, 0x3, 0xff, 0x80,
    0x60, 0x1f, 0xfc, 0x6, 0x0, 0xff, 0xe0, 0x30,
    0x7, 0xff, 0x0, 0x80, 0x3f, 0xf8, 0x4, 0x1,
    0xff, 0xc1, 0x10, 0xf, 0xf8, 0x40, 0x3f, 0xf8,
    0x26, 0x1, 0xff, 0xc0, 0x10, 0xf, 0xfe, 0x0,
    0x80, 0x7f, 0xf3, 0x5c, 0x3, 0xff, 0x80, 0x60,
    0x1f, 0xfc, 0xd1, 0x0, 0xff, 0xe0, 0x8, 0x7,
    0xff, 0xd0, 0x40, 0x3f, 0xf8, 0x2, 0x1, 0xff,
    0xc0, 0x30, 0xf, 0xfe, 0xd3, 0x80, 0x7f, 0xf0,
    0x4, 0x3, 0xff, 0x80, 0x20, 0x1f, 0xf0, 0x80,
    0x7f, 0xf0, 0x48, 0x3, 0xfe, 0x20, 0xf, 0xfe,
    0x6b, 0x0, 0x7f, 0xf0, 0x8, 0x3, 0xff, 0x80,
    0x40, 0x1f, 0xfc, 0x6, 0x0, 0xff, 0xe0, 0x70,
    0x7, 0xff, 0x0, 0xc0, 0x3f, 0xf8, 0x8, 0x1,
    0xff, 0xc0, 0xe0, 0xf, 0xfe, 0x1, 0x0, 0x7f,
    0xf0, 0x14, 0x3, 0xfe, 0x30, 0xf, 0xfe, 0x9,
    0x80, 0x7f, 0xc8, 0x1, 0xff, 0xc0, 0x30, 0xf,
    0xfe, 0x5, 0x80, 0x7f, 0xf0, 0x10, 0x3, 0xfe,
    0x13, 0x0, 0xff, 0xe0, 0x58, 0x7, 0xfc, 0xe0,
    0x1f, 0xfc, 0x13, 0x0, 0xff, 0xa8, 0x3, 0xff,
    0x80, 0xa0, 0x1f, 0xf1, 0x98, 0x3, 0xff, 0x81,
    0xe0, 0x1f, 0xf5, 0x0, 0x7f, 0xf0, 0x54, 0x3,
    0xfc, 0x2c, 0x1, 0xff, 0xc0, 0x60, 0xf, 0xfa,
    0x40, 0x3f, 0xf8, 0x34, 0x1, 0xfe, 0x27, 0x0,
    0xff, 0xe0, 0x19, 0x80, 0x3f, 0xd0, 0x1, 0xff,
    0xc1, 0x80, 0xf, 0xf2, 0x28, 0x7, 0xff, 0x0,
    0x90, 0x3, 0xf8, 0x68, 0x3, 0xff, 0x83, 0x0,
    0x1f, 0xea, 0x10, 0xf, 0xfe, 0x1, 0x28, 0x7,
    0xf3, 0x20, 0x7, 0xff, 0x6, 0x40, 0x3f, 0x96,
    0x40, 0x3f, 0xf8, 0x2a, 0x80, 0x1f, 0x8e, 0x80,
    0x3f, 0xf8, 0x56, 0x1, 0xfd, 0xe0, 0x1f, 0xfc,
    0x29, 0x10, 0xf, 0xed, 0x20, 0xf, 0xfe, 0x2,
    0x30, 0x7, 0xf8, 0x70, 0x80, 0x3f, 0xc5, 0x60,
    0x1f, 0xfc, 0x1, 0xc2, 0x0, 0xfe, 0xf0, 0xf,
    0xfe, 0x10, 0xe1, 0x0, 0x7d, 0x44, 0x1, 0xff,
    0xc3, 0x1c, 0x20, 0xe, 0x95, 0x0, 0xff, 0xe2,
    0x8e, 0x18, 0x5, 0x2c, 0x1, 0xff, 0xc7, 0x1d,
    0x30, 0xa6, 0x0, 0xff, 0xe4, 0x8e, 0xda, 0x80,
    0x7f, 0xf0, 0xc0,

    /* U+002A "*" */
    0x0, 0xff, 0xe5, 0x8, 0x7, 0xff, 0x64, 0xba,
    0x4, 0x3, 0xff, 0xae, 0xa0, 0xfd, 0x0, 0x1f,
    0xfc, 0xa1, 0xc3, 0x0, 0xfe, 0xb0, 0x9, 0xf9,
    0xc0, 0x3f, 0xf8, 0xe3, 0xa7, 0xc0, 0x1f, 0x84,
    0xc0, 0x30, 0xc7, 0x38, 0x7, 0xff, 0x17, 0x4c,
    0xa, 0x40, 0x3e, 0x70, 0xf, 0x86, 0x39, 0x80,
    0x3f, 0xf8, 0x58, 0x60, 0x13, 0x20, 0x7, 0xb4,
    0x3, 0xf8, 0x65, 0x80, 0x3f, 0xf8, 0x18, 0x60,
    0x1d, 0x42, 0x1, 0x85, 0x0, 0x3f, 0xc8, 0xc0,
    0x1f, 0xf6, 0x18, 0x7, 0x86, 0xc0, 0x33, 0x80,
    0x7f, 0x86, 0x80, 0x3f, 0xec, 0x30, 0xf, 0xca,
    0xa0, 0xb, 0x40, 0x3f, 0xd4, 0x20, 0x1f, 0xec,
    0x30, 0xf, 0xf5, 0x8, 0x1, 0x0, 0x3f, 0x9d,
    0x0, 0x3f, 0xc8, 0x60, 0x1f, 0xfc, 0xa, 0x5,
    0x0, 0xfe, 0x38, 0x0, 0xff, 0x93, 0x4c, 0x3,
    0xfe, 0x47, 0xf0, 0xf, 0xc3, 0xa0, 0x1f, 0xfc,
    0x12, 0xc7, 0x0, 0xff, 0xa1, 0x40, 0x3f, 0x58,
    0x80, 0x7f, 0xf0, 0xe2, 0xc4, 0x3, 0xff, 0x8c,
    0xca, 0x1, 0xff, 0xc5, 0x4f, 0x40, 0xf, 0xfe,
    0x21, 0x48, 0x7, 0xff, 0x1c, 0x6e, 0x0, 0x3f,
    0xf8, 0x7e, 0x1, 0xff, 0xca, 0x7c, 0x20, 0xf,
    0xfe, 0xe, 0xff, 0xff, 0xf0, 0x8, 0x3, 0xfc,
    0x7a, 0x80, 0x1f, 0xfc, 0xd2, 0x0, 0xfe, 0x16,
    0xb4, 0x0, 0xff, 0xe6, 0x18, 0x7, 0xc4, 0xf9,
    0xd2, 0x80, 0x1f, 0xfc, 0xd6, 0x0, 0xc4, 0xf9,
    0xb0, 0x60, 0x1f, 0xfd, 0xd, 0x2, 0x8d, 0xd4,
    0x18, 0x7, 0xff, 0x4c, 0xc1, 0x1c, 0x80, 0x3f,
    0xfa, 0xcc, 0xc, 0x40, 0x1f, 0xfc, 0x91, 0x71,
    0x0, 0xff, 0x88, 0x1, 0x0, 0x1f, 0xfc, 0x21,
    0x0, 0xf0, 0xcf, 0x5b, 0x8, 0x7, 0xc6, 0x1,
    0x29, 0x0, 0x7f, 0xc5, 0xaa, 0x1, 0xf3, 0x2,
    0x4f, 0x5a, 0x80, 0x73, 0x0, 0x68, 0x0, 0xff,
    0x36, 0x90, 0x7, 0xeb, 0x0, 0xc9, 0x5f, 0x48,
    0x0, 0xd0, 0xc, 0xa6, 0x1, 0xfa, 0xa4, 0x3,
    0xfc, 0x62, 0x1, 0xe5, 0xbe, 0x94, 0x0, 0xe8,
    0x0, 0xf1, 0x6a, 0x80, 0x7f, 0xf0, 0x18, 0x3,
    0xf0, 0xb1, 0x80, 0x72, 0x18, 0x6, 0x6d, 0x20,
    0xf, 0xfe, 0xd, 0x80, 0x7f, 0xf1, 0x7c, 0x2,
    0xa9, 0x0, 0xff, 0xe1, 0x98, 0x80, 0x7f, 0xf1,
    0xd, 0xb, 0x54, 0x3, 0xff, 0x8a, 0xc0, 0x1f,
    0xfc, 0x5a, 0xd2, 0x0, 0xfc, 0xe0, 0x1f, 0xd6,
    0x1, 0xff, 0xc5, 0x10, 0xf, 0xfe, 0x41, 0x88,
    0x7, 0xff, 0x69, 0x80, 0x3f, 0xfb, 0x56, 0x1,
    0xff, 0xd7, 0x36, 0x88, 0x0, 0x7f, 0xf4, 0x49,
    0x62, 0xf7, 0xf2, 0x5d, 0x0, 0x3f, 0xf9, 0xfb,
    0xfb, 0x4e, 0x84, 0x1, 0xff, 0xc4,

    /* U+002B "+" */
    0x0, 0xff, 0xe1, 0x17, 0xff, 0xff, 0x1, 0xc0,
    0x3f, 0xfb, 0xde, 0x1, 0xff, 0xff, 0x0, 0xff,
    0xff, 0x80, 0x7f, 0xff, 0xc0, 0x3f, 0xff, 0xe0,
    0x1f, 0xff, 0xf0, 0xf, 0xff, 0xf8, 0x7, 0xff,
    0xfc, 0x3, 0xff, 0xfe, 0x1, 0xff, 0xc5, 0xdf,
    0xff, 0xfe, 0xe, 0x80, 0x7f, 0xf0, 0x1f, 0xff,
    0xff, 0x84, 0x20, 0x1f, 0xff, 0xf0, 0xf, 0xff,
    0xf8, 0x7, 0xff, 0xfc, 0x3, 0xff, 0xfe, 0x1,
    0xff, 0xff, 0x0, 0xff, 0xff, 0x80, 0x7f, 0xf2,
    0xe2, 0x67, 0xff, 0x83, 0x0, 0x1f, 0xfc, 0x4,
    0x99, 0xff, 0xe1, 0xa, 0xb3, 0x7f, 0xf0, 0x54,
    0x3, 0xff, 0x80, 0x6c, 0xdf, 0xfc, 0x20, 0xf,
    0xff, 0xf8, 0x7, 0xff, 0xfc, 0x3, 0xff, 0xfe,
    0x1, 0xff, 0xff, 0x0, 0xff, 0xff, 0x80, 0x7f,
    0xff, 0xc0, 0x3f, 0xff, 0xe0, 0x1f, 0xff, 0xf0,
    0x8,

    /* U+002C "," */
    0x0, 0xe4, 0xad, 0xff, 0x6c, 0x98, 0x7, 0xe2,
    0xcb, 0x52, 0x0, 0x13, 0x65, 0x88, 0x7, 0x1e,
    0x18, 0x7, 0xe4, 0xf2, 0x0, 0x87, 0x44, 0x3,
    0xfc, 0x3e, 0x20, 0xb, 0x10, 0xf, 0xfe, 0x1,
    0x58, 0x12, 0x80, 0x7f, 0xf0, 0x94, 0x94, 0x3,
    0xff, 0x88, 0xb8, 0x1, 0xff, 0xc4, 0xd6, 0x0,
    0xff, 0xe2, 0x30, 0x7, 0xff, 0x19, 0x80, 0x3f,
    0xf8, 0x8e, 0x60, 0x1f, 0xfc, 0x4c, 0xa0, 0xf,
    0xfe, 0x21, 0x93, 0x0, 0x7f, 0xf0, 0x85, 0x2,
    0x48, 0x3, 0xff, 0x82, 0xc0, 0x16, 0x18, 0x7,
    0xff, 0x2, 0x80, 0x21, 0xc9, 0x30, 0xf, 0xe6,
    0x20, 0xe, 0x68, 0x0, 0xfe, 0x80, 0xf, 0xa0,
    0x3, 0xf3, 0x88, 0x7, 0x94, 0xc0, 0x3e, 0x19,
    0x0, 0xfa, 0x0, 0x3f, 0x48, 0x80, 0x79, 0x88,
    0x3, 0xe1, 0x70, 0xf, 0xa0, 0x3, 0xf5, 0x80,
    0x7c, 0xe2, 0x1, 0xf1, 0xa8, 0x7, 0x86, 0x40,
    0x3f, 0x40, 0x7, 0xd2, 0x20, 0x1f, 0x22, 0x0,
    0x3c, 0x2e, 0x1, 0xfa, 0x40, 0x3e, 0x40, 0xf,
    0xca, 0x40, 0x1f, 0x2f, 0x30, 0x7, 0xac, 0x3,
    0xf8, 0x67, 0x50, 0x2, 0x71, 0x0, 0xff, 0x8a,
    0xf0, 0xc6, 0x40, 0x3f, 0xf8, 0x47, 0x98, 0x10,
    0xf, 0xe0,

    /* U+002D "-" */
    0x1, 0x1f, 0xfe, 0x98, 0x47, 0x77, 0xff, 0x4d,
    0x0, 0x3f, 0xff, 0xe0, 0x1f, 0xff, 0xf0, 0xf,
    0xff, 0xf8, 0x7, 0xff, 0xfc, 0x3, 0xff, 0xfe,
    0x1, 0xff, 0xc9,

    /* U+002E "." */
    0x0, 0xf1, 0xc5, 0x5d, 0x39, 0x80, 0x7f, 0x93,
    0x71, 0xd5, 0x16, 0x32, 0xc8, 0x3, 0xe7, 0xb2,
    0x0, 0xf9, 0x35, 0x0, 0x39, 0xa0, 0x3, 0xfe,
    0xb3, 0x0, 0x86, 0x40, 0x3f, 0xf8, 0x3c, 0x1,
    0x40, 0x7, 0xff, 0x8, 0x98, 0x0, 0xe0, 0x1f,
    0xfc, 0x3a, 0x3, 0x10, 0xf, 0xfe, 0x19, 0x83,
    0x80, 0x7f, 0xf1, 0x44, 0x40, 0x1f, 0xfc, 0x53,
    0x60, 0xf, 0xfe, 0x29, 0x18, 0x7, 0xff, 0x10,
    0x80, 0x8, 0x1, 0xff, 0xc3, 0x50, 0x7, 0x80,
    0x7f, 0xf0, 0xe4, 0x0, 0x8a, 0x1, 0xff, 0xc1,
    0x91, 0x0, 0xa9, 0x0, 0x3f, 0xe7, 0x60, 0xe,
    0xb6, 0x0, 0xfe, 0x98, 0x0, 0xfa, 0x75, 0xcc,
    0x40, 0x4e, 0x39, 0x80, 0x30,

    /* U+002F "/" */
    0x0, 0xff, 0xe4, 0x3c, 0x47, 0xfc, 0xe0, 0x1f,
    0xfc, 0x83, 0x87, 0x7f, 0xfa, 0x80, 0x3f, 0xf9,
    0x8, 0x1, 0xff, 0xc0, 0x50, 0xf, 0xfe, 0x45,
    0x80, 0x7f, 0xf0, 0x30, 0x3, 0xff, 0x90, 0x60,
    0x1f, 0xfc, 0x4, 0x0, 0xff, 0xe3, 0xa8, 0x7,
    0xff, 0x1, 0x0, 0x3f, 0xf9, 0x18, 0x1, 0xff,
    0xc0, 0xd0, 0xf, 0xfe, 0x42, 0x0, 0x7f, 0xf0,
    0x10, 0x3, 0xff, 0x8e, 0x44, 0x0, 0xff, 0x84,
    0x80, 0x3f, 0xf8, 0xe8, 0x1, 0xff, 0xc0, 0x70,
    0xf, 0xfe, 0x46, 0x80, 0x7f, 0xf0, 0x30, 0x3,
    0xff, 0x90, 0x80, 0x1f, 0xfc, 0x4, 0x0, 0xff,
    0xe3, 0xa0, 0x7, 0xff, 0x0, 0xc4, 0x3, 0xff,
    0x8f, 0x80, 0x1f, 0xfc, 0xb, 0x0, 0xff, 0xe4,
    0x28, 0x7, 0xff, 0x1, 0x0, 0x3f, 0xf8, 0xe2,
    0x40, 0x1f, 0xf0, 0x98, 0x7, 0xff, 0x1d, 0x0,
    0x3f, 0xf8, 0x8, 0x1, 0xff, 0xc8, 0xf0, 0xf,
    0xfe, 0x6, 0x0, 0x7f, 0xf2, 0x10, 0x3, 0xff,
    0x80, 0xe0, 0x1f, 0xfc, 0x73, 0x10, 0xf, 0xf8,
    0x84, 0x3, 0xff, 0x8e, 0x80, 0x1f, 0xfc, 0x5,
    0x0, 0xff, 0xe4, 0x58, 0x7, 0xff, 0x3, 0x0,
    0x3f, 0xf9, 0x6, 0x1, 0xff, 0xc0, 0x40, 0xf,
    0xfe, 0x3a, 0x0, 0x7f, 0xf0, 0x10, 0x3, 0xff,
    0x91, 0xa0, 0x1f, 0xfc, 0xc, 0x0, 0xff, 0xe4,
    0x20, 0x7, 0xff, 0x1, 0x40, 0x3f, 0xf8, 0xe4,
    0x40, 0xf, 0xf8, 0x48, 0x3, 0xff, 0x8e, 0x80,
    0x1f, 0xfc, 0x7, 0x0, 0xff, 0xe4, 0x68, 0x7,
    0xff, 0x3, 0x0, 0x3f, 0xf9, 0x8, 0x1, 0xff,
    0xc0, 0x40, 0xf, 0xfe, 0x39, 0x80, 0x7f, 0xf0,
    0xc, 0x40, 0x3f, 0xf8, 0xf6, 0x1, 0xff, 0xc0,
    0x40, 0xf, 0xfe, 0x42, 0x0, 0x7f, 0xf0, 0x2c,
    0x3, 0xff, 0x8e, 0x26, 0x1, 0xff, 0xc0, 0x30,
    0xf, 0xfe, 0x3a, 0x0, 0x7f, 0xf0, 0x14, 0x3,
    0xff, 0x91, 0xe0, 0x1f, 0xfc, 0xc, 0x0, 0xff,
    0xe4, 0x20, 0x7, 0xff, 0x1, 0x0, 0x3f, 0xf8,
    0xe4, 0x20, 0x1f, 0xf1, 0x10, 0x3, 0xff, 0x8e,
    0xa0, 0x1f, 0xfc, 0x4, 0x0, 0xff, 0xe4, 0x60,
    0x7, 0xff, 0x3, 0x40, 0x3f, 0xf9, 0x8, 0x1,
    0xff, 0xc0, 0x40, 0xf, 0xfe, 0x3a, 0x0, 0x7f,
    0xf0, 0x10, 0x3, 0xff, 0x91, 0x80, 0x1f, 0xfc,
    0xc, 0x0, 0xff, 0xe4, 0x28, 0x7, 0xff, 0x1,
    0x0, 0x3f, 0xf8, 0xe2, 0x40, 0x1f, 0xf0, 0x98,
    0x7, 0xff, 0x1d, 0xc0, 0x3f, 0xf8, 0x8, 0x1,
    0xff, 0xc8, 0xc0, 0xf, 0xfe, 0x7, 0x80, 0x7f,
    0xf2, 0x10, 0x3, 0xff, 0x80, 0x80, 0x1f, 0xfc,
    0x73, 0x10, 0xf, 0xf8, 0xc4, 0x3, 0xff, 0x8e,
    0x80, 0x1f, 0xfc, 0x4, 0x0, 0xff, 0xe4, 0x58,
    0x7, 0xff, 0x3, 0x0, 0x3f, 0xf8, 0xe2, 0x60,
    0x1f, 0xfc, 0x4, 0x0, 0xff, 0xe3, 0xa0, 0x7,
    0xff, 0x1, 0x0, 0x3f, 0xf9, 0x18, 0x1, 0xff,
    0xc0, 0xd0, 0xf, 0xfe, 0x43, 0x80, 0x7f, 0xf0,
    0x10, 0x3, 0xff, 0x8e, 0x42, 0x1, 0xff, 0x11,
    0x0, 0x3f, 0xf8, 0xe8, 0x1, 0xff, 0xc0, 0x40,
    0xf, 0xfe, 0x46, 0x80, 0x7f, 0xf0, 0x30, 0x3,
    0xff, 0x90, 0x80, 0x1f, 0xfc, 0x5, 0x0, 0xff,
    0xe3, 0xa0, 0x7, 0xff, 0x0, 0xc0, 0x3f, 0xf9,
    0x18, 0x1, 0xff, 0xc0, 0xb0, 0xf, 0xfe, 0x42,
    0x80, 0x7f, 0xf0, 0x10, 0x3, 0xff, 0x8e, 0x24,
    0x1, 0xff, 0x9, 0x80, 0x7f, 0xf1, 0xd0, 0x3,
    0xff, 0x80, 0x80, 0x1f, 0xfc, 0x8f, 0x0, 0xff,
    0xe0, 0x60, 0x7, 0xff, 0x21, 0x0, 0x3f, 0xf8,
    0xe, 0x1, 0xff, 0xc7, 0x31, 0x0, 0xff, 0x88,
    0x40, 0x3f, 0xf8, 0xe8, 0x1, 0xff, 0xc0, 0x50,
    0xf, 0xfe, 0x45, 0x80, 0x7f, 0xf0, 0x30, 0x3,
    0xff, 0x90, 0x60, 0x1f, 0xfc, 0x4, 0x0, 0xff,
    0xe3, 0xa0, 0x7, 0xff, 0x1, 0x0, 0x3f, 0xf9,
    0x1a, 0x1, 0xff, 0xc0, 0xc0, 0xf, 0xfe, 0x42,
    0x0, 0x7f, 0xf0, 0x14, 0x3, 0xff, 0x90,

    /* U+0030 "0" */
    0x0, 0xff, 0xe4, 0xa, 0xc5, 0xef, 0x7f, 0xdd,
    0xb7, 0xa, 0x20, 0x1f, 0xfd, 0x91, 0x7c, 0xea,
    0x74, 0x21, 0x0, 0x84, 0x91, 0xeb, 0xb1, 0x84,
    0x3, 0xff, 0xa8, 0x33, 0xd0, 0x60, 0x1f, 0xfc,
    0x33, 0x9e, 0x91, 0x0, 0xff, 0xe8, 0xc7, 0x30,
    0x7, 0xff, 0x25, 0xba, 0x0, 0x3f, 0xf9, 0xc5,
    0xae, 0x1, 0xff, 0xcd, 0x7d, 0x20, 0xf, 0xfe,
    0x5a, 0xe9, 0x0, 0x7f, 0xf3, 0xcb, 0x54, 0x3,
    0xff, 0x93, 0x14, 0x1, 0xff, 0xd3, 0xa8, 0x0,
    0xff, 0xe3, 0xc3, 0x80, 0x7f, 0xf5, 0x5e, 0x0,
    0x3f, 0xf8, 0xb0, 0xe0, 0x1f, 0xfd, 0x77, 0x80,
    0xf, 0xfe, 0x1a, 0xb8, 0x7, 0xff, 0x65, 0xd8,
    0x3, 0xff, 0x82, 0x54, 0x1, 0xff, 0xdb, 0x92,
    0x0, 0xff, 0xe0, 0x78, 0x7, 0xff, 0x77, 0xc0,
    0x3f, 0xe7, 0x20, 0xf, 0xfe, 0xe9, 0x40, 0x7,
    0xf0, 0xc0, 0x7, 0xff, 0x1c, 0xd5, 0x62, 0x0,
    0xff, 0xe3, 0xb8, 0x80, 0x7e, 0xb0, 0xf, 0xfe,
    0x28, 0xcf, 0x65, 0x55, 0xbd, 0x2, 0x1, 0xff,
    0xc5, 0xb0, 0xf, 0x89, 0x40, 0x3f, 0xf8, 0x8d,
    0xcc, 0x20, 0x1c, 0x2f, 0xea, 0x1, 0xff, 0xc4,
    0x53, 0x0, 0xf5, 0x80, 0x7f, 0xf1, 0x1e, 0x40,
    0x3f, 0xc3, 0x4c, 0x1, 0xff, 0xc4, 0xa0, 0xf,
    0x30, 0x7, 0xff, 0xd, 0x20, 0x3, 0xff, 0x83,
    0x28, 0x1, 0xff, 0xc3, 0x61, 0x0, 0xcc, 0x1,
    0xff, 0xc3, 0x1a, 0x0, 0xff, 0xe1, 0xd0, 0x7,
    0xff, 0x11, 0xc0, 0x35, 0x0, 0x7f, 0xf0, 0xe4,
    0x40, 0x3f, 0xf8, 0x63, 0x0, 0x1f, 0xfc, 0x3a,
    0x0, 0xc6, 0x1, 0xff, 0xc3, 0x70, 0xf, 0xfe,
    0x2b, 0x0, 0x7f, 0xf0, 0xcc, 0x40, 0x8, 0x1,
    0xff, 0xc3, 0x60, 0xf, 0xfe, 0x30, 0xb0, 0x7,
    0xff, 0xd, 0x0, 0x1a, 0x1, 0xff, 0xc3, 0xd0,
    0xf, 0xfe, 0x3e, 0x80, 0x7f, 0xf0, 0xf0, 0x0,
    0xa0, 0x1f, 0xfc, 0x34, 0x0, 0xff, 0xe3, 0xa0,
    0x7, 0xff, 0xd, 0x0, 0x6, 0x1, 0xff, 0xc2,
    0x30, 0xf, 0xfe, 0x49, 0x80, 0x7f, 0xf0, 0x88,
    0x4, 0x3, 0xff, 0x86, 0xa0, 0x1f, 0xfc, 0x95,
    0x0, 0xff, 0xe1, 0x92, 0x80, 0x7f, 0xf0, 0xf8,
    0x3, 0xff, 0x93, 0xc0, 0x1f, 0xfc, 0x36, 0x20,
    0xf, 0xfe, 0x19, 0x0, 0x7f, 0xf2, 0x4c, 0x3,
    0xff, 0x86, 0x62, 0x1, 0xff, 0xc3, 0x10, 0xf,
    0xfe, 0x4b, 0x80, 0x7f, 0xf0, 0xff, 0xc0, 0x1f,
    0xfc, 0x36, 0x0, 0xff, 0xe4, 0x88, 0x7, 0xff,
    0xa8, 0xc0, 0x3f, 0xf8, 0x62, 0x20, 0xf, 0xff,
    0x49, 0x80, 0x7f, 0xfa, 0xc4, 0x3, 0xff, 0xd2,
    0x60, 0x1f, 0xfc, 0x41, 0x0, 0xff, 0xe4, 0x98,
    0x7, 0xff, 0xc, 0x7c, 0x3, 0xff, 0x86, 0xe0,
    0x1f, 0xfc, 0x91, 0x0, 0xff, 0xe2, 0x8, 0x7,
    0xff, 0xc, 0x40, 0x3f, 0xf9, 0x2e, 0x1, 0xff,
    0xc3, 0xf5, 0x0, 0xff, 0xe1, 0x90, 0x7, 0xff,
    0x24, 0x80, 0x3f, 0xf8, 0x64, 0x40, 0xf, 0xfe,
    0x1f, 0x0, 0x7f, 0xf2, 0x7c, 0x3, 0xff, 0x86,
    0xe2, 0x20, 0xf, 0xfe, 0x12, 0x80, 0x7f, 0xf2,
    0x54, 0x3, 0xff, 0x86, 0x40, 0x40, 0x1f, 0xfc,
    0x23, 0x0, 0xff, 0xe4, 0x98, 0x7, 0xff, 0x8,
    0x80, 0x8, 0x1, 0xff, 0xc3, 0x40, 0xf, 0xfe,
    0x3a, 0x0, 0x7f, 0xf0, 0xdc, 0x1, 0x80, 0x1f,
    0xfc, 0x3e, 0x0, 0xff, 0xe3, 0xe8, 0x7, 0xff,
    0xf, 0xc0, 0x8, 0x1, 0xff, 0xc3, 0x50, 0xf,
    0xfe, 0x3b, 0x80, 0x7f, 0xf0, 0xd0, 0x2, 0x40,
    0xf, 0xfe, 0x1b, 0x80, 0x7f, 0xf1, 0x5c, 0x40,
    0x3f, 0xf8, 0x44, 0x20, 0x17, 0x0, 0x7f, 0xf0,
    0xe0, 0x40, 0x3f, 0xf8, 0x63, 0x20, 0x1f, 0xfc,
    0x3a, 0x0, 0xca, 0x20, 0x1f, 0xfc, 0x3a, 0x0,
    0xff, 0xe1, 0xd8, 0x80, 0x7f, 0xf0, 0xd8, 0x3,
    0x98, 0x3, 0xff, 0x86, 0x90, 0x1, 0xff, 0xc1,
    0x85, 0x0, 0xff, 0xe1, 0xa8, 0x80, 0x74, 0x80,
    0x7f, 0xf1, 0x1e, 0x40, 0x3f, 0xe9, 0x70, 0xf,
    0xfe, 0x24, 0x80, 0x78, 0x5c, 0x3, 0xff, 0x88,
    0xda, 0xa0, 0x1f, 0x2e, 0xb0, 0x7, 0xff, 0x11,
    0xc, 0x3, 0xe9, 0x10, 0xf, 0xfe, 0x21, 0x57,
    0xdc, 0xc4, 0xdf, 0xd1, 0x0, 0x7f, 0xf1, 0x64,
    0x3, 0xf0, 0xc0, 0x7, 0xff, 0x1d, 0x19, 0xd9,
    0x0, 0x3f, 0xf8, 0xec, 0x40, 0x1f, 0xcc, 0x60,
    0x1f, 0xfd, 0xd1, 0x80, 0xf, 0xfb, 0x44, 0x3,
    0xff, 0xb9, 0xa2, 0x1, 0xff, 0xd, 0x0, 0x7f,
    0xf6, 0xe0, 0xc0, 0x3f, 0xf8, 0x29, 0x20, 0x1f,
    0xfd, 0x95, 0x70, 0xf, 0xfe, 0x1b, 0x40, 0x7,
    0xff, 0x5d, 0x68, 0x3, 0xff, 0x8a, 0xf0, 0x1,
    0xff, 0xd5, 0x5a, 0x0, 0xff, 0xe3, 0xbd, 0x88,
    0x7, 0xff, 0x4a, 0x28, 0x3, 0xff, 0x92, 0x9e,
    0x60, 0x1f, 0xfc, 0xf1, 0xc7, 0x0, 0xff, 0xe5,
    0x8e, 0x40, 0x7, 0xff, 0x35, 0xfc, 0xc0, 0x3f,
    0xf9, 0xcf, 0xce, 0x1, 0xff, 0xc9, 0x5d, 0x81,
    0x0, 0xff, 0xe8, 0xc, 0x7c, 0xa0, 0x7, 0xff,
    0xc, 0xe3, 0xa8, 0x80, 0x3f, 0xfa, 0xad, 0x7f,
    0x6e, 0xa4, 0x20, 0x10, 0x92, 0x3d, 0x76, 0x38,
    0x80, 0x7f, 0xf1, 0x40,

    /* U+0031 "1" */
    0x1, 0x1f, 0xfe, 0x7c, 0xf7, 0x7f, 0xf3, 0xb0,
    0x3, 0xff, 0xfe, 0x1, 0xff, 0xff, 0x0, 0xff,
    0xff, 0x80, 0x7f, 0xff, 0xc0, 0x3f, 0xfb, 0x13,
    0xff, 0xff, 0x20, 0x7, 0xff, 0xfc, 0x3, 0xff,
    0xfe, 0x1, 0xff, 0xff, 0x0, 0xff, 0xff, 0x80,
    0x7f, 0xff, 0xc0, 0x3f, 0xff, 0xe0, 0x1f, 0xff,
    0xf0, 0xf, 0xff, 0xf8, 0x7, 0xff, 0xfc, 0x3,
    0xff, 0xfe, 0x1, 0xff, 0xff, 0x0, 0xff, 0xff,
    0x80, 0x7f, 0xff, 0xc0, 0x3f, 0xff, 0xe0, 0x1f,
    0xff, 0xf0, 0xf, 0xff, 0xf8, 0x7, 0xff, 0xfc,
    0x3, 0xff, 0xfe, 0x1, 0xfc,

    /* U+0032 "2" */
    0x0, 0xff, 0xe3, 0x9a, 0xb3, 0xbc, 0xcc, 0x42,
    0x0, 0xff, 0xea, 0x8b, 0x5f, 0x7e, 0x54, 0xc4,
    0x53, 0x2b, 0xdf, 0xc8, 0x30, 0xf, 0xfe, 0x7b,
    0x67, 0x4a, 0x8, 0x7, 0xff, 0x0, 0xdf, 0x35,
    0xc4, 0x3, 0xff, 0x94, 0xfd, 0x26, 0x1, 0xff,
    0xc7, 0x28, 0xe7, 0x0, 0xff, 0xe3, 0xa6, 0xc0,
    0x80, 0x7f, 0xf3, 0x23, 0x48, 0x3, 0xff, 0x89,
    0x36, 0x40, 0x1f, 0xfc, 0xf2, 0xd5, 0x0, 0xff,
    0xe0, 0x8e, 0x30, 0x7, 0xff, 0x4e, 0x98, 0x3,
    0xfe, 0x2c, 0x30, 0xf, 0xfe, 0xac, 0xa8, 0x7,
    0xf0, 0xf9, 0x0, 0x7f, 0xf5, 0xe8, 0x80, 0x3f,
    0x69, 0x0, 0x7f, 0xf6, 0x78, 0x3, 0xea, 0x30,
    0xf, 0xfe, 0xd1, 0xb0, 0x7, 0x2a, 0x80, 0x3f,
    0xfb, 0x96, 0x1, 0x86, 0xc0, 0x3f, 0xfb, 0xa4,
    0xa0, 0x18, 0x80, 0x3f, 0xfb, 0xde, 0x1, 0xe,
    0x20, 0x7, 0xff, 0xc, 0xa3, 0x3b, 0xfb, 0x64,
    0xc0, 0x3f, 0xf8, 0xaa, 0x1, 0xd6, 0xa0, 0x1f,
    0xfc, 0x1, 0xad, 0x73, 0x10, 0x12, 0x6c, 0xa0,
    0xf, 0xfe, 0x29, 0x80, 0x75, 0x38, 0x7, 0xf8,
    0xfd, 0x40, 0x3f, 0x96, 0xc0, 0x3f, 0xf8, 0x8a,
    0x1, 0xe8, 0x90, 0xf, 0xc9, 0x82, 0x1, 0xff,
    0x23, 0x80, 0x7f, 0xf0, 0xfc, 0x3, 0xe6, 0xa0,
    0xf, 0x25, 0x80, 0x7f, 0xf0, 0xa4, 0x3, 0xff,
    0x86, 0x40, 0x1f, 0x97, 0x4, 0x2, 0x2b, 0x0,
    0xff, 0xe1, 0x89, 0x80, 0x7f, 0xf3, 0xf, 0x4,
    0x1, 0xe0, 0x1f, 0xfc, 0x56, 0x0, 0xff, 0xe1,
    0x38, 0x7, 0xf8, 0xbc, 0xa4, 0x80, 0x3f, 0xf8,
    0xa6, 0x1, 0xff, 0xce, 0x1d, 0x60, 0xf, 0xfe,
    0x31, 0x0, 0x7f, 0xf0, 0x9c, 0x3, 0xff, 0xa8,
    0xa0, 0x1f, 0xfc, 0x21, 0x0, 0xff, 0xe9, 0x98,
    0x80, 0x7f, 0xf0, 0xb4, 0x3, 0xff, 0xa7, 0x0,
    0x1f, 0xfc, 0x32, 0x0, 0xff, 0xe9, 0x22, 0x0,
    0x3f, 0xf8, 0x68, 0x1, 0xff, 0xd1, 0x1a, 0x0,
    0xff, 0xe1, 0x98, 0x80, 0x7f, 0xf4, 0x74, 0x40,
    0x3f, 0xf8, 0x76, 0x1, 0xff, 0xd1, 0xa3, 0x0,
    0xff, 0xe2, 0x30, 0x7, 0xff, 0x42, 0x54, 0x3,
    0xff, 0x88, 0xc2, 0x1, 0xff, 0xcf, 0x96, 0x0,
    0xff, 0xe2, 0xc0, 0x7, 0xff, 0x3e, 0x18, 0x3,
    0xff, 0x8b, 0x2, 0x1, 0xff, 0xce, 0x87, 0x0,
    0xff, 0xe2, 0x9b, 0x80, 0x7f, 0xf3, 0xa1, 0xc0,
    0x3f, 0xf8, 0xdc, 0x1, 0xff, 0xce, 0x77, 0x0,
    0x7f, 0xf1, 0xa8, 0x80, 0x3f, 0xf9, 0xaf, 0x0,
    0x1f, 0xfc, 0x68, 0x50, 0xf, 0xfe, 0x6b, 0xc0,
    0x7, 0xff, 0x19, 0x9c, 0x3, 0xff, 0x9a, 0xd0,
    0x1, 0xff, 0xc6, 0x59, 0x0, 0xff, 0xe6, 0xb4,
    0x80, 0x7f, 0xf1, 0x96, 0x80, 0x3f, 0xf9, 0xad,
    0x20, 0x1f, 0xfc, 0x65, 0xa0, 0xf, 0xfe, 0x6a,
    0xc8, 0x7, 0xff, 0x19, 0x68, 0x3, 0xff, 0x9a,
    0xb4, 0x1, 0xff, 0xc6, 0x5a, 0x0, 0xff, 0xe6,
    0xad, 0x0, 0x7f, 0xf1, 0x9a, 0x80, 0x3f, 0xf9,
    0xab, 0x40, 0x1f, 0xfc, 0x66, 0x90, 0xf, 0xfe,
    0x6a, 0x50, 0x7, 0xff, 0x19, 0xa4, 0x3, 0xff,
    0x9a, 0x96, 0x1, 0xff, 0xc6, 0x79, 0x0, 0xff,
    0xe6, 0xa5, 0x80, 0x7f, 0xf1, 0x9e, 0x0, 0x3f,
    0xf9, 0xa9, 0x60, 0x1f, 0xfc, 0x67, 0x80, 0xf,
    0xfe, 0x69, 0xd8, 0x7, 0xff, 0x19, 0xe0, 0x3,
    0xff, 0x9a, 0x78, 0x1, 0xff, 0xc6, 0x79, 0x11,
    0xff, 0xe4, 0x0, 0x71, 0xe0, 0x7, 0xff, 0x1d,
    0xfb, 0xbf, 0xf9, 0x24, 0x1, 0x1e, 0x0, 0x7f,
    0xf8, 0x4f, 0x40, 0x3f, 0xfc, 0x25, 0xa2, 0x1,
    0xff, 0xe1, 0xc1, 0x0, 0xff, 0xf0, 0x88, 0x80,
    0x3f, 0xff, 0xe0, 0x1f, 0xff, 0xf0, 0xf, 0xff,
    0xf8, 0x7, 0xff, 0xfc, 0x3, 0xff, 0xfe, 0x1,
    0xf0,

    /* U+0033 "3" */
    0x0, 0xe1, 0x1f, 0xfe, 0xe8, 0x7, 0xd5, 0xdd,
    0xff, 0xdc, 0x40, 0xf, 0xff, 0xf8, 0x7, 0xff,
    0xfc, 0x3, 0xff, 0xfe, 0x1, 0xff, 0xff, 0x0,
    0xff, 0xff, 0x80, 0x7e, 0x60, 0xf, 0xff, 0x15,
    0x10, 0x7, 0xff, 0x86, 0x14, 0x3, 0xff, 0xc2,
    0xce, 0x1, 0xff, 0xe1, 0x59, 0x0, 0xfe, 0xbf,
    0xff, 0xfe, 0x36, 0x88, 0x7, 0xff, 0xc, 0xe8,
    0x3, 0xff, 0xa0, 0x3e, 0x20, 0x1f, 0xfc, 0x22,
    0xd0, 0xf, 0xfe, 0x8e, 0x90, 0x7, 0xff, 0x8,
    0x7c, 0x40, 0x3f, 0xfa, 0x14, 0x60, 0x1f, 0xfc,
    0x3d, 0x20, 0xf, 0xfe, 0x84, 0x28, 0x7, 0xff,
    0xe, 0xcc, 0x3, 0xff, 0xa0, 0xce, 0x1, 0xff,
    0xc3, 0x94, 0x0, 0xff, 0xe8, 0x24, 0x80, 0x7f,
    0xf0, 0xdd, 0x80, 0x3f, 0xfa, 0x5, 0x60, 0x1f,
    0xfc, 0x36, 0x80, 0xf, 0xfe, 0x80, 0xe0, 0x7,
    0xff, 0xd, 0x24, 0x3, 0xff, 0xa3, 0xa2, 0x1,
    0xff, 0xc2, 0x3b, 0x0, 0xff, 0xe8, 0xd9, 0x80,
    0x7f, 0xf0, 0xfc, 0x3, 0xff, 0xa3, 0x28, 0x1,
    0xff, 0xc4, 0xce, 0xa6, 0x0, 0xff, 0xe6, 0xa3,
    0x0, 0x7f, 0xf1, 0x85, 0x67, 0xe0, 0x3, 0xff,
    0xc6, 0xfc, 0xa0, 0x1f, 0xfe, 0x21, 0xa8, 0x0,
    0xff, 0xf1, 0xbd, 0x0, 0x7f, 0xf8, 0xd6, 0x0,
    0x3f, 0xfc, 0x6e, 0x80, 0x1f, 0xfe, 0x3a, 0x0,
    0xff, 0xf1, 0x8c, 0x0, 0x7f, 0xf1, 0x56, 0x2f,
    0x37, 0xbf, 0xb6, 0x9c, 0x80, 0x3f, 0xf8, 0xce,
    0x1, 0xff, 0xc4, 0x4a, 0x74, 0x32, 0x10, 0x12,
    0x58, 0xdc, 0x30, 0xf, 0xfe, 0x2b, 0x0, 0x7f,
    0xf4, 0xf, 0x20, 0x3, 0xff, 0x89, 0xa0, 0x1f,
    0xfd, 0x27, 0x80, 0xf, 0xfe, 0x1a, 0x0, 0x7f,
    0xf4, 0xdc, 0xc0, 0x3f, 0xf8, 0x66, 0x1, 0xff,
    0xd3, 0x90, 0xf, 0xfe, 0x1b, 0x0, 0x7f, 0xf4,
    0xd4, 0x3, 0xff, 0x86, 0x40, 0x1f, 0xfd, 0x41,
    0x0, 0xff, 0xe1, 0x78, 0x7, 0xff, 0x50, 0xc0,
    0x3f, 0xf8, 0x42, 0x1, 0xff, 0xd4, 0x30, 0xf,
    0xff, 0x10, 0x88, 0x3, 0xff, 0x84, 0x20, 0x1f,
    0xe1, 0x10, 0x7, 0xff, 0x1d, 0xc0, 0x3f, 0xf8,
    0x7e, 0x1, 0xfc, 0x39, 0x40, 0x1f, 0xfc, 0x7b,
    0x0, 0xff, 0xe1, 0x98, 0x7, 0xe1, 0xc2, 0x4b,
    0x10, 0xf, 0xfe, 0x24, 0x90, 0x7, 0xff, 0xd,
    0x40, 0x3e, 0x1c, 0x20, 0x2, 0x7a, 0x80, 0x7f,
    0xf0, 0xa5, 0x80, 0x3f, 0xf8, 0x62, 0x20, 0xf,
    0x17, 0x90, 0x6, 0x1a, 0xc6, 0x0, 0xff, 0x2e,
    0xb0, 0x7, 0xff, 0x11, 0xc0, 0x3c, 0x58, 0x20,
    0x1f, 0x1c, 0xfd, 0xc3, 0x22, 0x15, 0xeb, 0xa8,
    0x80, 0x3f, 0xf8, 0xb4, 0x1, 0xc5, 0x82, 0x1,
    0xff, 0x23, 0xcd, 0xda, 0xa1, 0x44, 0x3, 0xff,
    0x8c, 0x46, 0x1, 0x8b, 0x4, 0x3, 0xff, 0xb7,
    0x20, 0x18, 0xb0, 0x40, 0x3f, 0xfb, 0x66, 0x80,
    0x11, 0xe0, 0x80, 0x7f, 0xf7, 0x38, 0x3, 0x78,
    0x80, 0x7f, 0xf7, 0x28, 0x80, 0x36, 0x98, 0x7,
    0xff, 0x6e, 0x14, 0x3, 0x87, 0x50, 0x3, 0xff,
    0xb3, 0xe, 0x1, 0xf0, 0xdb, 0x80, 0x7f, 0xf5,
    0xe5, 0xc0, 0x3f, 0xd1, 0x64, 0x1, 0xff, 0xd3,
    0x3d, 0x60, 0xf, 0xfe, 0x2, 0x6c, 0x8, 0x7,
    0xff, 0x3c, 0x67, 0x8, 0x3, 0xff, 0x86, 0xfd,
    0x24, 0x1, 0xff, 0xcb, 0x28, 0xe6, 0x0, 0xff,
    0xe3, 0xb6, 0xe3, 0x90, 0x7, 0xff, 0x14, 0x9b,
    0x35, 0xc0, 0x3f, 0xf9, 0x67, 0x1b, 0xd7, 0xa,
    0x64, 0x20, 0x10, 0x91, 0xab, 0xd7, 0x6c, 0x98,
    0x7, 0xff, 0x8,

    /* U+0034 "4" */
    0x0, 0xff, 0xe4, 0x3c, 0x47, 0xff, 0xd, 0xc0,
    0x3f, 0xfa, 0xcb, 0xe, 0xff, 0xfc, 0x3f, 0x0,
    0xff, 0xeb, 0x40, 0x7, 0xff, 0x12, 0x40, 0x3f,
    0xfa, 0xa8, 0x40, 0x1f, 0xfc, 0x37, 0x10, 0xf,
    0xfe, 0xac, 0x0, 0x7f, 0xf1, 0x24, 0x3, 0xff,
    0xaa, 0x86, 0x1, 0xff, 0xc3, 0x61, 0x0, 0xff,
    0xea, 0xf8, 0x7, 0xff, 0x12, 0x0, 0x3f, 0xfa,
    0xa6, 0x80, 0x1f, 0xfc, 0x36, 0x10, 0xf, 0xfe,
    0xac, 0x0, 0x7f, 0xf1, 0x20, 0x3, 0xff, 0xaa,
    0x48, 0x1, 0xff, 0xc3, 0x61, 0x0, 0xff, 0xea,
    0xc0, 0x7, 0xff, 0x12, 0xc0, 0x3f, 0xfa, 0xa4,
    0xa0, 0x1f, 0xfc, 0x35, 0x20, 0xf, 0xfe, 0xad,
    0x80, 0x7f, 0xf1, 0x20, 0x3, 0xff, 0xaa, 0x2c,
    0x1, 0xff, 0xc3, 0x52, 0x0, 0xff, 0xea, 0xc8,
    0x7, 0xff, 0x12, 0x0, 0x3f, 0xfa, 0xa2, 0xe0,
    0x1f, 0xfc, 0x35, 0x20, 0xf, 0xfe, 0xac, 0x80,
    0x7f, 0xf1, 0x24, 0x3, 0xff, 0xac, 0xc0, 0x1f,
    0xfc, 0x34, 0x30, 0xf, 0xfe, 0xab, 0x88, 0x7,
    0xff, 0xe, 0x0, 0x3f, 0xfa, 0xd2, 0x1, 0xff,
    0xc3, 0x43, 0x0, 0xff, 0xea, 0xb0, 0x80, 0x7f,
    0xf0, 0xe0, 0x3, 0xff, 0xad, 0x0, 0x1f, 0xfc,
    0x34, 0x30, 0xf, 0xfe, 0xab, 0x8, 0x7, 0xff,
    0xe, 0x0, 0x3f, 0xfa, 0xd6, 0x1, 0xff, 0xc3,
    0x33, 0x0, 0x7f, 0xf5, 0x54, 0x80, 0x3f, 0xf8,
    0x70, 0x1, 0xff, 0xd6, 0x90, 0xf, 0xfe, 0x19,
    0xa0, 0x6, 0x88, 0xff, 0xe1, 0x90, 0x7, 0xff,
    0x5, 0xc, 0x3, 0xff, 0x87, 0x0, 0x18, 0x5d,
    0xff, 0xf8, 0x6c, 0x1, 0xff, 0xc1, 0x80, 0xf,
    0xfe, 0x19, 0xa0, 0x7, 0xff, 0x54, 0xcc, 0x1,
    0xff, 0xc3, 0x90, 0xf, 0xfe, 0xb4, 0x0, 0x7f,
    0xf0, 0xc9, 0x40, 0x3f, 0xfa, 0xa6, 0x80, 0x1f,
    0xfc, 0x38, 0x0, 0xff, 0xeb, 0x48, 0x7, 0xff,
    0xc, 0x94, 0x3, 0xff, 0xaa, 0x4a, 0x1, 0xff,
    0xc3, 0x80, 0xf, 0xfe, 0xb5, 0x80, 0x7f, 0xf0,
    0xc9, 0x40, 0x3f, 0xfa, 0xa2, 0xc0, 0x1f, 0xfc,
    0x3b, 0x0, 0xff, 0xeb, 0x40, 0x7, 0xff, 0xc,
    0x98, 0x3, 0xff, 0xaa, 0x2c, 0x1, 0xff, 0xc3,
    0xb0, 0xf, 0xfe, 0xb4, 0x80, 0x7f, 0xf1, 0x27,
    0xff, 0xfb, 0x80, 0x3f, 0xf8, 0x77, 0xff, 0xc8,
    0x0, 0x70, 0xf, 0xff, 0x33, 0x80, 0x7f, 0xf9,
    0xe4, 0x3, 0xff, 0xcc, 0xa2, 0x1, 0xff, 0xe6,
    0x30, 0xf, 0xff, 0xf8, 0x7, 0xff, 0xfc, 0x3,
    0xff, 0xfe, 0x1, 0xff, 0xff, 0x0, 0xff, 0xff,
    0x80, 0x7f, 0xf7, 0x1b, 0xbb, 0xff, 0xa1, 0xa0,
    0x1f, 0xfc, 0x3a, 0xee, 0xe4, 0x1, 0x1f, 0xfe,
    0x81, 0x80, 0x7f, 0xf0, 0xc4, 0x7c, 0x1, 0xff,
    0xff, 0x0, 0xff, 0xff, 0x80, 0x7f, 0xff, 0xc0,
    0x3f, 0xff, 0xe0, 0x1f, 0xff, 0xf0, 0xf, 0xff,
    0xf8, 0x7, 0xff, 0xfc, 0x3, 0xff, 0xc8,

    /* U+0035 "5" */
    0x0, 0xfe, 0x11, 0xff, 0xeb, 0x80, 0x7f, 0xf0,
    0x2f, 0xbb, 0xff, 0xae, 0x40, 0x1f, 0xf3, 0x80,
    0x7f, 0xf8, 0xc8, 0x3, 0xff, 0xc6, 0x20, 0x1f,
    0xfe, 0x21, 0x0, 0xff, 0xf1, 0x90, 0x7, 0xff,
    0x8d, 0x80, 0x3f, 0xfc, 0x66, 0x1, 0xff, 0xe3,
    0xe0, 0xf, 0xff, 0x19, 0x0, 0x7f, 0xf8, 0xc4,
    0x3, 0xff, 0xc6, 0xc0, 0x1f, 0xfe, 0x32, 0x0,
    0xff, 0xf8, 0xf, 0xff, 0xff, 0x2c, 0x80, 0x3f,
    0x88, 0x3, 0xff, 0x82, 0x40, 0x1f, 0xfd, 0x56,
    0x0, 0xff, 0xe0, 0xb0, 0x7, 0xff, 0x54, 0x40,
    0x3f, 0xf8, 0x24, 0x1, 0xff, 0xd5, 0x20, 0xf,
    0xfe, 0xf, 0x0, 0x7f, 0xf5, 0x78, 0x3, 0xff,
    0x82, 0x60, 0x1f, 0xfd, 0x53, 0x0, 0xff, 0xe0,
    0xb0, 0x7, 0xff, 0x55, 0x80, 0x3f, 0xf8, 0x24,
    0x1, 0xff, 0xd5, 0x20, 0xf, 0xfe, 0xb, 0x56,
    0xf7, 0xfe, 0xed, 0xa8, 0x50, 0xf, 0xfe, 0x48,
    0x80, 0x7f, 0xf0, 0x61, 0x48, 0x40, 0x30, 0x92,
    0xbd, 0x7d, 0xa8, 0x7, 0xff, 0x14, 0x40, 0x3f,
    0xfa, 0x9, 0x5a, 0xc0, 0x1f, 0xfc, 0x32, 0x0,
    0xff, 0xe9, 0x14, 0xe1, 0x0, 0x7f, 0xf0, 0x5c,
    0x3, 0xff, 0xa8, 0x7a, 0xa0, 0x1f, 0xfc, 0x2,
    0x0, 0xff, 0xeb, 0x53, 0x80, 0x7f, 0xdc, 0x1,
    0xff, 0xd7, 0x86, 0x0, 0xff, 0x8, 0x7, 0xff,
    0x62, 0x50, 0x3, 0xff, 0xc7, 0x42, 0x1, 0xfa,
    0x54, 0x3, 0xff, 0xb0, 0x36, 0x1, 0xfd, 0x4e,
    0x1, 0xff, 0xd8, 0x53, 0x0, 0xfe, 0x88, 0x0,
    0x7c, 0x91, 0x9b, 0xdf, 0xdb, 0x4e, 0x40, 0x1f,
    0xfc, 0x69, 0x0, 0xff, 0x3c, 0x80, 0x45, 0x3f,
    0x6e, 0x64, 0x20, 0x24, 0xb1, 0xb4, 0x20, 0x1f,
    0xfc, 0x45, 0x20, 0xf, 0xf3, 0x58, 0xc6, 0xb0,
    0x7, 0xff, 0x1, 0x7d, 0x0, 0x3f, 0xf8, 0x8a,
    0x1, 0xff, 0x27, 0x38, 0x7, 0xff, 0xc, 0x6c,
    0xc0, 0x3f, 0xf8, 0x76, 0x1, 0xff, 0xd3, 0xd0,
    0xf, 0xfe, 0x19, 0x80, 0x7f, 0xf4, 0xc5, 0xc0,
    0x3f, 0xf8, 0x66, 0x1, 0xff, 0xd3, 0xb0, 0xf,
    0xfe, 0x1a, 0x80, 0x7f, 0xf4, 0xcc, 0x3, 0xff,
    0x86, 0x20, 0x1f, 0xfd, 0x41, 0x0, 0xff, 0xe1,
    0x78, 0x7, 0xff, 0x8c, 0x40, 0x3f, 0xfa, 0x82,
    0x1, 0xff, 0xc2, 0x10, 0xf, 0xfe, 0x9a, 0x0,
    0x7f, 0xf0, 0xfc, 0x3, 0xfc, 0x40, 0x1f, 0xfc,
    0x8d, 0x0, 0xff, 0xe1, 0x88, 0x7, 0xf1, 0xeb,
    0x80, 0x7f, 0xf1, 0x89, 0x80, 0x3f, 0xf8, 0x6a,
    0x1, 0xf9, 0x30, 0x22, 0x0, 0x1f, 0xfc, 0x5e,
    0x0, 0xff, 0xe2, 0x18, 0x7, 0xc9, 0x60, 0x13,
    0xe1, 0x0, 0x7f, 0xf0, 0x47, 0xc, 0x3, 0xff,
    0x86, 0x40, 0x1f, 0x25, 0x80, 0x71, 0xed, 0x20,
    0x7, 0xf0, 0xbf, 0x18, 0x7, 0xff, 0x12, 0x80,
    0x3c, 0x96, 0x1, 0xf9, 0x6f, 0xa9, 0xd5, 0x10,
    0xaf, 0x7d, 0x0, 0x1f, 0xfc, 0x65, 0x0, 0xe5,
    0xb0, 0xf, 0xf8, 0x56, 0x2a, 0xed, 0x50, 0x80,
    0x1f, 0xfc, 0x74, 0x20, 0xc, 0xb4, 0x1, 0xff,
    0xdc, 0x80, 0xc, 0xb4, 0x1, 0xff, 0xdc, 0x53,
    0x0, 0x9a, 0x80, 0x3f, 0xfb, 0x83, 0x60, 0x10,
    0xc8, 0x7, 0xff, 0x77, 0x44, 0x2, 0x1c, 0x0,
    0xff, 0xee, 0x51, 0x80, 0x71, 0xe0, 0x80, 0x7f,
    0xf6, 0x69, 0x40, 0x3e, 0x3f, 0x40, 0xf, 0xfe,
    0xb0, 0xda, 0x80, 0x7f, 0xd, 0xc8, 0x80, 0x7f,
    0xf4, 0xcf, 0xd0, 0x3, 0xff, 0x80, 0xde, 0xe0,
    0x1f, 0xfd, 0x1, 0xac, 0x10, 0xf, 0xfe, 0x10,
    0xc7, 0xc1, 0x0, 0x7f, 0xf2, 0xca, 0x79, 0x40,
    0x3f, 0xf8, 0xef, 0xb8, 0xe6, 0x1, 0xff, 0xc5,
    0x26, 0xcd, 0x60, 0xf, 0xfe, 0x59, 0xc6, 0x7d,
    0xc3, 0x21, 0x8, 0x4, 0x24, 0x6a, 0xf5, 0xdb,
    0x26, 0x1, 0xff, 0xc2,

    /* U+0036 "6" */
    0x0, 0xff, 0xe5, 0xaf, 0xff, 0xff, 0x14, 0xc0,
    0x3f, 0xfa, 0x23, 0x60, 0x1f, 0xfc, 0x47, 0x30,
    0xf, 0xfe, 0x8d, 0x8, 0x7, 0xff, 0xc, 0xe0,
    0x3, 0xff, 0xa2, 0xc8, 0x1, 0xff, 0xc3, 0x1d,
    0x0, 0xff, 0xe8, 0x94, 0x80, 0x7f, 0xf1, 0x2c,
    0x40, 0x3f, 0xfa, 0x3c, 0x1, 0xff, 0xc4, 0x65,
    0x0, 0xff, 0xe8, 0xb9, 0x80, 0x7f, 0xf0, 0xca,
    0x40, 0x3f, 0xfa, 0x27, 0x0, 0x1f, 0xfc, 0x4f,
    0x0, 0xff, 0xe9, 0x70, 0x7, 0xff, 0x12, 0x48,
    0x3, 0xff, 0xa3, 0x4, 0x1, 0xff, 0xc3, 0x46,
    0x0, 0xff, 0xe8, 0x9b, 0x80, 0x7f, 0xf0, 0xc6,
    0x80, 0x3f, 0xfa, 0x5c, 0x1, 0xff, 0xc4, 0xa1,
    0x0, 0xff, 0xe8, 0xc9, 0x0, 0x7f, 0xf0, 0xdd,
    0x0, 0x3f, 0xfa, 0x28, 0xc0, 0x1f, 0xfc, 0x33,
    0x80, 0xf, 0xfe, 0x88, 0xd0, 0x7, 0xff, 0x13,
    0x80, 0x3f, 0xfa, 0x56, 0x20, 0x1f, 0xfc, 0x3a,
    0x20, 0xf, 0xfe, 0x8a, 0xa8, 0x3, 0xff, 0x86,
    0xca, 0x1, 0xff, 0xd1, 0x1b, 0x0, 0xff, 0xe1,
    0x94, 0x80, 0x7f, 0xf4, 0xa8, 0x40, 0x3f, 0xf8,
    0x7c, 0x1, 0xff, 0xd2, 0x64, 0x0, 0xff, 0xe1,
    0xc9, 0x80, 0x7f, 0xf4, 0x4a, 0x40, 0x3f, 0xf8,
    0x82, 0xca, 0x60, 0x1f, 0xfc, 0xfe, 0x0, 0xff,
    0xe2, 0xc4, 0xd6, 0x7e, 0x39, 0x0, 0x7f, 0xf2,
    0x9c, 0xc0, 0x3f, 0xf9, 0x47, 0x1b, 0x88, 0x1,
    0xff, 0xc7, 0x28, 0x0, 0xff, 0xe7, 0x1d, 0xe1,
    0x0, 0x7f, 0xf1, 0x7c, 0x3, 0xff, 0xa2, 0x7a,
    0xe0, 0x1f, 0xfc, 0x38, 0x20, 0xf, 0xfe, 0x9c,
    0x58, 0x7, 0xff, 0x4, 0xdc, 0x3, 0xff, 0xaa,
    0x98, 0x20, 0x1f, 0xf7, 0x0, 0x7f, 0xf5, 0xcf,
    0x40, 0x3f, 0xce, 0x40, 0x1f, 0xfd, 0x83, 0xb0,
    0xf, 0xc3, 0x20, 0x1f, 0xfd, 0xa4, 0x60, 0xf,
    0xa4, 0x40, 0x3f, 0xfb, 0x72, 0x40, 0x1e, 0x60,
    0xf, 0xfe, 0xec, 0x0, 0x73, 0x8, 0x7, 0xff,
    0x10, 0x5f, 0x3b, 0xfa, 0xdc, 0x40, 0x3f, 0xf8,
    0x8a, 0x60, 0x1a, 0x80, 0x3f, 0xf8, 0x8f, 0xd0,
    0x62, 0x2, 0x91, 0xec, 0x1, 0xff, 0xc4, 0x90,
    0x8, 0x4c, 0x3, 0xff, 0x87, 0x30, 0x1, 0xf8,
    0x66, 0x0, 0x3f, 0xf8, 0x6a, 0x1, 0x38, 0x7,
    0xff, 0xd, 0xd8, 0x3, 0xfe, 0x75, 0x0, 0xff,
    0xe1, 0xa8, 0x3, 0xc0, 0x3f, 0xf8, 0x43, 0x0,
    0x1f, 0xfc, 0x1b, 0x0, 0xff, 0xe1, 0xe8, 0x1,
    0x0, 0x3f, 0xf8, 0x52, 0x1, 0xff, 0xc2, 0x17,
    0x0, 0xff, 0xe1, 0x20, 0x0, 0x80, 0x3f, 0xf8,
    0x4a, 0x1, 0xff, 0xc3, 0xb0, 0xf, 0xfe, 0x11,
    0x0, 0x80, 0x7f, 0xf0, 0xc8, 0x3, 0xff, 0x86,
    0x60, 0x1f, 0xfc, 0x21, 0x0, 0xff, 0xe2, 0x8,
    0x7, 0xff, 0x50, 0x4c, 0x3, 0xff, 0x84, 0x20,
    0x1f, 0xfd, 0x53, 0x0, 0xff, 0xe9, 0x88, 0x7,
    0xff, 0xc, 0x44, 0x1, 0xff, 0xc3, 0x40, 0xf,
    0xfe, 0x1a, 0x80, 0x7f, 0xf1, 0x44, 0x3, 0xff,
    0x85, 0xa0, 0x1f, 0xfc, 0x3e, 0x0, 0xff, 0xe1,
    0x10, 0x1, 0x40, 0x3f, 0xf8, 0x4c, 0x20, 0x1f,
    0xfc, 0x12, 0x50, 0xf, 0xfe, 0x13, 0x80, 0xc,
    0x3, 0xff, 0x87, 0x40, 0x1f, 0xfc, 0x1e, 0x0,
    0xff, 0xe1, 0xe8, 0x3, 0x0, 0x3f, 0xf8, 0x69,
    0x40, 0x1f, 0xf5, 0x18, 0x7, 0xff, 0xd, 0x40,
    0x8, 0x20, 0x1f, 0xfc, 0x35, 0xc3, 0x0, 0xf8,
    0xf1, 0x40, 0x3f, 0xf8, 0x64, 0x40, 0x9, 0xc0,
    0x3f, 0xf8, 0x87, 0x98, 0x75, 0x45, 0x8c, 0xc1,
    0x80, 0x7f, 0xf1, 0x28, 0x3, 0x58, 0x7, 0xff,
    0x18, 0xe2, 0xae, 0x9c, 0xc0, 0x3f, 0xf8, 0xa2,
    0xe0, 0x18, 0x98, 0x3, 0xff, 0xbb, 0x20, 0x1e,
    0x81, 0x0, 0xff, 0xed, 0x93, 0x80, 0x78, 0x68,
    0x3, 0xff, 0xb7, 0xc0, 0x1f, 0x91, 0xc0, 0x3f,
    0xfb, 0x32, 0x60, 0x1f, 0xd0, 0xa0, 0x1f, 0xfd,
    0x77, 0x60, 0xf, 0xfa, 0x94, 0x3, 0xff, 0xaa,
    0xd0, 0x1, 0xff, 0xc1, 0xa7, 0x0, 0xff, 0xe9,
    0xcc, 0x80, 0x3f, 0xf8, 0x71, 0x42, 0x1, 0xff,
    0xcf, 0x1c, 0x60, 0xf, 0xfe, 0x2a, 0xfa, 0x80,
    0x7f, 0xf3, 0x5f, 0x8c, 0x3, 0xff, 0x8e, 0x35,
    0x8a, 0x1, 0xff, 0xc9, 0x6d, 0x80, 0xf, 0xfe,
    0x59, 0xd6, 0xb9, 0x0, 0x7f, 0xf0, 0xce, 0x3a,
    0x48, 0x3, 0xff, 0x9c, 0x51, 0xbd, 0x4e, 0x84,
    0x20, 0x10, 0x92, 0x3d, 0x76, 0x38, 0x80, 0x7f,
    0xf0, 0x80,

    /* U+0037 "7" */
    0x1, 0x1f, 0xfe, 0xf8, 0x4f, 0x77, 0xff, 0x7c,
    0x80, 0x3f, 0xff, 0xe0, 0x1f, 0xff, 0xf0, 0xf,
    0xff, 0xf8, 0x7, 0xff, 0xfc, 0x3, 0xff, 0xde,
    0x60, 0x1f, 0xfd, 0xf3, 0x10, 0xf, 0xfe, 0xfd,
    0x0, 0x7f, 0xf8, 0x1c, 0x3, 0xff, 0xbe, 0xa2,
    0x13, 0xff, 0xff, 0xcd, 0xe0, 0xf, 0xfe, 0x1f,
    0x80, 0x7f, 0xf4, 0x1c, 0x3, 0xff, 0x84, 0x2a,
    0x1, 0xff, 0xd0, 0xa0, 0xf, 0xfe, 0x13, 0x80,
    0x7f, 0xf4, 0x8, 0xc0, 0x3f, 0xf8, 0x54, 0x1,
    0xff, 0xd0, 0xa0, 0xf, 0xfe, 0x11, 0x18, 0x7,
    0xff, 0x41, 0x80, 0x3f, 0xf8, 0x54, 0x1, 0xff,
    0xd0, 0x51, 0x0, 0xff, 0xe1, 0x28, 0x7, 0xff,
    0x43, 0x80, 0x3f, 0xf8, 0x46, 0x40, 0x1f, 0xfc,
    0xf1, 0x40, 0xf, 0xfe, 0x15, 0x0, 0x7f, 0xf4,
    0x18, 0x3, 0xff, 0x86, 0xe0, 0x1f, 0xfd, 0xa,
    0x0, 0xff, 0xe1, 0x28, 0x80, 0x7f, 0xf3, 0xcc,
    0x80, 0x3f, 0xf8, 0x5c, 0x1, 0xff, 0xd0, 0xa0,
    0xf, 0xfe, 0x10, 0xa0, 0x7, 0xff, 0x41, 0x80,
    0x3f, 0xf8, 0x4e, 0x1, 0xff, 0xd0, 0x50, 0xf,
    0xfe, 0x1d, 0x0, 0x7f, 0xf4, 0x38, 0x3, 0xff,
    0x84, 0x46, 0x1, 0xff, 0xcf, 0x24, 0x0, 0xff,
    0xe1, 0x50, 0x7, 0xff, 0x42, 0x80, 0x3f, 0xf8,
    0x6c, 0x1, 0xff, 0xd0, 0x60, 0xf, 0xfe, 0x12,
    0x8, 0x7, 0xff, 0x3d, 0x4, 0x3, 0xff, 0x85,
    0xa0, 0x1f, 0xfd, 0xe, 0x0, 0xff, 0xe1, 0xb0,
    0x7, 0xff, 0x3c, 0x54, 0x3, 0xff, 0x84, 0xa0,
    0x1f, 0xfd, 0x7, 0x0, 0xff, 0xe1, 0xf0, 0x7,
    0xff, 0x42, 0x80, 0x3f, 0xf8, 0x42, 0x80, 0x1f,
    0xfc, 0xf2, 0x30, 0xf, 0xfe, 0x13, 0x0, 0x7f,
    0xf4, 0x28, 0x3, 0xff, 0x87, 0x60, 0x1f, 0xfd,
    0x6, 0x0, 0xff, 0xe1, 0x11, 0x80, 0x7f, 0xf3,
    0xd4, 0x40, 0x3f, 0xf8, 0x54, 0x1, 0xff, 0xd0,
    0xe0, 0xf, 0xfe, 0x1b, 0x0, 0x7f, 0xf3, 0xc5,
    0x0, 0x3f, 0xf8, 0x48, 0x20, 0x1f, 0xfc, 0xf6,
    0x0, 0xff, 0xe1, 0xf0, 0x7, 0xff, 0x42, 0x80,
    0x3f, 0xf8, 0x6a, 0x1, 0xff, 0xcf, 0x32, 0x0,
    0xff, 0xe1, 0x28, 0x7, 0xff, 0x42, 0x80, 0x3f,
    0xf8, 0x7c, 0x1, 0xff, 0xd0, 0x60, 0xf, 0xfe,
    0x10, 0xa0, 0x7, 0xff, 0x3d, 0x40, 0x3f, 0xf8,
    0x6c, 0x1, 0xff, 0xd0, 0xe0, 0xf, 0xfe, 0x1d,
    0x0, 0x7f, 0xf3, 0xc9, 0x0, 0x3f, 0xf8, 0x46,
    0x40, 0x1f, 0xfc, 0xfa, 0x0, 0xff, 0xe1, 0xd8,
    0x7, 0xff, 0x41, 0x80, 0x3f, 0xf8, 0x6c, 0x1,
    0xff, 0xcf, 0x41, 0x0, 0xff, 0xe1, 0x20, 0x80,
    0x7f, 0xf3, 0xf8, 0x3, 0xff, 0x87, 0xc0, 0x1f,
    0xfd, 0x5, 0x0, 0xff, 0xe1, 0xa8, 0x7, 0xff,
    0x3d, 0x80, 0x3f, 0xf8, 0x6c, 0x1, 0xff, 0xd0,
    0xa0, 0xf, 0xfe, 0x1e, 0x80, 0x7f, 0xf3, 0xc8,
    0xc0, 0x3f, 0xf8, 0x42, 0x80, 0x1f, 0xfc, 0xfa,
    0x0, 0xff, 0xe1, 0xb0, 0x7, 0xff, 0x41, 0x80,
    0x3f, 0xf8, 0x74, 0x1, 0xff, 0xcf, 0x41, 0x0,
    0xff, 0xe1, 0x19, 0x0, 0x7f, 0xf1, 0xc0,

    /* U+0038 "8" */
    0x0, 0xff, 0xe2, 0x1b, 0xce, 0x6f, 0x7f, 0xbb,
    0x99, 0x4e, 0x60, 0x1f, 0xfd, 0x13, 0x9e, 0xc8,
    0x63, 0x21, 0x0, 0x8, 0x8d, 0x63, 0x3e, 0x8c,
    0x3, 0xff, 0x98, 0x99, 0x86, 0x10, 0xf, 0xfe,
    0x1a, 0xe6, 0xa0, 0x7, 0xff, 0x20, 0x6e, 0xc6,
    0x1, 0xff, 0xc8, 0x2b, 0xb1, 0x0, 0x7f, 0xf1,
    0x53, 0xd0, 0x3, 0xff, 0x98, 0x9a, 0xa0, 0x1f,
    0xfc, 0x36, 0xb1, 0x0, 0xff, 0xe7, 0xd3, 0x0,
    0x7f, 0xf0, 0x5a, 0x40, 0x3f, 0xfa, 0x52, 0xc0,
    0x1f, 0xf1, 0xc8, 0x7, 0xff, 0x52, 0x50, 0x3,
    0xfd, 0xa0, 0x1f, 0xfd, 0x6a, 0x10, 0xf, 0xd0,
    0x20, 0x1f, 0xfd, 0x61, 0x90, 0xf, 0x85, 0xc0,
    0x3f, 0xfb, 0xe, 0x20, 0x1e, 0x70, 0xf, 0xfe,
    0xd3, 0x0, 0x7a, 0x80, 0x3f, 0xf8, 0xa2, 0x66,
    0x10, 0xf, 0xfe, 0x2d, 0x0, 0x78, 0xc0, 0x3f,
    0xf8, 0x67, 0x9d, 0x98, 0xec, 0x40, 0xf, 0xfe,
    0x19, 0x8, 0x6, 0x30, 0xf, 0xfe, 0x1b, 0x61,
    0x80, 0x63, 0xb6, 0x0, 0xff, 0xe1, 0xa8, 0x6,
    0x60, 0xf, 0xfe, 0x11, 0xc8, 0x7, 0xe9, 0x30,
    0xf, 0xfe, 0x11, 0x0, 0x63, 0x0, 0xff, 0xe1,
    0x48, 0x7, 0xfa, 0x0, 0x3f, 0xf8, 0x42, 0x1,
    0xff, 0xc7, 0x50, 0xf, 0xf2, 0x0, 0x7f, 0xf1,
    0xcc, 0x3, 0xff, 0x9c, 0x20, 0x1f, 0xfc, 0x11,
    0x0, 0xcc, 0x1, 0xff, 0xdc, 0x20, 0xc, 0x60,
    0x1f, 0xfc, 0x22, 0x0, 0xff, 0x8, 0x80, 0x3f,
    0xf8, 0x2a, 0x1, 0xc6, 0x1, 0xff, 0xc1, 0xa0,
    0xf, 0xf3, 0x80, 0x7f, 0xf0, 0x48, 0x40, 0x3a,
    0xc0, 0x3f, 0xf8, 0x2e, 0x40, 0x1f, 0x86, 0x0,
    0x3f, 0xf8, 0x2a, 0x1, 0xe6, 0x0, 0xff, 0xe1,
    0x61, 0x80, 0x78, 0xb0, 0x40, 0x3f, 0xf8, 0x34,
    0x1, 0xe1, 0x50, 0xf, 0xfe, 0x8, 0xe5, 0x29,
    0x99, 0x27, 0x48, 0x3, 0xff, 0x82, 0x84, 0x1,
    0xf5, 0x80, 0x7f, 0xf0, 0xd6, 0xb3, 0x16, 0xc0,
    0x1f, 0xfc, 0x39, 0x0, 0xfc, 0x32, 0x1, 0xff,
    0xd6, 0x82, 0x0, 0xfe, 0x66, 0x0, 0x7f, 0xf5,
    0x15, 0xc0, 0x3f, 0xe9, 0x60, 0xf, 0xfe, 0x93,
    0x50, 0x7, 0xff, 0x6, 0x68, 0x40, 0x3f, 0xf9,
    0xc3, 0x52, 0x1, 0xff, 0xc3, 0x13, 0x0, 0xff,
    0xe7, 0x18, 0x80, 0x7f, 0xf0, 0xea, 0xc8, 0x3,
    0xff, 0x9c, 0x57, 0x40, 0x1f, 0xfc, 0x2, 0xd5,
    0x0, 0xff, 0xe9, 0x2e, 0x90, 0x7, 0xf1, 0x61,
    0x0, 0x7f, 0xf5, 0xb, 0x8, 0x3, 0xe1, 0xc1,
    0x0, 0xff, 0xeb, 0xe, 0x8, 0x7, 0xa8, 0x40,
    0x3f, 0xfb, 0x3, 0x40, 0x1c, 0xc8, 0x1, 0xff,
    0xc3, 0x4a, 0xdf, 0xf7, 0x52, 0x80, 0x7f, 0xf0,
    0xd1, 0x80, 0x34, 0x0, 0x7f, 0xf0, 0x87, 0x2d,
    0x48, 0x0, 0x2b, 0x58, 0x40, 0x1f, 0xfc, 0x28,
    0x0, 0x98, 0x40, 0x3f, 0xf8, 0x23, 0xe6, 0x1,
    0xf8, 0xf0, 0x80, 0x3f, 0xf8, 0x22, 0xe0, 0xa,
    0x0, 0xff, 0xe1, 0x68, 0x80, 0x7f, 0x87, 0xc0,
    0x3f, 0xf8, 0x54, 0x2, 0x60, 0x1f, 0xfc, 0x15,
    0x30, 0xf, 0xfe, 0x1, 0x30, 0x7, 0xff, 0x4,
    0x88, 0x80, 0x1f, 0xfc, 0x2f, 0x0, 0xff, 0xe1,
    0x68, 0x7, 0xff, 0x9, 0x34, 0x3, 0xff, 0x84,
    0xe0, 0x1f, 0xfc, 0x25, 0x0, 0xff, 0xe1, 0x79,
    0x0, 0x7f, 0xf0, 0x8c, 0x3, 0xff, 0x84, 0x20,
    0x1f, 0xfc, 0x22, 0x10, 0xf, 0xfe, 0x11, 0x80,
    0x7f, 0xf0, 0x84, 0x3, 0xff, 0x84, 0xee, 0x0,
    0xff, 0xe1, 0x38, 0x7, 0xff, 0x9, 0x40, 0x3f,
    0xf8, 0x42, 0xe0, 0x1f, 0xfc, 0x2e, 0x0, 0xff,
    0xe1, 0x70, 0x7, 0xff, 0xc, 0x40, 0x3f, 0xf8,
    0x48, 0x80, 0xf, 0xfe, 0x1, 0xa8, 0x7, 0xff,
    0x8, 0x4c, 0x3, 0xff, 0x87, 0x44, 0x1, 0xfe,
    0x1d, 0x0, 0xff, 0xe1, 0xb6, 0x0, 0x7f, 0xf0,
    0xc7, 0x14, 0x3, 0xf2, 0x78, 0x80, 0x7f, 0xf0,
    0xf5, 0xc0, 0x3f, 0xf8, 0x83, 0x58, 0xe6, 0x44,
    0x36, 0xcb, 0x10, 0xf, 0xfe, 0x22, 0x11, 0x0,
    0x3f, 0xf8, 0xa7, 0x19, 0xba, 0xc9, 0x30, 0xf,
    0xfe, 0x28, 0x98, 0x58, 0x7, 0xff, 0x7a, 0x40,
    0xc, 0x20, 0x1f, 0xfd, 0xd6, 0x0, 0xa0, 0x3,
    0xff, 0xb9, 0x2, 0x1, 0x32, 0x0, 0x7f, 0xf6,
    0x8d, 0xc0, 0x3a, 0x88, 0x3, 0xff, 0xb0, 0x3a,
    0x1, 0xe1, 0xf1, 0x0, 0xff, 0xeb, 0xe, 0x8,
    0x7, 0xc5, 0xe4, 0x1, 0xff, 0xd4, 0x2c, 0x20,
    0xf, 0xe1, 0xd6, 0x0, 0xff, 0xe9, 0x2e, 0x10,
    0x7, 0xff, 0x2, 0x6c, 0x80, 0x3f, 0xf9, 0xc5,
    0x54, 0x10, 0xf, 0xfe, 0x12, 0x6c, 0x90, 0x7,
    0xff, 0x28, 0xa7, 0x54, 0x3, 0xff, 0x8c, 0xdb,
    0x8c, 0x20, 0x1f, 0xfc, 0x41, 0x5b, 0xd6, 0x0,
    0xff, 0xe5, 0x1c, 0xf6, 0xcb, 0xa9, 0x8, 0x80,
    0x21, 0x24, 0x79, 0xde, 0xa4, 0x0, 0xff, 0xe0,
    0x0,

    /* U+0039 "9" */
    0x0, 0xff, 0xe2, 0x8a, 0xc5, 0xef, 0x7f, 0xdd,
    0xb5, 0xa, 0x20, 0x1f, 0xfd, 0x31, 0x7c, 0xea,
    0x74, 0x21, 0x0, 0x84, 0x95, 0xeb, 0xb1, 0xc4,
    0x3, 0xff, 0x9c, 0x53, 0xd0, 0x60, 0x1f, 0xfc,
    0x33, 0x8e, 0x91, 0x0, 0xff, 0xe5, 0xc6, 0xb0,
    0x7, 0xff, 0x25, 0xb9, 0xc0, 0x3f, 0xf9, 0x7,
    0xae, 0x1, 0xff, 0xcd, 0x8d, 0x30, 0xf, 0xfe,
    0x2b, 0x61, 0x0, 0x7f, 0xf3, 0xcb, 0x14, 0x3,
    0xff, 0x87, 0x12, 0x1, 0xff, 0xd3, 0xa7, 0x0,
    0xff, 0xe0, 0xc3, 0x80, 0x7f, 0xf5, 0x61, 0x80,
    0x3f, 0xe6, 0x70, 0xf, 0xfe, 0xbc, 0xa8, 0x7,
    0xf1, 0x48, 0x7, 0xff, 0x66, 0x88, 0x3, 0xf7,
    0x80, 0x7f, 0xf6, 0xf8, 0x3, 0xe7, 0x20, 0xf,
    0xfe, 0xd9, 0xb0, 0x7, 0xc, 0x80, 0x7f, 0xf7,
    0x60, 0x3, 0xa4, 0x40, 0x3f, 0xf8, 0xa4, 0xd3,
    0x50, 0xc2, 0x1, 0xff, 0xc5, 0x16, 0x0, 0xca,
    0x1, 0xff, 0xc4, 0x2b, 0xd9, 0x65, 0x79, 0xea,
    0x20, 0xf, 0xfe, 0x25, 0x0, 0x46, 0x40, 0x1f,
    0xfc, 0x34, 0xd4, 0x0, 0xf9, 0x70, 0xc0, 0x3f,
    0xf8, 0x66, 0x40, 0xb, 0x0, 0xff, 0xe1, 0x95,
    0x80, 0x7f, 0x87, 0x8, 0x3, 0xff, 0x86, 0x80,
    0x3, 0x0, 0xff, 0xe1, 0xf8, 0x7, 0xff, 0x7,
    0x80, 0x3f, 0xf8, 0x78, 0x0, 0x40, 0xf, 0xfe,
    0x12, 0x90, 0x7, 0xff, 0x4, 0xd0, 0x3, 0xff,
    0x84, 0xe0, 0x20, 0x1f, 0xfc, 0x3f, 0x0, 0xff,
    0xe1, 0xf0, 0x7, 0xff, 0x8, 0x80, 0xc0, 0x3f,
    0xf8, 0x68, 0x1, 0xff, 0xc3, 0x40, 0xf, 0xfe,
    0x20, 0x80, 0x7f, 0xf0, 0xc4, 0x3, 0xff, 0x86,
    0x20, 0x1f, 0xfc, 0x31, 0x0, 0xff, 0xe1, 0x88,
    0x7, 0xff, 0x54, 0x40, 0x3f, 0xf8, 0x42, 0x1,
    0xff, 0xd4, 0x13, 0x0, 0xff, 0xe1, 0x88, 0x7,
    0xff, 0xc, 0x80, 0x3f, 0xf8, 0x42, 0x2, 0x1,
    0xff, 0xc3, 0x40, 0xf, 0xfe, 0x1a, 0x0, 0x7f,
    0xf0, 0x88, 0x0, 0x60, 0x1f, 0xfc, 0x2e, 0x0,
    0xff, 0xe1, 0xd0, 0x7, 0xff, 0x9, 0x40, 0x8,
    0x1, 0xff, 0xc2, 0x44, 0x0, 0x7f, 0xf0, 0x54,
    0xc0, 0x3f, 0xf8, 0x5e, 0x0, 0xb0, 0xf, 0xfe,
    0x1d, 0x8, 0x7, 0xfc, 0x56, 0x1, 0xff, 0xc3,
    0x70, 0x1, 0x88, 0x7, 0xff, 0x8, 0x70, 0x80,
    0x3f, 0x8f, 0x4, 0x3, 0xff, 0x84, 0x62, 0x1,
    0x30, 0x7, 0xff, 0xc, 0xb6, 0x4, 0x3, 0x86,
    0x30, 0x40, 0x3f, 0xf8, 0x76, 0x1, 0xa4, 0x40,
    0x3f, 0xf8, 0x8f, 0xd9, 0x53, 0x5b, 0xce, 0x1,
    0xff, 0xc5, 0x60, 0xc, 0x32, 0x1, 0xff, 0xc6,
    0x35, 0x65, 0x20, 0xf, 0xfe, 0x33, 0x8, 0x7,
    0x39, 0x80, 0x7f, 0xf7, 0x2c, 0x3, 0xee, 0x0,
    0xff, 0xed, 0xb1, 0x0, 0x7c, 0x54, 0x1, 0xff,
    0xd9, 0x18, 0x0, 0xfe, 0x59, 0x0, 0xff, 0xec,
    0x58, 0x80, 0x7f, 0x9a, 0x40, 0x3f, 0xfa, 0xc8,
    0xa0, 0x1f, 0xfc, 0x6, 0xb1, 0x0, 0xff, 0xe9,
    0x8d, 0x0, 0x7f, 0xf0, 0x93, 0xd4, 0x3, 0xff,
    0xa5, 0x62, 0x1, 0xff, 0xc3, 0x1a, 0xb3, 0x0,
    0xff, 0xe7, 0xaa, 0x80, 0x3f, 0xf8, 0xc9, 0x96,
    0xa0, 0x1f, 0xfc, 0xc1, 0xb0, 0xf, 0xfe, 0x4a,
    0x57, 0xdb, 0xa1, 0x8, 0x7, 0xff, 0x1a, 0x84,
    0x3, 0xff, 0x98, 0x91, 0x7b, 0xda, 0x1, 0xff,
    0xc4, 0x64, 0x0, 0xff, 0xe9, 0x78, 0x7, 0xff,
    0xc, 0x64, 0x3, 0xff, 0xa5, 0x24, 0x1, 0xff,
    0xc3, 0xa0, 0xf, 0xfe, 0x92, 0x30, 0x7, 0xff,
    0xd, 0x90, 0x3, 0xff, 0xa2, 0x34, 0x1, 0xff,
    0xc3, 0x29, 0x0, 0xff, 0xe9, 0x50, 0x80, 0x7f,
    0xf0, 0xf8, 0x3, 0xff, 0xa4, 0xe8, 0x1, 0xff,
    0xc3, 0x73, 0x0, 0xff, 0xe8, 0x9c, 0x0, 0x7f,
    0xf0, 0xca, 0x0, 0x3f, 0xfa, 0x5c, 0x1, 0xff,
    0xc4, 0xf0, 0xf, 0xfe, 0x95, 0x10, 0x7, 0xff,
    0xe, 0x8, 0x3, 0xff, 0xa2, 0xca, 0x1, 0xff,
    0xc3, 0x37, 0x0, 0xff, 0xe8, 0x94, 0x80, 0x7f,
    0xf1, 0x38, 0x3, 0xff, 0xa5, 0xc0, 0x1f, 0xfc,
    0x49, 0x20, 0xf, 0xfe, 0x8c, 0x98, 0x7, 0xff,
    0xd, 0x18, 0x3, 0xff, 0xa2, 0x8c, 0x1, 0xff,
    0xc4, 0xa0, 0xf, 0xfe, 0x88, 0xd0, 0x7, 0xff,
    0x12, 0x84, 0x3, 0xff, 0xa3, 0x42, 0x1, 0xff,
    0xc3, 0x55, 0x0, 0x7f, 0xf4, 0x5d, 0x0, 0x3f,
    0xf8, 0x63, 0x60, 0x1f, 0xfd, 0x13, 0x80, 0xf,
    0xfe, 0x25, 0x88, 0x7, 0xff, 0x47, 0x80, 0x3f,
    0xf8, 0x8a, 0xa0, 0xf, 0xfe, 0x89, 0xab, 0xbf,
    0xff, 0xe, 0x2c, 0x3, 0xff, 0x96,

    /* U+003A ":" */
    0x0, 0xe3, 0x9d, 0xef, 0xeb, 0x60, 0xf, 0xc3,
    0x58, 0xc4, 0x20, 0x29, 0x3a, 0x60, 0x1c, 0x38,
    0xa0, 0x1f, 0x8b, 0x14, 0x3, 0x69, 0x0, 0x7f,
    0xd4, 0x60, 0x7, 0x30, 0xf, 0xfe, 0xf, 0x80,
    0x24, 0x3, 0xff, 0x84, 0x68, 0x81, 0x0, 0xff,
    0xe1, 0xe9, 0x80, 0x7f, 0xf1, 0x17, 0xc0, 0x3f,
    0xf8, 0x82, 0x1, 0xff, 0xc6, 0xf0, 0xf, 0xfe,
    0x20, 0xa0, 0x7, 0xff, 0x11, 0xc, 0x40, 0x3f,
    0xf8, 0x76, 0x10, 0x1, 0xff, 0xc2, 0x43, 0x6,
    0x40, 0xf, 0xfe, 0x0, 0xc8, 0x5, 0x46, 0x1,
    0xfe, 0x1d, 0x20, 0x8, 0x71, 0xc0, 0x3f, 0x26,
    0x18, 0x7, 0xa3, 0xa5, 0x4c, 0xc8, 0xf9, 0x64,
    0x1, 0xf8, 0x5a, 0xb3, 0x17, 0x6, 0x1, 0xff,
    0xff, 0x0, 0xff, 0xf0, 0x24, 0xd5, 0xcb, 0x10,
    0x7, 0xf3, 0x75, 0xb2, 0xa3, 0x4e, 0xc8, 0x80,
    0x7a, 0xa4, 0x40, 0x3e, 0x6c, 0x20, 0xd, 0x2a,
    0x1, 0xfe, 0x2f, 0x10, 0x2, 0xb0, 0x7, 0xff,
    0x0, 0xac, 0x1, 0x0, 0x1f, 0xfc, 0x25, 0x23,
    0x20, 0xf, 0xfe, 0x1d, 0x20, 0x7, 0xff, 0x10,
    0xfc, 0x3, 0xff, 0x88, 0xc0, 0x1f, 0xfc, 0x6f,
    0x0, 0xff, 0xe2, 0x9, 0x80, 0x7f, 0xf1, 0x15,
    0x0, 0x3f, 0xf8, 0x9a, 0xe, 0x1, 0xff, 0xc2,
    0x24, 0x8, 0x20, 0xf, 0xfe, 0xf, 0x0, 0x5e,
    0x40, 0x1f, 0xf5, 0x18, 0x4, 0x58, 0x80, 0x1f,
    0x86, 0xd4, 0x3, 0x86, 0xf1, 0x88, 0x0, 0x29,
    0x3c, 0x80, 0x10,

    /* U+003B ";" */
    0x0, 0xf1, 0xc5, 0xe6, 0x29, 0x84, 0x3, 0xf8,
    0xf3, 0xe, 0x86, 0x65, 0x9e, 0x70, 0xf, 0x93,
    0xc, 0x3, 0xf4, 0x50, 0x7, 0x1d, 0x80, 0x7f,
    0xcb, 0x20, 0x1b, 0x80, 0x3f, 0xf8, 0x2c, 0x80,
    0x5, 0x20, 0xf, 0xfe, 0x14, 0x0, 0x3c, 0x3,
    0xff, 0x86, 0x62, 0x8, 0x1, 0xff, 0xc4, 0x40,
    0x10, 0xf, 0xfe, 0x21, 0x80, 0x7f, 0xf2, 0x4,
    0x3, 0xff, 0x88, 0x60, 0xa0, 0x1f, 0xfc, 0x47,
    0xc, 0x0, 0xff, 0xe1, 0x91, 0x1, 0xc4, 0x3,
    0xff, 0x85, 0x60, 0x15, 0x80, 0x7f, 0xf0, 0x51,
    0x80, 0x25, 0x80, 0xf, 0xf8, 0xa8, 0x3, 0x9e,
    0x84, 0x3, 0xf2, 0xe8, 0x80, 0x79, 0x7a, 0x50,
    0x40, 0x4, 0xd9, 0x40, 0x1f, 0xe6, 0xbe, 0xff,
    0x6c, 0x98, 0x7, 0xff, 0xfc, 0x3, 0xff, 0xce,
    0x6c, 0xec, 0x80, 0x1f, 0xfc, 0x6, 0xec, 0x98,
    0x9b, 0xfa, 0x20, 0xf, 0xd7, 0x22, 0x1, 0xe5,
    0xd5, 0x0, 0xf6, 0x20, 0x7, 0xfa, 0x94, 0x3,
    0x41, 0x80, 0x7f, 0xf0, 0x28, 0x80, 0x4, 0xe0,
    0x1f, 0xfc, 0x29, 0x0, 0x50, 0x7, 0xff, 0xd,
    0x8, 0x14, 0x3, 0xff, 0x88, 0x80, 0x40, 0x1f,
    0xfc, 0x4e, 0x0, 0xff, 0xe3, 0x8, 0x7, 0xff,
    0x18, 0x40, 0x80, 0x3f, 0xf8, 0x9c, 0xa, 0x1,
    0xff, 0xc4, 0x40, 0xa0, 0xf, 0xfe, 0x18, 0x90,
    0x14, 0x0, 0x7f, 0xf0, 0x98, 0x2, 0x76, 0x0,
    0xff, 0xe0, 0xd0, 0x6, 0x99, 0x8, 0x7, 0xf9,
    0x48, 0x3, 0x9b, 0xa0, 0x3, 0xfa, 0x0, 0x3f,
    0x60, 0x7, 0xe5, 0x20, 0xf, 0x8d, 0x0, 0x3f,
    0x40, 0x7, 0xef, 0x0, 0xfc, 0xe4, 0x1, 0xf2,
    0x98, 0x7, 0xc3, 0x20, 0x1f, 0xa0, 0x3, 0xf4,
    0x88, 0x7, 0xcc, 0x40, 0x1f, 0xb, 0x80, 0x7e,
    0x80, 0xf, 0xd6, 0x1, 0xf9, 0xc4, 0x3, 0xe2,
    0x50, 0xf, 0xd2, 0x1, 0xfa, 0x40, 0x3f, 0x40,
    0x80, 0x7c, 0x88, 0x0, 0xfd, 0x4a, 0x1, 0xf4,
    0x0, 0x7f, 0x15, 0x61, 0x80, 0x65, 0x30, 0xf,
    0xf8, 0xf2, 0xc8, 0x1, 0x60, 0x1f, 0xfc, 0x24,
    0xd9, 0x81, 0x0, 0xfe,

    /* U+003C "<" */
    0x0, 0xff, 0xee, 0xb, 0x98, 0x7, 0xff, 0x69,
    0x2b, 0xa1, 0xc0, 0x3f, 0xfa, 0xe2, 0xfb, 0x6a,
    0x1, 0xff, 0xd8, 0x3a, 0xe8, 0x20, 0xf, 0xfe,
    0xc3, 0x6e, 0x28, 0x7, 0xff, 0x60, 0xe7, 0xe4,
    0x80, 0x3f, 0xfb, 0xd, 0x98, 0x60, 0xf, 0xfe,
    0xc1, 0x47, 0x49, 0x80, 0x7f, 0xf6, 0x16, 0xf5,
    0xc4, 0x3, 0xff, 0xae, 0x51, 0xd4, 0x80, 0x1f,
    0xfd, 0x84, 0xbd, 0x71, 0x0, 0xff, 0xeb, 0x8b,
    0xf5, 0xa0, 0x7, 0xff, 0x61, 0x2b, 0xa0, 0x40,
    0x3f, 0xfa, 0xe2, 0xfb, 0x6a, 0x1, 0xff, 0xd0,
    0x26, 0x0, 0xf1, 0xd7, 0x41, 0x0, 0x7f, 0xf4,
    0x1b, 0x34, 0x80, 0x33, 0x6e, 0x28, 0x7, 0xff,
    0x40, 0xe7, 0xe4, 0xc0, 0x22, 0x9f, 0x92, 0x0,
    0xff, 0xe7, 0x8b, 0xee, 0x30, 0x7, 0x66, 0xb0,
    0x7, 0xff, 0x41, 0x6f, 0xa0, 0x80, 0x3e, 0x30,
    0xf, 0xfe, 0x79, 0x47, 0x52, 0x0, 0x7f, 0xf6,
    0x1b, 0x35, 0xc4, 0x3, 0xff, 0xae, 0x73, 0xf2,
    0x60, 0x1f, 0xfd, 0x71, 0x7d, 0xc6, 0x0, 0xff,
    0xec, 0xc7, 0x41, 0x0, 0x7f, 0xf6, 0xe3, 0x18,
    0x3, 0xff, 0xba, 0x73, 0xf2, 0x60, 0x1f, 0xfd,
    0xd6, 0xcd, 0x71, 0x0, 0xff, 0xee, 0x14, 0x75,
    0x20, 0x7, 0xff, 0x4, 0x40, 0x3f, 0xf9, 0xeb,
    0x7d, 0x4, 0x1, 0xfe, 0xea, 0x30, 0xf, 0xfe,
    0x78, 0xbe, 0xe2, 0x80, 0x7f, 0x2e, 0x6b, 0x0,
    0x7f, 0xf4, 0xe, 0xbe, 0x4c, 0x3, 0xf1, 0x4f,
    0xc9, 0x80, 0x7f, 0xf4, 0x1b, 0x35, 0xc4, 0x3,
    0xf3, 0x66, 0x18, 0x3, 0xff, 0xa0, 0x51, 0xd4,
    0x20, 0x1f, 0x8e, 0x7a, 0x48, 0x3, 0xff, 0xa0,
    0xaa, 0x0, 0xff, 0xb, 0x6e, 0x28, 0x7, 0xff,
    0x74, 0xeb, 0xa0, 0x80, 0x3f, 0xfb, 0x82, 0xfb,
    0x68, 0x1, 0xff, 0xdd, 0x4b, 0xe7, 0x10, 0xf,
    0xfe, 0xe0, 0xc7, 0x52, 0x0, 0x7f, 0xf7, 0x56,
    0xf5, 0xc4, 0x3, 0xff, 0xb8, 0x51, 0xd4, 0x60,
    0x1f, 0xfd, 0xd5, 0xcd, 0x60, 0xf, 0xfe, 0xe9,
    0x4f, 0xc9, 0x80, 0x7f, 0xf7, 0x5b, 0x30, 0xc0,
    0x1f, 0xfd, 0xd3, 0x9e, 0x92, 0x0, 0xff, 0xee,
    0xb, 0x6e, 0x28, 0x0,

    /* U+003D "=" */
    0xdf, 0xff, 0xfe, 0xe8, 0x80, 0x7f, 0xff, 0xc0,
    0x3f, 0xff, 0xe0, 0x1f, 0xff, 0xf0, 0xf, 0xff,
    0xf8, 0x7, 0xff, 0xfc, 0x3, 0xff, 0xfe, 0x1,
    0xff, 0xcb, 0x9b, 0xbf, 0xfe, 0xe8, 0xa2, 0x7f,
    0xf7, 0x80, 0x3f, 0xff, 0xe0, 0x1f, 0xff, 0xf0,
    0xf, 0xff, 0xf8, 0x7, 0xff, 0xfc, 0x0, 0x68,
    0x9f, 0xfd, 0xd0, 0xeb, 0xbf, 0xfe, 0xe8, 0x80,
    0x7f, 0xff, 0xc0, 0x3f, 0xff, 0xe0, 0x1f, 0xff,
    0xf0, 0xf, 0xff, 0xf8, 0x7, 0xff, 0xfc, 0x3,
    0xff, 0xfe, 0x1, 0xff, 0xcb,

    /* U+003E ">" */
    0x93, 0x0, 0xff, 0xee, 0xb6, 0x61, 0x80, 0x3f,
    0xfb, 0xa7, 0x3f, 0x24, 0x1, 0xff, 0xdd, 0x6d,
    0xc5, 0x0, 0xff, 0xee, 0x9d, 0x74, 0x10, 0x7,
    0xff, 0x70, 0x5f, 0x6d, 0x40, 0x3f, 0xfb, 0xa9,
    0x5d, 0x2, 0x1, 0xff, 0xdc, 0x17, 0xeb, 0x40,
    0xf, 0xfe, 0xea, 0x5e, 0xb8, 0x80, 0x7f, 0xf7,
    0xa, 0x3a, 0x90, 0x3, 0xff, 0xba, 0xb7, 0xac,
    0x20, 0x1f, 0xfd, 0xc2, 0x9e, 0x93, 0x0, 0xff,
    0xee, 0xb6, 0x61, 0x80, 0x3f, 0xf8, 0xa, 0x1,
    0xff, 0xd0, 0x39, 0xf9, 0x20, 0xf, 0xea, 0xe8,
    0x20, 0xf, 0xfe, 0x83, 0x6e, 0x28, 0x7, 0xe1,
    0x7d, 0xb5, 0x0, 0xff, 0xe8, 0x1d, 0x74, 0x10,
    0x7, 0xe4, 0xaf, 0x93, 0x0, 0xff, 0xe7, 0x8b,
    0xed, 0xa8, 0x7, 0xf3, 0x66, 0xb0, 0x80, 0x7f,
    0xf3, 0xd2, 0xb8, 0x80, 0x3f, 0x8a, 0x7a, 0x90,
    0x3, 0xff, 0x9e, 0x2c, 0x1, 0xff, 0xc0, 0x5b,
    0xd7, 0x10, 0xf, 0xfe, 0xe1, 0x47, 0x5a, 0x80,
    0x7f, 0xf7, 0x52, 0xba, 0x8, 0x3, 0xff, 0xb8,
    0x2f, 0xb6, 0x20, 0x1f, 0xfd, 0xb4, 0xab, 0x10,
    0xf, 0xfe, 0xc1, 0x47, 0x5a, 0x80, 0x7f, 0xf6,
    0x16, 0xf5, 0xc4, 0x3, 0xff, 0xae, 0x53, 0xd4,
    0x80, 0x1f, 0xfd, 0x71, 0x6c, 0xd6, 0x10, 0xf,
    0xfe, 0x7b, 0x80, 0x7c, 0x95, 0xd2, 0x60, 0x1f,
    0xfc, 0xf1, 0x8e, 0x30, 0xc, 0x2f, 0xb6, 0xa0,
    0x1f, 0xfd, 0x4, 0xbe, 0x71, 0x0, 0x96, 0xfa,
    0x8, 0x3, 0xff, 0x9e, 0x2f, 0xb6, 0x80, 0x1a,
    0x3a, 0x90, 0x3, 0xff, 0xa0, 0x75, 0xd0, 0x40,
    0x1e, 0x71, 0x0, 0xff, 0xe7, 0x8b, 0x6e, 0x28,
    0x7, 0xff, 0x60, 0xe7, 0xa4, 0x80, 0x3f, 0xfb,
    0xd, 0x98, 0x60, 0xf, 0xfe, 0xc1, 0x4f, 0xc9,
    0x80, 0x7f, 0xf6, 0x17, 0x35, 0x80, 0x3f, 0xfb,
    0x5, 0x1d, 0x46, 0x1, 0xff, 0xd8, 0x5b, 0xd7,
    0x10, 0xf, 0xfe, 0xb8, 0xc7, 0x52, 0x0, 0x7f,
    0xf6, 0x12, 0xf9, 0xc4, 0x3, 0xff, 0xae, 0x2f,
    0xb6, 0x80, 0x1f, 0xfd, 0x83, 0xae, 0x82, 0x0,
    0xff, 0xeb, 0x8b, 0x6e, 0x28, 0x7, 0xff, 0x61,
    0x27, 0xa4, 0x80, 0x3f, 0xfb, 0x40,

    /* U+003F "?" */
    0x0, 0xff, 0xe0, 0x8a, 0x45, 0xef, 0x7f, 0xbb,
    0x99, 0x2c, 0x40, 0x1f, 0xfc, 0xd5, 0xbe, 0xb7,
    0x42, 0x10, 0x0, 0x88, 0xda, 0x77, 0x4e, 0x20,
    0x1f, 0xfc, 0x86, 0xea, 0x40, 0xf, 0xfe, 0x11,
    0x47, 0x40, 0x7, 0xff, 0x14, 0xb6, 0x44, 0x3,
    0xff, 0x8e, 0xfa, 0x80, 0x1f, 0xfc, 0x26, 0xd2,
    0x0, 0xff, 0xe5, 0x15, 0xb8, 0x7, 0xff, 0x2,
    0x64, 0x1, 0xff, 0xce, 0x89, 0x0, 0xff, 0x53,
    0x0, 0x7f, 0xf4, 0x1a, 0x40, 0x3f, 0x4a, 0x80,
    0x7f, 0xf4, 0x99, 0x80, 0x1e, 0x66, 0x0, 0x7f,
    0xf5, 0x24, 0x80, 0x31, 0xc8, 0x7, 0xff, 0x5b,
    0x80, 0x37, 0x80, 0x7f, 0xf5, 0xcd, 0x0, 0x8,
    0x60, 0x1f, 0xfd, 0x88, 0x0, 0x23, 0x0, 0x7f,
    0xf6, 0xc, 0x80, 0x12, 0xe0, 0x1f, 0xfd, 0x85,
    0x0, 0xa1, 0xc0, 0x3f, 0xf8, 0x2, 0xd3, 0x54,
    0x72, 0x0, 0xff, 0xe2, 0x60, 0x6, 0x88, 0x0,
    0x7f, 0xd, 0x74, 0xb2, 0xaa, 0x36, 0x0, 0x3f,
    0xf8, 0x6a, 0x1, 0xcf, 0x0, 0x1f, 0x27, 0x28,
    0x7, 0xcf, 0x0, 0x1f, 0xfc, 0x21, 0x0, 0xf3,
    0xc0, 0x7, 0x35, 0x80, 0x7f, 0x9c, 0x40, 0x3f,
    0xf9, 0x2f, 0x20, 0x13, 0x48, 0x7, 0xff, 0x1,
    0x0, 0x3f, 0xf8, 0x42, 0x1, 0xf3, 0x48, 0x14,
    0x80, 0x7f, 0xf0, 0x48, 0x3, 0xff, 0x84, 0x20,
    0x1f, 0x9a, 0xbc, 0x3, 0xff, 0x84, 0x20, 0x1f,
    0xfc, 0xc5, 0x20, 0xf, 0xfe, 0x12, 0x0, 0x7f,
    0xf0, 0x44, 0x3, 0xff, 0x9a, 0xa4, 0x1, 0xff,
    0xc1, 0x50, 0xf, 0xfe, 0x62, 0x50, 0x7, 0xff,
    0x8, 0xc0, 0x3f, 0xf9, 0x22, 0x95, 0x60, 0x1f,
    0xfc, 0x3c, 0x0, 0xff, 0xe2, 0x7f, 0xf7, 0x5a,
    0x80, 0x7f, 0xf0, 0xc5, 0x0, 0x3f, 0xfb, 0x6c,
    0x1, 0xff, 0xc5, 0x10, 0xf, 0xfe, 0x54, 0x80,
    0x7f, 0xf6, 0xe4, 0x40, 0x3f, 0xf8, 0xa6, 0x1,
    0xff, 0xc8, 0x46, 0x0, 0xff, 0xe3, 0x8, 0x7,
    0xff, 0x1c, 0xec, 0x3, 0xff, 0x8e, 0xe0, 0x1f,
    0xfc, 0x63, 0xd0, 0xf, 0xfe, 0x40, 0x80, 0x7f,
    0xf1, 0x57, 0x4, 0x3, 0xff, 0x90, 0x60, 0x1f,
    0xfc, 0x31, 0xaa, 0x0, 0x7f, 0xf2, 0x84, 0x3,
    0xff, 0x84, 0xfe, 0xa0, 0x1f, 0xfc, 0xbf, 0x0,
    0xff, 0xe0, 0x47, 0xc0, 0x80, 0x7f, 0xf3, 0x4,
    0x3, 0xff, 0x80, 0xe0, 0x1f, 0xfc, 0xf3, 0x0,
    0xff, 0x84, 0x3, 0xff, 0xa0, 0x20, 0x1f, 0xf1,
    0x80, 0x7f, 0xf4, 0x1c, 0x3, 0xff, 0xb8, 0x20,
    0x1f, 0xf0, 0x80, 0x7f, 0xf4, 0xd, 0x57, 0xfe,
    0xb0, 0xf, 0xfe, 0x80, 0xd5, 0x7f, 0xce, 0x1,
    0xff, 0xff, 0x0, 0xff, 0xff, 0x80, 0x7f, 0xff,
    0xc0, 0x3f, 0xe2, 0x79, 0xba, 0x84, 0x0, 0xff,
    0xea, 0xd, 0x6c, 0x32, 0x2b, 0xdf, 0x30, 0x7,
    0xff, 0x44, 0xfd, 0x40, 0x3e, 0x19, 0x90, 0x7,
    0xff, 0x3c, 0xb4, 0x40, 0x3f, 0xcd, 0x0, 0x1f,
    0xfc, 0xee, 0x10, 0xf, 0xfe, 0x3, 0xa0, 0x7,
    0xff, 0x31, 0xc, 0x3, 0xff, 0x85, 0x0, 0x1f,
    0xfc, 0xcd, 0x0, 0xff, 0xe1, 0x98, 0x80, 0x7f,
    0xf2, 0xd0, 0x3, 0xff, 0x88, 0x80, 0x1f, 0xfc,
    0xb2, 0x0, 0xff, 0xe2, 0x10, 0x7, 0xff, 0xd0,
    0x40, 0x3f, 0xf8, 0x82, 0x1, 0xff, 0xcb, 0x50,
    0xf, 0xfe, 0x22, 0x0, 0x7f, 0xf2, 0xf4, 0x3,
    0xff, 0x86, 0x24, 0x1, 0xff, 0xcb, 0x61, 0x0,
    0xff, 0xe1, 0x40, 0x7, 0xff, 0x36, 0xc0, 0x3f,
    0xf8, 0x26, 0xc0, 0x1f, 0xfc, 0xd5, 0x80, 0xf,
    0xf8, 0xb4, 0x3, 0xff, 0x9e, 0xf4, 0x20, 0x1f,
    0x97, 0x4, 0x3, 0xff, 0xa0, 0xbd, 0x28, 0x20,
    0x2, 0x6c, 0xa1, 0x0, 0xff, 0xe0, 0x80,

    /* U+0040 "@" */
    0x0, 0xff, 0xe9, 0x88, 0x7, 0xff, 0xa4, 0x56,
    0x2f, 0x7f, 0xee, 0xff, 0xbb, 0x25, 0x8c, 0x3,
    0xff, 0xbc, 0x73, 0xdc, 0xa7, 0x42, 0x0, 0xf8,
    0x4d, 0xa7, 0x3e, 0x94, 0x40, 0x3f, 0xfa, 0xe2,
    0xfd, 0x8c, 0x20, 0x1f, 0xfc, 0x65, 0xae, 0x92,
    0x0, 0xff, 0xe9, 0x8c, 0x74, 0x8, 0x7, 0xff,
    0x31, 0xb6, 0x88, 0x3, 0xff, 0xa0, 0xde, 0xe0,
    0x1f, 0xfd, 0x15, 0xd7, 0x0, 0xff, 0xe6, 0x96,
    0x48, 0x80, 0x7f, 0xf5, 0x23, 0x48, 0x3, 0xff,
    0x94, 0xba, 0x60, 0x1f, 0xfd, 0x72, 0xd4, 0x0,
    0xff, 0xe4, 0x45, 0x0, 0x7f, 0xf6, 0xed, 0x80,
    0x3f, 0xf8, 0xd4, 0xe0, 0x1f, 0xfd, 0xd9, 0x60,
    0xf, 0xfe, 0x25, 0x28, 0x7, 0xff, 0x7e, 0x50,
    0x3, 0xff, 0x85, 0x2a, 0x1, 0xff, 0xc4, 0x27,
    0x9c, 0xde, 0xff, 0xb7, 0x25, 0x88, 0x3, 0xff,
    0x87, 0x64, 0x1, 0xff, 0xc0, 0x66, 0x0, 0x7f,
    0xf0, 0x8a, 0x7b, 0x61, 0x8c, 0x84, 0x2, 0x23,
    0x69, 0xdd, 0x30, 0x7, 0xff, 0xb, 0xc0, 0x3f,
    0xe3, 0x90, 0xf, 0xfe, 0x9, 0x5e, 0xb0, 0x80,
    0x7f, 0xf0, 0x8a, 0x79, 0xc0, 0x3f, 0xf8, 0x5,
    0x0, 0x1f, 0xee, 0x0, 0xff, 0xe0, 0xce, 0xa0,
    0x7, 0xff, 0x1c, 0x63, 0x8, 0x3, 0xfe, 0x72,
    0x0, 0xfc, 0xe4, 0x1, 0xff, 0x16, 0xb0, 0x7,
    0xff, 0x2c, 0xf0, 0xc0, 0x3f, 0xe9, 0x0, 0xf8,
    0xa0, 0x3, 0xfe, 0x2c, 0x20, 0xf, 0xfe, 0x68,
    0xe1, 0x80, 0x7f, 0x90, 0xc0, 0x3d, 0x60, 0x1f,
    0xf0, 0xe0, 0x80, 0x7c, 0xb5, 0xbf, 0xee, 0xda,
    0x61, 0x12, 0x27, 0xe2, 0xd, 0x10, 0xf, 0xf4,
    0x80, 0x71, 0x30, 0x7, 0xfd, 0x82, 0x1, 0xe7,
    0xea, 0x52, 0x0, 0x9, 0x2c, 0xf5, 0x5d, 0xff,
    0x0, 0xd0, 0x7, 0xf9, 0x44, 0x3, 0x50, 0x7,
    0xfd, 0x4, 0x1, 0xc5, 0x90, 0x20, 0x1f, 0xe4,
    0x0, 0xff, 0x91, 0x0, 0x1f, 0xe7, 0x0, 0xcc,
    0x1, 0xfe, 0x27, 0x0, 0xe3, 0xc3, 0x0, 0xff,
    0xe6, 0xc0, 0x7, 0xfa, 0x80, 0x24, 0x10, 0xf,
    0xf4, 0x0, 0x71, 0x60, 0x80, 0x7f, 0xf3, 0x8c,
    0xc0, 0x1f, 0xc6, 0x20, 0xd, 0x0, 0xff, 0x12,
    0x80, 0x76, 0x0, 0x7f, 0xf4, 0x6c, 0x3, 0xfc,
    0x80, 0x7, 0x0, 0xff, 0x28, 0x7, 0x48, 0x80,
    0x7f, 0xf4, 0x54, 0x3, 0xfc, 0x40, 0x42, 0x1,
    0xfe, 0xb0, 0xc, 0x4c, 0x1, 0xff, 0xd2, 0x21,
    0x0, 0xfe, 0xd0, 0x70, 0xf, 0xf8, 0xc0, 0x35,
    0x80, 0x7f, 0xf5, 0x14, 0x3, 0xf9, 0xc0, 0x80,
    0x3f, 0xc6, 0x1, 0xce, 0x1, 0xfc, 0x53, 0xba,
    0x92, 0x0, 0xff, 0xe2, 0x88, 0x7, 0xf1, 0x7,
    0x0, 0x7f, 0x94, 0x3, 0x18, 0x80, 0x7e, 0x2d,
    0x62, 0x23, 0x61, 0x0, 0x7f, 0xf1, 0x8, 0x3,
    0xfe, 0x20, 0xf, 0xf7, 0x0, 0x65, 0x0, 0xfe,
    0xe0, 0xe, 0x1e, 0x0, 0xff, 0xe2, 0x78, 0x7,
    0xf8, 0x5c, 0x3, 0xfc, 0x20, 0x18, 0x40, 0x3f,
    0x9, 0x80, 0x78, 0xc4, 0x3, 0xff, 0x86, 0x20,
    0x1f, 0xfc, 0xa3, 0x0, 0xde, 0x1, 0xf8, 0x80,
    0x3f, 0x10, 0x7, 0xff, 0x38, 0xc0, 0x3f, 0xf9,
    0xa2, 0x1, 0xf8, 0x80, 0x3f, 0xf8, 0x62, 0x1,
    0xfe, 0x30, 0xf, 0xf8, 0xc0, 0x37, 0x0, 0x7e,
    0x22, 0x0, 0x78, 0x84, 0x3, 0xff, 0x87, 0xe0,
    0x1f, 0xe1, 0x70, 0xf, 0xf0, 0x80, 0x65, 0x0,
    0xfe, 0x80, 0xf, 0x40, 0x7, 0xff, 0x10, 0x40,
    0x3f, 0xe1, 0x0, 0xff, 0x70, 0x6, 0x30, 0xf,
    0xe5, 0xa1, 0x0, 0xd, 0x28, 0x7, 0xff, 0x11,
    0x40, 0x3f, 0x84, 0x34, 0x3, 0xfc, 0x40, 0x1c,
    0xa0, 0x1f, 0xcb, 0xdd, 0x94, 0x3, 0xfe, 0x24,
    0x4e, 0x20, 0xf, 0xe5, 0x2, 0x0, 0xff, 0x28,
    0x7, 0x48, 0x7, 0xfc, 0x22, 0x0, 0xff, 0xe0,
    0xa5, 0xdf, 0x8, 0x7, 0xf1, 0x83, 0x80, 0x7f,
    0x84, 0x80, 0x31, 0xa0, 0x7, 0xff, 0x77, 0x40,
    0x84, 0x3, 0xfc, 0xa0, 0x1d, 0x40, 0x1f, 0xfd,
    0xd4, 0x0, 0x20, 0x7, 0xfa, 0xc0, 0x38, 0x6c,
    0x3, 0xff, 0xb6, 0x82, 0x0, 0xf0, 0xf, 0xf1,
    0xa0, 0x7, 0x25, 0x0, 0x7f, 0xf6, 0xb4, 0x2,
    0x51, 0x0, 0xff, 0x78, 0x7, 0x97, 0x8, 0x3,
    0xff, 0xae, 0x2c, 0x1, 0x9c, 0x3, 0xfc, 0x8a,
    0x1, 0xe3, 0xd7, 0x0, 0xff, 0xeb, 0x48, 0x7,
    0x58, 0x7, 0xfd, 0x62, 0x1, 0xf4, 0x7c, 0xa9,
    0x0, 0x42, 0x6f, 0x72, 0x1, 0xff, 0xc9, 0x27,
    0x0, 0xe2, 0x50, 0xf, 0xf0, 0xe8, 0x7, 0xf3,
    0x56, 0xff, 0xdd, 0x90, 0x8d, 0xff, 0xff, 0xc9,
    0xd0, 0xf, 0xa0, 0x3, 0xfe, 0x3b, 0x0, 0xff,
    0xf2, 0x13, 0x0, 0x7f, 0xc9, 0x62, 0x1, 0xff,
    0xcc, 0x22, 0x0, 0x7f, 0xf2, 0x64, 0x40, 0x3f,
    0xe4, 0xc4, 0x0, 0xff, 0xe5, 0x36, 0xe1, 0x0,
    0x7f, 0xf2, 0x68, 0x3, 0xff, 0x80, 0x57, 0x44,
    0x1, 0xff, 0xc6, 0x3c, 0x90, 0x1c, 0x20, 0xf,
    0xfe, 0x42, 0x38, 0x7, 0xff, 0x5, 0x76, 0xd0,
    0x3, 0xff, 0x84, 0xb9, 0x83, 0x0, 0x87, 0x8,
    0x3, 0xff, 0x91, 0x8, 0x1, 0xff, 0xc2, 0x4b,
    0xfb, 0x85, 0x32, 0x2c, 0x6b, 0x17, 0xf4, 0x60,
    0x1e, 0x1c, 0x10, 0xf, 0xfe, 0x45, 0xa0, 0x7,
    0xff, 0x11, 0x1e, 0xb3, 0x77, 0x65, 0x3a, 0x0,
    0x7f, 0x87, 0x4, 0x3, 0xff, 0x91, 0x66, 0x1,
    0xff, 0xda, 0x2c, 0x10, 0xf, 0xfe, 0x46, 0x28,
    0x7, 0xff, 0x68, 0xb0, 0x3, 0xff, 0x93, 0x50,
    0x1, 0xff, 0xda, 0x80, 0xf, 0xfe, 0x53, 0xe1,
    0x0, 0x7f, 0xf5, 0x8b, 0x14, 0x3, 0xff, 0x96,
    0x7a, 0xe0, 0x1f, 0xfd, 0x47, 0xd3, 0x0, 0xff,
    0xe7, 0x46, 0xa8, 0x7, 0xff, 0x41, 0x76, 0x0,
    0x3f, 0xfa, 0x25, 0x5c, 0xe2, 0x1, 0xff, 0xcb,
    0x6d, 0xa2, 0x0, 0xff, 0xea, 0xc, 0x75, 0xa8,
    0x80, 0x7f, 0xf1, 0x5, 0x6b, 0xe4, 0x80, 0x3f,
    0xfb, 0x29, 0x5d, 0xb4, 0xea, 0x62, 0x20, 0x8,
    0x49, 0x1a, 0x77, 0xa9, 0x40, 0x3f, 0xf9, 0x0,

    /* U+0041 "A" */
    0x0, 0xff, 0xe6, 0xbc, 0x47, 0xff, 0x8, 0xc0,
    0x3f, 0xfc, 0x87, 0xe, 0xff, 0xfc, 0x2f, 0x0,
    0xff, 0xf2, 0x50, 0x7, 0xff, 0xc, 0xc8, 0x3,
    0xff, 0xc6, 0xc0, 0x1f, 0xfc, 0x4a, 0x0, 0xff,
    0xf1, 0x30, 0x7, 0xff, 0x15, 0x80, 0x3f, 0xfc,
    0x54, 0x1, 0xff, 0xc5, 0x14, 0x0, 0xff, 0xf0,
    0x11, 0x80, 0x7f, 0xf1, 0xbc, 0x3, 0xff, 0xc1,
    0x40, 0x1f, 0xfc, 0x74, 0x10, 0xf, 0xfe, 0xfb,
    0x0, 0x7f, 0xf2, 0x18, 0x3, 0xff, 0xbc, 0xa2,
    0x1, 0xff, 0xc8, 0xa0, 0xf, 0xfe, 0xf7, 0x0,
    0x7f, 0xf2, 0x48, 0xc0, 0x3f, 0xfb, 0x82, 0x80,
    0x1f, 0xfc, 0xaa, 0x0, 0xff, 0xee, 0x30, 0x7,
    0xff, 0x2d, 0x80, 0x3f, 0xfb, 0x94, 0x1, 0xff,
    0xcc, 0x50, 0xf, 0xfe, 0xd2, 0x10, 0x7, 0xff,
    0x32, 0x40, 0x3f, 0xfb, 0x5c, 0x1, 0xff, 0xcd,
    0x32, 0x0, 0xff, 0xec, 0xa8, 0x7, 0xff, 0x3a,
    0x80, 0x3f, 0xfb, 0xc, 0x1, 0xff, 0xcf, 0x60,
    0xf, 0xfe, 0xc5, 0x0, 0x7f, 0xf3, 0xc5, 0x0,
    0x3f, 0xfa, 0xc4, 0x60, 0x1f, 0xfc, 0x19, 0x0,
    0xff, 0xe1, 0x70, 0x7, 0xff, 0x5a, 0xc0, 0x3f,
    0xf8, 0x4c, 0x80, 0x1f, 0xfc, 0x15, 0x10, 0xf,
    0xfe, 0xab, 0x80, 0x7f, 0xf0, 0x54, 0x34, 0x3,
    0xff, 0x84, 0xe0, 0x1f, 0xfd, 0x45, 0x10, 0xf,
    0xfe, 0xf, 0x3, 0x0, 0x7f, 0xf0, 0xac, 0x3,
    0xff, 0xa9, 0xc0, 0x1f, 0xfc, 0x11, 0x40, 0x2,
    0x80, 0x7f, 0xf0, 0x48, 0xc0, 0x3f, 0xfa, 0x44,
    0x80, 0x1f, 0xfc, 0x17, 0x0, 0xbc, 0x3, 0xff,
    0x85, 0x40, 0x1f, 0xfd, 0x2a, 0x0, 0xff, 0xe1,
    0x50, 0x4, 0xa0, 0x1f, 0xfc, 0x27, 0x0, 0xff,
    0xe9, 0x30, 0x7, 0xff, 0x4, 0x8c, 0x3, 0x28,
    0x7, 0xff, 0x4, 0x54, 0x3, 0xff, 0xa0, 0x82,
    0x1, 0xff, 0xc1, 0x50, 0xe, 0xe0, 0xf, 0xfe,
    0x17, 0x0, 0x7f, 0xf4, 0x38, 0x3, 0xff, 0x85,
    0x40, 0x1c, 0x82, 0x1, 0xff, 0xc1, 0x41, 0x0,
    0xff, 0xe7, 0xa, 0x80, 0x7f, 0xf0, 0x4c, 0x80,
    0x3c, 0xe0, 0x1f, 0xfc, 0x26, 0x0, 0xff, 0xe7,
    0x30, 0x7, 0xff, 0xa, 0xc0, 0x3e, 0xd0, 0xf,
    0xfe, 0x15, 0x0, 0x7f, 0xf3, 0xa8, 0x3, 0xff,
    0x84, 0xc0, 0x1f, 0x20, 0x80, 0x7f, 0xf0, 0x49,
    0x0, 0x3f, 0xf9, 0x86, 0x40, 0x1f, 0xfc, 0x14,
    0x10, 0xf, 0xce, 0x1, 0xff, 0xc2, 0xe0, 0xf,
    0xfe, 0x65, 0x0, 0x7f, 0xf0, 0xb4, 0x3, 0xfa,
    0x80, 0x3f, 0xf8, 0x4a, 0x20, 0x1f, 0xfc, 0xb6,
    0x0, 0xff, 0xe1, 0x30, 0x7, 0xf1, 0x88, 0x7,
    0xff, 0x9, 0xc0, 0x3f, 0xf9, 0x4c, 0x1, 0xff,
    0xc2, 0x50, 0xf, 0xf9, 0x80, 0x3f, 0xf8, 0x54,
    0x1, 0xff, 0xca, 0xa0, 0xf, 0xfe, 0x17, 0x80,
    0x7f, 0xd6, 0x1, 0xff, 0xc2, 0x32, 0x0, 0xff,
    0xe4, 0x11, 0x80, 0x7f, 0xf0, 0x94, 0x3, 0xfe,
    0x32, 0x0, 0xff, 0xe1, 0x50, 0x7, 0xff, 0x22,
    0x80, 0x3f, 0xf8, 0x4c, 0x1, 0xff, 0xc1, 0x50,
    0xf, 0xfe, 0x13, 0x0, 0x7f, 0xf2, 0x18, 0x3,
    0xff, 0x84, 0x6e, 0xff, 0xfc, 0x11, 0x0, 0xff,
    0xe1, 0xa, 0x80, 0x7f, 0xf1, 0x94, 0x40, 0x3f,
    0xf8, 0x4b, 0x11, 0xff, 0xc1, 0x60, 0xf, 0xfe,
    0x1f, 0x0, 0x7f, 0xf1, 0xb8, 0x3, 0xff, 0xc2,
    0x82, 0x1, 0xff, 0xc4, 0x14, 0x0, 0xff, 0xf1,
    0x30, 0x7, 0xff, 0x11, 0x80, 0x3f, 0xfc, 0x74,
    0x1, 0xff, 0xc4, 0xa0, 0xf, 0xff, 0x19, 0x18,
    0x7, 0xff, 0x9, 0x8, 0x3, 0xff, 0xc9, 0x20,
    0x1f, 0xfc, 0x2e, 0x0, 0xff, 0xf2, 0xa8, 0x7,
    0xff, 0x4, 0x54, 0x3, 0xff, 0xcc, 0xc0, 0x1f,
    0xfc, 0x7, 0x0, 0xff, 0xf3, 0xd0, 0x7, 0xff,
    0x2, 0x80, 0x3f, 0xfc, 0xe6, 0x40, 0x1f, 0xe3,
    0x30, 0x7, 0xff, 0xa2, 0x80, 0x3f, 0xd4, 0x1,
    0xff, 0xe9, 0x60, 0xf, 0xf3, 0x80, 0x7f, 0xf0,
    0x8f, 0xff, 0xff, 0x96, 0xa0, 0x1f, 0xfc, 0x21,
    0x40, 0xf, 0xca, 0x20, 0x1f, 0xfc, 0x2a, 0x0,
    0xff, 0xe5, 0xf8, 0x7, 0xff, 0xf, 0xc0, 0x3f,
    0x70, 0x7, 0xff, 0xd, 0xc0, 0x3f, 0xf9, 0x6a,
    0x1, 0xff, 0xc3, 0x41, 0x0, 0xf1, 0x20, 0x7,
    0xff, 0x9, 0x4, 0x3, 0xff, 0x98, 0xa0, 0x1f,
    0xfc, 0x36, 0x0, 0xf5, 0x0, 0x7f, 0xf0, 0xf8,
    0x3, 0xff, 0x9b, 0xe0, 0x1f, 0xfc, 0x3a, 0x0,
    0xf3, 0x0, 0x7f, 0xf0, 0xd4, 0x3, 0xff, 0x9a,
    0xa0, 0x1f, 0xfc, 0x32, 0x30, 0xc, 0x82, 0x1,
    0xff, 0xc2, 0x50, 0xf, 0xfe, 0x7a, 0x80, 0x7f,
    0xf0, 0xe8, 0x3, 0x70, 0x7, 0xff, 0xf, 0x80,
    0x3f, 0xf9, 0xfc, 0x1, 0xff, 0xc3, 0x60, 0x8,
    0x54, 0x3, 0xff, 0x84, 0x28, 0x1, 0xff, 0xcf,
    0x40, 0xf, 0xfe, 0x22, 0x80, 0x18, 0x3, 0xff,
    0x86, 0xe0, 0x1f, 0xfd, 0x15, 0x0, 0xff, 0xe1,
    0xc8, 0x2, 0x80, 0x3f, 0xf8, 0x7a, 0x1, 0xff,
    0xd1, 0xe0, 0xf, 0xfe, 0x19, 0x90,

    /* U+0042 "B" */
    0x7f, 0xff, 0xfe, 0x8f, 0x6d, 0xcb, 0x10, 0x7,
    0xff, 0x80, 0x49, 0x1a, 0x77, 0x4e, 0x20, 0x1f,
    0xfe, 0x32, 0x8e, 0x80, 0xf, 0xff, 0x2b, 0xf2,
    0x0, 0x7f, 0xf9, 0x6, 0xe0, 0x3, 0xff, 0xca,
    0xf0, 0x1, 0xff, 0xe5, 0x77, 0x0, 0x7f, 0xf9,
    0x60, 0xc0, 0x3f, 0xfc, 0xbe, 0x1, 0xff, 0xe5,
    0x35, 0x0, 0xff, 0xf2, 0xf0, 0x7, 0xff, 0x1d,
    0x13, 0xfc, 0x60, 0x1f, 0xfc, 0x74, 0x10, 0xf,
    0xfe, 0x35, 0xdf, 0xfb, 0x3e, 0x8c, 0x3, 0xff,
    0x8a, 0x80, 0x1f, 0xfd, 0x25, 0xc6, 0x0, 0xff,
    0xe2, 0x68, 0x7, 0xff, 0x52, 0x50, 0x3, 0xff,
    0x86, 0x40, 0x1f, 0xfd, 0x5f, 0x0, 0xff, 0xe1,
    0x88, 0x7, 0xff, 0x55, 0x0, 0x3f, 0xf8, 0x6e,
    0x1, 0xff, 0xd6, 0x10, 0xf, 0xfe, 0x13, 0x80,
    0x7f, 0xf9, 0x48, 0x3, 0xff, 0xac, 0x20, 0x1f,
    0xfc, 0x2f, 0x0, 0xff, 0xea, 0xa8, 0x7, 0xff,
    0xd, 0x0, 0x3f, 0xfa, 0xb0, 0x1, 0xff, 0xc2,
    0x22, 0x0, 0x7f, 0xf4, 0xcb, 0x8, 0x3, 0xff,
    0x85, 0x60, 0x1f, 0xfd, 0x11, 0x49, 0xd3, 0x0,
    0xff, 0xe1, 0x13, 0x0, 0x7f, 0xf1, 0xff, 0xff,
    0xdd, 0x6c, 0x1, 0xff, 0xc4, 0xe0, 0xf, 0xff,
    0x24, 0x98, 0x7, 0xff, 0x8e, 0x58, 0x3, 0xff,
    0xc4, 0x38, 0xc0, 0x1f, 0xfe, 0x25, 0xe3, 0x0,
    0xff, 0xf1, 0xac, 0x0, 0x7f, 0xf9, 0x5f, 0x8c,
    0x3, 0xff, 0xc8, 0x38, 0xc0, 0x1f, 0xfe, 0x59,
    0x60, 0xf, 0xff, 0x2c, 0xa0, 0x7, 0xff, 0x96,
    0x84, 0x3, 0xff, 0x8d, 0x55, 0xff, 0x42, 0x88,
    0x7, 0xff, 0x10, 0x6c, 0x3, 0xff, 0x8c, 0xab,
    0xff, 0x3d, 0x74, 0x80, 0x7f, 0xf1, 0x14, 0x80,
    0x3f, 0xfa, 0x6d, 0xa2, 0x1, 0xff, 0xc3, 0xa0,
    0xf, 0xfe, 0xa1, 0x68, 0x7, 0xff, 0xd, 0x80,
    0x3f, 0xfa, 0xa6, 0xc0, 0x1f, 0xfc, 0x21, 0x20,
    0xf, 0xfe, 0xae, 0x80, 0x7f, 0xf0, 0xdc, 0x3,
    0xff, 0xaa, 0x80, 0x1f, 0xfc, 0x3d, 0x0, 0xff,
    0xf2, 0x88, 0x7, 0xff, 0xfc, 0x3, 0xf0, 0x80,
    0x7f, 0xf9, 0x50, 0x3, 0xff, 0x86, 0x20, 0x1f,
    0xfd, 0x59, 0x0, 0xff, 0xe1, 0xf0, 0x7, 0xff,
    0x51, 0xcc, 0x3, 0xff, 0x86, 0xa0, 0x1f, 0xfd,
    0x36, 0x80, 0xf, 0xfe, 0x21, 0x80, 0x7f, 0xf4,
    0x52, 0xe4, 0x3, 0xff, 0x88, 0x80, 0x1f, 0xfc,
    0x5a, 0xaf, 0xf5, 0xe7, 0xda, 0x0, 0x7f, 0xf1,
    0x78, 0x3, 0xff, 0x8a, 0xab, 0xfe, 0x43, 0x0,
    0xff, 0xe3, 0x92, 0x80, 0x7f, 0xf9, 0x20, 0x3,
    0xff, 0xc8, 0x8a, 0x1, 0xff, 0xe3, 0x1a, 0x0,
    0xff, 0xf2, 0x68, 0x80, 0x7f, 0xf8, 0x87, 0xc,
    0x3, 0xff, 0xc4, 0x78, 0x60, 0x1f, 0xfe, 0x27,
    0xc2, 0x0, 0xff, 0xf0, 0xae, 0xc0, 0x7, 0xff,
    0x80, 0xa3, 0xa8, 0x80, 0x3f, 0xfb, 0x62, 0x48,
    0xf5, 0xda, 0xe2, 0x1, 0xff, 0x0,

    /* U+0043 "C" */
    0x0, 0xff, 0xff, 0x80, 0x7e, 0x25, 0x8a, 0xce,
    0xff, 0xee, 0xdb, 0x97, 0x40, 0xf, 0xfe, 0xd2,
    0x57, 0x6d, 0x3a, 0x98, 0x80, 0x70, 0x92, 0x34,
    0x5f, 0xe3, 0x90, 0x7, 0xff, 0x4c, 0xa7, 0xed,
    0x44, 0x3, 0xff, 0x8c, 0x71, 0xba, 0x60, 0xf,
    0xfe, 0x7a, 0x5e, 0xb0, 0x7, 0xff, 0x34, 0xa7,
    0xa0, 0x40, 0x3f, 0xf9, 0x45, 0x76, 0x40, 0xf,
    0xfe, 0x88, 0xbf, 0xb0, 0x7, 0xff, 0x22, 0x35,
    0x0, 0x3f, 0xfa, 0xa3, 0x3a, 0x60, 0x1f, 0xfc,
    0x42, 0xc7, 0x0, 0xff, 0xec, 0x96, 0x40, 0x7,
    0xff, 0x9, 0x34, 0xc0, 0x3f, 0xfb, 0x8f, 0x62,
    0x1, 0xff, 0x2d, 0x80, 0x7f, 0xf7, 0xd3, 0x4,
    0x3, 0xf9, 0xa8, 0x3, 0xff, 0xc2, 0xa2, 0x1,
    0xf9, 0x64, 0x3, 0xff, 0xc2, 0xf0, 0x1, 0xf9,
    0x28, 0x3, 0xff, 0xc2, 0xf0, 0x1, 0xf8, 0x68,
    0x3, 0xff, 0xc2, 0xf0, 0x1, 0xfd, 0xa2, 0x1,
    0xff, 0xe0, 0x78, 0x0, 0xfe, 0x73, 0x0, 0xff,
    0xe4, 0xa4, 0x5e, 0xf7, 0xfb, 0xb2, 0x9c, 0xc0,
    0x3f, 0xe7, 0x80, 0xf, 0xe1, 0x80, 0xf, 0xfe,
    0x39, 0x4f, 0xdb, 0xa1, 0x8, 0x0, 0x4d, 0x63,
    0x35, 0xc0, 0x3f, 0x3c, 0x0, 0x7f, 0xac, 0x3,
    0xff, 0x8f, 0x3a, 0xc0, 0x1f, 0xfc, 0x12, 0x8e,
    0x60, 0xe, 0x78, 0x0, 0xff, 0x12, 0x80, 0x7f,
    0xf1, 0x4f, 0x98, 0x3, 0xff, 0x8a, 0x33, 0x62,
    0x0, 0x88, 0x0, 0x7f, 0xd0, 0x1, 0xff, 0xc5,
    0x4c, 0x10, 0xf, 0xfe, 0x42, 0x60, 0xc3, 0x80,
    0x7f, 0xc4, 0xa0, 0x1f, 0xfc, 0x43, 0xb0, 0xf,
    0xfe, 0x59, 0x73, 0x80, 0x7f, 0xf0, 0x14, 0x3,
    0xff, 0x88, 0x3a, 0x1, 0xff, 0xdb, 0xa0, 0xf,
    0xfe, 0x25, 0x8, 0x7, 0xff, 0x68, 0xc8, 0x3,
    0xff, 0x86, 0xa8, 0x1, 0xff, 0xdb, 0x40, 0xf,
    0xfe, 0x24, 0x80, 0x7f, 0xf7, 0x30, 0x3, 0xff,
    0x86, 0x66, 0x0, 0xff, 0xee, 0x28, 0x7, 0xff,
    0xe, 0x80, 0x3f, 0xfb, 0x82, 0x20, 0xf, 0xfe,
    0x1a, 0x0, 0x7f, 0xf7, 0x8, 0x3, 0xff, 0x86,
    0x24, 0x1, 0xff, 0xdc, 0x60, 0xf, 0xfe, 0x19,
    0x0, 0x7f, 0xf7, 0x4c, 0x3, 0xff, 0x86, 0xa0,
    0x1f, 0xfd, 0xd1, 0x0, 0xff, 0xe1, 0x88, 0x7,
    0xff, 0x77, 0xc0, 0x3f, 0xff, 0xe0, 0x1f, 0xfd,
    0xcf, 0x0, 0xff, 0xf6, 0x88, 0x7, 0xff, 0xc,
    0x40, 0x3f, 0xfb, 0xa6, 0x1, 0xff, 0xc3, 0x50,
    0xf, 0xfe, 0xeb, 0x0, 0x7f, 0xf0, 0xc8, 0x3,
    0xff, 0xba, 0x60, 0x1f, 0xfc, 0x31, 0x20, 0xf,
    0xfe, 0xe8, 0x80, 0x7f, 0xf0, 0xd4, 0x3, 0xff,
    0xba, 0x80, 0x1f, 0xfc, 0x3b, 0x0, 0xff, 0xee,
    0xe0, 0x7, 0xff, 0xc, 0xcc, 0x1, 0xff, 0xdc,
    0x40, 0xf, 0xfe, 0x24, 0x80, 0x7f, 0xf7, 0x8,
    0x80, 0x1f, 0xfc, 0x35, 0x40, 0xf, 0xfe, 0xe5,
    0x0, 0x7f, 0xf1, 0x24, 0x40, 0x3f, 0xfb, 0x6c,
    0x1, 0xff, 0xc4, 0x2a, 0x0, 0xff, 0xed, 0x8b,
    0x0, 0x7f, 0xf1, 0x12, 0x80, 0x3f, 0xf9, 0x95,
    0x80, 0x1f, 0xfc, 0x1b, 0x0, 0xff, 0xe2, 0xae,
    0x8, 0x7, 0xff, 0x20, 0x71, 0x4f, 0x0, 0x3f,
    0xf8, 0x4, 0xa0, 0x1f, 0xfc, 0x53, 0xf5, 0x0,
    0xff, 0xe3, 0x37, 0x98, 0x0, 0xf0, 0x3, 0xff,
    0x81, 0x62, 0x1, 0xff, 0xc5, 0x1a, 0xd5, 0x0,
    0xff, 0xe1, 0x36, 0xc8, 0x80, 0x63, 0xc0, 0xf,
    0xf8, 0x60, 0x3, 0xff, 0x8e, 0x55, 0xf4, 0xc6,
    0x20, 0x18, 0x91, 0xef, 0xe4, 0x80, 0x3e, 0x3c,
    0x0, 0xff, 0x99, 0x0, 0x3f, 0xf9, 0x2b, 0x39,
    0xdf, 0xfb, 0x6e, 0x10, 0x3, 0xfe, 0x3c, 0x0,
    0xff, 0xa8, 0x40, 0x3f, 0xfc, 0x7, 0x80, 0x1f,
    0xe1, 0xd0, 0xf, 0xff, 0x9, 0xe0, 0x7, 0xf8,
    0xec, 0x3, 0xff, 0xc2, 0x78, 0x1, 0xfe, 0x4a,
    0x0, 0xff, 0xf0, 0x9e, 0x8, 0x7, 0xf2, 0xd8,
    0x7, 0xff, 0x84, 0xd0, 0x3, 0xfc, 0x98, 0x20,
    0x1f, 0xfd, 0xe1, 0xb5, 0x0, 0xff, 0x8f, 0xd0,
    0x3, 0xff, 0xb8, 0x78, 0x80, 0x1f, 0xfc, 0x11,
    0xb9, 0x0, 0xff, 0xed, 0x46, 0x10, 0x7, 0xff,
    0x11, 0xb9, 0x80, 0x3f, 0xfa, 0xc9, 0xae, 0x1,
    0xff, 0xc7, 0x19, 0xd5, 0x0, 0xff, 0xe9, 0x1d,
    0xd8, 0x80, 0x3f, 0xf9, 0x45, 0x5c, 0xe2, 0x1,
    0xff, 0xcd, 0x5c, 0xc2, 0x0, 0x7f, 0xf3, 0x86,
    0x3b, 0x18, 0x80, 0x3f, 0xf8, 0xc2, 0xb5, 0xf4,
    0x60, 0x1f, 0xfd, 0x33, 0x9d, 0xeb, 0x86, 0x42,
    0x10, 0xc, 0x24, 0x8c, 0xf5, 0xdc, 0xa5, 0x0,
    0xff, 0xe0, 0x0,

    /* U+0044 "D" */
    0x7f, 0xff, 0xfe, 0x77, 0x73, 0x72, 0x9d, 0x48,
    0x3, 0xff, 0xd0, 0x22, 0x23, 0x58, 0xad, 0xfa,
    0x61, 0x0, 0xff, 0xf6, 0xac, 0xf6, 0x28, 0x7,
    0xff, 0xb8, 0xeb, 0x9c, 0x40, 0x3f, 0xfd, 0xa3,
    0x1e, 0xc0, 0x1f, 0xfe, 0xe1, 0x9c, 0x30, 0xf,
    0xff, 0x71, 0xe3, 0x80, 0x7f, 0xfb, 0xe2, 0x80,
    0x3f, 0xfd, 0xeb, 0xa2, 0x1, 0xff, 0xee, 0x2c,
    0x10, 0xf, 0xff, 0x71, 0x60, 0x80, 0x7f, 0xfb,
    0x8b, 0x40, 0x3f, 0xfd, 0xe7, 0x20, 0x1f, 0xfc,
    0xa5, 0x77, 0xff, 0x32, 0x98, 0x80, 0x7f, 0xf2,
    0x99, 0x0, 0x3f, 0xf9, 0x3d, 0x11, 0xfe, 0x9a,
    0xce, 0xd8, 0x30, 0xf, 0xfe, 0x45, 0x8, 0x7,
    0xff, 0x5c, 0x9f, 0x30, 0x80, 0x1f, 0xfc, 0x61,
    0xb0, 0xf, 0xfe, 0xd1, 0xdd, 0x84, 0x3, 0xff,
    0x8a, 0xa6, 0x1, 0xff, 0xdb, 0x4f, 0x30, 0xf,
    0xfe, 0x2c, 0x0, 0x7f, 0xf7, 0x7, 0xc, 0x3,
    0xff, 0x88, 0x84, 0x1, 0xff, 0xdd, 0xd1, 0x0,
    0xff, 0xe2, 0x50, 0x7, 0xff, 0x74, 0x74, 0x3,
    0xff, 0x88, 0xc0, 0x1f, 0xfd, 0xe3, 0x60, 0xf,
    0xfe, 0x18, 0x98, 0x7, 0xff, 0x7a, 0xc0, 0x3f,
    0xf8, 0x96, 0x1, 0xff, 0xde, 0x24, 0x0, 0xff,
    0xe1, 0xa0, 0x7, 0xff, 0x7f, 0x40, 0x3f, 0xf8,
    0x66, 0x1, 0xff, 0xdf, 0x70, 0xf, 0xfe, 0x21,
    0x0, 0x7f, 0xf7, 0x84, 0x40, 0x1f, 0xfc, 0x36,
    0x0, 0xff, 0xef, 0x90, 0x7, 0xff, 0xc, 0x80,
    0x3f, 0xfb, 0xec, 0x1, 0xff, 0xc3, 0xe0, 0xf,
    0xfe, 0xf9, 0x80, 0x7f, 0xfb, 0xc4, 0x3, 0xff,
    0x86, 0x20, 0x1f, 0xff, 0xf0, 0xf, 0xfe, 0x80,
    0x80, 0x7f, 0xf0, 0xc4, 0x3, 0xff, 0xbe, 0x60,
    0x1f, 0xfc, 0x3f, 0x0, 0xff, 0xef, 0xb0, 0x7,
    0xff, 0xc, 0x40, 0x3f, 0xfb, 0xe4, 0x1, 0xff,
    0xc3, 0x20, 0xf, 0xfe, 0xf1, 0x8, 0x7, 0xff,
    0xd, 0x80, 0x3f, 0xfb, 0xc8, 0x1, 0xff, 0xc4,
    0x20, 0xf, 0xfe, 0xf6, 0x80, 0x7f, 0xf0, 0xd0,
    0x3, 0xff, 0xbc, 0x48, 0x1, 0xff, 0xc3, 0xc0,
    0xf, 0xfe, 0xf4, 0x0, 0x7f, 0xf1, 0x10, 0x3,
    0xff, 0xba, 0x6a, 0x1, 0xff, 0xc3, 0x23, 0x0,
    0xff, 0xee, 0xf, 0x0, 0x7f, 0xf1, 0x14, 0x3,
    0xff, 0xbb, 0xa4, 0x1, 0xff, 0xc4, 0xa0, 0xf,
    0xfe, 0xd8, 0xe1, 0x80, 0x7f, 0xf1, 0x14, 0x80,
    0x3f, 0xfb, 0x49, 0xe6, 0x1, 0xff, 0xc5, 0x80,
    0xf, 0xfe, 0xc9, 0x55, 0x88, 0x7, 0xff, 0x15,
    0x88, 0x3, 0xff, 0xac, 0x4d, 0x7a, 0xa0, 0x1f,
    0xfc, 0x61, 0x80, 0xf, 0xfe, 0x47, 0x44, 0x7f,
    0xa6, 0xaf, 0xb6, 0x50, 0x3, 0xff, 0x91, 0x62,
    0x1, 0xff, 0xc8, 0x57, 0x7f, 0xf3, 0x2a, 0x8,
    0x7, 0xff, 0x29, 0x94, 0x3, 0xff, 0xda, 0x72,
    0x1, 0xff, 0xed, 0x2d, 0x0, 0xff, 0xf6, 0x96,
    0x8, 0x7, 0xff, 0xb0, 0xb0, 0x40, 0x3f, 0xfd,
    0x89, 0xa2, 0x1, 0xff, 0xec, 0x7b, 0x0, 0xff,
    0xf6, 0x16, 0x40, 0x7, 0xff, 0xac, 0x63, 0x4c,
    0x3, 0xff, 0xd4, 0x2f, 0xce, 0x1, 0xff, 0xea,
    0x3a, 0xe8, 0x0, 0xff, 0xf4, 0xa4, 0xf6, 0x28,
    0x7, 0xff, 0x8c, 0x44, 0x6a, 0xf3, 0xbf, 0x6c,
    0x20, 0x1f, 0xfc, 0x90,

    /* U+0045 "E" */
    0x14, 0x4f, 0xff, 0x8, 0xb5, 0xdf, 0xff, 0x85,
    0x40, 0x3f, 0xff, 0xe0, 0x1f, 0xff, 0xf0, 0xf,
    0xff, 0xf8, 0x7, 0xff, 0xfc, 0x3, 0xff, 0xfe,
    0x1, 0xff, 0xff, 0x0, 0xff, 0xff, 0x80, 0x7f,
    0xfa, 0xef, 0xff, 0xff, 0xa2, 0x80, 0x1f, 0xff,
    0xf0, 0xf, 0xff, 0xf8, 0x7, 0xff, 0xfc, 0x3,
    0xff, 0xfe, 0x1, 0xff, 0xff, 0x0, 0xff, 0xff,
    0x80, 0x7f, 0xf6, 0x2f, 0xff, 0xff, 0x9d, 0x40,
    0x1f, 0xff, 0xf0, 0xf, 0xff, 0xf8, 0x7, 0xff,
    0xfc, 0x3, 0xff, 0xfe, 0x1, 0xff, 0xff, 0x0,
    0xff, 0xff, 0x80, 0x7f, 0xff, 0xc0, 0x3f, 0xe1,
    0x1f, 0xfe, 0x79, 0x80, 0x7f, 0xf1, 0xeb, 0xbb,
    0xff, 0x9d, 0x20, 0x1f, 0xff, 0xf0, 0xf, 0xff,
    0xf8, 0x7, 0xff, 0xfc, 0x3, 0xff, 0xfe, 0x1,
    0xff, 0xff, 0x0, 0xff, 0xff, 0x80, 0x7f, 0xf6,
    0xcd, 0x13, 0xff, 0xa2, 0x60, 0x1f, 0xfc, 0x48,
    0xbb, 0xff, 0xe8, 0xf0, 0x7, 0xff, 0xfc, 0x3,
    0xff, 0xfe, 0x1, 0xff, 0xff, 0x0, 0xff, 0xff,
    0x80, 0x7f, 0xff, 0xc0, 0x3f, 0xff, 0xe0, 0x1f,
    0xff, 0xf0, 0xf, 0xfe, 0xd8,

    /* U+0046 "F" */
    0x7f, 0xff, 0xff, 0x2, 0x80, 0x7f, 0xff, 0xc0,
    0x3f, 0xff, 0xe0, 0x1f, 0xff, 0xf0, 0xf, 0xff,
    0xf8, 0x7, 0xff, 0xfc, 0x3, 0xff, 0xfe, 0x1,
    0xff, 0xff, 0x0, 0xff, 0xef, 0xc5, 0xdf, 0xff,
    0x41, 0x0, 0x3f, 0xf8, 0x86, 0x89, 0xff, 0xd0,
    0x10, 0xf, 0xff, 0xf8, 0x7, 0xff, 0xfc, 0x3,
    0xff, 0xfe, 0x1, 0xff, 0xff, 0x0, 0xff, 0xff,
    0x80, 0x7f, 0xff, 0xc0, 0x3f, 0xf9, 0xc6, 0x89,
    0xff, 0xce, 0x30, 0xf, 0xfe, 0x34, 0x5d, 0xff,
    0xf3, 0xb4, 0x3, 0xff, 0xfe, 0x1, 0xff, 0xff,
    0x0, 0xff, 0xff, 0x80, 0x7f, 0xff, 0xc0, 0x3f,
    0xff, 0xe0, 0x1f, 0xff, 0xf0, 0xf, 0xff, 0xf8,
    0x7, 0xff, 0x86, 0xff, 0xff, 0xf9, 0xdc, 0x1,
    0xff, 0xff, 0x0, 0xff, 0xff, 0x80, 0x7f, 0xff,
    0xc0, 0x3f, 0xff, 0xe0, 0x1f, 0xff, 0xf0, 0xf,
    0xff, 0xf8, 0x7, 0xff, 0xfc, 0x3, 0xff, 0xfe,
    0x1, 0xff, 0xff, 0x0, 0xff, 0xff, 0x80, 0x7f,
    0xff, 0xc0, 0x3f, 0xff, 0xe0, 0x1f, 0xff, 0xf0,
    0xf, 0xfe, 0xda, 0x3b, 0xff, 0xf0, 0xd8, 0x3,
    0xff, 0xa2,

    /* U+0047 "G" */
    0x0, 0xff, 0xff, 0x80, 0x7f, 0xf1, 0x4d, 0xa6,
    0xf7, 0xbf, 0xfb, 0xb6, 0xe5, 0x90, 0x3, 0xff,
    0xc2, 0x2d, 0x7f, 0x92, 0xc8, 0x42, 0x1, 0xc2,
    0x48, 0xd3, 0x7f, 0x90, 0x60, 0x1f, 0xfd, 0xb5,
    0xbe, 0x94, 0x0, 0xff, 0xe3, 0x9b, 0xe6, 0xb8,
    0x80, 0x7f, 0xf5, 0x9f, 0xa9, 0x0, 0x3f, 0xf9,
    0xa5, 0x1d, 0x22, 0x1, 0xff, 0xd2, 0x5e, 0x81,
    0x0, 0xff, 0xe9, 0x37, 0x48, 0x80, 0x7f, 0xf3,
    0x8b, 0x28, 0x40, 0x3f, 0xfa, 0xcd, 0xea, 0x1,
    0xff, 0xcc, 0x7d, 0x30, 0xf, 0xfe, 0xc8, 0xd5,
    0x0, 0x3f, 0xf9, 0x57, 0x0, 0x1f, 0xfd, 0xd5,
    0xd2, 0x0, 0xff, 0xe3, 0xe, 0xa0, 0x7, 0xff,
    0x7c, 0xb0, 0xc0, 0x3f, 0xf8, 0x85, 0xe4, 0x1,
    0xff, 0xe1, 0x1c, 0x30, 0xf, 0xfe, 0x10, 0xe0,
    0x80, 0x7f, 0xf9, 0x34, 0x80, 0x3f, 0xf8, 0x3,
    0x82, 0x1, 0xff, 0xf3, 0xa2, 0x0, 0xff, 0xf2,
    0x8e, 0x10, 0x7, 0xfd, 0x8, 0x1, 0xff, 0xe5,
    0x1c, 0x20, 0xf, 0xf8, 0xdc, 0x3, 0xff, 0x92,
    0x4f, 0x59, 0xdf, 0xee, 0xe6, 0x4b, 0x8, 0x7,
    0xff, 0xc, 0x70, 0x80, 0x3f, 0xf8, 0x1c, 0x1,
    0xff, 0xc8, 0x6d, 0xd4, 0x29, 0x88, 0x0, 0x44,
    0x6d, 0x3d, 0x8a, 0x1, 0xff, 0xc0, 0x1c, 0x20,
    0xf, 0xfe, 0x3, 0x90, 0x7, 0xff, 0x19, 0x7a,
    0x48, 0x3, 0xff, 0x82, 0x75, 0xaa, 0x1, 0xfc,
    0x5e, 0x40, 0x1f, 0xfc, 0x1, 0x80, 0xf, 0xfe,
    0x28, 0xdd, 0x8, 0x7, 0xff, 0x14, 0xaa, 0x82,
    0x1, 0xe2, 0xc1, 0x0, 0xff, 0xe0, 0xc8, 0x7,
    0xff, 0x14, 0xb1, 0x0, 0x3f, 0xf9, 0x2b, 0xe4,
    0x1, 0x8b, 0x4, 0x3, 0xff, 0x84, 0xe0, 0x1f,
    0xfc, 0x41, 0xf2, 0x0, 0xff, 0xe5, 0x8e, 0x98,
    0x0, 0xb0, 0x40, 0x3f, 0xf8, 0x4c, 0x1, 0xff,
    0xc5, 0xd2, 0x0, 0xff, 0xe7, 0x61, 0x96, 0x8,
    0x7, 0xff, 0xe, 0x80, 0x3f, 0xf8, 0x90, 0x60,
    0x1f, 0xfd, 0xd, 0xc1, 0x0, 0xff, 0xe1, 0x89,
    0x80, 0x7f, 0xf0, 0xcd, 0xc0, 0x3f, 0xfa, 0x22,
    0x20, 0xf, 0xfe, 0x23, 0x80, 0x7f, 0xf1, 0x20,
    0x3, 0xff, 0xc9, 0x80, 0x1f, 0xfc, 0x33, 0x40,
    0xf, 0xff, 0x22, 0x0, 0x7f, 0xf0, 0xec, 0x3,
    0xff, 0xca, 0x20, 0x1f, 0xfc, 0x36, 0x0, 0xff,
    0xf2, 0x18, 0x7, 0xff, 0xc, 0x84, 0x3, 0xff,
    0x85, 0xff, 0xff, 0xd5, 0xa6, 0x0, 0xff, 0xe1,
    0xb8, 0x7, 0xff, 0x94, 0xc0, 0x3f, 0xf8, 0x64,
    0x1, 0xff, 0xe5, 0x10, 0xf, 0xfe, 0x1f, 0x80,
    0x7f, 0xf9, 0xf, 0xc0, 0x3f, 0xf8, 0x62, 0x1,
    0xff, 0xff, 0x0, 0xff, 0xed, 0x8f, 0x80, 0x7f,
    0xf0, 0xc4, 0x3, 0xff, 0xc9, 0xe2, 0x1, 0xff,
    0xc3, 0xf0, 0xf, 0xff, 0x20, 0x98, 0x7, 0xff,
    0xc, 0xc0, 0x3f, 0xfc, 0x84, 0xc0, 0x1f, 0xfc,
    0x36, 0x0, 0xff, 0xf2, 0x31, 0x80, 0x7f, 0xf0,
    0xc8, 0x40, 0x3f, 0xfc, 0x64, 0x2, 0x1, 0xff,
    0xc3, 0x70, 0xf, 0xff, 0x11, 0x0, 0x10, 0x3,
    0xff, 0x87, 0xa0, 0x1f, 0xfe, 0x27, 0x0, 0x60,
    0x7, 0xff, 0xd, 0x8, 0x3, 0xff, 0x83, 0xdd,
    0xff, 0xc4, 0x90, 0xf, 0xfe, 0x1e, 0x0, 0x10,
    0x3, 0xff, 0x89, 0x0, 0x1f, 0xfc, 0x11, 0x1f,
    0xfe, 0x26, 0x80, 0x7f, 0xf0, 0xd0, 0x0, 0x44,
    0x0, 0xff, 0xe1, 0xaa, 0x0, 0x7f, 0xf3, 0xcd,
    0x0, 0x3f, 0xf8, 0x44, 0x40, 0xa, 0x80, 0x3f,
    0xf8, 0x92, 0x20, 0x1f, 0xfc, 0xef, 0x0, 0xff,
    0xe1, 0xa0, 0x6, 0x60, 0xf, 0xfe, 0x21, 0x68,
    0x7, 0xff, 0x35, 0xcc, 0x3, 0xff, 0x87, 0xa0,
    0x18, 0x58, 0x3, 0xff, 0x88, 0x76, 0x1, 0xff,
    0xcb, 0x58, 0x0, 0xff, 0xe1, 0x92, 0x0, 0x75,
    0x80, 0x7f, 0xf1, 0x53, 0x4, 0x3, 0xff, 0x90,
    0xd4, 0x1, 0xff, 0xc4, 0xb0, 0xf, 0x13, 0x0,
    0x7f, 0xf1, 0x4f, 0x98, 0x3, 0xff, 0x8a, 0x35,
    0x20, 0x1f, 0xfc, 0x41, 0x60, 0xf, 0xa0, 0x40,
    0x3f, 0xf8, 0xd3, 0xac, 0x1, 0xff, 0xc1, 0x17,
    0xe5, 0x0, 0xff, 0xe2, 0xc8, 0x7, 0xe1, 0xb0,
    0xf, 0xfe, 0x39, 0x4f, 0xdb, 0xa0, 0x80, 0x42,
    0x48, 0xf7, 0xd0, 0x1, 0xff, 0xc6, 0x27, 0x0,
    0xfe, 0x55, 0x0, 0x7f, 0xf2, 0x52, 0x2f, 0xbf,
    0xee, 0xdb, 0x84, 0x0, 0xff, 0xe4, 0x48, 0x7,
    0xfd, 0x44, 0x1, 0xff, 0xe7, 0x54, 0x0, 0xff,
    0xe0, 0x78, 0x7, 0xff, 0x98, 0xac, 0x3, 0xff,
    0x82, 0x56, 0x1, 0xff, 0xe4, 0x1f, 0x10, 0xf,
    0xfe, 0x12, 0x58, 0x7, 0xff, 0x8e, 0x88, 0x3,
    0xff, 0x88, 0x96, 0x1, 0xff, 0xe1, 0xa4, 0x0,
    0xff, 0xe3, 0x26, 0x88, 0x7, 0xff, 0x7a, 0xd4,
    0x3, 0xff, 0x90, 0x5e, 0xa0, 0x1f, 0xfd, 0xb1,
    0xc4, 0x0, 0xff, 0xe5, 0xd, 0x48, 0x7, 0xff,
    0x65, 0x7c, 0xc0, 0x3f, 0xf9, 0xad, 0xcc, 0x1,
    0xff, 0xd5, 0x1b, 0xa1, 0x0, 0xff, 0xe7, 0x8c,
    0xe2, 0x80, 0x7f, 0xf4, 0x46, 0x79, 0x0, 0x3f,
    0xfa, 0x67, 0x5a, 0xe2, 0x1, 0xff, 0xcc, 0x3a,
    0xe6, 0x0, 0xff, 0xeb, 0x94, 0x75, 0xb1, 0x0,
    0x7f, 0xf1, 0x92, 0x7b, 0x14, 0x3, 0xff, 0xb8,
    0x93, 0xbd, 0x50, 0xc6, 0x42, 0x1, 0x9, 0x1a,
    0x3c, 0xe7, 0xdb, 0x8, 0x7, 0xff, 0x20,

    /* U+0048 "H" */
    0x14, 0x4f, 0xfe, 0x18, 0x80, 0x7f, 0xf2, 0x45,
    0x13, 0xff, 0x86, 0x4d, 0x77, 0xff, 0xc3, 0x50,
    0xf, 0xfe, 0x4a, 0xdd, 0xff, 0xf0, 0xd4, 0x3,
    0xff, 0xfe, 0x1, 0xff, 0xff, 0x0, 0xff, 0xff,
    0x80, 0x7f, 0xff, 0xc0, 0x3f, 0xff, 0xe0, 0x1f,
    0xff, 0xf0, 0xf, 0xff, 0xf8, 0x7, 0xff, 0xfc,
    0x3, 0xff, 0xfe, 0x1, 0xff, 0xff, 0x0, 0xff,
    0xff, 0x80, 0x7f, 0xff, 0xc0, 0x3f, 0xff, 0xe0,
    0x1f, 0xff, 0xf0, 0xf, 0xff, 0xf8, 0x7, 0xff,
    0xfc, 0x3, 0xff, 0x9c, 0x45, 0xff, 0xcb, 0x0,
    0xff, 0xea, 0x4e, 0xef, 0xff, 0x26, 0x40, 0x3f,
    0xff, 0xe0, 0x1f, 0xff, 0xf0, 0xf, 0xff, 0xf8,
    0x7, 0xff, 0xfc, 0x3, 0xff, 0xfe, 0x1, 0xff,
    0xff, 0x0, 0xff, 0xff, 0x80, 0x7f, 0xff, 0xc0,
    0x3f, 0xff, 0xe0, 0x1f, 0xfc, 0x5b, 0xff, 0xff,
    0xe4, 0xd8, 0x7, 0xff, 0xfc, 0x3, 0xff, 0xfe,
    0x1, 0xff, 0xff, 0x0, 0xff, 0xff, 0x80, 0x7f,
    0xff, 0xc0, 0x3f, 0xff, 0xe0, 0x1f, 0xff, 0xf0,
    0xf, 0xff, 0xf8, 0x7, 0xff, 0xfc, 0x3, 0xff,
    0xfe, 0x1, 0xff, 0xff, 0x0, 0xff, 0xff, 0x80,
    0x7f, 0xff, 0xc0, 0x3f, 0xff, 0xe0, 0x1f, 0xff,
    0xf0, 0xf, 0xff, 0xf8, 0x7, 0xff, 0xfc, 0x3,
    0xff, 0xe2,

    /* U+0049 "I" */
    0x14, 0x4f, 0xfe, 0x18, 0xb5, 0xdf, 0xff, 0xd,
    0x40, 0x3f, 0xff, 0xe0, 0x1f, 0xff, 0xf0, 0xf,
    0xff, 0xf8, 0x7, 0xff, 0xfc, 0x3, 0xff, 0xfe,
    0x1, 0xff, 0xff, 0x0, 0xff, 0xff, 0x80, 0x7f,
    0xff, 0xc0, 0x3f, 0xff, 0xe0, 0x1f, 0xff, 0xf0,
    0xf, 0xff, 0xf8, 0x7, 0xff, 0xfc, 0x3, 0xff,
    0xfe, 0x1, 0xff, 0xf2,

    /* U+004A "J" */
    0x0, 0xff, 0xe8, 0x77, 0xff, 0xff, 0xb, 0x40,
    0x3f, 0xff, 0xe0, 0x1f, 0xff, 0xf0, 0xf, 0xff,
    0xf8, 0x7, 0xff, 0xfc, 0x3, 0xff, 0xfe, 0x1,
    0xff, 0xff, 0x0, 0xff, 0xff, 0x80, 0x7f, 0xff,
    0xc0, 0x3f, 0xff, 0xe0, 0x1f, 0xff, 0xf0, 0xf,
    0xff, 0xf8, 0x7, 0xff, 0xfc, 0x3, 0xff, 0xfe,
    0x1, 0xff, 0xff, 0x0, 0xff, 0xff, 0x80, 0x7f,
    0xff, 0xc0, 0x3f, 0xff, 0xe0, 0x1f, 0xff, 0xf0,
    0xf, 0xff, 0xf8, 0x7, 0xff, 0xfc, 0x3, 0xff,
    0xfe, 0x1, 0xff, 0xff, 0x0, 0xff, 0xff, 0x80,
    0x7f, 0xf1, 0xc4, 0x3, 0xff, 0x84, 0x20, 0x1f,
    0xfd, 0xf7, 0x0, 0xff, 0xe7, 0x90, 0x7, 0xff,
    0xc, 0x40, 0x3f, 0xf9, 0xe8, 0x1, 0xff, 0xc3,
    0x20, 0xf, 0xf8, 0x40, 0x3f, 0xf8, 0x74, 0x1,
    0xff, 0xc3, 0xd0, 0xf, 0xf5, 0xe8, 0x7, 0xff,
    0x9, 0xc, 0x3, 0xff, 0x86, 0xc0, 0x1f, 0xd6,
    0x87, 0x62, 0x1, 0xff, 0x15, 0x0, 0x7f, 0xf1,
    0xc, 0x3, 0xf5, 0xa0, 0x1, 0x31, 0x0, 0x3f,
    0x97, 0x4, 0x3, 0xff, 0x86, 0x80, 0x1f, 0xb1,
    0x0, 0x31, 0x5e, 0x31, 0x0, 0x44, 0xd9, 0x42,
    0x1, 0xff, 0xc4, 0xd0, 0xf, 0xb0, 0xc0, 0x3e,
    0x39, 0xdf, 0xfb, 0x64, 0xc0, 0x3f, 0xf8, 0xce,
    0x1, 0xec, 0x30, 0xf, 0xfe, 0xb3, 0x8, 0x7,
    0x61, 0x80, 0x7f, 0xf5, 0xec, 0x3, 0xe, 0x18,
    0x7, 0xff, 0x5d, 0xc8, 0x2, 0x1d, 0x30, 0xf,
    0xfe, 0xb9, 0x40, 0x6, 0xd3, 0x0, 0xff, 0xec,
    0x70, 0x7, 0x58, 0x7, 0xff, 0x62, 0x8c, 0x3,
    0x9d, 0xc0, 0x1f, 0xfd, 0x68, 0x50, 0xf, 0xa2,
    0x0, 0x1f, 0xfd, 0x4a, 0x70, 0xf, 0xe7, 0xa1,
    0x0, 0xff, 0xe8, 0x16, 0x28, 0x7, 0xfc, 0xbe,
    0x80, 0x1f, 0xfc, 0xe8, 0xd3, 0x0, 0xff, 0xe0,
    0x8d, 0xd8, 0xc0, 0x3f, 0xf9, 0x22, 0xfc, 0xe0,
    0x1f, 0xfc, 0x54, 0xcc, 0x28, 0x7, 0xff, 0x15,
    0x67, 0xa0, 0x40, 0x3f, 0xf9, 0x7, 0x5f, 0x90,
    0xc6, 0x22, 0x0, 0x84, 0x91, 0xa7, 0x3e, 0x98,
    0x3, 0xff, 0x84,

    /* U+004B "K" */
    0x14, 0x4f, 0xfe, 0x18, 0x80, 0x7f, 0xf2, 0x9,
    0x13, 0xff, 0x8c, 0x40, 0xd7, 0x7f, 0xfc, 0x35,
    0x0, 0xff, 0xe3, 0x9e, 0xdd, 0xff, 0xf1, 0x68,
    0xc0, 0x3f, 0xfb, 0x3c, 0x1, 0xff, 0xc6, 0xd1,
    0x0, 0xff, 0xec, 0x51, 0x0, 0x7f, 0xf1, 0x64,
    0xc0, 0x3f, 0xfb, 0xe, 0xa0, 0x1f, 0xfc, 0x56,
    0x60, 0x7, 0xff, 0x60, 0xe0, 0x3, 0xff, 0x8a,
    0x72, 0x1, 0xff, 0xd8, 0x1d, 0x0, 0xff, 0xe2,
    0x8e, 0x80, 0x7f, 0xf6, 0x68, 0x40, 0x3f, 0xf8,
    0xba, 0x20, 0x1f, 0xfd, 0x87, 0x40, 0xf, 0xfe,
    0x2c, 0x98, 0x7, 0xff, 0x60, 0xe0, 0x3, 0xff,
    0x8a, 0xcc, 0x0, 0xff, 0xec, 0xe, 0x80, 0x7f,
    0xf1, 0x4e, 0x40, 0x3f, 0xfb, 0x34, 0x20, 0x1f,
    0xfc, 0x41, 0xd0, 0xf, 0xfe, 0xcc, 0x20, 0x7,
    0xff, 0x17, 0x44, 0x3, 0xff, 0xb0, 0x8e, 0x1,
    0xff, 0xc5, 0x93, 0x0, 0xff, 0xec, 0xd, 0x0,
    0x7f, 0xf1, 0x59, 0x80, 0x1f, 0xfd, 0x9d, 0x10,
    0xf, 0xfe, 0x21, 0xc8, 0x7, 0xff, 0x66, 0xc,
    0x3, 0xff, 0x88, 0x3a, 0x1, 0xff, 0xd9, 0x47,
    0x0, 0xff, 0xe2, 0xe8, 0x80, 0x7f, 0xf6, 0xa,
    0x80, 0x3f, 0xf8, 0xb2, 0x60, 0x1f, 0xfd, 0x9e,
    0x10, 0xf, 0xfe, 0x22, 0xb0, 0x7, 0xff, 0x66,
    0x4c, 0x3, 0xff, 0x88, 0x74, 0x1, 0xff, 0xd9,
    0x56, 0x0, 0xff, 0xe2, 0xe, 0x80, 0x7f, 0xf6,
    0x4a, 0x80, 0x3f, 0xf8, 0xb4, 0x20, 0x1f, 0xfd,
    0x9f, 0x0, 0xff, 0xe2, 0xc2, 0x0, 0x7f, 0xf6,
    0x64, 0x80, 0x3f, 0xf8, 0x8a, 0xe0, 0x1f, 0xfd,
    0x95, 0x60, 0xf, 0xfe, 0x21, 0xd0, 0x7, 0xff,
    0x64, 0xa8, 0x3, 0xff, 0x88, 0x3c, 0x1, 0xff,
    0xd9, 0x1f, 0x0, 0xff, 0xe2, 0xd1, 0x0, 0x7f,
    0xf6, 0x60, 0x80, 0x3f, 0xf8, 0x90, 0x80, 0x1f,
    0xfd, 0xa2, 0x0, 0xff, 0xe2, 0x2b, 0x80, 0x7f,
    0xfb, 0x20, 0x3, 0xff, 0xdb, 0x20, 0x1f, 0xfe,
    0xd4, 0x70, 0xf, 0xfe, 0xdc, 0x88, 0x7, 0xff,
    0x12, 0x10, 0x3, 0xff, 0xb4, 0x56, 0x1, 0xff,
    0xc5, 0xa1, 0x0, 0xff, 0xed, 0x2b, 0x0, 0x7f,
    0xf1, 0x6, 0x80, 0x3f, 0xfb, 0x72, 0x40, 0x1f,
    0xfc, 0x44, 0x80, 0xf, 0xfe, 0xdf, 0x80, 0x7f,
    0xf1, 0x5d, 0x0, 0x3f, 0xfb, 0x45, 0x20, 0x1f,
    0xfc, 0x5a, 0x10, 0xf, 0xfe, 0xd3, 0x20, 0x7,
    0xff, 0x10, 0x74, 0x3, 0xff, 0xb7, 0x42, 0x1,
    0xff, 0xc4, 0x38, 0x0, 0xff, 0xed, 0xd, 0x0,
    0x7f, 0xf1, 0x5d, 0x0, 0x3f, 0xfb, 0x48, 0xe0,
    0x1f, 0xfc, 0x5a, 0x10, 0xf, 0xfe, 0xd4, 0x18,
    0x7, 0xff, 0x10, 0x74, 0x3, 0xff, 0xb7, 0xa2,
    0x1, 0xff, 0xc4, 0x39, 0x0, 0xff, 0xed, 0xd,
    0x80, 0x7f, 0xf1, 0x59, 0x40, 0x3f, 0xfb, 0x4a,
    0xc0, 0x1f, 0xfc, 0x5a, 0x20, 0xf, 0xfe, 0xd4,
    0x90, 0x7, 0xff, 0x17, 0x80, 0x3f, 0xfb, 0x7e,
    0x1, 0xff, 0xc5, 0x39, 0x0, 0xff, 0xed, 0x14,
    0x80, 0x7f, 0xf1, 0x59, 0x40, 0x3f, 0xfb, 0x4c,
    0x80, 0x1f, 0xfc, 0x5a, 0x20, 0xf, 0xfe, 0xd5,
    0x8, 0x7, 0xff, 0x17, 0xc0, 0x3f, 0xfb, 0x43,
    0x40, 0x1f, 0xfc, 0x52, 0x90, 0xf, 0xfe, 0xd2,
    0x38, 0x7, 0xff, 0x15, 0x98, 0x1, 0xff, 0xda,
    0x83, 0x0, 0xff, 0xe2, 0xc9, 0x0, 0x7f, 0xf6,
    0xb4, 0x3, 0xff, 0x8d, 0xe0, 0x1f, 0xfd, 0xa1,
    0xa0, 0xf, 0xfe, 0x29, 0x50, 0x7, 0xff, 0x69,
    0x58, 0x3, 0xff, 0x8a, 0xac, 0x1, 0xff, 0xda,
    0x92, 0x0, 0xff, 0xe2, 0xc9, 0x80, 0x7f, 0xf6,
    0xbc, 0x3, 0xff, 0x8d, 0xc0, 0x1f, 0xfd, 0xa2,
    0x90, 0xf, 0xfe, 0x29, 0x50, 0x7, 0xff, 0x69,
    0x90, 0x3, 0xff, 0x8a, 0xac, 0x1, 0xff, 0xda,
    0xa1, 0x0, 0xff, 0xe2, 0xc9, 0x80,

    /* U+004C "L" */
    0x38, 0x8f, 0xfe, 0x19, 0x0, 0x7f, 0xf3, 0xd1,
    0xdf, 0xff, 0x86, 0xc0, 0x1f, 0xff, 0xf0, 0xf,
    0xff, 0xf8, 0x7, 0xff, 0xfc, 0x3, 0xff, 0xfe,
    0x1, 0xff, 0xff, 0x0, 0xff, 0xff, 0x80, 0x7f,
    0xff, 0xc0, 0x3f, 0xff, 0xe0, 0x1f, 0xff, 0xf0,
    0xf, 0xff, 0xf8, 0x7, 0xff, 0xfc, 0x3, 0xff,
    0xfe, 0x1, 0xff, 0xff, 0x0, 0xff, 0xff, 0x80,
    0x7f, 0xff, 0xc0, 0x3f, 0xff, 0xe0, 0x1f, 0xff,
    0xf0, 0xf, 0xff, 0xf8, 0x7, 0xff, 0xfc, 0x3,
    0xff, 0xfe, 0x1, 0xff, 0xff, 0x0, 0xff, 0xff,
    0x80, 0x7f, 0xff, 0xc0, 0x3f, 0xff, 0xe0, 0x1f,
    0xff, 0xf0, 0xf, 0xff, 0xf8, 0x7, 0xff, 0xfc,
    0x3, 0xff, 0xfe, 0x1, 0xff, 0x74, 0x47, 0xff,
    0x38, 0x40, 0x3f, 0xf8, 0x8a, 0xef, 0xff, 0xce,
    0x30, 0xf, 0xff, 0xf8, 0x7, 0xff, 0xfc, 0x3,
    0xff, 0xfe, 0x1, 0xff, 0xff, 0x0, 0xff, 0xff,
    0x80, 0x7f, 0xff, 0xc0, 0x3f, 0xff, 0xe0, 0x10,

    /* U+004D "M" */
    0x14, 0x4f, 0xf8, 0x3, 0xff, 0xbc, 0x68, 0x9f,
    0xe2, 0x6b, 0xbf, 0xf9, 0x80, 0x3f, 0xfb, 0x87,
    0x97, 0x7f, 0xe8, 0x0, 0xff, 0xe0, 0x48, 0x80,
    0x7f, 0xf6, 0xf8, 0x3, 0xff, 0x9b, 0x40, 0x1f,
    0xfd, 0xa8, 0x20, 0xf, 0xfe, 0x6a, 0x30, 0x7,
    0xff, 0x60, 0xdc, 0x3, 0xff, 0x9f, 0x2, 0x1,
    0xff, 0xd7, 0xe0, 0xf, 0xfe, 0x80, 0xd0, 0x7,
    0xff, 0x5a, 0x8, 0x3, 0xff, 0xa2, 0x8a, 0x1,
    0xff, 0xd4, 0x27, 0x0, 0xff, 0xe9, 0xd8, 0x80,
    0x7f, 0xf4, 0xf8, 0x3, 0xff, 0xa8, 0x34, 0x1,
    0xff, 0xd2, 0x73, 0x0, 0xff, 0xea, 0xa2, 0x80,
    0x7f, 0xf4, 0xa, 0x0, 0x3f, 0xfa, 0xf6, 0x20,
    0x1f, 0xfc, 0xfe, 0x0, 0xff, 0xec, 0xd, 0x80,
    0x7f, 0xf3, 0x9c, 0xc0, 0x3f, 0xfb, 0x2a, 0xa0,
    0xf, 0xfe, 0x61, 0x40, 0x7, 0xff, 0x6e, 0xc4,
    0x3, 0xff, 0x97, 0xc0, 0x1f, 0xfd, 0xc1, 0xb0,
    0xf, 0xfe, 0x53, 0x98, 0x7, 0xff, 0x75, 0x54,
    0x1, 0xff, 0xc8, 0x28, 0x0, 0xff, 0xef, 0xd8,
    0x80, 0x7f, 0xf1, 0xf8, 0x3, 0xff, 0xc0, 0x36,
    0x1, 0xff, 0xc6, 0x73, 0x0, 0xff, 0xf0, 0xaa,
    0x0, 0x7f, 0xf1, 0xa, 0x0, 0x3f, 0xfc, 0x74,
    0x20, 0x1f, 0xfc, 0x3e, 0x0, 0xff, 0xf2, 0xd,
    0x80, 0x7f, 0xf0, 0x98, 0xc0, 0x3f, 0xfc, 0xaa,
    0x80, 0x1f, 0xfc, 0x2, 0x90, 0xf, 0xff, 0x3d,
    0x0, 0x7f, 0xf0, 0x24, 0x3, 0xff, 0xd0, 0x32,
    0x1, 0xfe, 0x64, 0x0, 0xff, 0xf4, 0xb2, 0x0,
    0x7e, 0x19, 0x0, 0xff, 0xf5, 0xd0, 0x7, 0xea,
    0x0, 0xff, 0xf6, 0xc, 0x80, 0x79, 0x90, 0x3,
    0xff, 0xda, 0xc8, 0x1, 0x86, 0x40, 0x3f, 0xfd,
    0xf4, 0x1, 0xa8, 0x3, 0xff, 0xe0, 0x32, 0x0,
    0x54, 0x0, 0xff, 0xf1, 0x20, 0x7, 0xff, 0x9,
    0x90, 0x6c, 0x3, 0xff, 0x84, 0x42, 0x1, 0xff,
    0xd3, 0x82, 0x0, 0xff, 0xe1, 0x4d, 0x8, 0x7,
    0xff, 0xb, 0x80, 0x3f, 0xfa, 0xbc, 0x1, 0xff,
    0xc2, 0x24, 0x0, 0xff, 0xe1, 0x31, 0x80, 0x7f,
    0xf5, 0x4d, 0x80, 0x3f, 0xfa, 0x5, 0x20, 0x1f,
    0xfd, 0x79, 0x20, 0xf, 0xfe, 0x7f, 0x0, 0x7f,
    0xf6, 0x78, 0x3, 0xff, 0x9c, 0xe6, 0x1, 0xff,
    0xd9, 0x36, 0x0, 0xff, 0xe6, 0x14, 0x0, 0x7f,
    0xf6, 0xe4, 0x80, 0x3f, 0xf9, 0x7c, 0x1, 0xff,
    0xdd, 0x90, 0xf, 0xfe, 0x53, 0x98, 0x7, 0xff,
    0x75, 0x18, 0x3, 0xff, 0x90, 0x50, 0x1, 0xff,
    0xdf, 0x91, 0x0, 0xff, 0xe3, 0xf0, 0x7, 0xff,
    0x86, 0x80, 0x3f, 0xf8, 0xce, 0x60, 0x1f, 0xfe,
    0x14, 0x60, 0xf, 0xfe, 0x21, 0x40, 0x7, 0xff,
    0x8e, 0x44, 0x3, 0xff, 0x87, 0xc0, 0x1f, 0xfe,
    0x5a, 0x0, 0xff, 0xe1, 0x39, 0x80, 0x7f, 0xf9,
    0x51, 0x40, 0x3f, 0xf8, 0x5, 0x0, 0x1f, 0xfe,
    0x7b, 0x10, 0xf, 0xfb, 0x80, 0x3f, 0xfd, 0x3,
    0x40, 0x1f, 0xe8, 0x30, 0xf, 0xff, 0x4a, 0x7f,
    0xff, 0x9c, 0x3, 0xff, 0xfe, 0x1, 0xff, 0xff,
    0x0, 0xff, 0xff, 0x80, 0x7f, 0xff, 0xc0, 0x3f,
    0xff, 0xe0, 0x1f, 0xff, 0xf0, 0xf, 0xff, 0xf8,
    0x7, 0xff, 0xfc, 0x3, 0xff, 0xfe, 0x1, 0xff,
    0xff, 0x0, 0xff, 0xff, 0x80, 0x7f, 0xfc, 0x0,

    /* U+004E "N" */
    0x14, 0x4f, 0xf1, 0x0, 0x7f, 0xf3, 0xc5, 0x13,
    0xff, 0x86, 0x2d, 0x77, 0xfe, 0xd3, 0x0, 0xff,
    0xe7, 0x35, 0xdf, 0xff, 0xd, 0x40, 0x3f, 0xf8,
    0x1c, 0x20, 0x1f, 0xfe, 0xa2, 0xa0, 0xf, 0xff,
    0x5a, 0x40, 0x7, 0xff, 0xad, 0xd4, 0x3, 0xff,
    0xd7, 0x44, 0x1, 0xff, 0xeb, 0xf0, 0xf, 0xff,
    0x59, 0x50, 0x7, 0xff, 0xad, 0x5c, 0x3, 0xff,
    0xd7, 0x8, 0x1, 0xff, 0xeb, 0xa2, 0x0, 0xff,
    0xf5, 0xf, 0x0, 0x7f, 0xfa, 0xce, 0x80, 0x3f,
    0xfd, 0x6a, 0xc0, 0x1f, 0xfe, 0xb9, 0x30, 0xf,
    0xff, 0x5e, 0x88, 0x7, 0xff, 0xa8, 0x74, 0x3,
    0xff, 0xd6, 0x72, 0x1, 0xff, 0xeb, 0x66, 0x0,
    0x7f, 0xfa, 0xe4, 0xc0, 0x3f, 0xfd, 0x7a, 0x20,
    0x1f, 0xfe, 0xa1, 0xa0, 0xf, 0xff, 0x5a, 0x40,
    0x7, 0xff, 0xad, 0xd4, 0x3, 0xff, 0xd7, 0x44,
    0x1, 0xff, 0xeb, 0xf0, 0xf, 0xff, 0x59, 0x58,
    0x7, 0xff, 0x6c, 0x40, 0x3f, 0xf8, 0x69, 0x0,
    0x1f, 0xfd, 0xab, 0x20, 0xf, 0xfe, 0x1b, 0xa0,
    0x7, 0xff, 0x64, 0x7c, 0x3, 0xff, 0x89, 0x64,
    0x1, 0xff, 0xd9, 0x2a, 0x0, 0xff, 0xe2, 0x78,
    0x7, 0xff, 0x69, 0x5c, 0x3, 0xff, 0x86, 0x54,
    0x1, 0xff, 0xda, 0x84, 0x0, 0xff, 0xe1, 0xab,
    0x80, 0x7f, 0xf6, 0xa8, 0x80, 0x3f, 0xf8, 0x70,
    0x80, 0x1f, 0xfd, 0x91, 0xe0, 0xf, 0xfe, 0x25,
    0x70, 0x7, 0xff, 0x64, 0xe8, 0x3, 0xff, 0x86,
    0x2c, 0x1, 0xff, 0xda, 0x56, 0x0, 0xff, 0xf5,
    0xc9, 0x80, 0x7f, 0xfa, 0xf4, 0x40, 0x3f, 0xfd,
    0x43, 0xa0, 0x1f, 0xfe, 0xb3, 0x90, 0xf, 0xff,
    0x5b, 0x28, 0x7, 0xff, 0xae, 0x8c, 0x3, 0xff,
    0xd7, 0xa2, 0x1, 0xff, 0xea, 0x1a, 0x0, 0xff,
    0xf5, 0xa4, 0x0, 0x7f, 0xfa, 0xdd, 0x40, 0x3f,
    0xfd, 0x74, 0x40, 0x1f, 0xfe, 0xbf, 0x0, 0xff,
    0xf5, 0x95, 0x80, 0x7f, 0xfa, 0xd1, 0xc0, 0x3f,
    0xfd, 0x70, 0x80, 0x1f, 0xfe, 0xba, 0x20, 0xf,
    0xff, 0x50, 0xf8, 0x7, 0xff, 0xac, 0xa8, 0x3,
    0xff, 0xd6, 0xac, 0x1, 0xff, 0xeb, 0x93, 0x0,
    0xff, 0xf5, 0xe8, 0x80, 0x7f, 0xfa, 0x87, 0x40,
    0x3f, 0xfd, 0x67, 0x20, 0x1f, 0xfe, 0xb6, 0x60,
    0x7, 0xff, 0xae, 0x4c, 0x3, 0xff, 0x80,

    /* U+004F "O" */
    0x0, 0xff, 0xe6, 0x8a, 0x3c, 0xde, 0xeb, 0xbf,
    0xb9, 0xb9, 0x50, 0xa4, 0x1, 0xff, 0xe4, 0x39,
    0xde, 0xb8, 0x64, 0x22, 0x8, 0x8, 0x88, 0xd5,
    0xeb, 0x7a, 0x94, 0x3, 0xff, 0xbc, 0x31, 0xd8,
    0xc4, 0x1, 0xff, 0xc5, 0x15, 0xaf, 0xa4, 0x0,
    0xff, 0xec, 0x95, 0x73, 0x88, 0x7, 0xff, 0x31,
    0x6f, 0x14, 0x3, 0xff, 0xaa, 0x33, 0xaa, 0x1,
    0xff, 0xd1, 0x3a, 0xd4, 0x0, 0xff, 0xe9, 0x37,
    0x30, 0x7, 0xff, 0x54, 0xae, 0x84, 0x3, 0xff,
    0x9c, 0x37, 0x20, 0x1f, 0xfd, 0x95, 0xf4, 0x0,
    0xff, 0xe6, 0x17, 0xa0, 0x7, 0xff, 0x6c, 0x6d,
    0xc0, 0x3f, 0xf9, 0x49, 0xa2, 0x1, 0xff, 0xde,
    0x89, 0x0, 0xff, 0xe4, 0x25, 0x80, 0x7f, 0xf8,
    0x5a, 0x80, 0x3f, 0xf8, 0xc7, 0x60, 0x1f, 0xfe,
    0x35, 0x90, 0xf, 0xfe, 0x21, 0x60, 0x7, 0xff,
    0x95, 0xa0, 0x3, 0xff, 0x87, 0xe0, 0x1f, 0xfe,
    0x77, 0x50, 0xf, 0xfe, 0xd, 0x10, 0x7, 0xff,
    0xa2, 0x88, 0x3, 0xfe, 0x55, 0x0, 0x7f, 0xf2,
    0x56, 0x6f, 0x7f, 0xee, 0xc9, 0x61, 0x0, 0xff,
    0xe4, 0xf0, 0x7, 0xfd, 0x60, 0x1f, 0xfc, 0x72,
    0xaf, 0xa6, 0x42, 0x0, 0x84, 0xda, 0x7b, 0x14,
    0x3, 0xff, 0x8e, 0x6c, 0x1, 0xfd, 0x22, 0x1,
    0xff, 0xc5, 0x19, 0xd5, 0x0, 0xff, 0xe0, 0x9d,
    0x69, 0x80, 0x7f, 0xf1, 0xa0, 0x40, 0x3e, 0x16,
    0x0, 0xff, 0xe2, 0x9f, 0xb0, 0x7, 0xff, 0x14,
    0xb1, 0xc0, 0x3f, 0xf8, 0xa3, 0x20, 0x1f, 0x40,
    0x7, 0xff, 0x15, 0x30, 0x40, 0x3f, 0xf9, 0x11,
    0x20, 0x1f, 0xfc, 0x57, 0x0, 0xf0, 0xb0, 0x7,
    0xff, 0x10, 0xec, 0x3, 0xff, 0x96, 0xd2, 0x1,
    0xff, 0xc5, 0x70, 0xe, 0x60, 0xf, 0xfe, 0x20,
    0xe8, 0x7, 0xff, 0x35, 0x98, 0x1, 0xff, 0xc4,
    0xa0, 0xe, 0xb0, 0xf, 0xfe, 0x25, 0x88, 0x7,
    0xff, 0x3a, 0x44, 0x3, 0xff, 0x86, 0x46, 0x1,
    0x11, 0x80, 0x7f, 0xf0, 0xcd, 0x40, 0x3f, 0xfa,
    0x16, 0x1, 0xff, 0xc4, 0xa0, 0x9, 0x40, 0x3f,
    0xf8, 0x9e, 0x1, 0xff, 0xd1, 0x52, 0x0, 0xff,
    0xe1, 0xa0, 0x5, 0x80, 0x1f, 0xfc, 0x32, 0x30,
    0xf, 0xfe, 0x95, 0x80, 0x7f, 0xf0, 0xc8, 0x40,
    0xa, 0x1, 0xff, 0xc3, 0xa0, 0xf, 0xfe, 0x9b,
    0x80, 0x7f, 0xf1, 0x10, 0x4, 0x40, 0x1f, 0xfc,
    0x34, 0x0, 0xff, 0xe9, 0x89, 0x80, 0x7f, 0xf0,
    0xf4, 0x14, 0x3, 0xff, 0x88, 0x60, 0x1f, 0xfd,
    0x44, 0x0, 0xff, 0xe1, 0x90, 0x10, 0x7, 0xff,
    0xc, 0xc0, 0x3f, 0xfa, 0xba, 0x1, 0xff, 0xc3,
    0x70, 0x10, 0xf, 0xfe, 0x1b, 0x0, 0x7f, 0xf5,
    0x58, 0x3, 0xff, 0x86, 0x61, 0xe0, 0x1f, 0xfc,
    0x32, 0x0, 0xff, 0xea, 0x88, 0x7, 0xff, 0xc,
    0x40, 0x40, 0x3f, 0xfc, 0xa6, 0x1, 0xff, 0xd5,
    0xf0, 0xf, 0xfe, 0xa8, 0x80, 0x7f, 0xf1, 0x4,
    0x3, 0xff, 0x89, 0xe0, 0x1f, 0xfd, 0x51, 0x0,
    0xff, 0xe2, 0x8, 0x80, 0x3f, 0xf8, 0x62, 0x1,
    0xff, 0xe7, 0xf0, 0xf, 0xfe, 0x19, 0x80, 0x7f,
    0xf5, 0x48, 0x3, 0xff, 0x86, 0x20, 0x40, 0x1f,
    0xfc, 0x36, 0x0, 0xff, 0xea, 0xb0, 0x7, 0xff,
    0xc, 0xc1, 0x80, 0x3f, 0xf8, 0x66, 0x1, 0xff,
    0xd5, 0xd0, 0xf, 0xfe, 0x1b, 0x1, 0x0, 0x7f,
    0xf1, 0xc, 0x3, 0xff, 0xa8, 0x80, 0x1f, 0xfc,
    0x33, 0x1, 0x10, 0x7, 0xff, 0xe, 0xc0, 0x3f,
    0xfa, 0x62, 0x60, 0x1f, 0xfc, 0x3d, 0x0, 0x20,
    0x7, 0xff, 0xd, 0x40, 0x3f, 0xfa, 0x6e, 0x1,
    0xff, 0xc4, 0x40, 0x6, 0x0, 0x7f, 0xf0, 0xc9,
    0x0, 0x3f, 0xfa, 0x56, 0x1, 0xff, 0xc3, 0x21,
    0x0, 0x38, 0x7, 0xff, 0x12, 0x0, 0x3f, 0xfa,
    0x2a, 0x40, 0x1f, 0xfc, 0x34, 0x0, 0x85, 0x0,
    0x3f, 0xf8, 0x66, 0xa0, 0x1f, 0xfd, 0x8, 0x0,
    0xff, 0xe2, 0x50, 0x6, 0xe0, 0xf, 0xfe, 0x25,
    0x88, 0x7, 0xff, 0x3a, 0x48, 0x3, 0xff, 0x86,
    0x46, 0x1, 0x94, 0x40, 0x3f, 0xf8, 0x63, 0xa0,
    0x1f, 0xfc, 0xd6, 0x60, 0x7, 0xff, 0x12, 0x80,
    0x3d, 0x20, 0x1f, 0xfc, 0x43, 0xc0, 0xf, 0xfe,
    0x5b, 0x48, 0x7, 0xff, 0x15, 0x80, 0x3c, 0xe2,
    0x1, 0xff, 0xc4, 0x3d, 0x20, 0xf, 0xfe, 0x44,
    0x48, 0x7, 0xff, 0x15, 0xc4, 0x3, 0xe9, 0x0,
    0xff, 0xe2, 0x96, 0xb0, 0x7, 0xff, 0x14, 0xb1,
    0xc0, 0x3f, 0xf8, 0xd2, 0x1, 0xf9, 0xc8, 0x3,
    0xff, 0x8d, 0x3a, 0xc0, 0x1f, 0xfc, 0x13, 0xad,
    0x30, 0xf, 0xfe, 0x34, 0x88, 0x7, 0xf7, 0x0,
    0x7f, 0xf1, 0xca, 0x7e, 0xdd, 0x8, 0x40, 0x44,
    0x6d, 0x3b, 0x8a, 0x1, 0xff, 0xc7, 0x36, 0x0,
    0xff, 0x1b, 0x80, 0x7f, 0xf2, 0x52, 0x2f, 0x7b,
    0xfb, 0x99, 0x2c, 0x40, 0x1f, 0xfc, 0x9e, 0x0,
    0xff, 0xe0, 0x42, 0x0, 0x7f, 0xfa, 0x28, 0x80,
    0x3f, 0xf8, 0x34, 0x40, 0x1f, 0xfe, 0x66, 0x50,
    0xf, 0xfe, 0x10, 0xf8, 0x80, 0x7f, 0xf9, 0x16,
    0x40, 0x3f, 0xf8, 0x85, 0x82, 0x1, 0xff, 0xe2,
    0x4a, 0x0, 0xff, 0xe3, 0x16, 0x10, 0x7, 0xff,
    0x81, 0xac, 0x3, 0xff, 0x90, 0x58, 0x60, 0x1f,
    0xfd, 0xe7, 0x90, 0xf, 0xfe, 0x50, 0xe3, 0x80,
    0x7f, 0xf6, 0xc6, 0xe0, 0x3, 0xff, 0x9b, 0x16,
    0x40, 0x1f, 0xfd, 0x85, 0xf4, 0x0, 0xff, 0xe7,
    0xa6, 0xc0, 0x7, 0xff, 0x54, 0xae, 0x84, 0x3,
    0xff, 0xa4, 0xfc, 0xe0, 0x1f, 0xfd, 0x12, 0x9d,
    0x40, 0xf, 0xfe, 0xa8, 0xc7, 0x41, 0x0, 0x7f,
    0xf3, 0x12, 0xf5, 0x80, 0x3f, 0xfb, 0x22, 0xfb,
    0x8e, 0x60, 0x1f, 0xfc, 0x64, 0x9e, 0xb4, 0x0,
    0xff, 0xef, 0x1c, 0x67, 0xdc, 0x32, 0x10, 0x80,
    0x42, 0x22, 0x47, 0x9c, 0xfb, 0x61, 0x0, 0xff,
    0xe5, 0x0,

    /* U+0050 "P" */
    0x7f, 0xff, 0xfe, 0x87, 0x6e, 0x4b, 0x10, 0x7,
    0xff, 0x80, 0x48, 0xda, 0x77, 0xa4, 0x80, 0x3f,
    0xfc, 0x62, 0xdb, 0x66, 0x1, 0xff, 0xe4, 0x4c,
    0x91, 0x0, 0xff, 0xf2, 0x37, 0x98, 0x7, 0xff,
    0x90, 0x71, 0x40, 0x3f, 0xfc, 0xb4, 0x80, 0x1f,
    0xfe, 0x5b, 0x30, 0xf, 0xff, 0x2f, 0x0, 0x7f,
    0xf9, 0x4a, 0x40, 0x3f, 0xfc, 0xac, 0x40, 0x1f,
    0xfc, 0x63, 0x44, 0xfe, 0x30, 0xf, 0xfe, 0x44,
    0x0, 0x7f, 0xf1, 0xa2, 0xef, 0xfb, 0x3f, 0x14,
    0x3, 0xff, 0x8a, 0xa2, 0x1, 0xff, 0xd1, 0x3a,
    0xb1, 0x0, 0xff, 0xe2, 0x38, 0x7, 0xff, 0x4d,
    0x34, 0x3, 0xff, 0x89, 0xa0, 0x1f, 0xfd, 0x43,
    0x90, 0xf, 0xfe, 0x1a, 0x80, 0x7f, 0xf5, 0x58,
    0x40, 0x3f, 0xf8, 0x42, 0x20, 0xf, 0xfe, 0xab,
    0x80, 0x7f, 0xf0, 0xc8, 0x3, 0xff, 0xab, 0xe0,
    0x1f, 0xfc, 0x37, 0x0, 0xff, 0xea, 0x98, 0x7,
    0xff, 0xc, 0x40, 0x3f, 0xff, 0xe0, 0x1f, 0x8c,
    0x3, 0xff, 0x86, 0x20, 0x1f, 0xfd, 0x5f, 0x0,
    0xff, 0xe1, 0xb8, 0x7, 0xff, 0x55, 0xc0, 0x3f,
    0xf8, 0x64, 0x1, 0xff, 0xd4, 0x61, 0x0, 0xff,
    0xe1, 0x8, 0x80, 0x3f, 0xfa, 0x65, 0x0, 0x1f,
    0xfc, 0x35, 0x0, 0xff, 0xe9, 0xa6, 0x8, 0x7,
    0xff, 0xf, 0x0, 0x3f, 0xfa, 0x27, 0x56, 0x20,
    0x1f, 0xfc, 0x46, 0x0, 0xff, 0xe2, 0xc5, 0xdf,
    0xf6, 0x76, 0x28, 0x7, 0xff, 0x15, 0x4, 0x3,
    0xff, 0x8a, 0x68, 0x9f, 0xc6, 0x20, 0x1f, 0xfc,
    0x78, 0x0, 0xff, 0xf2, 0x29, 0x80, 0x7f, 0xf8,
    0xc6, 0xc0, 0x3f, 0xfc, 0x94, 0x20, 0x1f, 0xfe,
    0x3a, 0x40, 0xf, 0xff, 0x1c, 0xa8, 0x7, 0xff,
    0x88, 0x6d, 0x80, 0x3f, 0xfc, 0x4b, 0xe8, 0x1,
    0xff, 0xe1, 0x3b, 0xa1, 0x0, 0xff, 0xef, 0x8b,
    0x66, 0x10, 0x3, 0xff, 0xb6, 0x22, 0x36, 0x8c,
    0xe9, 0x30, 0xf, 0xfe, 0x85, 0xff, 0xff, 0xf0,
    0x3b, 0x99, 0x2e, 0x60, 0x1f, 0xff, 0xf0, 0xf,
    0xff, 0xf8, 0x7, 0xff, 0xfc, 0x3, 0xff, 0xfe,
    0x1, 0xff, 0xff, 0x0, 0xff, 0xff, 0x80, 0x7f,
    0xff, 0xc0, 0x3f, 0xff, 0xe0, 0x1f, 0xff, 0xf0,
    0xf, 0xff, 0xf8, 0x7, 0xff, 0xfc, 0x3, 0xff,
    0xfe, 0x1, 0xff, 0xff, 0x0, 0xff, 0xff, 0x80,
    0x7f, 0xf0, 0xd1, 0xdf, 0xff, 0x86, 0xc0, 0x1f,
    0xfd, 0x50,

    /* U+0051 "Q" */
    0x0, 0xff, 0xe7, 0x23, 0xcd, 0xee, 0xbb, 0xfb,
    0x9b, 0x95, 0xa, 0x40, 0x1f, 0xfe, 0x73, 0x8c,
    0xfb, 0x86, 0x42, 0x20, 0x80, 0x88, 0x8d, 0x5e,
    0xb7, 0xa9, 0x40, 0x3f, 0xfc, 0x23, 0x1b, 0x8e,
    0x60, 0x1f, 0xfc, 0x51, 0x5a, 0xfb, 0x40, 0xf,
    0xfe, 0xe1, 0x4f, 0x39, 0x0, 0x7f, 0xf3, 0x12,
    0xf5, 0x80, 0x3f, 0xfb, 0x3, 0x3a, 0xc0, 0x1f,
    0xfd, 0x12, 0x9d, 0x40, 0xf, 0xfe, 0xaa, 0xfb,
    0x0, 0x7f, 0xf5, 0x4a, 0xec, 0x20, 0x1f, 0xfd,
    0x2a, 0xa0, 0x80, 0x7f, 0xf6, 0x13, 0xd0, 0x3,
    0xff, 0x9e, 0x5a, 0xa0, 0x1f, 0xfd, 0xb1, 0xb8,
    0x0, 0xff, 0xe6, 0x9e, 0x10, 0x7, 0xff, 0x79,
    0xe8, 0x3, 0xff, 0x96, 0x98, 0x20, 0x1f, 0xfe,
    0x5, 0xb0, 0xf, 0xfe, 0x49, 0xd8, 0x7, 0xff,
    0x8d, 0x28, 0x3, 0xff, 0x8e, 0x5a, 0x1, 0xff,
    0xe5, 0x58, 0x0, 0xff, 0xe3, 0x78, 0x80, 0x7f,
    0xf9, 0x9d, 0x40, 0x3f, 0xf8, 0x94, 0x40, 0x1f,
    0xfe, 0x8a, 0x20, 0xf, 0xfe, 0x12, 0xa8, 0x3,
    0xff, 0x92, 0xb3, 0x7b, 0xff, 0x76, 0x4b, 0x8,
    0x7, 0xff, 0x27, 0x80, 0x3f, 0xf8, 0x56, 0x1,
    0xff, 0xc7, 0x2a, 0xfa, 0x64, 0x20, 0x8, 0x4d,
    0xa7, 0xb1, 0x40, 0x3f, 0xf8, 0xe6, 0xc0, 0x1f,
    0xfc, 0x8, 0x10, 0xf, 0xfe, 0x28, 0xce, 0xa8,
    0x7, 0xff, 0x4, 0xeb, 0x4c, 0x3, 0xff, 0x8d,
    0x2, 0x1, 0xfe, 0x17, 0x0, 0xff, 0xe2, 0x9f,
    0xb0, 0x7, 0xff, 0x14, 0xb1, 0xc0, 0x3f, 0xf8,
    0xa3, 0x20, 0x1f, 0xe9, 0x0, 0xff, 0xe2, 0xa6,
    0x8, 0x7, 0xff, 0x22, 0x24, 0x3, 0xff, 0x8a,
    0xc0, 0x1f, 0xe7, 0x0, 0xff, 0xe2, 0x1d, 0x80,
    0x7f, 0xf2, 0xda, 0x40, 0x3f, 0xf8, 0x82, 0xe0,
    0x1f, 0x98, 0x3, 0xff, 0x88, 0x3a, 0x1, 0xff,
    0xcd, 0x66, 0x0, 0x7f, 0xf1, 0x28, 0x3, 0xf5,
    0x0, 0x7f, 0xf1, 0x2c, 0x40, 0x3f, 0xf9, 0xd2,
    0x20, 0x1f, 0xfc, 0x32, 0x30, 0xf, 0x9, 0x80,
    0x7f, 0xf0, 0xcd, 0x40, 0x3f, 0xfa, 0x16, 0x1,
    0xff, 0xc4, 0xa0, 0xf, 0x20, 0x7, 0xff, 0x13,
    0xc0, 0x3f, 0xfa, 0x2a, 0x40, 0x1f, 0xfc, 0x34,
    0x0, 0xf6, 0x0, 0x7f, 0xf0, 0xc8, 0xc0, 0x3f,
    0xfa, 0x56, 0x1, 0xff, 0xc3, 0x21, 0x0, 0xe4,
    0x0, 0xff, 0xe1, 0xd0, 0x7, 0xff, 0x4d, 0xc0,
    0x3f, 0xf8, 0x88, 0x1, 0xc4, 0x1, 0xff, 0xc3,
    0x40, 0xf, 0xfe, 0x98, 0x98, 0x7, 0xff, 0xf,
    0x40, 0x31, 0x0, 0x7f, 0xf1, 0xc, 0x3, 0xff,
    0xa8, 0x80, 0x1f, 0xfc, 0x32, 0x0, 0xcc, 0x1,
    0xff, 0xc3, 0x30, 0xf, 0xfe, 0xae, 0x80, 0x7f,
    0xf0, 0xdc, 0x3, 0x10, 0x7, 0xff, 0xd, 0x80,
    0x3f, 0xfa, 0xac, 0x1, 0xff, 0xc3, 0x30, 0xc,
    0x20, 0x1f, 0xfc, 0x32, 0x0, 0xff, 0xe5, 0x90,
    0x7, 0xf0, 0x80, 0x7f, 0xf0, 0xc4, 0x3, 0xff,
    0xbe, 0xfa, 0xa0, 0x1f, 0x8c, 0x3, 0xff, 0x91,
    0xe0, 0x1f, 0xfc, 0x3f, 0x0, 0xff, 0xe4, 0xbc,
    0x5, 0x20, 0x7, 0xc2, 0x1, 0xff, 0xc4, 0x10,
    0xb, 0xc0, 0x3f, 0xf8, 0x7e, 0x1, 0xff, 0xc8,
    0x78, 0x0, 0xad, 0x0, 0x3c, 0x20, 0x1f, 0xfc,
    0x41, 0x0, 0xff, 0xe3, 0x88, 0x7, 0xff, 0x1d,
    0xe0, 0x3, 0xad, 0x0, 0x38, 0xc0, 0x3f, 0xf9,
    0x2, 0x1, 0xff, 0xc3, 0x30, 0xf, 0xfe, 0x33,
    0xc0, 0x7, 0xd6, 0x80, 0x18, 0x40, 0x3f, 0xf9,
    0x4, 0x1, 0xff, 0xc3, 0x60, 0xf, 0xfe, 0x2b,
    0xc0, 0x7, 0xf5, 0xa0, 0x4, 0xc0, 0x1f, 0xfc,
    0x32, 0x0, 0xcc, 0x1, 0xff, 0xc3, 0x30, 0xf,
    0xfe, 0x23, 0xc0, 0x7, 0xfd, 0x68, 0x0, 0xc0,
    0xf, 0xfe, 0x1b, 0x0, 0x62, 0x0, 0xff, 0xe2,
    0x18, 0x7, 0xff, 0x9, 0xe0, 0x3, 0xff, 0x83,
    0x68, 0xa, 0x1, 0xff, 0xc3, 0x30, 0xe, 0x30,
    0xf, 0xfe, 0x1d, 0x80, 0x7f, 0xf0, 0x4a, 0x0,
    0x3f, 0xf8, 0x76, 0xa6, 0x1, 0xff, 0xc3, 0xd0,
    0xe, 0x40, 0xf, 0xfe, 0x1a, 0x80, 0x7f, 0xf0,
    0x4a, 0x80, 0x3f, 0xf8, 0x94, 0x1, 0xff, 0xc4,
    0x70, 0xe, 0xd0, 0xf, 0xfe, 0x19, 0x20, 0x7,
    0xff, 0x5, 0x68, 0x3, 0xff, 0xa6, 0x24, 0x1,
    0xca, 0x1, 0xff, 0xc4, 0x80, 0xf, 0xfe, 0x12,
    0xd0, 0x7, 0xff, 0x49, 0xc0, 0x3e, 0x50, 0xf,
    0xfe, 0x19, 0xa8, 0x7, 0xff, 0x9, 0x68, 0x3,
    0xff, 0xa3, 0xa0, 0x1f, 0x78, 0x7, 0xff, 0x12,
    0xc4, 0x3, 0xff, 0x84, 0xb4, 0x1, 0xff, 0xcf,
    0x14, 0x0, 0xf9, 0x44, 0x3, 0xff, 0x86, 0x3a,
    0x1, 0xff, 0xc3, 0x5a, 0x0, 0xff, 0xe7, 0x30,
    0x7, 0xf4, 0x80, 0x7f, 0xf1, 0xf, 0x0, 0x3f,
    0xf8, 0x6b, 0x40, 0x1f, 0xfc, 0xd9, 0x0, 0xfe,
    0x71, 0x0, 0xff, 0xe2, 0x1e, 0x90, 0x7, 0xff,
    0x9, 0x64, 0x3, 0xff, 0x96, 0xc2, 0x1, 0xfe,
    0x80, 0xf, 0xfe, 0x29, 0x6b, 0x0, 0x7f, 0xf0,
    0x9a, 0x40, 0x3f, 0xf9, 0x50, 0x1, 0xff, 0x31,
    0x80, 0x7f, 0xf1, 0xa7, 0x58, 0x3, 0xff, 0x82,
    0x44, 0x0, 0xff, 0xe4, 0x38, 0x80, 0x7f, 0xf0,
    0x3c, 0x3, 0xff, 0x8e, 0x53, 0xf6, 0xe8, 0x42,
    0x2, 0x46, 0xd3, 0xd6, 0x40, 0x1f, 0xfc, 0x72,
    0x80, 0xf, 0xfe, 0x9, 0xb8, 0x7, 0xff, 0x25,
    0x22, 0xf7, 0xbf, 0xb7, 0x25, 0x84, 0x3, 0xff,
    0x93, 0x60, 0x1f, 0xfc, 0x38, 0x40, 0xf, 0xff,
    0x4c, 0x18, 0x7, 0xff, 0xe, 0x88, 0x3, 0xff,
    0xd0, 0x3a, 0x60, 0x1f, 0xfc, 0x21, 0xf1, 0x0,
    0xff, 0xf4, 0xe, 0x98, 0x7, 0xff, 0x8, 0xb0,
    0x40, 0x3f, 0xfd, 0x3, 0xa6, 0x1, 0xff, 0xc2,
    0x2c, 0x20, 0xf, 0xff, 0x40, 0xe9, 0x80, 0x7f,
    0xf0, 0x8b, 0xc, 0x3, 0xff, 0xd0, 0x3a, 0x60,
    0x1f, 0xfc, 0x21, 0xc7, 0x0, 0xff, 0xf4, 0xe,
    0x98, 0x7, 0xff, 0xe, 0x2c, 0x80, 0x3f, 0xfc,
    0xe3, 0xa6, 0x1, 0xff, 0xc3, 0x4d, 0x80, 0xf,
    0xfe, 0xa8, 0xd4, 0x80, 0x7f, 0xf0, 0xc7, 0x80,
    0x3f, 0xf8, 0xaf, 0xce, 0x1, 0xff, 0xd1, 0x19,
    0xe5, 0x69, 0x0, 0xff, 0xe1, 0xf, 0x80, 0x7f,
    0xf1, 0x86, 0x3e, 0x8, 0x3, 0xff, 0x98, 0x95,
    0xcc, 0x1, 0x34, 0x80, 0x7f, 0xf0, 0x7, 0x8,
    0x3, 0xff, 0x92, 0xfb, 0xa7, 0x30, 0xf, 0xfe,
    0x32, 0x4f, 0x5a, 0x80, 0x79, 0xa4, 0x3, 0xfc,
    0x38, 0x40, 0x1f, 0xfc, 0xc2, 0x8c, 0xfb, 0x86,
    0x42, 0x10, 0xc, 0x24, 0x8d, 0x39, 0xf6, 0xc2,
    0x1, 0xfc, 0xd2, 0x1, 0xf8, 0x70, 0x80, 0x3f,
    0xfa, 0x28, 0xf3, 0x7b, 0xdf, 0xfb, 0xb6, 0xe5,
    0x8c, 0x3, 0xff, 0x84, 0xd2, 0x1, 0xe1, 0xc2,
    0x0, 0xff, 0xf8, 0xb4, 0x80, 0x61, 0xc2, 0x0,
    0xff, 0xf9, 0xb5, 0x0, 0x7, 0x8, 0x3, 0xff,
    0xea, 0xb4, 0x38, 0x40, 0x1f, 0xff, 0x75, 0xe2,
    0x0, 0xfc,

    /* U+0052 "R" */
    0x7f, 0xff, 0xfe, 0x7f, 0x73, 0x2a, 0x10, 0x3,
    0xff, 0xc6, 0x22, 0x35, 0x7b, 0xfc, 0x60, 0xf,
    0xff, 0x39, 0xcf, 0x40, 0x7, 0xff, 0x9c, 0x5f,
    0x98, 0x3, 0xff, 0xce, 0x33, 0x40, 0x1f, 0xfe,
    0x85, 0xd1, 0x0, 0xff, 0xf3, 0x96, 0x8, 0x7,
    0xff, 0x9c, 0xb4, 0x3, 0xff, 0xd0, 0x70, 0x1,
    0xff, 0xe8, 0x72, 0x0, 0xff, 0xf4, 0x48, 0x7,
    0xff, 0x28, 0xd1, 0x3f, 0x8c, 0x3, 0xff, 0x8e,
    0x84, 0x1, 0xff, 0xc9, 0x8b, 0xbf, 0xec, 0xfb,
    0x40, 0xf, 0xfe, 0x2d, 0x0, 0x7f, 0xf5, 0x52,
    0xe4, 0x3, 0xff, 0x88, 0xa0, 0x1f, 0xfd, 0x76,
    0x90, 0xf, 0xfe, 0x19, 0x0, 0x7f, 0xf6, 0x18,
    0xc0, 0x3f, 0xf8, 0x68, 0x1, 0xff, 0xd8, 0xa0,
    0xf, 0xfe, 0x18, 0x80, 0x7f, 0xf6, 0x14, 0x3,
    0xff, 0x86, 0x60, 0x1f, 0xfd, 0x82, 0x0, 0xff,
    0xe1, 0x88, 0x7, 0xff, 0x60, 0xc0, 0x3f, 0xf8,
    0x62, 0x1, 0xff, 0xd8, 0x60, 0xf, 0xfe, 0x19,
    0x80, 0x7f, 0xf6, 0x30, 0x3, 0xff, 0x86, 0x20,
    0x1f, 0xfd, 0x71, 0x70, 0xf, 0xfe, 0x1a, 0x80,
    0x7f, 0xf5, 0xf4, 0x3, 0xff, 0x86, 0x62, 0x1,
    0xff, 0xd5, 0x3d, 0x30, 0xf, 0xfe, 0x1a, 0x0,
    0x7f, 0xf2, 0x4c, 0xff, 0x91, 0x63, 0x30, 0x40,
    0x1f, 0xfc, 0x4a, 0x0, 0xff, 0xe4, 0xc6, 0x67,
    0xeb, 0xa7, 0x30, 0xf, 0xfe, 0x2a, 0x90, 0x7,
    0xff, 0x9e, 0x40, 0x3f, 0xfc, 0xf0, 0x60, 0x1f,
    0xfe, 0x63, 0x70, 0xf, 0xff, 0x31, 0xe8, 0x7,
    0xff, 0x98, 0xf4, 0x40, 0x3f, 0xfc, 0xad, 0x82,
    0x1, 0xff, 0xe4, 0x1b, 0x90, 0xf, 0xff, 0x21,
    0x4f, 0x20, 0x7, 0xff, 0x88, 0x5a, 0xf5, 0x80,
    0x3f, 0xfc, 0x67, 0xd2, 0x80, 0x1f, 0xfd, 0x4b,
    0x80, 0xf, 0xfe, 0x19, 0xb0, 0x7, 0xff, 0x5d,
    0xcc, 0x3, 0xff, 0x87, 0x24, 0x1, 0xff, 0xd7,
    0xe0, 0xf, 0xfe, 0x27, 0x80, 0x7f, 0xf5, 0xca,
    0x40, 0x3f, 0xf8, 0x65, 0x40, 0x1f, 0xfd, 0x76,
    0x40, 0xf, 0xfe, 0x1a, 0xa8, 0x3, 0xff, 0xaf,
    0x40, 0x1f, 0xfc, 0x4a, 0x20, 0xf, 0xfe, 0xb0,
    0xd0, 0x7, 0xff, 0x13, 0xc0, 0x3f, 0xfa, 0xea,
    0xa0, 0xf, 0xfe, 0x19, 0x48, 0x7, 0xff, 0x5e,
    0xc4, 0x3, 0xff, 0x86, 0xca, 0x1, 0xff, 0xd6,
    0x1a, 0x0, 0xff, 0xe2, 0x51, 0x0, 0x7f, 0xf5,
    0x91, 0x80, 0x3f, 0xf8, 0x9c, 0x1, 0xff, 0xd7,
    0x91, 0x0, 0xff, 0xe1, 0x9c, 0x0, 0x7f, 0xf5,
    0xe8, 0x3, 0xff, 0x88, 0xe8, 0x1, 0xff, 0xd6,
    0x47, 0x0, 0xff, 0xe2, 0x50, 0x80, 0x7f, 0xf5,
    0xa0, 0x80, 0x3f, 0xf8, 0x63, 0xa0, 0x1f, 0xfd,
    0x7e, 0x0, 0xff, 0xe2, 0x1c, 0x0, 0x7f, 0xf5,
    0x8e, 0x0, 0x3f, 0xf8, 0x8e, 0x80, 0x1f, 0xfd,
    0x67, 0x30, 0xf, 0xfe, 0x25, 0x8, 0x7, 0xff,
    0x5b, 0x80, 0x3f, 0xf8, 0x83, 0x40, 0x1f, 0xfd,
    0x62, 0x80, 0xf, 0xfe, 0x22, 0x38, 0x7, 0xff,
    0x59, 0xd0, 0x3, 0xff, 0x89, 0x6, 0x1, 0xff,
    0xd6, 0xa0, 0xf, 0xfe, 0x2e, 0x88, 0x7, 0xff,
    0x54, 0x64, 0x3, 0xff, 0x88, 0x34, 0x1, 0xff,
    0xd6, 0x65, 0x0, 0xff, 0xe2, 0x23, 0x0, 0x7f,
    0xf5, 0xac, 0x40, 0x3f, 0xf8, 0x92, 0x60,

    /* U+0053 "S" */
    0x0, 0xff, 0xe4, 0x13, 0x45, 0xef, 0x73, 0xfd,
    0xdc, 0xdb, 0x86, 0x20, 0xf, 0xfe, 0x9a, 0x4f,
    0x6c, 0xba, 0x10, 0x88, 0x0, 0x22, 0x24, 0x79,
    0xde, 0xb5, 0x0, 0xff, 0xe7, 0x37, 0x5b, 0x8,
    0x7, 0xff, 0x10, 0x52, 0xbe, 0x8c, 0x3, 0xff,
    0x92, 0xbd, 0x22, 0x1, 0xff, 0xcb, 0x5c, 0xb3,
    0x0, 0xff, 0xe3, 0x55, 0x4, 0x3, 0xff, 0x9e,
    0x99, 0x42, 0x1, 0xff, 0xc2, 0x1d, 0x50, 0xf,
    0xfe, 0x9a, 0xf2, 0x80, 0x7f, 0xf0, 0xb, 0x8,
    0x3, 0xff, 0xad, 0x52, 0x1, 0xff, 0x79, 0x0,
    0x7f, 0xf6, 0x1a, 0xc0, 0x3f, 0xa8, 0x80, 0x3f,
    0xfb, 0x49, 0x20, 0x1f, 0x22, 0x80, 0x7f, 0xf6,
    0xca, 0x0, 0x3e, 0x90, 0xf, 0xfe, 0xd9, 0x60,
    0x80, 0x79, 0x8, 0x3, 0xff, 0xb4, 0x58, 0x20,
    0x1f, 0x70, 0x7, 0xff, 0x20, 0x40, 0x3f, 0xf8,
    0xa5, 0x82, 0x1, 0xf9, 0x40, 0x3f, 0xf8, 0x8b,
    0x7d, 0xfd, 0xfe, 0xda, 0x50, 0xf, 0xf8, 0xb0,
    0x40, 0x3f, 0x18, 0x7, 0xff, 0xc, 0x72, 0x90,
    0x40, 0x31, 0x2d, 0x74, 0x0, 0x7e, 0x2c, 0x10,
    0xf, 0xe5, 0x0, 0xff, 0xe1, 0xd1, 0x80, 0x7f,
    0x85, 0xf9, 0x0, 0x38, 0xb0, 0x40, 0x3f, 0xde,
    0x1, 0xff, 0xc3, 0x40, 0xf, 0xfe, 0x8, 0xdc,
    0x80, 0x47, 0x82, 0x1, 0xff, 0x18, 0x7, 0xff,
    0x8, 0x40, 0x3f, 0xf8, 0x8d, 0x60, 0x7a, 0x20,
    0x1f, 0xfc, 0x1, 0x0, 0xff, 0xe1, 0x8, 0x7,
    0xff, 0x15, 0x37, 0x4, 0x3, 0xff, 0xa2, 0xe0,
    0x1f, 0xfc, 0x52, 0x0, 0xff, 0xe1, 0x88, 0x7,
    0xff, 0xe, 0x10, 0x3, 0xff, 0xa8, 0x60, 0x1f,
    0xfc, 0x4b, 0x70, 0xf, 0xfe, 0x9f, 0x80, 0x7f,
    0xf1, 0x63, 0x98, 0x3, 0xff, 0xa2, 0xa0, 0x1f,
    0xfc, 0x61, 0x9e, 0x93, 0x0, 0xff, 0xe7, 0x18,
    0x80, 0x7f, 0xf1, 0xc5, 0xb3, 0x60, 0x80, 0x3f,
    0xf9, 0x88, 0x1, 0xff, 0xca, 0x27, 0xdd, 0x38,
    0x80, 0x7f, 0xf2, 0x60, 0x3, 0xff, 0x9a, 0x51,
    0xd6, 0x80, 0x1f, 0xfc, 0x72, 0x50, 0xf, 0xfe,
    0x7a, 0x5e, 0xb8, 0x7, 0xff, 0x1a, 0xc4, 0x3,
    0xff, 0xa0, 0x51, 0xca, 0x1, 0xff, 0xc4, 0x1a,
    0x0, 0xff, 0xe9, 0xd, 0x61, 0x80, 0x7f, 0xf0,
    0xd2, 0x40, 0x3f, 0xfa, 0x67, 0x8e, 0x1, 0xff,
    0xc3, 0x69, 0x0, 0xff, 0xea, 0x44, 0x80, 0x7f,
    0xf0, 0xda, 0xc4, 0x3, 0xff, 0xa6, 0xd2, 0x1,
    0xff, 0xc3, 0x4f, 0x60, 0xf, 0xfe, 0x9b, 0x38,
    0x7, 0xff, 0xc, 0x67, 0x50, 0x3, 0xff, 0xa5,
    0x6, 0x1, 0xff, 0xc4, 0x2b, 0xb2, 0x0, 0x7f,
    0xf4, 0x78, 0x3, 0xff, 0x8c, 0x97, 0xac, 0x20,
    0x1f, 0xfc, 0xe2, 0x50, 0xf, 0xfe, 0x39, 0x4f,
    0x52, 0x80, 0x7f, 0xf3, 0x64, 0x3, 0xff, 0x94,
    0xb5, 0xd2, 0x60, 0x1f, 0xfc, 0xa3, 0x10, 0xf,
    0xfe, 0x58, 0xb6, 0x74, 0x10, 0x7, 0xff, 0x21,
    0xc0, 0x3f, 0xf9, 0xc2, 0xfb, 0x44, 0x1, 0xff,
    0xc6, 0xf0, 0xf, 0xfe, 0x8a, 0xec, 0x80, 0x7f,
    0xf1, 0x54, 0x3, 0xff, 0xa6, 0xd8, 0x20, 0x1f,
    0xfc, 0x32, 0x0, 0xff, 0xea, 0x1d, 0x0, 0x7f,
    0xf3, 0x99, 0x0, 0x3f, 0xf9, 0x28, 0x60, 0x1f,
    0xfc, 0x21, 0x0, 0xfe, 0x69, 0xb4, 0x0, 0xff,
    0xe4, 0xa8, 0x7, 0xff, 0x2d, 0xa4, 0x1, 0x6c,
    0x1, 0xff, 0xc8, 0x10, 0xf, 0xfe, 0x10, 0x80,
    0x7c, 0xd2, 0x1, 0xa6, 0x84, 0x3, 0xff, 0x8c,
    0x80, 0x1f, 0xfc, 0x22, 0x0, 0xf3, 0x48, 0x7,
    0x97, 0xd4, 0x3, 0xff, 0x88, 0x86, 0x1, 0xff,
    0xc2, 0x60, 0xe, 0x69, 0x0, 0xfc, 0x35, 0x8a,
    0x1, 0xff, 0xc1, 0x4b, 0x0, 0xff, 0xe1, 0xe8,
    0x6, 0x69, 0x0, 0xff, 0x8e, 0xba, 0x94, 0x80,
    0x3c, 0x4d, 0x96, 0x1, 0xff, 0xc4, 0x50, 0x9,
    0xa4, 0x3, 0xff, 0x84, 0x2b, 0x5b, 0xfd, 0xba,
    0xef, 0xd9, 0x30, 0xf, 0xfe, 0x21, 0x10, 0x0,
    0xd2, 0x1, 0xff, 0xc8, 0x12, 0x20, 0x80, 0x7f,
    0xf2, 0x28, 0x0, 0xd2, 0x1, 0xff, 0xe0, 0x17,
    0x0, 0x60, 0x7, 0xff, 0x86, 0x0, 0x2a, 0x50,
    0xf, 0xfe, 0xfa, 0x30, 0x6, 0xa6, 0x0, 0xff,
    0xee, 0x95, 0x0, 0x7a, 0x64, 0x1, 0xff, 0xdb,
    0x1f, 0x10, 0xf, 0x9b, 0x8, 0x3, 0xff, 0xb0,
    0x5e, 0x40, 0x1f, 0xc7, 0xae, 0x1, 0xff, 0xd6,
    0x6d, 0x10, 0xf, 0xfe, 0x4, 0x62, 0x0, 0x7f,
    0xf4, 0x8f, 0x24, 0x3, 0xff, 0x86, 0x77, 0xaa,
    0x1, 0xff, 0xce, 0x4b, 0xc3, 0x0, 0xff, 0xe3,
    0x15, 0x7d, 0x28, 0x80, 0x7f, 0xf1, 0xd2, 0x7a,
    0xd0, 0x3, 0xff, 0x96, 0xb5, 0xdb, 0x4e, 0xa6,
    0x42, 0x1, 0x84, 0x46, 0x8f, 0x39, 0xf6, 0xc2,
    0x1, 0xff, 0xc0,

    /* U+0054 "T" */
    0x38, 0x8f, 0xff, 0x4a, 0x2b, 0xbf, 0xff, 0xa7,
    0x0, 0x3f, 0xff, 0xe0, 0x1f, 0xff, 0xf0, 0xf,
    0xff, 0xf8, 0x7, 0xff, 0xfc, 0x3, 0xff, 0xfe,
    0x1, 0xff, 0xff, 0x0, 0xff, 0xff, 0x80, 0x7f,
    0xff, 0xc0, 0x3f, 0xfe, 0xd, 0xff, 0xff, 0xc6,
    0xa0, 0xf, 0xfe, 0x1c, 0x7f, 0xff, 0xf1, 0xa0,
    0x3, 0xff, 0xfe, 0x1, 0xff, 0xff, 0x0, 0xff,
    0xff, 0x80, 0x7f, 0xff, 0xc0, 0x3f, 0xff, 0xe0,
    0x1f, 0xff, 0xf0, 0xf, 0xff, 0xf8, 0x7, 0xff,
    0xfc, 0x3, 0xff, 0xfe, 0x1, 0xff, 0xff, 0x0,
    0xff, 0xff, 0x80, 0x7f, 0xff, 0xc0, 0x3f, 0xff,
    0xe0, 0x1f, 0xff, 0xf0, 0xf, 0xff, 0xf8, 0x7,
    0xff, 0xfc, 0x3, 0xff, 0xfe, 0x1, 0xff, 0xff,
    0x0, 0xff, 0xff, 0x80, 0x7f, 0xff, 0xc0, 0x3f,
    0xff, 0xe0, 0x1f, 0xff, 0xf0, 0xf, 0xff, 0xf8,
    0x7, 0xff, 0xfc, 0x3, 0xff, 0xfe, 0x1, 0xff,
    0xff, 0x0, 0xff, 0xff, 0x80, 0x7f, 0xff, 0xc0,
    0x3f, 0xff, 0xe0, 0x1f, 0xff, 0xf0, 0xf, 0xff,
    0xf8, 0x7, 0xff, 0xfc, 0x3, 0xff, 0xfe, 0x1,
    0xff, 0xff, 0x0, 0xff, 0xf5, 0x3b, 0xff, 0xf1,
    0x10, 0x3, 0xff, 0x8e,

    /* U+0055 "U" */
    0x6f, 0xff, 0xfe, 0x19, 0x80, 0x7f, 0xf2, 0x7f,
    0xff, 0xf8, 0x7a, 0x1, 0xff, 0xff, 0x0, 0xff,
    0xff, 0x80, 0x7f, 0xff, 0xc0, 0x3f, 0xff, 0xe0,
    0x1f, 0xff, 0xf0, 0xf, 0xff, 0xf8, 0x7, 0xff,
    0xfc, 0x3, 0xff, 0xfe, 0x1, 0xff, 0xff, 0x0,
    0xff, 0xff, 0x80, 0x7f, 0xff, 0xc0, 0x3f, 0xff,
    0xe0, 0x1f, 0xff, 0xf0, 0xf, 0xff, 0xf8, 0x7,
    0xff, 0xfc, 0x3, 0xff, 0xfe, 0x1, 0xff, 0xff,
    0x0, 0xff, 0xff, 0x80, 0x7f, 0xff, 0xc0, 0x3f,
    0xff, 0xe0, 0x1f, 0xff, 0xf0, 0xf, 0xff, 0xf8,
    0x7, 0xff, 0xfc, 0x3, 0xff, 0xfe, 0x1, 0xff,
    0xff, 0x0, 0xff, 0xff, 0x80, 0x7f, 0xf8, 0xc4,
    0xc0, 0x3f, 0xf8, 0x6e, 0x1, 0xff, 0xd8, 0x71,
    0x0, 0xff, 0xe1, 0x88, 0x7, 0xff, 0x20, 0x40,
    0x3f, 0xf8, 0x62, 0xe0, 0x1f, 0xfc, 0x33, 0x0,
    0xff, 0xe4, 0x10, 0x7, 0xff, 0x10, 0x80, 0x3f,
    0xf8, 0x78, 0x1, 0xff, 0xc8, 0x50, 0xf, 0xfe,
    0x19, 0x8, 0x80, 0x3f, 0xf8, 0x48, 0x1, 0xff,
    0xc8, 0xc0, 0xf, 0xfe, 0x1e, 0x82, 0x80, 0x7f,
    0xf0, 0x85, 0x40, 0x3f, 0xf8, 0xc4, 0xa0, 0x1f,
    0xfc, 0x37, 0x3, 0x0, 0xff, 0xe1, 0xc0, 0x7,
    0xff, 0x1a, 0x0, 0x3f, 0xf8, 0x62, 0x41, 0x60,
    0x1f, 0xfc, 0x32, 0xb0, 0xf, 0xfe, 0x23, 0x28,
    0x7, 0xff, 0xd, 0xc0, 0x6, 0x20, 0x1f, 0xfc,
    0x34, 0xb1, 0x0, 0xff, 0xe0, 0xb4, 0x80, 0x7f,
    0xf1, 0x34, 0x2, 0x60, 0xf, 0xfe, 0x22, 0x7a,
    0x80, 0x7f, 0x8a, 0xa4, 0x3, 0xff, 0x88, 0x28,
    0x1, 0x48, 0x7, 0xff, 0x14, 0x6b, 0x61, 0x4,
    0x0, 0x24, 0xd7, 0xaa, 0x1, 0xff, 0xc5, 0x90,
    0xc, 0x2c, 0x1, 0xff, 0xc6, 0x27, 0xbe, 0xff,
    0x76, 0xca, 0x0, 0x7f, 0xf1, 0xd8, 0x3, 0xac,
    0x3, 0xff, 0xc4, 0xe2, 0x1, 0xc5, 0x0, 0x1f,
    0xfe, 0x2, 0x80, 0xf, 0x9c, 0xc0, 0x3f, 0xfb,
    0xfc, 0x1, 0xfd, 0xc2, 0x1, 0xff, 0xdd, 0x73,
    0x0, 0xfe, 0x2d, 0x0, 0xff, 0xee, 0x34, 0x0,
    0x7f, 0xc7, 0x40, 0x1f, 0xfd, 0xa4, 0x90, 0xf,
    0xfe, 0xa, 0xd8, 0x7, 0xff, 0x61, 0xac, 0x3,
    0xff, 0x86, 0x9a, 0x20, 0x1f, 0xfd, 0x58, 0x90,
    0xf, 0xfe, 0x29, 0x73, 0x0, 0x7f, 0xf4, 0x8b,
    0x1c, 0x3, 0xff, 0x91, 0x38, 0x60, 0x1f, 0xfc,
    0xf8, 0xd3, 0x0, 0xff, 0xe5, 0x1e, 0x5a, 0x0,
    0x7f, 0xf2, 0x86, 0x39, 0xc0, 0x3f, 0xf9, 0xc9,
    0x7b, 0x6, 0x1, 0xff, 0xc4, 0x15, 0xae, 0x71,
    0x0, 0xff, 0xe8, 0x93, 0xe7, 0x5c, 0x29, 0x90,
    0x80, 0x4, 0x44, 0x8f, 0x39, 0xd4, 0xa0, 0x1f,
    0xfc, 0x40,

    /* U+0056 "V" */
    0x7, 0x88, 0xff, 0xe1, 0xb0, 0x7, 0xff, 0x41,
    0xe2, 0x3f, 0xf8, 0x66, 0x1a, 0xef, 0xff, 0xc3,
    0x92, 0x0, 0xff, 0xe7, 0x2c, 0x3b, 0xff, 0xf0,
    0xc8, 0x38, 0x3, 0xff, 0x88, 0xa0, 0x1f, 0xfc,
    0xef, 0x0, 0xff, 0xe1, 0xa0, 0x82, 0x8, 0x7,
    0xff, 0xe, 0x80, 0x3f, 0xf9, 0xca, 0x1, 0xff,
    0xc3, 0xe0, 0x9, 0x80, 0x3f, 0xf8, 0x64, 0x40,
    0xf, 0xfe, 0x63, 0x0, 0x7f, 0xf0, 0xc5, 0x40,
    0x2a, 0x0, 0xff, 0xe2, 0x50, 0x7, 0xff, 0x33,
    0x40, 0x3f, 0xf8, 0x6e, 0x1, 0x88, 0xc0, 0x3f,
    0xf8, 0x6a, 0x1, 0xff, 0xcb, 0x14, 0x0, 0xff,
    0xe1, 0xd0, 0x7, 0x50, 0x7, 0xff, 0xc, 0x8c,
    0x3, 0xff, 0x94, 0xc0, 0x1f, 0xfc, 0x32, 0x30,
    0xe, 0x60, 0xf, 0xfe, 0x25, 0x80, 0x7f, 0xf2,
    0xac, 0x3, 0xff, 0x87, 0x40, 0x1f, 0x28, 0x7,
    0xff, 0xd, 0x80, 0x3f, 0xf9, 0x24, 0x60, 0x1f,
    0xfc, 0x36, 0x0, 0xfb, 0x80, 0x3f, 0xf8, 0x62,
    0x80, 0x1f, 0xfc, 0x8a, 0x0, 0xff, 0xe1, 0xa8,
    0x80, 0x7c, 0x82, 0x1, 0xff, 0xc3, 0xd0, 0xf,
    0xfe, 0x42, 0x80, 0x7f, 0xf0, 0xf8, 0x3, 0xf9,
    0x80, 0x3f, 0xf8, 0x6e, 0x1, 0xff, 0xc7, 0x32,
    0x0, 0xff, 0xe1, 0xa, 0x0, 0x7f, 0x50, 0x7,
    0xff, 0xc, 0x50, 0x3, 0xff, 0x8d, 0x40, 0x1f,
    0xfc, 0x36, 0x0, 0xff, 0x11, 0x80, 0x7f, 0xf0,
    0xf8, 0x3, 0xff, 0x8c, 0xe0, 0x1f, 0xfc, 0x3a,
    0x0, 0xff, 0xa8, 0x3, 0xff, 0x86, 0xa0, 0x1f,
    0xfc, 0x54, 0x10, 0xf, 0xfe, 0x11, 0x90, 0x7,
    0xfc, 0xc0, 0x1f, 0xfc, 0x45, 0x0, 0xff, 0xe2,
    0x70, 0x7, 0xff, 0xe, 0x80, 0x3f, 0xf8, 0x2a,
    0x1, 0xff, 0xc3, 0xf0, 0xf, 0xfe, 0x22, 0x80,
    0x7f, 0xf0, 0xd8, 0x3, 0xff, 0x83, 0xc0, 0x1f,
    0xfc, 0x35, 0x0, 0xff, 0xe1, 0xa8, 0x7, 0xff,
    0xd, 0x40, 0x3f, 0xf8, 0x48, 0x20, 0x1f, 0xfc,
    0x36, 0x0, 0xff, 0xe1, 0x70, 0x7, 0xff, 0xf,
    0x80, 0x3f, 0xf8, 0x6c, 0x1, 0xff, 0xc3, 0xd0,
    0xf, 0xfe, 0x8, 0xa0, 0x7, 0xff, 0x8, 0x90,
    0x3, 0xff, 0x87, 0x40, 0x1f, 0xfc, 0x34, 0x10,
    0xf, 0xfe, 0x3, 0x80, 0x7f, 0xf0, 0xe8, 0x3,
    0xff, 0x88, 0x46, 0x1, 0xff, 0xc3, 0x70, 0xf,
    0xfe, 0x5, 0x0, 0x7f, 0xf0, 0xd4, 0x3, 0xff,
    0x8b, 0x40, 0x1f, 0xfc, 0x3a, 0x0, 0xff, 0x84,
    0xc0, 0x3f, 0xf8, 0x48, 0x40, 0x1f, 0xfc, 0x56,
    0x0, 0xff, 0xe1, 0x98, 0x80, 0x7f, 0x98, 0x3,
    0xff, 0x87, 0xc0, 0x1f, 0xfc, 0x75, 0x0, 0xff,
    0xe1, 0xb0, 0x7, 0xfa, 0x80, 0x3f, 0xf8, 0x6a,
    0x1, 0xff, 0xc7, 0xe0, 0xf, 0xfe, 0x1d, 0x80,
    0x7f, 0x11, 0x0, 0x3f, 0xf8, 0x4c, 0x1, 0xff,
    0xc8, 0x42, 0x0, 0xff, 0xe1, 0x19, 0x0, 0x7e,
    0xa0, 0xf, 0xfe, 0x1d, 0x0, 0x7f, 0xf2, 0x54,
    0x3, 0xff, 0x87, 0x40, 0x1f, 0x98, 0x3, 0xff,
    0x84, 0x46, 0x1, 0xff, 0xc9, 0xa0, 0xf, 0xfe,
    0x1a, 0x80, 0x7c, 0x62, 0x1, 0xff, 0xc2, 0xa0,
    0xf, 0xfe, 0x51, 0x18, 0x7, 0xff, 0x8, 0x8c,
    0x3, 0xd4, 0x1, 0xff, 0xc3, 0x60, 0xf, 0xfe,
    0x5d, 0x0, 0x7f, 0xf0, 0xec, 0x3, 0xce, 0x1,
    0xff, 0xc2, 0x41, 0x0, 0xff, 0xe5, 0xb0, 0x7,
    0xff, 0xd, 0x80, 0x39, 0x4, 0x3, 0xff, 0x85,
    0xc0, 0x1f, 0xfc, 0xd5, 0x0, 0xff, 0xe1, 0x9,
    0x80, 0x6e, 0x0, 0xff, 0xe1, 0xa, 0x80, 0x7f,
    0xf3, 0x78, 0x3, 0xff, 0x87, 0x40, 0x19, 0x40,
    0x3f, 0xf8, 0x4c, 0x1, 0xff, 0xce, 0x42, 0x0,
    0xff, 0xe1, 0x38, 0x4, 0xa0, 0x1f, 0xfc, 0x3a,
    0x0, 0xff, 0xe7, 0xd0, 0x7, 0xff, 0x8, 0x50,
    0x1, 0xc0, 0x1f, 0xfc, 0x23, 0x20, 0xf, 0xfe,
    0x7a, 0x80, 0x7f, 0xf0, 0xf4, 0x5, 0x0, 0x3f,
    0xf8, 0x54, 0x1, 0xff, 0xd0, 0x24, 0x0, 0xff,
    0xe1, 0x30, 0x38, 0x7, 0xff, 0xd, 0xc0, 0x3f,
    0xfa, 0x3c, 0x1, 0xff, 0xc3, 0x5a, 0x0, 0xff,
    0xe1, 0x28, 0x80, 0x7f, 0xf4, 0x54, 0x3, 0xff,
    0x87, 0x26, 0x1, 0xff, 0xc2, 0xe0, 0xf, 0xfe,
    0x9b, 0x0, 0x7f, 0xf0, 0x8c, 0x3, 0xff, 0x84,
    0x28, 0x1, 0xff, 0xd3, 0xa0, 0xf, 0xfe, 0x8b,
    0x0, 0x7f, 0xf5, 0xc, 0x80, 0x3f, 0xfa, 0x14,
    0x1, 0xff, 0xd5, 0xa0, 0xf, 0xfe, 0x79, 0x90,
    0x7, 0xff, 0x55, 0x80, 0x3f, 0xf9, 0xf2, 0x1,
    0xff, 0xd6, 0x14, 0x0, 0xff, 0xe7, 0x28, 0x7,
    0xff, 0x5f, 0x80, 0x3f, 0xf9, 0xac, 0x1, 0xff,
    0xd8, 0x50, 0xf, 0xfe, 0x6d, 0x0, 0x7f, 0xf6,
    0x58, 0x3, 0xff, 0x96, 0x46, 0x1, 0xff, 0xd9,
    0xa0, 0xf, 0xfe, 0x5d, 0x0, 0x7f, 0xf6, 0x8c,
    0x80, 0x3f, 0xf9, 0x4c, 0x1, 0xff, 0xdb, 0xa0,
    0xf, 0xfe, 0x4a, 0x8, 0x7, 0xff, 0x6d, 0x80,
    0x3f, 0xf9, 0x3c, 0x1, 0xff, 0xdc, 0x14, 0x0,
    0xff, 0xe3, 0x8a, 0x80, 0x7f, 0xf7, 0x78, 0x3,
    0xff, 0x8e, 0xe0, 0x1f, 0xfd, 0xe5, 0x0, 0xff,
    0xe3, 0xd0, 0x7, 0xff, 0x7d, 0x80, 0x3f, 0xf8,
    0xa6, 0x60, 0xf, 0xfe, 0xfd, 0x0, 0x7f, 0xf1,
    0x68, 0x3, 0xff, 0xc0, 0x64, 0x1, 0xff, 0xc4,
    0x70, 0xf, 0xff, 0xd, 0x0, 0x7f, 0xf0, 0xd4,
    0x40, 0x3f, 0xfc, 0x2c, 0x1, 0xff, 0xc3, 0xe0,
    0xf, 0xff, 0x10, 0xa0, 0x7, 0xff, 0x4, 0x50,
    0x3, 0xff, 0x96,

    /* U+0057 "W" */
    0x68, 0x8f, 0xfe, 0x13, 0x0, 0x7f, 0xf2, 0x5a,
    0x23, 0xfe, 0x70, 0xf, 0xfe, 0x4a, 0x44, 0x7f,
    0xf0, 0x9f, 0x9d, 0xff, 0xf8, 0x52, 0x1, 0xff,
    0xc9, 0x97, 0x7f, 0xfa, 0x8, 0x3, 0xff, 0x91,
    0xe, 0xff, 0xfc, 0x2d, 0xb0, 0xf, 0xfe, 0x1a,
    0x0, 0x7f, 0xf1, 0xd0, 0x3, 0xff, 0x82, 0xa0,
    0x1f, 0xfc, 0x71, 0x30, 0xf, 0xfe, 0x17, 0x98,
    0x80, 0x7f, 0xf0, 0xb4, 0x3, 0xff, 0x8f, 0xa0,
    0x1f, 0xfc, 0x1c, 0x0, 0xff, 0xe3, 0xb8, 0x7,
    0xff, 0xd, 0x1, 0xc0, 0x3f, 0xf8, 0x4e, 0x1,
    0xff, 0xc7, 0x70, 0xf, 0xfe, 0xa, 0x0, 0x7f,
    0xf1, 0xf0, 0x3, 0xff, 0x84, 0x82, 0x1a, 0x1,
    0xff, 0xc2, 0x13, 0x0, 0xff, 0xe2, 0x90, 0x80,
    0x7f, 0xf0, 0x94, 0x3, 0xff, 0x8c, 0xa0, 0x1f,
    0xfc, 0x2d, 0x0, 0x20, 0x80, 0x7f, 0xf0, 0x90,
    0x3, 0xff, 0x8a, 0xa0, 0x1f, 0xfc, 0x3c, 0x0,
    0xff, 0xe2, 0xa0, 0x7, 0xff, 0xd, 0xc0, 0x24,
    0x0, 0xff, 0xe1, 0x58, 0x7, 0xff, 0x16, 0xc0,
    0x3f, 0xf8, 0x6e, 0x1, 0xff, 0xc5, 0xd0, 0xf,
    0xfe, 0x11, 0x88, 0x5, 0xe0, 0x1f, 0xfc, 0x23,
    0x10, 0xf, 0xfe, 0x18, 0x98, 0x7, 0xff, 0xc,
    0x4c, 0x3, 0xff, 0x88, 0x80, 0x1f, 0xfc, 0x2b,
    0x0, 0xca, 0x1, 0xff, 0xc3, 0x70, 0xf, 0xfe,
    0x1a, 0x0, 0x7f, 0xf1, 0x50, 0x3, 0xff, 0x86,
    0x44, 0x0, 0xff, 0xe1, 0x28, 0x7, 0x20, 0x7,
    0xff, 0xb, 0x0, 0x3f, 0xf8, 0x7e, 0x1, 0xff,
    0xc5, 0xb0, 0xf, 0xfe, 0x1a, 0x80, 0x7f, 0xf0,
    0x88, 0x80, 0x1d, 0xa0, 0x1f, 0xfc, 0x25, 0x0,
    0xff, 0xe1, 0xa0, 0x7, 0xff, 0x14, 0xc4, 0x3,
    0xff, 0x85, 0x60, 0x1f, 0xfc, 0x2a, 0x0, 0xf3,
    0x80, 0x7f, 0xf0, 0xd0, 0x3, 0xff, 0x82, 0x62,
    0x1, 0xff, 0xc6, 0x40, 0xf, 0xfe, 0x8, 0x98,
    0x7, 0xff, 0x9, 0x40, 0x3c, 0x28, 0x1, 0xff,
    0xc2, 0xc0, 0xf, 0xfe, 0xd, 0x80, 0x7f, 0xf1,
    0xfc, 0x3, 0xff, 0x82, 0x80, 0x1f, 0xfc, 0x22,
    0x20, 0x7, 0xda, 0x1, 0xff, 0xc2, 0x50, 0xf,
    0xfe, 0xa, 0x80, 0x7f, 0xf1, 0xd0, 0x3, 0xff,
    0x83, 0xe0, 0x1f, 0xfc, 0x25, 0x0, 0xfc, 0xe0,
    0x1f, 0xfc, 0x22, 0x20, 0x7, 0xfc, 0x24, 0x1,
    0xff, 0xc7, 0x13, 0x0, 0xff, 0xe0, 0x20, 0x7,
    0xff, 0xa, 0xc0, 0x3f, 0x9, 0x80, 0x7f, 0xf0,
    0x94, 0x3, 0xfe, 0x70, 0xf, 0xfe, 0x4d, 0x80,
    0x7f, 0xc6, 0x20, 0x1f, 0xfc, 0x11, 0x30, 0xf,
    0xeb, 0x0, 0xff, 0xe1, 0x60, 0x7, 0xfd, 0xa0,
    0x1f, 0xfc, 0x95, 0x0, 0xff, 0xac, 0x3, 0xff,
    0x84, 0xe0, 0x1f, 0xe5, 0x0, 0xff, 0xe1, 0x20,
    0x7, 0xfc, 0x80, 0x1f, 0xfc, 0x92, 0x10, 0xf,
    0xf2, 0x80, 0x7f, 0xf0, 0xb4, 0x3, 0xfc, 0x44,
    0x0, 0xff, 0xe1, 0x28, 0x7, 0xf2, 0x0, 0x7f,
    0xf2, 0xdc, 0x3, 0xf8, 0x88, 0x1, 0xff, 0xc1,
    0x14, 0x0, 0xff, 0x94, 0x3, 0xff, 0x85, 0x80,
    0x1f, 0xda, 0x1, 0xff, 0xcb, 0xd0, 0xf, 0xe4,
    0x0, 0xff, 0xe1, 0x20, 0x7, 0xff, 0x2, 0xc0,
    0x3f, 0xf8, 0x4e, 0x1, 0xfc, 0x80, 0x1f, 0xfc,
    0xb4, 0x0, 0xfe, 0xd0, 0xf, 0xfe, 0x17, 0x80,
    0x7f, 0xf0, 0xc, 0x40, 0x3f, 0xf8, 0x22, 0x60,
    0x1f, 0x11, 0x0, 0x3f, 0xf9, 0x88, 0x1, 0xf9,
    0x0, 0x3f, 0xf8, 0x4a, 0x1, 0xff, 0xc1, 0x70,
    0xf, 0xfe, 0x15, 0x80, 0x7c, 0xa0, 0x1f, 0xfc,
    0xdd, 0x0, 0xf9, 0x40, 0x3f, 0xf8, 0x4a, 0x1,
    0xff, 0xc2, 0xd0, 0xf, 0xfe, 0x12, 0x0, 0x7d,
    0x80, 0x1f, 0xfc, 0xd4, 0x0, 0xfb, 0x0, 0x3f,
    0xf8, 0x5e, 0x1, 0xff, 0xc2, 0x41, 0x0, 0xff,
    0xe0, 0x98, 0x80, 0x79, 0x0, 0x3f, 0xf9, 0xa4,
    0x40, 0xf, 0x38, 0x7, 0xff, 0x9, 0x0, 0x3f,
    0xf8, 0x68, 0x1, 0xff, 0xc2, 0x70, 0xe, 0x50,
    0xf, 0xfe, 0xb, 0x0, 0x7f, 0xf0, 0x54, 0x3,
    0x8c, 0x40, 0x3f, 0xf8, 0x28, 0x20, 0x1f, 0xfc,
    0x3e, 0x0, 0xff, 0xe1, 0x68, 0x7, 0x60, 0x7,
    0xff, 0x6, 0x0, 0x3f, 0xf8, 0x38, 0x1, 0xd6,
    0x1, 0xff, 0xc2, 0xd0, 0xf, 0xfe, 0x22, 0x0,
    0x7f, 0xf0, 0x90, 0x3, 0x9c, 0x3, 0xff, 0x80,
    0x82, 0xa0, 0x1f, 0xfc, 0x4, 0x0, 0xe4, 0x0,
    0xff, 0xe1, 0x38, 0x7, 0xff, 0x15, 0x40, 0x3f,
    0xf8, 0x48, 0x1, 0x18, 0x80, 0x7f, 0xf0, 0x30,
    0x30, 0x3, 0xff, 0x82, 0xa0, 0x10, 0x98, 0x7,
    0xff, 0x4, 0xc4, 0x3, 0xff, 0x8b, 0xe0, 0x1f,
    0xfc, 0x2d, 0x0, 0xac, 0x3, 0xff, 0x82, 0xa0,
    0xe0, 0x1f, 0xfc, 0x1c, 0x0, 0x9c, 0x3, 0xff,
    0x85, 0x60, 0x1f, 0xfc, 0x64, 0x0, 0xff, 0xe1,
    0x20, 0x4, 0x80, 0x1f, 0xfc, 0x2, 0x20, 0x9,
    0x80, 0x7f, 0xf0, 0x1c, 0x2, 0xd0, 0xf, 0xfe,
    0x12, 0x80, 0x7f, 0xf1, 0x85, 0x0, 0x3f, 0xf8,
    0x24, 0x40, 0x13, 0x0, 0xff, 0xe0, 0x20, 0x4,
    0x80, 0x1f, 0xfc, 0x1, 0x30, 0x2, 0x0, 0x7f,
    0xf0, 0x48, 0x80, 0x1f, 0xfc, 0x7d, 0x0, 0xff,
    0xe1, 0x28, 0x38, 0x7, 0xff, 0x7, 0x40, 0x2b,
    0x0, 0xff, 0xe0, 0xa0, 0x20, 0x7, 0xff, 0xa,
    0x80, 0x3f, 0xf9, 0xe, 0x1, 0xff, 0xc2, 0xb0,
    0xc0, 0xf, 0xfe, 0xa, 0x0, 0x46, 0x20, 0x1f,
    0xfc, 0xb, 0xd, 0x0, 0xff, 0xe1, 0x28, 0x7,
    0xff, 0x20, 0x4c, 0x3, 0xff, 0x82, 0x62, 0xa0,
    0x1f, 0xfc, 0x4, 0x0, 0xe4, 0x0, 0xff, 0xe0,
    0x18, 0xb8, 0x7, 0xff, 0x4, 0x88, 0x1, 0xff,
    0xc9, 0xb0, 0xf, 0xfe, 0x14, 0x0, 0x7f, 0xf0,
    0x74, 0x3, 0xbc, 0x3, 0xff, 0x83, 0x22, 0x1,
    0xff, 0xc1, 0x50, 0xf, 0xfe, 0x52, 0x80, 0x7f,
    0xf0, 0x98, 0x3, 0xff, 0x82, 0x80, 0x1c, 0xa0,
    0x1f, 0xfc, 0x17, 0x0, 0xff, 0xe1, 0x58, 0x7,
    0xff, 0x28, 0x88, 0x1, 0xff, 0xce, 0x22, 0x0,
    0x79, 0x0, 0x3f, 0xf9, 0xc2, 0x60, 0x1f, 0xfc,
    0xb5, 0x0, 0xff, 0xe7, 0x28, 0x7, 0xd8, 0x1,
    0xff, 0xce, 0x70, 0xf, 0xfe, 0x65, 0x80, 0x7f,
    0xf3, 0xb0, 0x3, 0xe5, 0x0, 0xff, 0xe7, 0x68,
    0x7, 0xff, 0x30, 0xc8, 0x3, 0xff, 0x9a, 0x80,
    0x1f, 0x11, 0x0, 0x3f, 0xf9, 0x82, 0x80, 0x1f,
    0xfc, 0xd5, 0x0, 0xff, 0xe6, 0x28, 0x7, 0xf2,
    0x0, 0x7f, 0xf3, 0x10, 0x3, 0xff, 0x9d, 0x60,
    0x1f, 0xfc, 0xcc, 0x0, 0xfe, 0xd0, 0xf, 0xfe,
    0x67, 0x80, 0x7f, 0xf3, 0x8c, 0x40, 0x3f, 0xf9,
    0x6e, 0x1, 0xfc, 0x80, 0x1f, 0xfc, 0xc5, 0x0,
    0xff, 0xe7, 0xb8, 0x7, 0xff, 0x28, 0xc4, 0x3,
    0xfc, 0x80, 0x1f, 0xfc, 0xa5, 0x0, 0xff, 0xe8,
    0x68, 0x7, 0xff, 0x29, 0x0, 0x3f, 0xed, 0x0,
    0xff, 0xe5, 0x78, 0x7, 0xff, 0x41, 0x0, 0x3f,
    0xf9, 0x56, 0x1, 0xff, 0x38, 0x7, 0xff, 0x29,
    0x0, 0x3f, 0xfa, 0x2a, 0x1, 0xff, 0xc8, 0x13,
    0x0, 0xff, 0x84, 0x80, 0x3f, 0xf9, 0x8, 0x20,
    0x1f, 0xfd, 0x1f, 0x0, 0xff, 0xe4, 0x20, 0x7,
    0xff, 0x5, 0x40, 0x3f, 0xf9, 0x1a, 0x1, 0xff,
    0xd2, 0x50, 0xf, 0xfe, 0x47, 0x80, 0x7f, 0xf0,
    0x6c, 0x3, 0xff, 0x90, 0xe0, 0x1f, 0xfd, 0x34,
    0x0, 0xff, 0xe3, 0xa0, 0x7, 0xff, 0x4, 0xc4,
    0x3, 0xff, 0x8c, 0x62, 0x1, 0xff, 0xd3, 0xd0,
    0xf, 0xfe, 0x31, 0x88, 0x7, 0xff, 0x9, 0x0,
    0x3f, 0xf8, 0xd6, 0x1, 0xff, 0xd4, 0x70, 0xf,
    0xfe, 0x35, 0x80, 0x7f, 0xf0, 0xfc, 0x3, 0xff,
    0x8c, 0xa0, 0x1f, 0xfd, 0x41, 0x30, 0xf, 0xfe,
    0x2a, 0x80, 0x7f, 0xf0, 0xd0, 0x3, 0xff, 0x8a,
    0x44, 0x0, 0xff, 0xea, 0xd8, 0x7, 0xff, 0x10,
    0x48, 0x3, 0xff, 0x86, 0x26, 0x1, 0xff, 0xc4,
    0xa0, 0xf, 0xfe, 0xb3, 0x0, 0x7f, 0xf1, 0x1c,
    0x3, 0xff, 0x8b, 0x60, 0x1f, 0xfc, 0x45, 0x0,
    0xff, 0xeb, 0x9, 0x80, 0x7f, 0xf0, 0xf4, 0x3,
    0xff, 0x8a, 0xa0, 0x1f, 0xfc, 0x32, 0x20, 0x7,
    0xff, 0x5e, 0xc0, 0x3f, 0xf8, 0x68, 0x1, 0xff,
    0xc5, 0x21, 0x0, 0xff, 0xe1, 0x28, 0x7, 0xff,
    0x61, 0x40, 0x3f, 0xf8, 0x48, 0x1, 0xff, 0xc7,
    0x70, 0xf, 0xfe, 0x15, 0x80, 0x7f, 0xf6, 0x8,
    0x80, 0x1f, 0xfc, 0x1d, 0x0, 0xff, 0xe3, 0xe8,
    0x7, 0xff, 0x4, 0x4c, 0x3, 0xff, 0xb2, 0xa0,
    0x1f, 0xfc, 0x14, 0x0, 0xff, 0xe3, 0xa0, 0x7,
    0xff, 0x5, 0xc0, 0x3f, 0xfb, 0x56, 0x1, 0xff,
    0xc0, 0x22, 0x0, 0x7f, 0xf2, 0x10, 0x3, 0xff,
    0x81, 0xa0, 0x1f, 0xfc, 0x70,

    /* U+0058 "X" */
    0x0, 0x1a, 0x27, 0xff, 0x14, 0xc0, 0x3f, 0xf9,
    0x42, 0x89, 0xff, 0xc5, 0x20, 0x9, 0x2e, 0xff,
    0xf8, 0xb8, 0x80, 0x1f, 0xfc, 0x9c, 0xbb, 0xff,
    0xe2, 0x80, 0x67, 0x40, 0xf, 0xfe, 0x2c, 0x80,
    0x7f, 0xf2, 0x1c, 0x80, 0x3f, 0xf8, 0x92, 0x40,
    0x1a, 0x80, 0x3f, 0xf8, 0xa5, 0x0, 0x1f, 0xfc,
    0x61, 0x80, 0xf, 0xfe, 0x22, 0x30, 0x7, 0xc,
    0x80, 0x7f, 0xf1, 0x5c, 0x80, 0x3f, 0xf8, 0xb4,
    0x1, 0xff, 0xc5, 0xa0, 0xf, 0x99, 0x0, 0x3f,
    0xf8, 0xbc, 0x1, 0xff, 0xc4, 0x54, 0x0, 0xff,
    0xe2, 0x48, 0x80, 0x7e, 0xa1, 0x0, 0xff, 0xe2,
    0x1b, 0x0, 0x7f, 0xf0, 0xec, 0x3, 0xff, 0x88,
    0x8c, 0x1, 0xfc, 0x36, 0x1, 0xff, 0xc5, 0x81,
    0x0, 0xff, 0xe0, 0xc8, 0x80, 0x7f, 0xf0, 0xc6,
    0x80, 0x3f, 0xe5, 0x50, 0x7, 0xff, 0x10, 0x6c,
    0x3, 0xff, 0x80, 0x6c, 0x1, 0xff, 0xc4, 0xb1,
    0x0, 0xff, 0xe0, 0x50, 0x80, 0x7f, 0xf1, 0x15,
    0x0, 0x3f, 0xef, 0x0, 0xff, 0xe2, 0x22, 0x80,
    0x7f, 0xf0, 0xa8, 0x3, 0xff, 0x8b, 0x40, 0x1f,
    0xe6, 0x30, 0xf, 0xfe, 0x18, 0xd0, 0x7, 0xff,
    0xd, 0x18, 0x3, 0xff, 0x88, 0x30, 0x1, 0xf8,
    0x64, 0x3, 0xff, 0x89, 0x62, 0x1, 0xff, 0xc4,
    0x92, 0x0, 0xff, 0xe2, 0x39, 0x80, 0x7d, 0x60,
    0x1f, 0xfc, 0x45, 0x50, 0x7, 0xff, 0x1b, 0x80,
    0x3f, 0xf8, 0xbe, 0x1, 0xe4, 0x50, 0xf, 0xfe,
    0x18, 0xd8, 0x7, 0xff, 0x1c, 0xdc, 0x3, 0xff,
    0x88, 0x6e, 0x1, 0xd2, 0x1, 0xff, 0xc4, 0xb1,
    0x0, 0xff, 0xe4, 0x41, 0x80, 0x7f, 0xf1, 0x20,
    0x80, 0x28, 0x20, 0xf, 0xfe, 0x1a, 0xa8, 0x3,
    0xff, 0x95, 0xc0, 0x1f, 0xfc, 0x59, 0x0, 0x13,
    0x80, 0x7f, 0xf0, 0xc6, 0xc0, 0x3f, 0xf9, 0x65,
    0x0, 0x1f, 0xfc, 0x44, 0x50, 0xe0, 0xf, 0xfe,
    0x25, 0x88, 0x7, 0xff, 0x31, 0xd0, 0x3, 0xff,
    0x89, 0x6e, 0x60, 0x1f, 0xfc, 0x35, 0x50, 0x7,
    0xff, 0x3a, 0x80, 0x3f, 0xf8, 0x83, 0x0, 0x1f,
    0xfc, 0x31, 0xb0, 0xf, 0xfe, 0x78, 0xc8, 0x7,
    0xff, 0x52, 0x84, 0x3, 0xff, 0xa0, 0xc8, 0x1,
    0xff, 0xd2, 0x54, 0x0, 0xff, 0xe9, 0x50, 0x80,
    0x7f, 0xf4, 0x6, 0xc0, 0x3f, 0xfa, 0x63, 0x60,
    0x1f, 0xfd, 0xa, 0x10, 0xf, 0xfe, 0xa2, 0xa8,
    0x3, 0xff, 0x9c, 0xc8, 0x1, 0xff, 0xd6, 0xa1,
    0x0, 0xff, 0xe6, 0xc, 0x80, 0x7f, 0xf6, 0x28,
    0x3, 0xff, 0x99, 0x40, 0x1f, 0xfd, 0x94, 0x60,
    0xf, 0xfe, 0x53, 0x20, 0x7, 0xff, 0x6a, 0x48,
    0x3, 0xff, 0x90, 0x52, 0x1, 0xff, 0xdc, 0xe0,
    0xf, 0xfe, 0x44, 0x80, 0x7f, 0xf7, 0x4d, 0xc0,
    0x3f, 0xf8, 0xca, 0x80, 0x1f, 0xfd, 0xe1, 0x0,
    0xff, 0xe3, 0x20, 0x80, 0x7f, 0xf7, 0x51, 0x80,
    0x3f, 0xf8, 0xc3, 0x60, 0x1f, 0xfd, 0xda, 0x0,
    0xff, 0xe4, 0x2a, 0x0, 0x7f, 0xf6, 0xe8, 0x40,
    0x3f, 0xf9, 0x34, 0x20, 0x1f, 0xfd, 0x94, 0x50,
    0xf, 0xfe, 0x50, 0xc0, 0x7, 0xff, 0x60, 0x68,
    0x3, 0xff, 0x98, 0xc8, 0x1, 0xff, 0xd7, 0xb1,
    0x0, 0xff, 0xe6, 0xd0, 0x7, 0xff, 0x59, 0x54,
    0x1, 0xff, 0xce, 0x19, 0x0, 0xff, 0xea, 0xd,
    0x80, 0x7f, 0xf4, 0x19, 0x0, 0x3f, 0xfa, 0x74,
    0x20, 0x1f, 0xfd, 0x19, 0x0, 0xff, 0xe9, 0x32,
    0x0, 0x7f, 0xf4, 0x8a, 0x40, 0x3f, 0xfa, 0x5,
    0x20, 0x1f, 0xfc, 0x32, 0x0, 0xff, 0xe2, 0x31,
    0x80, 0x7f, 0xf3, 0xe4, 0x3, 0xff, 0x89, 0xea,
    0x1, 0xff, 0xc4, 0xe0, 0xf, 0xfe, 0x73, 0xa0,
    0x7, 0xff, 0xd, 0xca, 0xc0, 0x3f, 0xf8, 0x85,
    0x0, 0x1f, 0xfc, 0xc2, 0x80, 0xf, 0xfe, 0x19,
    0x40, 0xc, 0x80, 0x7f, 0xf1, 0x1c, 0xc0, 0x3f,
    0xf9, 0x7c, 0x1, 0xff, 0xc4, 0x90, 0x9, 0x8c,
    0x3, 0xff, 0x89, 0xc0, 0x1f, 0xfc, 0xa7, 0x30,
    0xf, 0xfe, 0x1a, 0xa0, 0x6, 0xf0, 0xf, 0xfe,
    0x21, 0x40, 0x7, 0xff, 0x20, 0xa0, 0x3, 0xff,
    0x86, 0x36, 0x1, 0xc6, 0xc0, 0x1f, 0xfc, 0x47,
    0x30, 0xf, 0xfe, 0x3f, 0x80, 0x7f, 0xf1, 0x20,
    0x40, 0x3d, 0x2, 0x1, 0xff, 0xc4, 0xe0, 0xf,
    0xfe, 0x34, 0x10, 0x7, 0xff, 0xc, 0xd8, 0x3,
    0xe1, 0xb0, 0xf, 0xfe, 0x21, 0x40, 0x7, 0xff,
    0x10, 0xdc, 0x3, 0xff, 0x89, 0xc0, 0x1f, 0xca,
    0x60, 0x1f, 0xfc, 0x47, 0x30, 0xf, 0xfe, 0x1f,
    0x0, 0x7f, 0xf1, 0x1c, 0x80, 0x3f, 0xdc, 0x1,
    0xff, 0xc5, 0xf0, 0xf, 0xfe, 0x14, 0x90, 0x7,
    0xff, 0xc, 0xa0, 0x3, 0xfe, 0x27, 0x0, 0xff,
    0xe2, 0x1b, 0x80, 0x7f, 0xf0, 0x11, 0x80, 0x3f,
    0xf8, 0x92, 0x1, 0xff, 0xc1, 0x81, 0x0, 0xff,
    0xe2, 0x41, 0x0, 0x7f, 0xd2, 0x1, 0xff, 0xc4,
    0x54, 0x0, 0xff, 0xe1, 0x58, 0x7, 0xff, 0x17,
    0x80, 0x3f, 0xd2, 0x40, 0x1f, 0xfc, 0x31, 0xb0,
    0xf, 0xfe, 0x1a, 0xa0, 0x7, 0xff, 0x10, 0xdc,
    0x3, 0xf2, 0x30, 0x7, 0xff, 0x12, 0xc4, 0x3,
    0xff, 0x89, 0x20, 0x1f, 0xfc, 0x58, 0x20, 0xf,
    0xd, 0x0, 0x7f, 0xf1, 0x11, 0x40, 0x3f, 0xf8,
    0xa5, 0x0, 0x1f, 0xfc, 0x5e, 0x0, 0xf5, 0x88,
    0x7, 0xff, 0x12, 0x40, 0x3f, 0xf8, 0xee, 0x40,
    0x1f, 0xfc, 0x43, 0x70, 0xc, 0xaa, 0x0, 0xff,
    0xe2, 0x41, 0x0, 0x7f, 0xf2, 0x24, 0x3, 0xff,
    0x8b, 0x4, 0x0, 0x1b, 0x0, 0xff, 0xe2, 0x13,
    0x80, 0x7f, 0xf2, 0x51, 0x40, 0x3f, 0xf8, 0xbc,
    0x0, 0xa1, 0x0, 0xff, 0xe2, 0x70, 0x7, 0xff,
    0x2e, 0xc0, 0x3f, 0xf8, 0xa6, 0xc0,

    /* U+0059 "Y" */
    0x7, 0x88, 0xff, 0xe2, 0x38, 0x7, 0xff, 0x2d,
    0x22, 0x3f, 0xf8, 0x8e, 0x21, 0xce, 0xff, 0xfc,
    0x48, 0x60, 0xf, 0xfe, 0x55, 0x3b, 0xff, 0xf1,
    0x34, 0x42, 0x4, 0x3, 0xff, 0x89, 0x0, 0x1f,
    0xfc, 0x98, 0x10, 0xf, 0xfe, 0x25, 0x80, 0x6,
    0x0, 0x3f, 0xf8, 0x83, 0x0, 0x1f, 0xfc, 0x71,
    0x70, 0xf, 0xfe, 0x24, 0x8, 0x4, 0xc4, 0x1,
    0xff, 0xc4, 0x71, 0x0, 0xff, 0xe3, 0x58, 0x7,
    0xff, 0x10, 0x9c, 0x3, 0xb8, 0x3, 0xff, 0x8b,
    0x0, 0x1f, 0xfc, 0x53, 0x50, 0xf, 0xfe, 0x24,
    0x80, 0x78, 0xd4, 0x3, 0xff, 0x88, 0xc6, 0x1,
    0xff, 0xc4, 0xf0, 0xf, 0xfe, 0x22, 0x20, 0x3,
    0xeb, 0x0, 0xff, 0xe2, 0xc0, 0x7, 0xff, 0xd,
    0x4c, 0x3, 0xff, 0x89, 0x20, 0x1f, 0x86, 0x0,
    0x3f, 0xf8, 0x88, 0x80, 0xf, 0xfe, 0x14, 0x0,
    0x7f, 0xf1, 0x20, 0x80, 0x3f, 0x9c, 0x80, 0x3f,
    0xf8, 0x92, 0x1, 0xff, 0xc1, 0x72, 0x0, 0xff,
    0xe1, 0x93, 0x80, 0x7f, 0xd2, 0x1, 0xff, 0xc4,
    0x26, 0x0, 0xff, 0x86, 0x40, 0x3f, 0xf8, 0x92,
    0x1, 0xff, 0xc0, 0x45, 0x0, 0xff, 0xe2, 0x40,
    0x7, 0xfd, 0x22, 0x1, 0xff, 0xc3, 0x44, 0x0,
    0x7f, 0xf0, 0x6c, 0x3, 0xff, 0x88, 0x30, 0x1,
    0xfc, 0x4e, 0x1, 0xff, 0xc4, 0x90, 0xf, 0xfe,
    0x10, 0xc0, 0x7, 0xff, 0x11, 0xc8, 0x3, 0xf4,
    0x0, 0x7f, 0xf1, 0x20, 0x80, 0x3f, 0xf8, 0x6e,
    0x40, 0x1f, 0xfc, 0x48, 0x0, 0xf8, 0xd4, 0x3,
    0xff, 0x86, 0x4e, 0x1, 0xff, 0xc5, 0x90, 0xf,
    0xfe, 0x22, 0x98, 0x7, 0xbc, 0x3, 0xff, 0x89,
    0x20, 0x1f, 0xfc, 0x64, 0x40, 0x7, 0xff, 0x13,
    0xc0, 0x39, 0x4c, 0x3, 0xff, 0x86, 0x88, 0x0,
    0xff, 0xe3, 0xc8, 0x7, 0xff, 0x10, 0xd4, 0x3,
    0x58, 0x7, 0xff, 0x12, 0x40, 0x3f, 0xf9, 0x4,
    0xe0, 0x1f, 0xfc, 0x48, 0x0, 0x9c, 0x40, 0x3f,
    0xf8, 0x6e, 0x40, 0x1f, 0xfc, 0x98, 0x10, 0xf,
    0xfe, 0x19, 0x38, 0xc, 0x0, 0x7f, 0xf0, 0xca,
    0x0, 0x3f, 0xf9, 0x76, 0x1, 0xff, 0xc4, 0x81,
    0x80, 0xf, 0xfe, 0x24, 0x80, 0x7f, 0xf3, 0x15,
    0x0, 0x3f, 0xf8, 0x94, 0xc0, 0x1f, 0xfc, 0x34,
    0x40, 0x7, 0xff, 0x36, 0x40, 0x3f, 0xf8, 0x88,
    0x1, 0xff, 0xc4, 0x90, 0xf, 0xfe, 0x71, 0x38,
    0x7, 0xff, 0x4d, 0xc8, 0x3, 0xff, 0x9f, 0x2,
    0x1, 0xff, 0xd1, 0x18, 0x0, 0xff, 0xe8, 0xd8,
    0x7, 0xff, 0x46, 0xc0, 0x3f, 0xfa, 0x4a, 0x60,
    0x1f, 0xfc, 0xf4, 0x50, 0xf, 0xfe, 0x9f, 0x0,
    0x7f, 0xf3, 0xe4, 0x3, 0xff, 0xa8, 0x4c, 0x1,
    0xff, 0xcd, 0x72, 0x0, 0xff, 0xea, 0xc8, 0x80,
    0x7f, 0xf2, 0xc6, 0x0, 0x3f, 0xfa, 0xf0, 0x1,
    0xff, 0xcb, 0xb0, 0xf, 0xfe, 0xc3, 0x18, 0x7,
    0xff, 0x25, 0x14, 0x3, 0xff, 0xb3, 0xe0, 0x1f,
    0xfc, 0x99, 0x0, 0xff, 0xed, 0x1b, 0x0, 0x7f,
    0xf1, 0xdc, 0x80, 0x3f, 0xfb, 0x70, 0x20, 0x1f,
    0xfc, 0x51, 0x80, 0xf, 0xfe, 0xe0, 0xc0, 0x7,
    0xff, 0x16, 0xc0, 0x3f, 0xfb, 0xcc, 0x60, 0x1f,
    0xfc, 0x34, 0x50, 0xf, 0xfe, 0xfc, 0x0, 0x7f,
    0xf0, 0xcc, 0x3, 0xff, 0xc0, 0xe0, 0x1f, 0xff,
    0xf0, 0xf, 0xff, 0xf8, 0x7, 0xff, 0xfc, 0x3,
    0xff, 0xfe, 0x1, 0xff, 0xff, 0x0, 0xff, 0xff,
    0x80, 0x7f, 0xff, 0xc0, 0x3f, 0xff, 0xe0, 0x1f,
    0xff, 0xf0, 0xf, 0xff, 0xf8, 0x7, 0xff, 0xfc,
    0x3, 0xff, 0xfe, 0x1, 0xff, 0xff, 0x0, 0xff,
    0xff, 0x80, 0x7f, 0xff, 0xc0, 0x3f, 0xff, 0xe0,
    0x1f, 0xff, 0xf0, 0xf, 0xff, 0xf8, 0x7, 0xff,
    0xfc, 0x3, 0xff, 0xfe, 0x0,

    /* U+005A "Z" */
    0x0, 0x11, 0x7f, 0xf8, 0xc4, 0x1, 0xbb, 0xff,
    0xe3, 0x80, 0xf, 0xff, 0xf8, 0x7, 0xff, 0xfc,
    0x3, 0xff, 0xfe, 0x1, 0xff, 0xff, 0x0, 0xff,
    0xff, 0x80, 0x7f, 0xff, 0xc0, 0x3f, 0xfc, 0xa2,
    0x1, 0xff, 0xe4, 0x19, 0x0, 0xff, 0xf2, 0x68,
    0x80, 0x3f, 0xff, 0xf9, 0xcc, 0x1, 0xff, 0xc6,
    0x83, 0x0, 0xff, 0xe8, 0x2b, 0x0, 0x7f, 0xf1,
    0x51, 0xc0, 0x3f, 0xfa, 0x5, 0x60, 0x1f, 0xfc,
    0x51, 0xa0, 0xf, 0xfe, 0x8f, 0x8, 0x7, 0xff,
    0x16, 0x84, 0x3, 0xff, 0xa1, 0x6, 0x1, 0xff,
    0xc5, 0x74, 0x0, 0xff, 0xe8, 0x23, 0x80, 0x7f,
    0xf1, 0x52, 0x0, 0x3f, 0xfa, 0x3, 0x40, 0x1f,
    0xfc, 0x51, 0xa0, 0xf, 0xfe, 0x8e, 0x88, 0x7,
    0xff, 0x16, 0x84, 0x3, 0xff, 0xa1, 0x6, 0x1,
    0xff, 0xc5, 0x74, 0x0, 0xff, 0xe8, 0x23, 0x80,
    0x7f, 0xf1, 0x4e, 0x0, 0x3f, 0xfa, 0x3, 0x40,
    0x1f, 0xfc, 0x51, 0xd0, 0xf, 0xfe, 0x8d, 0x8,
    0x7, 0xff, 0x16, 0x84, 0x3, 0xff, 0xa0, 0xe8,
    0x1, 0xff, 0xc5, 0x74, 0x0, 0xff, 0xe8, 0x24,
    0x0, 0x7f, 0xf1, 0x4e, 0x0, 0x3f, 0xfa, 0x3,
    0x40, 0x1f, 0xfc, 0x51, 0xd0, 0xf, 0xfe, 0x8d,
    0x8, 0x7, 0xff, 0x16, 0x84, 0x3, 0xff, 0xa0,
    0xe8, 0x1, 0xff, 0xc5, 0x74, 0x0, 0xff, 0xe8,
    0x1c, 0x0, 0x7f, 0xf1, 0x4e, 0x0, 0x3f, 0xfa,
    0x3, 0xa0, 0x1f, 0xfc, 0x51, 0xe0, 0xf, 0xfe,
    0x8d, 0x8, 0x7, 0xff, 0x16, 0xc8, 0x3, 0xff,
    0xa0, 0xe8, 0x1, 0xff, 0xc5, 0x65, 0x0, 0xff,
    0xe8, 0x1c, 0x0, 0x7f, 0xf1, 0x4e, 0x40, 0x3f,
    0xfa, 0x3c, 0x1, 0xff, 0xc6, 0xe0, 0xf, 0xfe,
    0x8d, 0x10, 0x7, 0xff, 0x16, 0x88, 0x3, 0xff,
    0xa0, 0xca, 0x1, 0xff, 0xc5, 0x65, 0x0, 0xff,
    0xe8, 0x1c, 0x80, 0x7f, 0xf1, 0x4e, 0x40, 0x3f,
    0xfa, 0x3c, 0x1, 0xff, 0xc6, 0xe0, 0xf, 0xfe,
    0x8d, 0x10, 0x7, 0xff, 0x16, 0x88, 0x3, 0xff,
    0xa0, 0xca, 0x1, 0xff, 0xc5, 0x65, 0x0, 0xff,
    0xe8, 0x14, 0x80, 0x7f, 0xf1, 0x4a, 0x40, 0x3f,
    0xfa, 0x3e, 0x1, 0xff, 0xc6, 0xf0, 0xf, 0xfe,
    0x8c, 0x90, 0x7, 0xff, 0x16, 0x88, 0x3, 0xff,
    0xa0, 0xac, 0x1, 0xff, 0xc5, 0x65, 0x0, 0xff,
    0xe8, 0x15, 0x0, 0x7f, 0xf1, 0x4a, 0x40, 0x3f,
    0xfa, 0x3e, 0x1, 0xff, 0xc6, 0xf0, 0xf, 0xfe,
    0x8c, 0x90, 0x7, 0xff, 0x15, 0xc0, 0x8b, 0xff,
    0x9c, 0x0, 0x56, 0x0, 0xff, 0xe3, 0x3e, 0xef,
    0xff, 0x3b, 0xc0, 0xa8, 0x3, 0xff, 0xc9, 0x40,
    0x1f, 0xff, 0xf0, 0xf, 0xff, 0xf8, 0x7, 0xff,
    0xfc, 0x3, 0xff, 0xfe, 0x1, 0xff, 0xff, 0x0,
    0xff, 0xff, 0x80, 0x7f, 0xff, 0xc0, 0x3f, 0xf9,
    0x80,

    /* U+005B "[" */
    0xaf, 0xff, 0xfe, 0x52, 0x0, 0x7f, 0xff, 0xc0,
    0x3f, 0xff, 0xe0, 0x1f, 0xff, 0xf0, 0xc, 0x23,
    0xfe, 0x70, 0xf, 0xfe, 0x3, 0x77, 0x7f, 0x8c,
    0x3, 0xff, 0xfe, 0x1, 0xff, 0xff, 0x0, 0xff,
    0xff, 0x80, 0x7f, 0xff, 0xc0, 0x3f, 0xff, 0xe0,
    0x1f, 0xff, 0xf0, 0xf, 0xff, 0xf8, 0x7, 0xff,
    0xfc, 0x3, 0xff, 0xfe, 0x1, 0xff, 0xff, 0x0,
    0xff, 0xff, 0x80, 0x7f, 0xff, 0xc0, 0x3f, 0xff,
    0xe0, 0x1f, 0xff, 0xf0, 0xf, 0xff, 0xf8, 0x7,
    0xff, 0xcd, 0xbf, 0xff, 0xc6, 0x1, 0xff, 0xcb,
    0x70, 0xf, 0xff, 0xf8, 0x7, 0xff, 0xfc, 0x3,
    0xff, 0xec,

    /* U+005C "\\" */
    0x78, 0x8f, 0xfe, 0x0, 0x7, 0xff, 0x27, 0x1d,
    0xff, 0xf8, 0x8, 0x1, 0xff, 0xc8, 0xc0, 0xf,
    0xfe, 0x6, 0x80, 0x7f, 0xf2, 0x14, 0x3, 0xff,
    0x80, 0x80, 0x1f, 0xfc, 0x82, 0x10, 0xf, 0xf8,
    0x88, 0x1, 0xff, 0xc8, 0x70, 0xf, 0xfe, 0x2,
    0x0, 0x7f, 0xf2, 0x30, 0x3, 0xff, 0x81, 0xa0,
    0x1f, 0xfc, 0x84, 0x0, 0xff, 0xe0, 0x20, 0x7,
    0xff, 0x20, 0x4c, 0x3, 0xff, 0x80, 0x60, 0x1f,
    0xfc, 0x84, 0x0, 0xff, 0xe0, 0x58, 0x7, 0xff,
    0x22, 0xc0, 0x3f, 0xf8, 0x8, 0x1, 0xff, 0xc8,
    0x30, 0xf, 0xfe, 0x1, 0x88, 0x7, 0xff, 0x21,
    0x40, 0x3f, 0xf8, 0x8, 0x1, 0xff, 0xc8, 0xc0,
    0xf, 0xfe, 0x7, 0x80, 0x7f, 0xf2, 0x10, 0x3,
    0xff, 0x80, 0x80, 0x1f, 0xfc, 0x82, 0x20, 0x7,
    0xfc, 0x24, 0x1, 0xff, 0xc8, 0x40, 0xf, 0xfe,
    0x2, 0x80, 0x7f, 0xf2, 0x34, 0x3, 0xff, 0x81,
    0x80, 0x1f, 0xfc, 0x84, 0x0, 0xff, 0xe0, 0x20,
    0x7, 0xff, 0x25, 0x0, 0x3f, 0xf8, 0x8, 0x1,
    0xff, 0xc8, 0xc0, 0xf, 0xfe, 0x6, 0x80, 0x7f,
    0xf2, 0x10, 0x3, 0xff, 0x80, 0x80, 0x1f, 0xfc,
    0x83, 0x10, 0xf, 0xf8, 0x84, 0x3, 0xff, 0x90,
    0x80, 0x1f, 0xfc, 0x7, 0x0, 0xff, 0xe4, 0x78,
    0x7, 0xff, 0x3, 0x0, 0x3f, 0xf9, 0x8, 0x1,
    0xff, 0xc0, 0x40, 0xf, 0xfe, 0x40, 0x98, 0x7,
    0xfc, 0x26, 0x1, 0xff, 0xc8, 0x40, 0xf, 0xfe,
    0x5, 0x80, 0x7f, 0xf2, 0x30, 0x3, 0xff, 0x80,
    0x80, 0x1f, 0xfc, 0x84, 0x0, 0xff, 0xe0, 0x18,
    0x80, 0x7f, 0xf2, 0x10, 0x3, 0xff, 0x80, 0x80,
    0x1f, 0xfc, 0x8d, 0x0, 0xff, 0xe0, 0x60, 0x7,
    0xff, 0x21, 0x0, 0x3f, 0xf8, 0xe, 0x1, 0xff,
    0xc8, 0x22, 0x0, 0x7f, 0xc2, 0x40, 0x1f, 0xfc,
    0x84, 0x0, 0xff, 0xe0, 0x28, 0x7, 0xff, 0x23,
    0x0, 0x3f, 0xf8, 0x18, 0x1, 0xff, 0xc8, 0x50,
    0xf, 0xfe, 0x2, 0x0, 0x7f, 0xf2, 0x4c, 0x3,
    0xff, 0x80, 0x80, 0x1f, 0xfc, 0x8b, 0x0, 0xff,
    0xe0, 0x60, 0x7, 0xff, 0x21, 0x0, 0x3f, 0xf8,
    0xa, 0x1, 0xff, 0xc8, 0x31, 0x0, 0xff, 0x88,
    0x40, 0x3f, 0xf9, 0x8, 0x1, 0xff, 0xc0, 0x70,
    0xf, 0xfe, 0x46, 0x0, 0x7f, 0xf0, 0x30, 0x3,
    0xff, 0x90, 0xe0, 0x1f, 0xfc, 0x4, 0x0, 0xff,
    0xe4, 0x9, 0x0, 0x7f, 0xc2, 0x60, 0x1f, 0xfc,
    0x85, 0x0, 0xff, 0xe0, 0x20, 0x7, 0xff, 0x23,
    0x0, 0x3f, 0xf8, 0x16, 0x1, 0xff, 0xc8, 0x40,
    0xf, 0xfe, 0x1, 0x80, 0x7f, 0xf2, 0x50, 0x3,
    0xff, 0x80, 0x80, 0x1f, 0xfc, 0x8c, 0x0, 0xff,
    0xe0, 0x68, 0x7, 0xff, 0x21, 0x40, 0x3f, 0xf8,
    0x8, 0x1, 0xff, 0xc8, 0x21, 0x0, 0xff, 0x88,
    0x80, 0x1f, 0xfc, 0x87, 0x0, 0xff, 0xe0, 0x20,
    0x7, 0xff, 0x23, 0x0, 0x3f, 0xf8, 0x1a, 0x1,
    0xff, 0xc8, 0x40, 0xf, 0xfe, 0x2, 0x0, 0x7f,
    0xf2, 0x4, 0xc0, 0x3f, 0xf8, 0x6, 0x1, 0xff,
    0xc8, 0x40, 0xf, 0xfe, 0x5, 0x80, 0x7f, 0xf2,
    0x2c, 0x3, 0xff, 0x80, 0x80, 0x1f, 0xfc, 0x83,
    0x10, 0xf, 0xf8, 0xc4, 0x3, 0xff, 0x90, 0x80,
    0x1f, 0xfc, 0x4, 0x0, 0xff, 0xe4, 0x60, 0x7,
    0xff, 0x3, 0xc0, 0x3f, 0xf9, 0xe, 0x1, 0xff,
    0xc0, 0x40, 0xf, 0xfe, 0x40, 0x90, 0x7, 0xfc,
    0x24, 0x1, 0xff, 0xc8, 0x40, 0xf, 0xfe, 0x2,
    0x80, 0x7f, 0xf2, 0x34, 0x3, 0xff, 0x81, 0x80,
    0x1f, 0xfc, 0x84, 0x0, 0xff, 0xe0, 0x20, 0x7,
    0xff, 0x25, 0x0, 0x3f, 0xf8, 0x8, 0x1, 0xff,
    0xc8, 0xc0, 0xf, 0xfe, 0x6, 0x80, 0x7f, 0xf2,
    0x14, 0x3, 0xff, 0x80, 0x80, 0x1f, 0xfc, 0x82,
    0x10, 0xf, 0xf8, 0x84, 0x3, 0xff, 0x90, 0x80,
    0x1f, 0xfc, 0x7, 0x0, 0xff, 0xe4, 0x78, 0x7,
    0xff, 0x3, 0x0, 0x3f, 0xf9, 0x8, 0x1, 0xff,
    0xc0, 0x50,

    /* U+005D "]" */
    0x4f, 0xff, 0xfe, 0x54, 0x80, 0x7f, 0xff, 0xc0,
    0x3f, 0xff, 0xe0, 0x1f, 0xff, 0x67, 0x11, 0xff,
    0x0, 0x7f, 0xf0, 0x4f, 0xbb, 0xfc, 0xe0, 0x1f,
    0xff, 0xf0, 0xf, 0xff, 0xf8, 0x7, 0xff, 0xfc,
    0x3, 0xff, 0xfe, 0x1, 0xff, 0xff, 0x0, 0xff,
    0xff, 0x80, 0x7f, 0xff, 0xc0, 0x3f, 0xff, 0xe0,
    0x1f, 0xff, 0xf0, 0xf, 0xff, 0xf8, 0x7, 0xff,
    0xfc, 0x3, 0xff, 0xfe, 0x1, 0xff, 0xff, 0x0,
    0xff, 0xff, 0x80, 0x7f, 0xff, 0xc0, 0x3f, 0xfe,
    0x69, 0xff, 0xfe, 0x70, 0xf, 0xff, 0xf8, 0x7,
    0xff, 0xfc, 0x3, 0xff, 0xfe, 0x1, 0xff, 0xcf,

    /* U+005E "^" */
    0x0, 0xff, 0xe1, 0x34, 0x47, 0xe4, 0x0, 0xff,
    0xe7, 0xa4, 0xbb, 0xfe, 0xa1, 0x0, 0xff, 0xe7,
    0x48, 0x7, 0xf0, 0xc0, 0x7, 0xff, 0x35, 0x88,
    0x3, 0xfc, 0xc4, 0x1, 0xff, 0xcc, 0x80, 0xf,
    0xfe, 0x4, 0x80, 0x7f, 0xf2, 0xe0, 0x40, 0x3f,
    0xf8, 0x8, 0x80, 0xf, 0xfe, 0x49, 0x38, 0x7,
    0xff, 0xa, 0x0, 0x3f, 0xf9, 0x30, 0x1, 0xff,
    0xc3, 0x36, 0x0, 0xff, 0xe3, 0x9a, 0x80, 0x7f,
    0xf1, 0x20, 0x3, 0xff, 0x8f, 0xe0, 0x1f, 0xfc,
    0x51, 0x80, 0xf, 0xfe, 0x2a, 0x98, 0x7, 0xff,
    0x19, 0xc4, 0x3, 0xff, 0x89, 0x60, 0x1f, 0xfc,
    0x8b, 0x0, 0xff, 0xe1, 0xb8, 0x80, 0x7f, 0x39,
    0x80, 0x7f, 0x29, 0x80, 0x7f, 0xf0, 0x46, 0x0,
    0x3f, 0x86, 0x20, 0x1, 0xfe, 0xf0, 0xf, 0xfe,
    0xc, 0x0, 0x7f, 0xa4, 0x10, 0xc0, 0x3f, 0x8d,
    0x40, 0x3f, 0xe2, 0x60, 0xf, 0xe1, 0x70, 0x4,
    0x0, 0x7f, 0xa0, 0x3, 0xfe, 0x90, 0xf, 0xf4,
    0x0, 0x48, 0x80, 0xf, 0xe2, 0x70, 0xf, 0xe4,
    0x40, 0x7, 0xf1, 0x30, 0x6, 0x80, 0xf, 0xf4,
    0x8, 0x7, 0xe9, 0x0, 0xff, 0x58, 0x7, 0x1a,
    0x0, 0x7f, 0xa0, 0x3, 0xe6, 0x20, 0xf, 0xe2,
    0x60, 0xf, 0x40, 0x7, 0xf9, 0x88, 0x3, 0x86,
    0x0, 0x3f, 0xd0, 0x1, 0xf1, 0xa0, 0x7, 0xfa,
    0x40, 0x3a, 0x44, 0x3, 0xf8, 0xd4, 0x3, 0xf4,
    0x80, 0x7f, 0x91, 0x0, 0x11, 0x38, 0x7, 0xfa,
    0x0, 0x3f, 0x89, 0x40, 0x3f, 0xd2, 0x1, 0x48,
    0x7, 0xf8, 0xd0, 0x3, 0xfd, 0x0, 0x1f, 0xe2,
    0x60, 0x44, 0x0, 0x7f, 0xbc, 0x3, 0xfe, 0x25,
    0x0, 0xff, 0x40, 0x0,

    /* U+005F "_" */
    0x99, 0xff, 0xf0, 0xa3, 0x37, 0xff, 0x87, 0x0,
    0x3f, 0xff, 0xe0, 0x1f, 0xff, 0xf0, 0xf, 0xff,
    0xf8, 0x7, 0xff, 0xfc, 0x3, 0xff, 0xfe, 0x1,
    0xff, 0xff, 0x0, 0xff, 0x0,

    /* U+0060 "`" */
    0x0, 0xf8, 0x88, 0x1, 0xff, 0xca, 0x9c, 0x30,
    0xf, 0xfe, 0x42, 0xa0, 0xe3, 0x0, 0x7f, 0xf1,
    0xec, 0x2, 0x99, 0x0, 0x7f, 0xf1, 0x64, 0x40,
    0x33, 0x60, 0x80, 0x7f, 0xf0, 0x8d, 0x80, 0x3c,
    0x7e, 0x60, 0x1f, 0xfc, 0x1f, 0x0, 0xfc, 0x38,
    0xa0, 0x1f, 0xf3, 0x98, 0x7, 0xfa, 0xa0, 0x3,
    0xf8, 0x60, 0x3, 0xff, 0x80, 0xf6, 0x1, 0xfa,
    0xc0, 0x3f, 0xf8, 0x49, 0xa4, 0x1, 0xc8, 0xa0,
    0x1f, 0xfc, 0x32, 0xc4, 0x0, 0xd2, 0x1, 0xff,
    0xc5, 0x1b, 0x70, 0x1, 0x80, 0x7f, 0xf2, 0x22,
    0x80, 0xf6, 0xd0, 0x3, 0xff, 0x8c, 0xe0, 0x12,
    0x5e, 0xb0, 0x7, 0xff, 0x12, 0x40, 0x38, 0xa7,
    0x9c, 0x40, 0x3f, 0xf8, 0x8, 0x80, 0xf, 0x86,
    0x3a, 0x48, 0x3, 0xfd, 0x20, 0x1f, 0xf3, 0x6d,
    0xa0, 0x7, 0xcc, 0x40, 0x1f, 0xfc, 0x14, 0xbd,
    0x60, 0xc, 0x30, 0x1, 0xff, 0xc4, 0x29, 0xe8,
    0x10, 0x81, 0x0, 0xff, 0xe3, 0xb, 0xf5, 0x30,
    0x6,

    /* U+0061 "a" */
    0x0, 0xff, 0xe2, 0x9b, 0x3c, 0x4c, 0x3a, 0x90,
    0x7, 0xff, 0x5c, 0x5b, 0x3f, 0x26, 0x1d, 0x9e,
    0x2b, 0x7a, 0x8c, 0x2, 0x7f, 0xff, 0xfe, 0x14,
    0x0, 0x7f, 0xc3, 0x3d, 0x26, 0x1, 0xfe, 0x15,
    0xcc, 0x20, 0x7, 0xff, 0x10, 0x40, 0x3f, 0xd1,
    0xcc, 0x1, 0xff, 0xc4, 0x3b, 0x9f, 0x0, 0xff,
    0xe5, 0x96, 0x38, 0x7, 0xff, 0x21, 0x9c, 0x3,
    0xff, 0x94, 0x58, 0x60, 0x1f, 0xfe, 0x3, 0xc1,
    0x0, 0xff, 0xf0, 0xe, 0x88, 0x7, 0xff, 0x87,
    0x44, 0x3, 0xff, 0xc2, 0xe6, 0x1, 0xff, 0xe1,
    0x18, 0x0, 0xff, 0xf1, 0x58, 0x7, 0xff, 0x88,
    0x54, 0x3, 0xff, 0xc5, 0x20, 0x1f, 0xfe, 0x35,
    0x0, 0xff, 0xe3, 0x35, 0xf7, 0xf6, 0xc9, 0x80,
    0x7f, 0xf2, 0x8, 0x80, 0x1f, 0xfc, 0x43, 0xd9,
    0x41, 0x1, 0x26, 0xc9, 0x0, 0xff, 0xe3, 0xa8,
    0x7, 0xff, 0x11, 0x30, 0x80, 0x3f, 0x36, 0x0,
    0x7f, 0xf1, 0xb4, 0x3, 0xff, 0x86, 0x56, 0x1,
    0xff, 0x1c, 0x80, 0x7f, 0xf1, 0x5c, 0x3, 0xff,
    0x87, 0x20, 0x1f, 0xfc, 0x16, 0x30, 0xf, 0xfe,
    0x21, 0x0, 0x7f, 0xf0, 0x89, 0x0, 0x3f, 0xf8,
    0x54, 0x1, 0xff, 0xd3, 0x40, 0xf, 0xfe, 0x1b,
    0x80, 0x7f, 0xf0, 0xc4, 0x3, 0xff, 0x87, 0xc0,
    0x1f, 0xfc, 0x31, 0x0, 0xff, 0xe1, 0x98, 0x7,
    0xff, 0xc, 0x80, 0x3f, 0xf8, 0x82, 0x1, 0xff,
    0xc2, 0x30, 0xf, 0xfe, 0x19, 0x80, 0x7f, 0xf8,
    0xf8, 0x3, 0xff, 0x88, 0x20, 0x1f, 0xfc, 0x21,
    0x0, 0xff, 0xe1, 0xa0, 0x7, 0xff, 0xd, 0x0,
    0x3f, 0xf8, 0x82, 0x1, 0xff, 0xc2, 0x32, 0x0,
    0xff, 0xe1, 0x68, 0x7, 0xff, 0x11, 0x40, 0x3f,
    0xf8, 0x70, 0x1, 0xff, 0xc1, 0x16, 0x0, 0xff,
    0xe2, 0x18, 0x7, 0xff, 0xd, 0x54, 0x1, 0xff,
    0xc0, 0xd0, 0xf, 0xfe, 0x2e, 0x0, 0x7f, 0xf1,
    0x29, 0x80, 0x3f, 0x86, 0xcc, 0x3, 0xff, 0x8a,
    0x80, 0x1f, 0xfc, 0x59, 0xb3, 0x0, 0xf3, 0x7a,
    0x0, 0x7f, 0xf1, 0xd4, 0x3, 0xff, 0x8a, 0x99,
    0xd7, 0x54, 0xcf, 0x91, 0x0, 0xff, 0xe4, 0x70,
    0x7, 0xff, 0x1c, 0x51, 0x54, 0x60, 0x1f, 0xfc,
    0xb4, 0x20, 0xf, 0xff, 0x1c, 0x0, 0x7f, 0xf8,
    0xd5, 0x0, 0x3f, 0xfc, 0x72, 0x1, 0xff, 0xe3,
    0x2a, 0x0, 0xff, 0xf1, 0xab, 0x80, 0x7f, 0xf8,
    0xe1, 0xc0, 0x3f, 0xfc, 0x71, 0x0, 0xf, 0xff,
    0x1b, 0xe1, 0x0, 0x7f, 0xf2, 0x9, 0x40, 0x3f,
    0xf9, 0x87, 0xb0, 0x1, 0xff, 0xc6, 0x7d, 0xd0,
    0x7, 0xff, 0x39, 0xfa, 0x8, 0x3, 0xff, 0x82,
    0xfd, 0x0, 0x1f, 0xfd, 0x11, 0x7d, 0xd4, 0xb1,
    0x88, 0x4, 0x28, 0xf7, 0xf0, 0x20, 0x7, 0xff,
    0xff, 0xe1, 0x48,

    /* U+0062 "b" */
    0x8f, 0xff, 0xfe, 0x16, 0x0, 0x7f, 0xff, 0xc0,
    0x3f, 0xff, 0xe0, 0x1f, 0xff, 0xf0, 0xf, 0xff,
    0xf8, 0x7, 0xff, 0xfc, 0x3, 0xff, 0xfe, 0x1,
    0xff, 0xff, 0x0, 0xff, 0xff, 0x80, 0x7f, 0xff,
    0xc0, 0x3f, 0xff, 0xe0, 0x1f, 0xff, 0xf0, 0xf,
    0xff, 0xf8, 0x7, 0xff, 0xd4, 0x51, 0xa2, 0x65,
    0xe, 0xa4, 0x1, 0xff, 0xd7, 0x17, 0xde, 0xb9,
    0x76, 0x63, 0xc5, 0x6f, 0xda, 0x80, 0x7f, 0xf4,
    0x8a, 0xba, 0x8, 0x3, 0xfe, 0x4a, 0xf8, 0x10,
    0xf, 0xfe, 0x71, 0xea, 0x80, 0x7f, 0xf1, 0x5f,
    0x98, 0x3, 0xff, 0xc7, 0x36, 0x20, 0x1f, 0xfe,
    0x24, 0xf2, 0x0, 0xff, 0xf1, 0xe, 0x10, 0x7,
    0xff, 0x88, 0x70, 0x40, 0x3f, 0xfc, 0x43, 0xa0,
    0x1f, 0xfe, 0x33, 0x70, 0xf, 0xff, 0x1c, 0x10,
    0x7, 0xff, 0x8e, 0x0, 0x3f, 0xfc, 0x6a, 0x20,
    0x1f, 0xfe, 0x39, 0x0, 0xff, 0xe4, 0x94, 0x6f,
    0x7f, 0x5b, 0x0, 0x7f, 0xf1, 0x98, 0x3, 0xff,
    0x91, 0x3a, 0xe4, 0x20, 0x29, 0x3c, 0x80, 0x1f,
    0xfc, 0x41, 0x30, 0xf, 0xfe, 0x35, 0xb0, 0x7,
    0xe1, 0xb5, 0x0, 0xff, 0xe2, 0x58, 0x7, 0xff,
    0x16, 0x10, 0x3, 0xfe, 0xa3, 0x0, 0xff, 0xe1,
    0x98, 0x7, 0xff, 0x10, 0x9c, 0x3, 0xff, 0x83,
    0xe0, 0x1f, 0xfc, 0x36, 0x0, 0xff, 0xe2, 0x58,
    0x7, 0xff, 0x8, 0xcc, 0x1, 0xff, 0xc2, 0x20,
    0xf, 0xfe, 0x22, 0x0, 0x7f, 0xf0, 0xd0, 0x3,
    0xff, 0x86, 0x20, 0x1f, 0xfc, 0x32, 0x0, 0xff,
    0xe1, 0xe8, 0x7, 0xff, 0xc, 0xc0, 0x3f, 0xfa,
    0x62, 0x1, 0xff, 0xc3, 0x10, 0xf, 0xfe, 0x98,
    0x80, 0x7f, 0xf0, 0xc4, 0x3, 0xff, 0x86, 0x20,
    0x1f, 0xfc, 0x32, 0x0, 0xff, 0xe1, 0x98, 0x7,
    0xff, 0xd, 0x0, 0x3f, 0xf8, 0x78, 0x1, 0xff,
    0xd3, 0xf0, 0xf, 0xfe, 0x10, 0xa0, 0x7, 0xff,
    0xc, 0x40, 0x3f, 0xf8, 0x6a, 0x40, 0x1f, 0xfc,
    0x18, 0x0, 0xff, 0xe1, 0x98, 0x7, 0xff, 0x17,
    0xc0, 0x3f, 0xf8, 0xa, 0xc0, 0x1f, 0xfc, 0x35,
    0x0, 0xff, 0xe2, 0x96, 0x8, 0x7, 0xf2, 0xd0,
    0x7, 0xff, 0x13, 0x0, 0x3f, 0xf8, 0xc7, 0xee,
    0x20, 0x1c, 0x75, 0x40, 0xf, 0xfe, 0x2a, 0x80,
    0x7f, 0xf1, 0xc6, 0x3b, 0x2a, 0x97, 0xd8, 0xa0,
    0x1f, 0xfc, 0x54, 0x0, 0xff, 0xe5, 0x9a, 0xa9,
    0x4, 0x3, 0xff, 0x8f, 0xe0, 0x1f, 0xfe, 0x22,
    0x40, 0xf, 0xff, 0x14, 0x0, 0x7f, 0xf8, 0x91,
    0x40, 0x3f, 0xfc, 0x52, 0x1, 0xff, 0xe2, 0xb2,
    0x0, 0xff, 0xf0, 0xc2, 0x0, 0x7f, 0xf8, 0x61,
    0xc0, 0x3f, 0xfc, 0x34, 0xe0, 0x1f, 0xfc, 0xa2,
    0x0, 0xff, 0xe4, 0x9e, 0xa8, 0x7, 0xff, 0x2e,
    0xb0, 0xc0, 0x3f, 0xf8, 0xa3, 0x38, 0x40, 0x1f,
    0xfc, 0xd3, 0xcb, 0x40, 0xf, 0xfe, 0x9, 0xcf,
    0x30, 0x7, 0xfd, 0x1f, 0xff, 0xfc, 0x27, 0x0,
    0x25, 0xf5, 0x31, 0x88, 0x0, 0x49, 0x1e, 0xbb,
    0x18, 0x3, 0xff, 0x82,

    /* U+0063 "c" */
    0x0, 0xff, 0xe3, 0x23, 0xd6, 0x6f, 0x7f, 0xbb,
    0x6e, 0x58, 0x80, 0x3f, 0xf9, 0xcb, 0x5f, 0x70,
    0xa6, 0x42, 0x0, 0x12, 0x46, 0x9d, 0xd4, 0x10,
    0x7, 0xff, 0x20, 0x5f, 0xa9, 0x40, 0x3f, 0xf8,
    0x64, 0xfb, 0x66, 0x1, 0xff, 0xc5, 0x6e, 0x81,
    0x0, 0xff, 0xe4, 0x26, 0x48, 0x80, 0x7f, 0xf0,
    0x4b, 0x24, 0x3, 0xff, 0x9a, 0xde, 0x60, 0x1f,
    0xf2, 0x69, 0x80, 0x7f, 0xf3, 0xc7, 0x18, 0x3,
    0xf9, 0xec, 0x3, 0xff, 0xa7, 0x2c, 0x1, 0xf3,
    0x40, 0x7, 0xff, 0x50, 0xdc, 0x3, 0xcb, 0x20,
    0x1f, 0xfd, 0x43, 0xd1, 0x0, 0xe2, 0xa0, 0xf,
    0xfe, 0xa1, 0xe8, 0x80, 0x7b, 0x80, 0x3f, 0xfa,
    0x87, 0x82, 0x1, 0xe7, 0x30, 0xf, 0xfe, 0x99,
    0xe0, 0x7, 0xc3, 0x20, 0x1f, 0xfd, 0x33, 0xc0,
    0xf, 0xd2, 0x20, 0x1f, 0xfc, 0x72, 0x44, 0x10,
    0x7, 0xc7, 0x80, 0x1f, 0xcc, 0x1, 0xff, 0xc5,
    0x3a, 0xfd, 0xbb, 0x6f, 0xda, 0x80, 0x47, 0x80,
    0x1f, 0xc8, 0x20, 0x1f, 0xfc, 0x48, 0xc5, 0x0,
    0xf2, 0x56, 0x11, 0xe0, 0x7, 0xfb, 0x40, 0x3f,
    0xf8, 0x94, 0xe0, 0x1f, 0xe3, 0xcc, 0x0, 0x7f,
    0xc8, 0x1, 0xff, 0xc3, 0x75, 0x0, 0xff, 0xe0,
    0x8, 0x7, 0xff, 0x0, 0x80, 0x3f, 0xf8, 0x72,
    0x1, 0xff, 0xcd, 0x30, 0xf, 0xfe, 0x1b, 0x8,
    0x7, 0xff, 0x35, 0xc0, 0x3f, 0xf8, 0x78, 0x1,
    0xff, 0xce, 0x10, 0xf, 0xfe, 0x1b, 0x0, 0x7f,
    0xf3, 0x8c, 0x3, 0xff, 0x86, 0x20, 0x1f, 0xfc,
    0xe3, 0x0, 0xff, 0xe1, 0x88, 0x7, 0xff, 0x38,
    0x40, 0x3f, 0xf8, 0x6c, 0x1, 0xff, 0xce, 0x70,
    0xf, 0xfe, 0x1f, 0x80, 0x7f, 0xf3, 0x88, 0x3,
    0xff, 0x86, 0xa2, 0x1, 0xff, 0xcd, 0x11, 0x0,
    0x7f, 0xf0, 0xe4, 0x3, 0xff, 0x9c, 0x80, 0x1f,
    0xfc, 0x37, 0x50, 0xf, 0xfe, 0x0, 0xb0, 0x7,
    0xfd, 0xe0, 0x1f, 0xfc, 0x4a, 0x70, 0xf, 0xf1,
    0xfc, 0xb8, 0x7, 0xf9, 0x40, 0x3f, 0xf8, 0xb1,
    0x88, 0x1, 0xe2, 0x9c, 0x10, 0x87, 0x0, 0xff,
    0x28, 0x7, 0xff, 0x14, 0xef, 0xee, 0xa9, 0x7d,
    0xac, 0x1, 0xa1, 0xc0, 0x3f, 0xa0, 0x3, 0xff,
    0x90, 0x8a, 0xa4, 0x10, 0xf, 0xa1, 0xc0, 0x3f,
    0x13, 0x0, 0x7f, 0xf5, 0x22, 0x0, 0x1f, 0xa0,
    0x40, 0x3f, 0xfa, 0x8f, 0x0, 0x1f, 0xd, 0x0,
    0x7f, 0xf5, 0x5e, 0x0, 0x3e, 0x47, 0x0, 0xff,
    0xea, 0xbc, 0x0, 0x7d, 0xc, 0x1, 0xff, 0xd5,
    0x78, 0x0, 0xfa, 0x54, 0x3, 0xff, 0xab, 0xe0,
    0x1f, 0xaa, 0x0, 0x3f, 0xfa, 0x74, 0xe0, 0x1f,
    0xcf, 0x62, 0x1, 0xff, 0xcf, 0x2d, 0x50, 0xf,
    0xf9, 0x39, 0xc0, 0x3f, 0xf9, 0xaf, 0xa4, 0x1,
    0xff, 0xc2, 0x8d, 0x60, 0xf, 0xfe, 0x4a, 0xec,
    0x0, 0x7f, 0xf1, 0x4a, 0x7a, 0xc, 0x3, 0xff,
    0x86, 0x2f, 0xb4, 0x40, 0x1f, 0xfc, 0x81, 0x7c,
    0xea, 0x85, 0x21, 0x10, 0x0, 0x49, 0x1a, 0x77,
    0xa0, 0x80, 0x3f, 0x0,

    /* U+0064 "d" */
    0x0, 0xff, 0xea, 0x5f, 0xff, 0xff, 0xa, 0x40,
    0x3f, 0xff, 0xe0, 0x1f, 0xff, 0xf0, 0xf, 0xff,
    0xf8, 0x7, 0xff, 0xfc, 0x3, 0xff, 0xfe, 0x1,
    0xff, 0xff, 0x0, 0xff, 0xff, 0x80, 0x7f, 0xff,
    0xc0, 0x3f, 0xff, 0xe0, 0x1f, 0xff, 0xf0, 0xf,
    0xff, 0xf8, 0x7, 0xff, 0xfc, 0x3, 0xff, 0xa2,
    0x4a, 0xf1, 0x32, 0x86, 0x41, 0x0, 0xff, 0xeb,
    0xad, 0xfe, 0xd4, 0x3b, 0x31, 0xe6, 0xfb, 0x5c,
    0x80, 0x3f, 0xfa, 0x23, 0x1f, 0x48, 0x1, 0xff,
    0x14, 0x6d, 0x10, 0x7, 0xff, 0x39, 0xb9, 0xc0,
    0x3f, 0xf8, 0xab, 0xa8, 0x1, 0xff, 0xcb, 0x1b,
    0x90, 0xf, 0xff, 0x1, 0x7a, 0x0, 0x7f, 0xf8,
    0xb, 0x4, 0x3, 0xff, 0xc0, 0x38, 0x20, 0x1f,
    0xfe, 0x1d, 0x10, 0xf, 0xff, 0xb, 0x98, 0x7,
    0xff, 0x84, 0x60, 0x3, 0xff, 0xc5, 0x60, 0x1f,
    0xfe, 0x21, 0x50, 0xf, 0xff, 0x14, 0x80, 0x7f,
    0xf8, 0xd4, 0x3, 0xff, 0x8c, 0xd7, 0xdf, 0xdb,
    0x26, 0x1, 0xff, 0xc8, 0x22, 0x0, 0x7f, 0xf1,
    0xf, 0x65, 0x4, 0x4, 0x9b, 0x24, 0x3, 0xff,
    0x8e, 0xa0, 0x1f, 0xfc, 0x44, 0xc2, 0x0, 0xfc,
    0xd8, 0x1, 0xff, 0xc6, 0xd0, 0xf, 0xfe, 0x19,
    0x58, 0x7, 0xfc, 0x72, 0x1, 0xff, 0xc5, 0x70,
    0xf, 0xfe, 0x1c, 0x80, 0x7f, 0xf0, 0x58, 0xc0,
    0x3f, 0xf8, 0x84, 0x1, 0xff, 0xc2, 0x24, 0x0,
    0xff, 0xe1, 0x50, 0x7, 0xff, 0x4d, 0x0, 0x3f,
    0xf8, 0x6e, 0x1, 0xff, 0xc3, 0x10, 0xf, 0xfe,
    0x1f, 0x0, 0x7f, 0xf0, 0xc4, 0x3, 0xff, 0x86,
    0x60, 0x1f, 0xfc, 0x32, 0x0, 0xff, 0xe2, 0x8,
    0x7, 0xff, 0x8, 0xc0, 0x3f, 0xf8, 0x66, 0x1,
    0xff, 0xe3, 0xe0, 0xf, 0xfe, 0x20, 0x80, 0x7f,
    0xf0, 0x84, 0x3, 0xff, 0x86, 0x80, 0x1f, 0xfc,
    0x34, 0x0, 0xff, 0xe2, 0x8, 0x7, 0xff, 0x8,
    0xc8, 0x3, 0xff, 0x85, 0xa0, 0x1f, 0xfc, 0x45,
    0x0, 0xff, 0xe1, 0xc0, 0x7, 0xff, 0x4, 0x58,
    0x3, 0xff, 0x88, 0x60, 0x1f, 0xfc, 0x35, 0x50,
    0x7, 0xff, 0x3, 0x40, 0x3f, 0xf8, 0xb8, 0x1,
    0xff, 0xc4, 0xa6, 0x0, 0xfe, 0x1b, 0x30, 0xf,
    0xfe, 0x2a, 0x0, 0x7f, 0xf1, 0x66, 0xcc, 0x3,
    0xcd, 0xe8, 0x1, 0xff, 0xc7, 0x50, 0xf, 0xfe,
    0x2a, 0x67, 0x5d, 0x53, 0x3e, 0x44, 0x3, 0xff,
    0x91, 0xc0, 0x1f, 0xfc, 0x71, 0x45, 0x51, 0x80,
    0x7f, 0xf2, 0xd0, 0x80, 0x3f, 0xfc, 0x70, 0x1,
    0xff, 0xe3, 0x54, 0x0, 0xff, 0xf1, 0xc8, 0x7,
    0xff, 0x8c, 0xac, 0x3, 0xff, 0xc6, 0x90, 0x1,
    0xff, 0xe3, 0x78, 0x0, 0xff, 0xf1, 0xbc, 0x80,
    0x7f, 0xf8, 0xdb, 0x4c, 0x3, 0xff, 0x92, 0x40,
    0x1f, 0xfc, 0xc2, 0xc9, 0x10, 0xf, 0xfe, 0x29,
    0xe5, 0x0, 0x7f, 0xf3, 0x9b, 0xa5, 0x0, 0x3f,
    0xf8, 0x29, 0x78, 0x60, 0x1f, 0xfd, 0x16, 0xbe,
    0xa7, 0x42, 0x10, 0x0, 0x9b, 0x57, 0x5a, 0x0,
    0x1f, 0xff, 0xff, 0x85, 0x20,

    /* U+0065 "e" */
    0x0, 0xff, 0xe2, 0x93, 0x45, 0xef, 0x7f, 0xbb,
    0x72, 0x58, 0x80, 0x3f, 0xfa, 0x45, 0x1b, 0xa9,
    0x74, 0x21, 0x0, 0x9, 0x1b, 0x4e, 0xea, 0x8,
    0x3, 0xff, 0x9a, 0x77, 0xae, 0x40, 0x1f, 0xfc,
    0x22, 0x7d, 0xa2, 0x0, 0xff, 0xe4, 0x8d, 0x62,
    0x0, 0x7f, 0xf2, 0x17, 0x60, 0x3, 0xff, 0x8e,
    0xbe, 0xa0, 0x1f, 0xfc, 0xc7, 0xd2, 0x0, 0xff,
    0xe2, 0x45, 0x8, 0x7, 0xff, 0x38, 0xb5, 0x0,
    0x3f, 0xf8, 0x56, 0xe0, 0x1f, 0xfd, 0x2b, 0x50,
    0xf, 0xfe, 0x5, 0x20, 0x7, 0xff, 0x52, 0x8c,
    0x3, 0xfd, 0xa, 0x1, 0xff, 0xd6, 0xd1, 0x0,
    0xfc, 0x8e, 0x1, 0xff, 0xd7, 0x1a, 0x0, 0xf8,
    0x68, 0x3, 0xff, 0xb2, 0x8c, 0x1, 0xe8, 0x10,
    0xf, 0xfe, 0x1a, 0x56, 0xff, 0xba, 0xd8, 0x3,
    0xff, 0x87, 0x0, 0x1c, 0x4c, 0x1, 0xff, 0xc2,
    0x1c, 0xb5, 0x20, 0x0, 0xa4, 0xf1, 0x80, 0x7f,
    0xf0, 0x45, 0xc0, 0x35, 0x80, 0x7f, 0xf0, 0x8b,
    0xcc, 0x3, 0xf0, 0xe1, 0x80, 0x7f, 0xf0, 0x64,
    0x3, 0x30, 0x7, 0xff, 0xb, 0xc4, 0x3, 0xfe,
    0xd0, 0xf, 0xfe, 0x8, 0x98, 0x1, 0x40, 0x3f,
    0xf8, 0x4e, 0x40, 0x1f, 0xfc, 0x1, 0x60, 0xf,
    0xfe, 0xd, 0x80, 0x3c, 0x3, 0xff, 0x85, 0x20,
    0x1f, 0xfc, 0x2b, 0x0, 0xff, 0xe0, 0xa8, 0x1,
    0xc0, 0x3f, 0xf8, 0x28, 0x20, 0x1f, 0xfc, 0x22,
    0x20, 0x7, 0xff, 0x0, 0x80, 0x48, 0x3, 0xff,
    0x82, 0x9f, 0xff, 0xfc, 0x42, 0x0, 0xff, 0xe0,
    0x91, 0x0, 0x3f, 0xfc, 0x2c, 0xe0, 0x1f, 0xfe,
    0x11, 0x10, 0x7, 0xff, 0x84, 0xcc, 0x1, 0xff,
    0xe2, 0x30, 0xf, 0xff, 0x9, 0x88, 0x7, 0xff,
    0x84, 0x5c, 0x3, 0xff, 0xc2, 0xc4, 0x1, 0xff,
    0xe1, 0x21, 0x10, 0x7, 0xff, 0x4, 0x48, 0xbf,
    0xfa, 0x2a, 0x0, 0x50, 0xf, 0xfe, 0x9, 0xee,
    0xff, 0xf4, 0x68, 0x1, 0xa0, 0x1f, 0xfc, 0x12,
    0x40, 0xf, 0xfe, 0x9b, 0x80, 0x7f, 0xf0, 0xa4,
    0x40, 0x3f, 0xf8, 0x8d, 0x40, 0x1f, 0xfc, 0x1,
    0x40, 0xf, 0xfe, 0x9, 0x68, 0x7, 0xff, 0xe,
    0x64, 0xb6, 0x1, 0xff, 0xc0, 0x80, 0xf, 0xfe,
    0x11, 0xea, 0x0, 0x7f, 0xcb, 0xcc, 0x0, 0x4b,
    0x0, 0xff, 0x8d, 0x0, 0x3f, 0xf8, 0x45, 0x78,
    0xe6, 0x20, 0x1, 0x25, 0x9e, 0xa1, 0x0, 0xc9,
    0x80, 0x1f, 0xf4, 0x80, 0x7f, 0xf1, 0xe, 0x33,
    0xbf, 0xdd, 0xb4, 0xc2, 0x1, 0xf1, 0xe0, 0x80,
    0x7f, 0x14, 0x80, 0x7f, 0xf5, 0x8f, 0x44, 0x3,
    0xf9, 0x94, 0x3, 0xff, 0xac, 0x78, 0x20, 0x1f,
    0xd4, 0x80, 0x1f, 0xfd, 0x62, 0xc0, 0xf, 0xf5,
    0xa0, 0x7, 0xff, 0x5a, 0xc0, 0x3f, 0xeb, 0x60,
    0xf, 0xfe, 0xa5, 0x30, 0x7, 0xff, 0x2, 0x68,
    0x40, 0x3f, 0xfa, 0x3, 0x8a, 0x1, 0xff, 0xc2,
    0x5f, 0x60, 0xf, 0xfe, 0x73, 0x71, 0x80, 0x7f,
    0xf1, 0x6, 0x75, 0x80, 0x3f, 0xf9, 0x4b, 0x92,
    0x1, 0xff, 0xc8, 0x29, 0xe8, 0x40, 0xf, 0xfe,
    0x21, 0x46, 0xd1, 0x80, 0x7f, 0xf2, 0xc5, 0xef,
    0xee, 0x14, 0xc8, 0x40, 0x21, 0x24, 0x7a, 0xed,
    0x72, 0x0, 0xff, 0x80,

    /* U+0066 "f" */
    0x0, 0xff, 0xe5, 0x9b, 0xd6, 0x77, 0x3f, 0xdd,
    0xb4, 0xe6, 0x1, 0xff, 0xd0, 0x29, 0xec, 0x85,
    0x31, 0x10, 0x0, 0x49, 0x63, 0x3a, 0x48, 0x3,
    0xff, 0x96, 0x33, 0xac, 0x20, 0x1f, 0xfc, 0x11,
    0x6d, 0x91, 0x0, 0xff, 0xe4, 0x2f, 0xb0, 0x7,
    0xff, 0x1d, 0xb9, 0x80, 0x3f, 0xf8, 0xd3, 0x42,
    0x1, 0xff, 0xca, 0x99, 0x0, 0x7f, 0xf1, 0x29,
    0x80, 0x3f, 0xf9, 0xad, 0x20, 0x1f, 0xfc, 0x29,
    0x50, 0xf, 0xfe, 0x70, 0xd8, 0x7, 0xff, 0x5,
    0x98, 0x1, 0xff, 0xce, 0x1c, 0x20, 0xf, 0xfe,
    0x1, 0x48, 0x7, 0xff, 0x38, 0x70, 0x80, 0x3f,
    0xf8, 0x32, 0x1, 0xff, 0xce, 0x1c, 0x20, 0xf,
    0xfe, 0x9, 0xa0, 0x7, 0xff, 0x34, 0x70, 0x80,
    0x3f, 0xf8, 0x52, 0x1, 0xff, 0xcd, 0x1c, 0x20,
    0xf, 0xfe, 0x10, 0xa8, 0x7, 0xff, 0x30, 0x70,
    0x80, 0x3f, 0xf8, 0x68, 0x1, 0xff, 0xc5, 0x25,
    0x52, 0x0, 0x43, 0x84, 0x1, 0xff, 0xc4, 0xf0,
    0xf, 0xfe, 0x18, 0xde, 0xd5, 0x2f, 0xdc, 0x70,
    0x80, 0x3f, 0xf8, 0xae, 0x1, 0xff, 0xc3, 0xc4,
    0x0, 0xe8, 0xe2, 0x0, 0xff, 0xe3, 0x10, 0x7,
    0xff, 0x9, 0xc8, 0x3, 0xff, 0x9c, 0x20, 0x1f,
    0xfc, 0x3b, 0x0, 0xff, 0xe7, 0x98, 0x7, 0xff,
    0xc, 0x80, 0x3f, 0xf9, 0xe2, 0x1, 0xff, 0xff,
    0x0, 0xff, 0xf1, 0xa5, 0xdf, 0xef, 0x0, 0xff,
    0xe1, 0xed, 0xdf, 0xfc, 0x40, 0x1e, 0x24, 0x4f,
    0xc6, 0x1, 0xff, 0xc3, 0x34, 0x4f, 0xf8, 0x40,
    0x3f, 0xff, 0xe0, 0x1f, 0xff, 0xf0, 0xf, 0xff,
    0xf8, 0x7, 0xff, 0xfc, 0x3, 0xff, 0xfe, 0x1,
    0xff, 0xff, 0x0, 0xff, 0xee, 0x37, 0xff, 0xec,
    0x0, 0xff, 0xe1, 0xf7, 0xff, 0xfc, 0x60, 0x1f,
    0xff, 0xf0, 0xf, 0xff, 0xf8, 0x7, 0xff, 0xfc,
    0x3, 0xff, 0xfe, 0x1, 0xff, 0xff, 0x0, 0xff,
    0xff, 0x80, 0x7f, 0xff, 0xc0, 0x3f, 0xff, 0xe0,
    0x1f, 0xff, 0xf0, 0xf, 0xff, 0xf8, 0x7, 0xff,
    0xfc, 0x3, 0xff, 0xfe, 0x1, 0xff, 0xff, 0x0,
    0xff, 0xff, 0x80, 0x7f, 0xff, 0xc0, 0x3f, 0xff,
    0xe0, 0x1f, 0xff, 0xf0, 0xf, 0x80,

    /* U+0067 "g" */
    0x0, 0xff, 0xe3, 0x89, 0x10, 0x40, 0x3f, 0xfb,
    0x44, 0xf5, 0xbf, 0xdb, 0xae, 0xfd, 0xa6, 0x10,
    0x8, 0xd1, 0x3f, 0xf8, 0x42, 0x1, 0xff, 0xc0,
    0x6c, 0xd8, 0x52, 0x0, 0xf1, 0x2c, 0xf5, 0x18,
    0x45, 0xdf, 0xff, 0x9, 0x0, 0x3f, 0xcb, 0xb2,
    0x60, 0x1f, 0xfc, 0x25, 0xc9, 0x70, 0xf, 0xfe,
    0x58, 0xdd, 0x10, 0x7, 0xff, 0x19, 0x8c, 0x3,
    0xff, 0x94, 0x5e, 0x80, 0x1f, 0xfd, 0xf3, 0xd1,
    0x0, 0xff, 0xef, 0x96, 0x0, 0x7f, 0xf8, 0x7,
    0x0, 0x3f, 0xfc, 0x34, 0x20, 0x1f, 0xfe, 0x5,
    0x40, 0xf, 0xff, 0xd, 0x80, 0x7f, 0xf8, 0x58,
    0x40, 0x3f, 0xfc, 0x36, 0x1, 0xff, 0xe1, 0x32,
    0x0, 0xff, 0xe2, 0xa4, 0xef, 0xfb, 0x65, 0x0,
    0x3f, 0xf9, 0x16, 0x1, 0xff, 0xc5, 0xab, 0x62,
    0x0, 0x13, 0x5d, 0x0, 0x7f, 0xf1, 0xd0, 0x3,
    0xff, 0x89, 0x8a, 0x1, 0xf9, 0x70, 0x3, 0xff,
    0x8c, 0x60, 0x1f, 0xfc, 0x39, 0x30, 0xf, 0xf1,
    0xc8, 0x7, 0xff, 0x10, 0x80, 0x3f, 0xf8, 0x64,
    0xc0, 0x1f, 0xfc, 0x6, 0x20, 0xf, 0xfe, 0x1b,
    0x0, 0x7f, 0xf0, 0xe8, 0x3, 0xff, 0x85, 0x40,
    0x1f, 0xfc, 0x31, 0x0, 0xff, 0xe1, 0xa0, 0x7,
    0xff, 0x9, 0x0, 0x3f, 0xf8, 0x66, 0x1, 0xff,
    0xc3, 0x20, 0xf, 0xfe, 0x10, 0x80, 0x7f, 0xf4,
    0xcc, 0x3, 0xff, 0xa4, 0x60, 0x1f, 0xfc, 0x36,
    0x0, 0xff, 0xe1, 0x30, 0x7, 0xff, 0xc, 0x40,
    0x3f, 0xf8, 0x78, 0x1, 0xff, 0xc2, 0xc0, 0xf,
    0xfe, 0x1b, 0x0, 0x7f, 0xf0, 0xd8, 0x3, 0xff,
    0x84, 0xc0, 0x1f, 0xfc, 0x32, 0x0, 0xff, 0xe1,
    0x8c, 0x80, 0x7f, 0xf0, 0x20, 0x40, 0x3f, 0xf8,
    0x86, 0x1, 0xff, 0xc3, 0x66, 0x0, 0x7f, 0x99,
    0xc0, 0x3f, 0xf8, 0xb6, 0x1, 0xff, 0xc4, 0x98,
    0x0, 0xf8, 0x62, 0x40, 0x3f, 0xf8, 0xca, 0x1,
    0xff, 0xc5, 0x7e, 0x96, 0x45, 0x6a, 0xe7, 0x0,
    0xff, 0xe3, 0x91, 0x80, 0x7f, 0xf1, 0x45, 0xa6,
    0xea, 0x54, 0x3, 0xff, 0x95, 0x0, 0x1f, 0xfe,
    0x24, 0x20, 0xf, 0xff, 0x17, 0x0, 0x7f, 0xf8,
    0x8d, 0x80, 0x3f, 0xfc, 0x52, 0x60, 0x1f, 0xfe,
    0x2d, 0x10, 0xf, 0xff, 0x8, 0xe1, 0x0, 0x7f,
    0xf8, 0x4b, 0xc, 0x3, 0xff, 0xc2, 0x38, 0xe0,
    0x1f, 0xfe, 0x28, 0xc4, 0x0, 0xff, 0xe3, 0x40,
    0x7, 0xff, 0x38, 0xef, 0x14, 0x3, 0xff, 0x82,
    0x2f, 0xce, 0x1, 0xff, 0xd0, 0x3a, 0xfb, 0x74,
    0x21, 0x0, 0x9, 0x24, 0x5f, 0x40, 0x80, 0x7f,
    0xf1, 0x4, 0x3, 0xff, 0x86, 0x91, 0x7b, 0xdf,
    0xee, 0xdb, 0x74, 0x0, 0x84, 0x3, 0xff, 0x86,
    0xe0, 0x1f, 0xfd, 0x25, 0x0, 0xff, 0xe1, 0x88,
    0x7, 0xf0, 0x80, 0x7f, 0xf2, 0x30, 0x3, 0xff,
    0x86, 0x40, 0x1f, 0x8b, 0x24, 0x3, 0xff, 0x8c,
    0x2e, 0x1, 0xff, 0xc2, 0x20, 0xf, 0xc5, 0x84,
    0xd6, 0x1, 0xff, 0xc5, 0xa0, 0xf, 0xfe, 0x1b,
    0x80, 0x7c, 0x58, 0x20, 0x4, 0xd3, 0x0, 0xff,
    0xe1, 0x52, 0x0, 0x7f, 0xf0, 0xfc, 0x3, 0xc5,
    0x82, 0x1, 0x8b, 0x28, 0xc0, 0x3f, 0xcb, 0xaa,
    0x1, 0xff, 0xc4, 0x50, 0xe, 0x2c, 0x10, 0xf,
    0x97, 0x36, 0x5d, 0x51, 0xa, 0xf5, 0xd4, 0x40,
    0x1f, 0xfc, 0x45, 0x0, 0xe2, 0xc1, 0x0, 0xff,
    0x13, 0x45, 0x5d, 0xaa, 0x14, 0x40, 0x3f, 0xf8,
    0xd0, 0x1, 0x8b, 0x4, 0x3, 0xff, 0xb4, 0xc4,
    0x1, 0x1e, 0x8, 0x7, 0xff, 0x6e, 0x0, 0x22,
    0xd1, 0x0, 0xff, 0xed, 0xd0, 0x80, 0x44, 0x40,
    0xf, 0xfe, 0xdb, 0x28, 0x7, 0x68, 0x80, 0x7f,
    0xf6, 0x52, 0x40, 0x3c, 0x38, 0x20, 0x1f, 0xfd,
    0x74, 0xb0, 0xf, 0xc5, 0xe4, 0x1, 0xff, 0xd5,
    0x6b, 0x0, 0xff, 0xe, 0xb8, 0x7, 0xff, 0x48,
    0x6a, 0x40, 0x3f, 0xf8, 0x31, 0x86, 0x1, 0xff,
    0xcf, 0x6f, 0x50, 0xf, 0xfe, 0x19, 0xe5, 0xa0,
    0x7, 0xff, 0x2d, 0xb6, 0x44, 0x3, 0xff, 0x8c,
    0x97, 0xd0, 0x60, 0x1f, 0xfc, 0x54, 0x8e, 0x92,
    0x0, 0xff, 0xe5, 0xb, 0xe7, 0xdc, 0x32, 0x10,
    0x80, 0x42, 0x46, 0xb1, 0x7f, 0x6e, 0x20, 0x1f,
    0xfc, 0x20,

    /* U+0068 "h" */
    0x8f, 0xff, 0xfe, 0x16, 0x0, 0x7f, 0xff, 0xc0,
    0x3f, 0xff, 0xe0, 0x1f, 0xff, 0xf0, 0xf, 0xff,
    0xf8, 0x7, 0xff, 0xfc, 0x3, 0xff, 0xfe, 0x1,
    0xff, 0xff, 0x0, 0xff, 0xff, 0x80, 0x7f, 0xff,
    0xc0, 0x3f, 0xff, 0xe0, 0x1f, 0xff, 0xf0, 0xf,
    0xff, 0x78, 0xac, 0x66, 0xf7, 0xfb, 0xb6, 0x9c,
    0xc0, 0x3f, 0xfa, 0x27, 0x5d, 0x4e, 0x64, 0x20,
    0x1, 0x25, 0x8c, 0xe7, 0x0, 0xff, 0xe6, 0x8d,
    0x62, 0x80, 0x7f, 0xf0, 0x46, 0x3d, 0x80, 0x3f,
    0xf9, 0x45, 0xea, 0x1, 0xff, 0xc6, 0x9b, 0x10,
    0xf, 0xfe, 0x40, 0x88, 0x3, 0xff, 0x90, 0x98,
    0x20, 0x1f, 0xfd, 0xe2, 0xc1, 0x0, 0xff, 0xef,
    0x15, 0x0, 0x7f, 0xf7, 0xd1, 0x40, 0x3f, 0xfb,
    0xf6, 0x1, 0xff, 0xdf, 0x16, 0x0, 0xff, 0xef,
    0xd0, 0x7, 0xff, 0x7c, 0xc4, 0x3, 0xff, 0xbe,
    0x80, 0x1f, 0xfc, 0x75, 0xac, 0xc5, 0x30, 0x7,
    0xff, 0x1b, 0x40, 0x3f, 0xf8, 0xa3, 0x94, 0xa6,
    0x65, 0x9d, 0x30, 0xf, 0xfe, 0x20, 0x80, 0x7f,
    0xf1, 0x7, 0xc, 0x3, 0xc5, 0xa4, 0x1, 0xff,
    0xc3, 0x30, 0xf, 0xfe, 0x24, 0x90, 0x7, 0xe1,
    0x90, 0xf, 0xfe, 0x18, 0x80, 0x7f, 0xf1, 0x18,
    0x3, 0xfc, 0x82, 0x1, 0xff, 0xd2, 0x11, 0x0,
    0x7f, 0xca, 0x1, 0xff, 0xd2, 0x20, 0xf, 0xfe,
    0x0, 0x80, 0x7f, 0xf7, 0xcc, 0x3, 0xff, 0xfe,
    0x1, 0xff, 0xff, 0x0, 0xff, 0xff, 0x80, 0x7f,
    0xff, 0xc0, 0x3f, 0xff, 0xe0, 0x1f, 0xff, 0xf0,
    0xf, 0xff, 0xf8, 0x7, 0xff, 0xfc, 0x3, 0xff,
    0xfe, 0x1, 0xff, 0xff, 0x0, 0xff, 0xff, 0x80,
    0x7f, 0xff, 0xc0, 0x3f, 0xff, 0xe0, 0x1f, 0xfe,
    0x88, 0xff, 0xff, 0xe1, 0x60, 0x7, 0xff, 0x2,
    0x7f, 0xff, 0xf8, 0x56,

    /* U+0069 "i" */
    0x0, 0xc7, 0x3b, 0xfe, 0xda, 0x40, 0xf, 0xd3,
    0x8c, 0x40, 0x2, 0x5b, 0xb0, 0x80, 0x75, 0xb0,
    0x7, 0xe4, 0xc1, 0x0, 0xa1, 0x0, 0x3f, 0xc5,
    0x40, 0x2, 0x70, 0xf, 0xfe, 0x2, 0x28, 0x50,
    0x7, 0xff, 0xb, 0x81, 0x0, 0x3f, 0xf8, 0x48,
    0x4, 0x1, 0xff, 0xc3, 0x10, 0xf, 0xfe, 0x29,
    0x80, 0x7f, 0xf0, 0xc5, 0x0, 0x3f, 0xf8, 0x44,
    0x1a, 0x1, 0xff, 0xc2, 0xa0, 0x43, 0x0, 0xff,
    0xe0, 0xb, 0x80, 0x38, 0x40, 0x3f, 0xea, 0x0,
    0x8b, 0x4, 0x3, 0xfa, 0xd0, 0x3, 0x17, 0x38,
    0x80, 0x73, 0x72, 0x0, 0x7d, 0x1d, 0xb7, 0x6c,
    0xf9, 0x10, 0xf, 0xf1, 0x22, 0xc, 0x3, 0xff,
    0xdd, 0x1f, 0xff, 0xfc, 0x2b, 0x1, 0x0, 0xff,
    0xe1, 0x38, 0x7, 0xff, 0xfc, 0x3, 0xff, 0xfe,
    0x1, 0xff, 0xff, 0x0, 0xff, 0xff, 0x80, 0x7f,
    0xff, 0xc0, 0x3f, 0xff, 0xe0, 0x1f, 0xff, 0xf0,
    0xf, 0xff, 0xf8, 0x7, 0xff, 0xfc, 0x3, 0xff,
    0x96,

    /* U+006A "j" */
    0x0, 0xff, 0xe4, 0x8c, 0x67, 0x7f, 0x5a, 0x80,
    0x7f, 0xf3, 0x5b, 0x9c, 0xc4, 0x5, 0x2b, 0x48,
    0x3, 0xff, 0x95, 0x12, 0x1, 0xf8, 0xb4, 0xc0,
    0x3f, 0xf9, 0xa, 0xe0, 0x1f, 0xf6, 0x88, 0x7,
    0xff, 0x1e, 0x0, 0x3f, 0xf8, 0x3, 0x20, 0x1f,
    0xfc, 0x64, 0x20, 0xf, 0xfe, 0xb, 0x80, 0x7f,
    0xf1, 0xb0, 0x3, 0xff, 0x86, 0x60, 0x1f, 0xfc,
    0x52, 0x0, 0xff, 0xe1, 0xb0, 0x7, 0xff, 0x14,
    0x40, 0x3f, 0xfa, 0xa4, 0x1, 0xff, 0xc3, 0x10,
    0xf, 0xfe, 0x2f, 0x80, 0x7f, 0xf0, 0xd4, 0x3,
    0xff, 0x8a, 0xe0, 0x1f, 0xfc, 0x24, 0x10, 0xf,
    0xfe, 0x28, 0xb8, 0x7, 0xff, 0x6, 0x0, 0x3f,
    0xf8, 0xf0, 0x60, 0x1f, 0xf4, 0x18, 0x7, 0xff,
    0x23, 0x50, 0x3, 0xfa, 0x1c, 0x3, 0xff, 0x92,
    0x37, 0x24, 0x1, 0xc9, 0x8e, 0x1, 0xff, 0xcc,
    0x6d, 0xd5, 0xdb, 0x3e, 0xcc, 0x3, 0xff, 0x9e,
    0x48, 0x83, 0x0, 0xff, 0xff, 0x80, 0x7f, 0xf9,
    0xd2, 0xab, 0xff, 0x86, 0x1, 0xff, 0xc6, 0x25,
    0x5f, 0xfe, 0x18, 0x7, 0xff, 0xfc, 0x3, 0xff,
    0xfe, 0x1, 0xff, 0xff, 0x0, 0xff, 0xff, 0x80,
    0x7f, 0xff, 0xc0, 0x3f, 0xff, 0xe0, 0x1f, 0xff,
    0xf0, 0xf, 0xff, 0xf8, 0x7, 0xff, 0xfc, 0x3,
    0xff, 0xfe, 0x1, 0xff, 0xff, 0x0, 0xff, 0xff,
    0x80, 0x7f, 0xff, 0xc0, 0x3f, 0xff, 0xe0, 0x1f,
    0xff, 0xf0, 0xf, 0xff, 0xf8, 0x7, 0xff, 0xfc,
    0x3, 0xff, 0xfe, 0x1, 0xff, 0xff, 0x0, 0xff,
    0xec, 0x8, 0x7, 0xff, 0xa3, 0xc0, 0x3f, 0xf8,
    0x46, 0x1, 0xfe, 0x35, 0x0, 0xe1, 0x60, 0xf,
    0xfe, 0x13, 0x0, 0x7f, 0x1e, 0x55, 0xc, 0x5,
    0xbc, 0x3, 0xff, 0x86, 0x40, 0x1f, 0x8f, 0x0,
    0xb, 0x9f, 0xd2, 0x20, 0x1f, 0xfc, 0x3f, 0x0,
    0xf8, 0xf0, 0x3, 0xff, 0x98, 0xe0, 0x1e, 0x3c,
    0x0, 0xff, 0xe6, 0x18, 0x80, 0x71, 0xe0, 0x7,
    0xff, 0x36, 0x80, 0x39, 0x30, 0x3, 0xff, 0x9a,
    0x2c, 0x1, 0x92, 0xc0, 0x3f, 0xf9, 0xd6, 0x1,
    0x92, 0xc0, 0x3f, 0xf9, 0xc8, 0xa0, 0x11, 0x58,
    0x7, 0xff, 0x38, 0xa8, 0x3, 0x13, 0x80, 0x7f,
    0xf3, 0x47, 0xc4, 0x3, 0xa2, 0x0, 0x1f, 0xfc,
    0xb2, 0xc2, 0x0, 0xf9, 0xf0, 0x80, 0x3f, 0xf9,
    0xd, 0xa4, 0x1, 0xfc, 0x7b, 0x2, 0x1, 0xff,
    0xc4, 0x4c, 0x90, 0xf, 0xfe, 0xb, 0xf4, 0xa0,
    0x7, 0xfc, 0x4f, 0x96, 0x60, 0x1f, 0xfc, 0x46,
    0xbf, 0xca, 0x87, 0x66, 0x3c, 0x5f, 0x6c, 0x18,
    0x7, 0xfc,

    /* U+006B "k" */
    0x8f, 0xff, 0xfe, 0x16, 0x0, 0x7f, 0xff, 0xc0,
    0x3f, 0xff, 0xe0, 0x1f, 0xff, 0xf0, 0xf, 0xff,
    0xf8, 0x7, 0xff, 0xfc, 0x3, 0xff, 0xfe, 0x1,
    0xff, 0xff, 0x0, 0xff, 0xff, 0x80, 0x7f, 0xff,
    0xc0, 0x3f, 0xff, 0xe0, 0x1f, 0xff, 0xf0, 0xf,
    0xff, 0xf8, 0x7, 0xff, 0xfc, 0x0, 0x9d, 0xdf,
    0xfc, 0x47, 0x0, 0xff, 0xe8, 0x48, 0x8f, 0xff,
    0xc, 0x9c, 0x3, 0xff, 0x9f, 0x24, 0x1, 0xff,
    0xc3, 0xe0, 0xf, 0xfe, 0x79, 0xb0, 0x7, 0xff,
    0xe, 0x88, 0x3, 0xff, 0x9f, 0xc0, 0x1f, 0xfc,
    0x35, 0x50, 0x7, 0xff, 0x3e, 0x8, 0x3, 0xff,
    0x84, 0x54, 0x1, 0xff, 0xcf, 0x37, 0x0, 0xff,
    0xe1, 0xf0, 0x7, 0xff, 0x43, 0x80, 0x3f, 0xf8,
    0x70, 0x60, 0x1f, 0xfc, 0xf8, 0x20, 0xf, 0xfe,
    0x12, 0x38, 0x7, 0xff, 0x3c, 0x9c, 0x3, 0xff,
    0x84, 0x34, 0x1, 0xff, 0xd0, 0xe0, 0xf, 0xfe,
    0x1d, 0x8, 0x7, 0xff, 0x3d, 0xcc, 0x3, 0xff,
    0x84, 0xe8, 0x1, 0xff, 0xcf, 0x28, 0x0, 0xff,
    0xe1, 0x1c, 0x0, 0x7f, 0xf4, 0x38, 0x3, 0xff,
    0x87, 0xc0, 0x1f, 0xfd, 0x7, 0x30, 0xf, 0xfe,
    0x15, 0x10, 0x7, 0xff, 0x3c, 0xa0, 0x3, 0xff,
    0x84, 0xaa, 0x0, 0xff, 0xe8, 0x70, 0x7, 0xff,
    0x8, 0xa8, 0x3, 0xff, 0xa0, 0xc6, 0x1, 0xff,
    0xc2, 0xe0, 0xf, 0xfe, 0x81, 0x48, 0x7, 0xff,
    0xa, 0xc, 0x3, 0xff, 0xa0, 0x20, 0x1f, 0xfc,
    0x24, 0x70, 0xf, 0xff, 0x6, 0x0, 0x7f, 0xf8,
    0x60, 0x80, 0x3f, 0xfc, 0x3c, 0x1, 0xff, 0xd1,
    0x35, 0x0, 0xff, 0xe1, 0x1b, 0x80, 0x7f, 0xf4,
    0x6c, 0x3, 0xff, 0x87, 0x4, 0x1, 0xff, 0xd0,
    0x18, 0x0, 0xff, 0xe1, 0xf8, 0x7, 0xff, 0x45,
    0xc8, 0x3, 0xff, 0x84, 0x50, 0x1, 0xff, 0xd1,
    0x90, 0xf, 0xfe, 0x1b, 0x98, 0x7, 0xff, 0x41,
    0x14, 0x3, 0xff, 0x87, 0xc0, 0x1f, 0xfd, 0x1b,
    0x0, 0xff, 0xe1, 0x94, 0x0, 0x7f, 0xf4, 0x6,
    0x0, 0x3f, 0xf8, 0x6e, 0x60, 0x1f, 0xfd, 0x7,
    0x20, 0xf, 0xfe, 0x1f, 0x0, 0x7f, 0xf4, 0x78,
    0x3, 0xff, 0x86, 0x52, 0x1, 0xff, 0xd0, 0x35,
    0x0, 0xff, 0xe1, 0xb2, 0x0, 0x7f, 0xf4, 0x2c,
    0x3, 0xff, 0x89, 0x40, 0x1f, 0xfd, 0x1, 0x90,
    0xf, 0xfe, 0x18, 0xc8, 0x7, 0xff, 0x41, 0x8c,
    0x3, 0xff, 0x86, 0xc8, 0x1, 0xff, 0xd0, 0xf0,
    0xf, 0xfe, 0x25, 0x8, 0x7, 0xff, 0x3c, 0xd8,
    0x3, 0xff, 0x86, 0x36, 0x1, 0xff, 0xd0, 0x81,
    0x0, 0xff, 0xe1, 0xaa, 0x80, 0x3f, 0xf9, 0xe3,
    0x0, 0x1f, 0xfc, 0x4b, 0x10, 0xf, 0xfe, 0x7b,
    0x18, 0x7, 0xff, 0xc, 0x68, 0x3, 0xff, 0xa1,
    0xe0, 0x1f, 0xfc, 0x44, 0x58, 0xff, 0xff, 0xe1,
    0x60, 0x7, 0xfc, 0x7f, 0xff, 0xfc, 0x55,

    /* U+006C "l" */
    0x8f, 0xff, 0xfe, 0x16, 0x0, 0x7f, 0xff, 0xc0,
    0x3f, 0xff, 0xe0, 0x1f, 0xff, 0xf0, 0xf, 0xff,
    0xf8, 0x7, 0xff, 0xfc, 0x3, 0xff, 0xfe, 0x1,
    0xff, 0xff, 0x0, 0xff, 0xff, 0x80, 0x7f, 0xff,
    0xc0, 0x3f, 0xff, 0xe0, 0x1f, 0xff, 0xf0, 0xf,
    0xff, 0xf8, 0x7, 0xff, 0xfc, 0x3, 0xff, 0xab,
    0x1f, 0xff, 0xfc, 0x2c,

    /* U+006D "m" */
    0x0, 0xff, 0xe4, 0x9b, 0xd6, 0x77, 0xfb, 0xb6,
    0x98, 0x40, 0x3f, 0xf8, 0x26, 0xf5, 0x9d, 0xff,
    0x76, 0x4a, 0x88, 0x7, 0xfc, 0xff, 0xff, 0xfc,
    0x2b, 0x0, 0x9f, 0x72, 0x14, 0xc4, 0x0, 0x24,
    0xb3, 0xd6, 0x60, 0x1f, 0x85, 0xf7, 0x21, 0x4c,
    0x40, 0x21, 0x36, 0xae, 0xb4, 0x0, 0xfe, 0xf0,
    0xf, 0xfe, 0x13, 0x83, 0x7c, 0x10, 0x7, 0xff,
    0x1, 0x32, 0x84, 0x3, 0x9f, 0xa0, 0x80, 0x3f,
    0xf8, 0x29, 0x78, 0x40, 0x1f, 0xfc, 0xa1, 0xb9,
    0x0, 0xff, 0xe2, 0xae, 0x10, 0x0, 0x72, 0x0,
    0x3f, 0xf8, 0xc7, 0xae, 0x1, 0xff, 0xc9, 0x24,
    0x0, 0xff, 0xe3, 0x96, 0x11, 0xf9, 0x80, 0x7f,
    0xf2, 0x62, 0x40, 0x3f, 0xfb, 0xc3, 0x98, 0x10,
    0xf, 0xfe, 0x5b, 0x40, 0x7, 0xff, 0x78, 0x40,
    0x3f, 0xf9, 0xce, 0xa0, 0x1f, 0xff, 0x9a, 0x10,
    0xf, 0xff, 0xcd, 0x80, 0x7f, 0xfe, 0x54, 0x80,
    0x3f, 0xff, 0x36, 0x1, 0xff, 0xf9, 0x70, 0xf,
    0xff, 0xc8, 0x98, 0x7, 0xff, 0x18, 0x5e, 0xf3,
    0x12, 0x40, 0x1f, 0xfc, 0x81, 0x7b, 0xcc, 0x49,
    0x0, 0x7f, 0xf1, 0x54, 0x3, 0xff, 0x8a, 0xbd,
    0x8, 0x66, 0x6d, 0x80, 0xf, 0xfe, 0x32, 0xf4,
    0x21, 0x99, 0xb6, 0x0, 0x3f, 0xf8, 0x9e, 0x1,
    0xff, 0xc4, 0x3a, 0x0, 0xf9, 0xdc, 0x1, 0xff,
    0xc4, 0x3a, 0x0, 0xf9, 0xdc, 0x1, 0xff, 0xc3,
    0x20, 0xf, 0xfe, 0x24, 0x0, 0x7f, 0x40, 0x80,
    0x7f, 0xf0, 0xe0, 0x3, 0xfa, 0x4, 0x3, 0xff,
    0x84, 0xe0, 0x1f, 0xfc, 0x44, 0x0, 0xff, 0x20,
    0x7, 0xff, 0xd, 0x0, 0x3f, 0xc8, 0x1, 0xff,
    0xd2, 0x20, 0xf, 0xf8, 0x80, 0x3f, 0xf8, 0x44,
    0x1, 0xff, 0x10, 0x7, 0xff, 0x8, 0x40, 0x3f,
    0xf8, 0x62, 0x1, 0xff, 0xda, 0xf0, 0xf, 0xff,
    0xf8, 0x7, 0xff, 0xfc, 0x3, 0xff, 0xfe, 0x1,
    0xff, 0xff, 0x0, 0xff, 0xff, 0x80, 0x7f, 0xff,
    0xc0, 0x3f, 0xff, 0xe0, 0x1f, 0xff, 0xf0, 0xf,
    0xff, 0xf8, 0x7, 0xff, 0xfc, 0x3, 0xff, 0xfe,
    0x1, 0xff, 0xff, 0x0, 0xff, 0xff, 0x80, 0x7f,
    0xff, 0xc0, 0x3f, 0xff, 0xe0, 0x1f, 0xff, 0xf0,
    0xf, 0xff, 0xf8, 0x7, 0xff, 0xfc, 0x3, 0xff,
    0xfe, 0x1, 0xff, 0xff, 0x0, 0xff, 0xff, 0x80,
    0x7f, 0xff, 0xc0, 0x3f, 0xfc, 0x20,

    /* U+006E "n" */
    0x0, 0xff, 0xe4, 0x92, 0xce, 0x6f, 0x7f, 0xb6,
    0xe0, 0xc0, 0x3f, 0xe7, 0xff, 0xff, 0xe1, 0x58,
    0x4, 0xb9, 0xb4, 0xc6, 0x42, 0x0, 0x24, 0x7c,
    0xe7, 0x0, 0xfe, 0xf0, 0xf, 0xfe, 0x13, 0x82,
    0x75, 0x18, 0x7, 0xff, 0x0, 0x63, 0x94, 0x3,
    0xff, 0x94, 0x35, 0x62, 0x1, 0xff, 0xc4, 0x1a,
    0xa0, 0x7, 0xff, 0x24, 0x94, 0x3, 0xff, 0x90,
    0xb8, 0x20, 0x1f, 0xfd, 0xe3, 0xd0, 0xf, 0xfe,
    0xf9, 0xc8, 0x7, 0xff, 0x7d, 0x90, 0x3, 0xff,
    0xbf, 0x20, 0x1f, 0xfd, 0xf2, 0x50, 0xf, 0xfe,
    0xff, 0x0, 0x7f, 0xf7, 0xd0, 0x40, 0x3f, 0xfb,
    0xea, 0x1, 0xff, 0xc7, 0x5a, 0xcc, 0x53, 0x0,
    0x7f, 0xf1, 0x8c, 0x3, 0xff, 0x8a, 0x39, 0x4a,
    0x66, 0x59, 0xd3, 0x0, 0xff, 0xe2, 0x70, 0x7,
    0xff, 0x10, 0x70, 0xc0, 0x3c, 0x5a, 0x40, 0x1f,
    0xfc, 0x33, 0x0, 0xff, 0xe2, 0x49, 0x0, 0x7e,
    0x19, 0x0, 0xff, 0xe1, 0x88, 0x7, 0xff, 0x11,
    0x80, 0x3f, 0xc8, 0x20, 0x1f, 0xfd, 0x21, 0x10,
    0x7, 0xfc, 0xa0, 0x1f, 0xfd, 0x22, 0x0, 0xff,
    0xe0, 0x8, 0x7, 0xff, 0x7c, 0xc0, 0x3f, 0xff,
    0xe0, 0x1f, 0xff, 0xf0, 0xf, 0xff, 0xf8, 0x7,
    0xff, 0xfc, 0x3, 0xff, 0xfe, 0x1, 0xff, 0xff,
    0x0, 0xff, 0xff, 0x80, 0x7f, 0xff, 0xc0, 0x3f,
    0xff, 0xe0, 0x1f, 0xff, 0xf0, 0xf, 0xff, 0xf8,
    0x7, 0xff, 0xfc, 0x3, 0xff, 0xfe, 0x1, 0xff,
    0xe8,

    /* U+006F "o" */
    0x0, 0xff, 0xe2, 0x8a, 0xc5, 0x6f, 0x7f, 0xdd,
    0xb7, 0xa, 0x40, 0x1f, 0xfd, 0x31, 0x7c, 0xea,
    0x75, 0x21, 0x0, 0x84, 0x91, 0xeb, 0x75, 0x4,
    0x1, 0xff, 0xce, 0x2a, 0xe8, 0x30, 0xf, 0xfe,
    0x19, 0x3e, 0xd9, 0x80, 0x7f, 0xf2, 0xe7, 0x54,
    0x3, 0xff, 0x92, 0x99, 0x62, 0x1, 0xff, 0xc7,
    0x4e, 0x60, 0xf, 0xfe, 0x6a, 0x73, 0x0, 0x7f,
    0xf1, 0x5e, 0xc4, 0x3, 0xff, 0xa1, 0x34, 0x1,
    0xff, 0xc3, 0xa8, 0x0, 0xff, 0xe9, 0xae, 0x0,
    0x7f, 0xf0, 0x65, 0x40, 0x3f, 0xfa, 0xa7, 0x80,
    0x1f, 0xf3, 0xb0, 0x7, 0xff, 0x5c, 0xec, 0x3,
    0xf8, 0xe0, 0x3, 0xff, 0xb2, 0x8e, 0x1, 0xfb,
    0x40, 0x3f, 0xfb, 0x70, 0x60, 0x1e, 0x81, 0x0,
    0xff, 0xee, 0x78, 0x7, 0xb, 0x80, 0x7f, 0xf7,
    0x4d, 0x0, 0x34, 0x0, 0x7f, 0xf1, 0xc4, 0xd0,
    0xc4, 0x3, 0xff, 0x8f, 0x20, 0x19, 0x80, 0x3f,
    0xf8, 0xa9, 0x9d, 0x97, 0x9d, 0xae, 0x1, 0xff,
    0xc5, 0x23, 0x0, 0x28, 0x7, 0xff, 0x16, 0xac,
    0xc0, 0x38, 0xa3, 0x48, 0x3, 0xff, 0x89, 0x60,
    0xf, 0x0, 0xff, 0xe2, 0x5a, 0x80, 0x7f, 0x16,
    0x8, 0x7, 0xff, 0xd, 0x40, 0xe, 0x1, 0xff,
    0xc3, 0x74, 0x0, 0xff, 0x86, 0x80, 0x3f, 0xf8,
    0x64, 0x22, 0x20, 0xf, 0xfe, 0x10, 0xc0, 0x7,
    0xff, 0x5, 0x10, 0x1, 0xff, 0xc3, 0x52, 0x0,
    0xff, 0xe1, 0xb8, 0x7, 0xff, 0xf, 0x40, 0x3f,
    0xf8, 0x64, 0xe0, 0x1f, 0xfc, 0x3c, 0x0, 0xff,
    0xe1, 0xa0, 0x7, 0xff, 0xf, 0x84, 0x3, 0xff,
    0x86, 0xc0, 0x1f, 0xfc, 0x32, 0x0, 0xff, 0xe1,
    0x89, 0x80, 0x7f, 0xf0, 0xc4, 0x3, 0xff, 0xa8,
    0x60, 0x1f, 0xfc, 0x31, 0x0, 0xff, 0xe9, 0x88,
    0x80, 0x3f, 0xf8, 0x6c, 0x1, 0xff, 0xc3, 0x20,
    0xf, 0xfe, 0x1f, 0xb8, 0x7, 0xff, 0xf, 0x0,
    0x3f, 0xf8, 0x68, 0x1, 0xff, 0xc3, 0x13, 0x0,
    0xff, 0xe1, 0xb8, 0x7, 0xff, 0xf, 0x40, 0x3f,
    0xf8, 0x6a, 0x4, 0x1, 0xff, 0xc2, 0x16, 0x0,
    0xff, 0xe0, 0x9a, 0x0, 0x7f, 0xf0, 0xcc, 0x1c,
    0x3, 0xff, 0x87, 0x24, 0x1, 0xff, 0xe, 0x80,
    0x7f, 0xf0, 0xc8, 0x1, 0xc0, 0x1f, 0xfc, 0x4c,
    0x30, 0xf, 0xe1, 0xc1, 0x0, 0xff, 0xe1, 0xa8,
    0x1, 0x4, 0x3, 0xff, 0x86, 0x39, 0x24, 0x1,
    0xc2, 0xfc, 0x40, 0x1f, 0xfc, 0x4a, 0x0, 0x9c,
    0x3, 0xff, 0x8a, 0xdb, 0xab, 0xaa, 0x67, 0x40,
    0x7, 0xff, 0x14, 0xc8, 0x2, 0x80, 0xf, 0xfe,
    0x39, 0x22, 0xa8, 0xc0, 0x3f, 0xf8, 0xf0, 0x1,
    0x85, 0xc0, 0x3f, 0xfb, 0xa6, 0x80, 0x1d, 0x4,
    0x1, 0xff, 0xdc, 0xe0, 0xf, 0xb8, 0x3, 0xff,
    0xb7, 0x4, 0x1, 0xf1, 0xc0, 0x7, 0xff, 0x65,
    0x1c, 0x3, 0xf9, 0xdc, 0x1, 0xff, 0xd7, 0x3b,
    0x0, 0xff, 0xa1, 0x80, 0x3f, 0xfa, 0xa7, 0xa0,
    0x1f, 0xfc, 0x19, 0x90, 0x7, 0xff, 0x4d, 0x70,
    0x40, 0x3f, 0xf8, 0x4d, 0x62, 0x1, 0xff, 0xd0,
    0x8a, 0x0, 0xff, 0xe2, 0xa7, 0x38, 0x7, 0xff,
    0x35, 0x35, 0xc0, 0x3f, 0xf9, 0x11, 0xac, 0x1,
    0xff, 0xc9, 0x4b, 0xb1, 0x0, 0x7f, 0xf2, 0x8a,
    0x7a, 0xc, 0x3, 0xff, 0x86, 0x4f, 0x96, 0x80,
    0x1f, 0xfc, 0xe1, 0x7c, 0xea, 0x75, 0x21, 0x0,
    0x84, 0x91, 0xa7, 0x75, 0x6, 0x1, 0xff, 0xc2,

    /* U+0070 "p" */
    0x1, 0x1f, 0xfe, 0x18, 0x6, 0x26, 0x9c, 0xef,
    0xf7, 0x6d, 0xc2, 0x88, 0x7, 0xff, 0xe, 0x3b,
    0xbf, 0xf8, 0x5a, 0x0, 0x5b, 0xd9, 0x63, 0x10,
    0x0, 0x92, 0x3d, 0x76, 0x30, 0x7, 0xff, 0x44,
    0xf6, 0x90, 0x3, 0xff, 0x82, 0x73, 0xcc, 0x1,
    0xff, 0xce, 0x3c, 0x20, 0xf, 0xfe, 0x28, 0xce,
    0x10, 0x7, 0xff, 0x88, 0xf5, 0x40, 0x3f, 0xfc,
    0x74, 0xe0, 0x1f, 0xfe, 0x38, 0x70, 0xf, 0xff,
    0x1c, 0x20, 0x7, 0xff, 0x8e, 0xc8, 0x3, 0xff,
    0xc7, 0x20, 0x1f, 0xfe, 0x34, 0x50, 0xf, 0xff,
    0x1c, 0x0, 0x7f, 0xf8, 0xc9, 0x0, 0x3f, 0xf9,
    0x66, 0xaa, 0x41, 0x0, 0xff, 0xe3, 0xf8, 0x7,
    0xff, 0x20, 0x63, 0xb2, 0xa9, 0x7d, 0x8a, 0x1,
    0xff, 0xc5, 0x40, 0xf, 0xfe, 0x39, 0xfb, 0x88,
    0x7, 0x1d, 0x50, 0x3, 0xff, 0x8a, 0xa0, 0x1f,
    0xfc, 0x52, 0xc1, 0x0, 0xfe, 0x5a, 0x0, 0xff,
    0xe2, 0x60, 0x7, 0xff, 0x17, 0xc0, 0x3f, 0xf8,
    0xa, 0xc0, 0x1f, 0xfc, 0x35, 0x0, 0xff, 0xe2,
    0x29, 0x0, 0x7f, 0xf0, 0x60, 0x3, 0xff, 0x86,
    0x40, 0x1f, 0xfc, 0x4f, 0x0, 0xff, 0xe1, 0xa,
    0x80, 0x7f, 0xf0, 0x84, 0x40, 0x1f, 0xfc, 0x34,
    0x0, 0xff, 0xe1, 0xe0, 0x7, 0xff, 0x4c, 0x40,
    0x3f, 0xf8, 0x66, 0x1, 0xff, 0xc3, 0x30, 0xf,
    0xfe, 0x98, 0x80, 0x7f, 0xf0, 0xc4, 0x3, 0xff,
    0xa6, 0x20, 0x1f, 0xfc, 0x31, 0x0, 0xff, 0xe1,
    0x90, 0x7, 0xff, 0xf, 0x40, 0x3f, 0xf8, 0x66,
    0x1, 0xff, 0xc3, 0x50, 0xf, 0xfe, 0x1a, 0x0,
    0x7f, 0xf0, 0xc4, 0x3, 0xff, 0x87, 0x40, 0x1f,
    0xfc, 0x23, 0x30, 0x7, 0xff, 0x8, 0x80, 0x3f,
    0xf8, 0x84, 0xe0, 0x1f, 0xfc, 0x1f, 0x0, 0xff,
    0xe1, 0xb0, 0x7, 0xff, 0x16, 0x10, 0x3, 0xfe,
    0xa3, 0x0, 0xff, 0xe1, 0x98, 0x7, 0xff, 0x1a,
    0xd8, 0x3, 0xf0, 0xda, 0x80, 0x7f, 0xf1, 0x2c,
    0x3, 0xff, 0x8f, 0x3a, 0xe4, 0x20, 0x29, 0x3c,
    0x80, 0x1f, 0xfc, 0x41, 0x30, 0xf, 0xfe, 0x41,
    0x46, 0xf7, 0xf5, 0xb0, 0x7, 0xff, 0x19, 0xc0,
    0x3f, 0xfc, 0x76, 0x1, 0xff, 0xe2, 0x52, 0x0,
    0xff, 0xf1, 0x40, 0x7, 0xff, 0x8a, 0x8, 0x3,
    0xff, 0xc2, 0x6e, 0x1, 0xff, 0xe1, 0x1d, 0x0,
    0xff, 0xf0, 0x8e, 0x8, 0x7, 0xff, 0x80, 0x70,
    0x80, 0x3f, 0xfc, 0x9, 0xe4, 0x1, 0xff, 0xca,
    0x20, 0xf, 0xfe, 0x4c, 0xd8, 0x80, 0x7f, 0xf2,
    0xeb, 0x50, 0x3, 0xff, 0x8a, 0xfc, 0xc0, 0x1f,
    0xfc, 0xe2, 0xbd, 0x72, 0x0, 0xff, 0x92, 0xbe,
    0x4, 0x3, 0xff, 0xa2, 0x51, 0xbd, 0x70, 0xec,
    0xc7, 0x8a, 0xdf, 0xb5, 0x0, 0xff, 0xeb, 0x8a,
    0x3c, 0x4c, 0xa1, 0xd4, 0x80, 0x3f, 0xff, 0xe0,
    0x1f, 0xff, 0xf0, 0xf, 0xff, 0xf8, 0x7, 0xff,
    0xfc, 0x3, 0xff, 0xfe, 0x1, 0xff, 0xff, 0x0,
    0xff, 0xff, 0x80, 0x7f, 0xff, 0xc0, 0x3f, 0xff,
    0xe0, 0x1f, 0xff, 0xf0, 0xf, 0xfe, 0xb8,

    /* U+0071 "q" */
    0x0, 0xff, 0xe1, 0x93, 0x4e, 0x77, 0xfd, 0xd9,
    0x8, 0x1, 0xe1, 0x1f, 0xfe, 0x18, 0x7, 0xff,
    0x0, 0x5f, 0x75, 0x2c, 0x62, 0x1, 0x9, 0xbd,
    0xfc, 0x8, 0x1, 0xfb, 0xbf, 0xf8, 0x50, 0x1,
    0xff, 0x3f, 0x41, 0x0, 0x7f, 0xf0, 0x5f, 0xa4,
    0x3, 0xff, 0x9c, 0x7b, 0x0, 0x1f, 0xfc, 0x66,
    0xdd, 0x0, 0x7f, 0xf2, 0xdb, 0x8, 0x3, 0xff,
    0x90, 0x4a, 0x1, 0xff, 0xca, 0x89, 0x0, 0xff,
    0xf0, 0xc3, 0x80, 0x7f, 0xf8, 0x55, 0xc0, 0x3f,
    0xfc, 0x25, 0x40, 0x1f, 0xfe, 0x29, 0x0, 0xff,
    0xf1, 0x2a, 0x0, 0x7f, 0xf8, 0xa0, 0x3, 0xff,
    0xc4, 0x84, 0x1, 0xff, 0xe2, 0xe0, 0xf, 0xfe,
    0x38, 0xa2, 0xa8, 0xc0, 0x3f, 0xf9, 0x6a, 0x1,
    0xff, 0xc5, 0x4c, 0xeb, 0xaa, 0x67, 0xc8, 0x80,
    0x7f, 0xf1, 0xd0, 0x3, 0xff, 0x8b, 0x36, 0x60,
    0x1e, 0x6f, 0x30, 0xf, 0xfe, 0x36, 0x0, 0x7f,
    0xf1, 0x29, 0x80, 0x3f, 0x87, 0x8, 0x3, 0xff,
    0x8a, 0x60, 0x1f, 0xfc, 0x35, 0x50, 0x7, 0xff,
    0x3, 0xc0, 0x3f, 0xf8, 0xaa, 0x1, 0xff, 0xc3,
    0x80, 0xf, 0xfe, 0x9, 0x30, 0x7, 0xff, 0x10,
    0x40, 0x3f, 0xf8, 0x46, 0x40, 0x1f, 0xfc, 0x2d,
    0x0, 0xff, 0xe9, 0xa0, 0x7, 0xff, 0xd, 0x0,
    0x3f, 0xf8, 0x62, 0x1, 0xff, 0xc3, 0xe0, 0xf,
    0xfe, 0x20, 0x80, 0x7f, 0xf0, 0x8c, 0x3, 0xff,
    0x86, 0x60, 0x1f, 0xfd, 0x33, 0x0, 0xff, 0xe1,
    0x90, 0x7, 0xff, 0x10, 0x40, 0x3f, 0xf8, 0x42,
    0x1, 0xff, 0xc3, 0xe0, 0xf, 0xfe, 0x18, 0x80,
    0x7f, 0xf4, 0xd0, 0x3, 0xff, 0x86, 0x80, 0x1f,
    0xfc, 0x42, 0x0, 0xff, 0xe1, 0x12, 0x0, 0x7f,
    0xf0, 0xa4, 0x3, 0xff, 0x88, 0xe0, 0x1f, 0xfc,
    0x39, 0x0, 0xff, 0xe0, 0xa9, 0x80, 0x7f, 0xf1,
    0x34, 0x3, 0xff, 0x86, 0x56, 0x1, 0xff, 0x1d,
    0x0, 0x7f, 0xf1, 0x54, 0x3, 0xff, 0x88, 0x98,
    0x40, 0x1f, 0x97, 0x0, 0x3f, 0xf8, 0xc4, 0x20,
    0x1f, 0xfc, 0x43, 0xd9, 0x41, 0x1, 0x26, 0xca,
    0x0, 0xff, 0xe4, 0x30, 0x7, 0xff, 0x19, 0xaf,
    0xbf, 0xb6, 0x4c, 0x3, 0xff, 0x93, 0x20, 0x1f,
    0xfe, 0x31, 0x50, 0xf, 0xff, 0x1c, 0x0, 0x7f,
    0xf8, 0xca, 0x0, 0x3f, 0xfc, 0x6e, 0x60, 0x1f,
    0xfe, 0x3d, 0x10, 0xf, 0xff, 0x10, 0xe8, 0x80,
    0x7f, 0xf8, 0x8f, 0x4, 0x3, 0xff, 0xc4, 0x58,
    0x60, 0x1f, 0xfe, 0x22, 0xc7, 0x0, 0xff, 0xe4,
    0x3c, 0x0, 0x7f, 0xf3, 0x63, 0x98, 0x3, 0xff,
    0x88, 0x99, 0x0, 0x1f, 0xfc, 0xf1, 0x9e, 0x83,
    0x0, 0xff, 0xb, 0x6d, 0x98, 0x7, 0xff, 0x48,
    0x5f, 0x3f, 0x26, 0x1d, 0x99, 0x15, 0xbd, 0x24,
    0x1, 0xff, 0xd8, 0x36, 0x78, 0x99, 0x3a, 0x90,
    0x7, 0xff, 0xfc, 0x3, 0xff, 0xfe, 0x1, 0xff,
    0xff, 0x0, 0xff, 0xff, 0x80, 0x7f, 0xff, 0xc0,
    0x3f, 0xff, 0xe0, 0x1f, 0xff, 0xf0, 0xf, 0xff,
    0xf8, 0x7, 0xff, 0xfc, 0x3, 0xff, 0xfe, 0x1,
    0xff, 0xdc,

    /* U+0072 "r" */
    0x0, 0xff, 0xe4, 0xa4, 0x5e, 0xf7, 0xfb, 0x72,
    0x10, 0x3, 0x3f, 0xff, 0xff, 0xa, 0xc0, 0x3,
    0x1d, 0x6e, 0x84, 0x20, 0x2, 0x37, 0xbe, 0x60,
    0x7, 0x80, 0x7f, 0xf0, 0x9c, 0x1f, 0x9c, 0x40,
    0x3f, 0xe1, 0x9b, 0x10, 0xf, 0xfe, 0x18, 0xdc,
    0x0, 0x7f, 0xf1, 0x12, 0xc0, 0x3f, 0xf8, 0x64,
    0x80, 0x1f, 0xfc, 0x51, 0xb0, 0xf, 0xfe, 0xb5,
    0x8, 0x7, 0xff, 0x56, 0x10, 0x3, 0xff, 0xaa,
    0x8e, 0x1, 0xff, 0xd5, 0x1a, 0x0, 0xff, 0xeb,
    0x68, 0x80, 0x7f, 0xf5, 0x60, 0xc0, 0x3f, 0xfa,
    0xa8, 0xe0, 0x1f, 0xfd, 0x51, 0xa0, 0xf, 0xfe,
    0x69, 0xbc, 0xca, 0x10, 0x2, 0xd1, 0x0, 0xff,
    0xe5, 0x8e, 0x62, 0x19, 0x8f, 0x7a, 0x92, 0x60,
    0x1f, 0xfc, 0xcc, 0x30, 0xf, 0x15, 0xb0, 0x7,
    0xff, 0x31, 0xc8, 0x3, 0xff, 0xad, 0x40, 0x1f,
    0xfd, 0x72, 0x0, 0xff, 0xeb, 0x10, 0x7, 0xff,
    0x5c, 0x40, 0x3f, 0xff, 0xe0, 0x1f, 0xff, 0xf0,
    0xf, 0xff, 0xf8, 0x7, 0xff, 0xfc, 0x3, 0xff,
    0xfe, 0x1, 0xff, 0xff, 0x0, 0xff, 0xff, 0x80,
    0x7f, 0xff, 0xc0, 0x3f, 0xff, 0xe0, 0x1f, 0xff,
    0xf0, 0xf, 0xff, 0xf8, 0x7, 0xff, 0x2c,

    /* U+0073 "s" */
    0x0, 0xff, 0xe1, 0x8a, 0xc5, 0x5e, 0x6e, 0x62,
    0xe5, 0xd0, 0x40, 0x3f, 0xf9, 0x85, 0x1b, 0xd4,
    0xea, 0x86, 0x46, 0x64, 0x68, 0xbe, 0xd8, 0x30,
    0xf, 0xfe, 0x39, 0x56, 0xb9, 0x0, 0x7f, 0xf0,
    0x89, 0xf3, 0x58, 0x3, 0xff, 0x88, 0xfa, 0xa0,
    0x1f, 0xfc, 0x82, 0x9e, 0x60, 0xf, 0xfe, 0xd,
    0xc0, 0x7, 0xff, 0x30, 0x67, 0x8, 0x3, 0xfd,
    0x88, 0x1, 0xff, 0xcf, 0x3c, 0x40, 0xf, 0xd4,
    0x60, 0x1f, 0xfd, 0x11, 0xb4, 0x0, 0xf2, 0xa8,
    0x3, 0xff, 0xa9, 0x64, 0x1, 0xd6, 0x1, 0xff,
    0xd5, 0x62, 0x0, 0xcc, 0x20, 0x1f, 0xfd, 0x46,
    0x90, 0xe, 0xd0, 0xf, 0xfe, 0xa2, 0xc8, 0x7,
    0x90, 0x3, 0xff, 0xa6, 0xb4, 0x1, 0xe2, 0x0,
    0xff, 0xe1, 0x9d, 0xf7, 0xf6, 0x4a, 0x0, 0x7e,
    0x5a, 0x0, 0xf8, 0x40, 0x3f, 0xf8, 0x78, 0x82,
    0x2, 0x6d, 0x7c, 0xe0, 0x1c, 0xb4, 0x1, 0xf9,
    0xc0, 0x3f, 0xf8, 0x42, 0x1, 0xf8, 0x63, 0x48,
    0x0, 0xb4, 0x1, 0xfc, 0xe0, 0x1f, 0xfc, 0x21,
    0x80, 0xf, 0xe2, 0xd3, 0x5a, 0x0, 0xff, 0x8,
    0x7, 0xff, 0xd, 0xf5, 0xc8, 0x3, 0xf6, 0x50,
    0x7, 0xfc, 0x40, 0x1f, 0xfc, 0x42, 0x8d, 0xd4,
    0xa0, 0x7, 0xff, 0x1c, 0xc0, 0x3f, 0xf8, 0xc4,
    0xd7, 0xf6, 0xc0, 0x1f, 0xfc, 0x4b, 0x0, 0xff,
    0xe5, 0x24, 0xfc, 0x90, 0x7, 0xff, 0x5, 0xc4,
    0x3, 0xff, 0x98, 0xdb, 0x20, 0x1f, 0xfc, 0x18,
    0x0, 0xff, 0xe7, 0x37, 0x20, 0x7, 0xfc, 0xca,
    0x1, 0xff, 0xce, 0x1b, 0x50, 0xf, 0xfa, 0x90,
    0x3, 0xff, 0x9f, 0x48, 0x1, 0xff, 0x5b, 0x80,
    0x7f, 0xf3, 0xe8, 0x40, 0x3f, 0xe8, 0xd4, 0x0,
    0xff, 0xe6, 0x8c, 0x0, 0x7f, 0xf0, 0xa, 0xf1,
    0x80, 0x3f, 0xf9, 0x8c, 0x20, 0x1f, 0xfc, 0x13,
    0x9f, 0xa6, 0x10, 0xf, 0xfe, 0x4b, 0x80, 0x7f,
    0xf1, 0x16, 0x7b, 0x61, 0x0, 0x3f, 0xf8, 0xd8,
    0x1, 0xfe, 0x61, 0x0, 0xf8, 0x9e, 0xfe, 0x48,
    0x3, 0xff, 0x86, 0xc0, 0x1f, 0xcf, 0x3e, 0x60,
    0x1f, 0xe6, 0xd6, 0x0, 0xff, 0xe1, 0x10, 0x7,
    0xe6, 0x80, 0x1c, 0x70, 0xf, 0xfa, 0x0, 0x3f,
    0xf8, 0x42, 0x1, 0xf3, 0x48, 0x6, 0x8d, 0x50,
    0xf, 0xfe, 0x9a, 0xc8, 0x7, 0x8a, 0xba, 0x54,
    0x80, 0x32, 0x68, 0x7, 0xff, 0x8, 0x40, 0x39,
    0x68, 0x3, 0xf8, 0x5a, 0xb7, 0xff, 0x59, 0x80,
    0x7f, 0xf0, 0x88, 0x3, 0x2d, 0x0, 0x7f, 0xf5,
    0x90, 0x2, 0x4a, 0x0, 0xff, 0xeb, 0xe0, 0x1,
    0x2c, 0x3, 0xff, 0xae, 0x48, 0x0, 0x61, 0x0,
    0xff, 0xeb, 0xc0, 0x4, 0x5e, 0x40, 0x1f, 0xfd,
    0x54, 0x50, 0xc, 0x3a, 0xc0, 0x1f, 0xfd, 0x32,
    0xa0, 0xf, 0xa6, 0xc8, 0x3, 0xff, 0xa0, 0x78,
    0x20, 0x1f, 0x93, 0x60, 0x40, 0x3f, 0xf9, 0xad,
    0x82, 0x1, 0xff, 0x3f, 0x49, 0x80, 0x7f, 0xf2,
    0x4f, 0x24, 0x3, 0xff, 0x86, 0xd9, 0xae, 0x40,
    0x1f, 0xfc, 0x46, 0xcc, 0x18, 0x7, 0xff, 0x18,
    0xa3, 0x7a, 0xdd, 0x4c, 0x40, 0x21, 0x23, 0x69,
    0xcf, 0x93, 0x0, 0xff, 0x0,

    /* U+0074 "t" */
    0x0, 0xff, 0x35, 0x57, 0xff, 0x9, 0xc0, 0x3f,
    0xf9, 0x1e, 0xab, 0xff, 0xc2, 0xc0, 0xf, 0xff,
    0xf8, 0x7, 0xff, 0xfc, 0x3, 0xff, 0xfe, 0x1,
    0xff, 0xff, 0x0, 0xff, 0xff, 0x80, 0x7f, 0xff,
    0xc0, 0x3f, 0xff, 0xe0, 0x1f, 0xff, 0x12, 0xff,
    0xfe, 0x60, 0xf, 0xfe, 0x12, 0x7f, 0xff, 0x18,
    0x7, 0xff, 0xfc, 0x3, 0xff, 0xfe, 0x1, 0xff,
    0xff, 0x0, 0xff, 0xff, 0x80, 0x7f, 0xff, 0xc0,
    0x3f, 0xf9, 0x26, 0x89, 0xfc, 0x20, 0x1f, 0xfc,
    0x21, 0x44, 0xfe, 0x11, 0x5d, 0xff, 0x38, 0x7,
    0xff, 0x9, 0x6e, 0xff, 0x88, 0x3, 0xff, 0xfe,
    0x1, 0xff, 0xff, 0x0, 0xff, 0xff, 0x80, 0x7f,
    0xff, 0xc0, 0x3f, 0xff, 0xe0, 0x1f, 0xff, 0xf0,
    0xf, 0xff, 0xf8, 0x7, 0xff, 0xfc, 0x3, 0xff,
    0xfe, 0x1, 0xff, 0xff, 0x0, 0xff, 0xff, 0x80,
    0x7f, 0xff, 0xc0, 0x3f, 0xff, 0xe0, 0x1f, 0xff,
    0x90,

    /* U+0075 "u" */
    0xaf, 0xff, 0xfe, 0x15, 0x0, 0x7f, 0x93, 0xff,
    0xff, 0x86, 0x20, 0x1f, 0xff, 0xf0, 0xf, 0xff,
    0xf8, 0x7, 0xff, 0xfc, 0x3, 0xff, 0xfe, 0x1,
    0xff, 0xff, 0x0, 0xff, 0xff, 0x80, 0x7f, 0xff,
    0xc0, 0x3f, 0xff, 0xe0, 0x1f, 0xff, 0xf0, 0xf,
    0xff, 0xf8, 0x7, 0xff, 0xfc, 0x3, 0xff, 0xfe,
    0x1, 0xff, 0xff, 0x0, 0xff, 0xf6, 0x9, 0x80,
    0x7f, 0xf0, 0x84, 0x3, 0xff, 0x9e, 0x20, 0x1f,
    0xfc, 0x26, 0x0, 0xff, 0x10, 0x7, 0xff, 0x13,
    0xc0, 0x3f, 0xf8, 0x44, 0x40, 0xf, 0xed, 0x0,
    0xff, 0xe1, 0x8, 0x10, 0x7, 0xff, 0xe, 0x0,
    0x3f, 0x22, 0x0, 0x3f, 0xf8, 0x4a, 0x8, 0x1,
    0xff, 0xc3, 0x58, 0x0, 0xf2, 0x50, 0x7, 0xff,
    0xc, 0xc0, 0x44, 0x1, 0xff, 0xc3, 0x7d, 0x85,
    0x46, 0xbb, 0x8, 0x7, 0xff, 0xf, 0x0, 0xc,
    0x1, 0xff, 0xc4, 0x27, 0xab, 0x94, 0x0, 0xff,
    0xe2, 0xa, 0x0, 0x28, 0x3, 0xff, 0xb4, 0xe0,
    0x11, 0x28, 0x7, 0xff, 0x66, 0xc0, 0x34, 0x0,
    0x7f, 0xf6, 0x18, 0x80, 0x31, 0x40, 0x7, 0xff,
    0x58, 0x60, 0x3, 0xce, 0x60, 0x1f, 0xfd, 0x5a,
    0x10, 0xf, 0xb4, 0x80, 0x3f, 0xfa, 0x72, 0x80,
    0x1f, 0x87, 0x8, 0x3, 0xff, 0xa3, 0x2c, 0x1,
    0xfe, 0x1d, 0x40, 0xf, 0xfe, 0x7d, 0xb0, 0x7,
    0xff, 0x6, 0xe4, 0x3, 0xff, 0x98, 0x9a, 0x80,
    0x1f, 0xfc, 0x36, 0xe6, 0x0, 0xff, 0xe4, 0x15,
    0x59, 0x0, 0x7f, 0xf1, 0x46, 0x7a, 0x8, 0x3,
    0xff, 0x86, 0xb7, 0xaa, 0x1, 0xff, 0xc9, 0x17,
    0xde, 0x96, 0x42, 0x10, 0x8, 0x4d, 0x62, 0xfe,
    0x90, 0x3, 0xff, 0x80,

    /* U+0076 "v" */
    0xe, 0xff, 0xff, 0xe1, 0xb0, 0x7, 0xff, 0xf,
    0x7f, 0xff, 0xf8, 0x68, 0x12, 0x1, 0xff, 0xc3,
    0xd0, 0xf, 0xfe, 0x11, 0x10, 0x3, 0xff, 0x84,
    0x48, 0xc, 0x1, 0xff, 0xc3, 0x41, 0x0, 0xff,
    0xe0, 0xa8, 0x7, 0xff, 0xe, 0x80, 0x2, 0xa0,
    0x1f, 0xfc, 0x34, 0x0, 0xff, 0xe0, 0xd8, 0x7,
    0xff, 0xd, 0x80, 0x2e, 0x0, 0xff, 0xe1, 0xf8,
    0x7, 0xff, 0x0, 0x4c, 0x3, 0xff, 0x84, 0xa2,
    0x1, 0x21, 0x0, 0x7f, 0xf0, 0x94, 0x3, 0xff,
    0x80, 0xe0, 0x1f, 0xfc, 0x39, 0x0, 0xea, 0x0,
    0xff, 0xe1, 0xa0, 0x7, 0xfd, 0xa0, 0x1f, 0xfc,
    0x22, 0x30, 0xe, 0x60, 0xf, 0xfe, 0x1e, 0x80,
    0x7f, 0xc8, 0x1, 0xff, 0xc2, 0xb0, 0xf, 0xa,
    0x80, 0x7f, 0xf0, 0x9c, 0x3, 0xfc, 0xa0, 0x1f,
    0xfc, 0x36, 0x0, 0xfa, 0x40, 0x3f, 0xf8, 0x42,
    0x60, 0x1f, 0xde, 0x1, 0xff, 0xc2, 0x60, 0xf,
    0xc6, 0x40, 0x1f, 0xfc, 0x2b, 0x0, 0xfe, 0x40,
    0xf, 0xfe, 0x15, 0x0, 0x7f, 0x58, 0x7, 0xff,
    0x9, 0x40, 0x3f, 0x18, 0x80, 0x7f, 0xf0, 0x4c,
    0xc0, 0x1f, 0xcc, 0x1, 0xff, 0xc2, 0x21, 0x0,
    0xfa, 0xc0, 0x3f, 0xf8, 0x54, 0x1, 0xff, 0x30,
    0x7, 0xff, 0x9, 0xc0, 0x3e, 0x50, 0xf, 0xfe,
    0x13, 0x0, 0x7f, 0xd4, 0x1, 0xff, 0xc2, 0xd0,
    0xf, 0x11, 0x0, 0x3f, 0xf8, 0x2c, 0x1, 0xff,
    0xc0, 0x33, 0x0, 0x7f, 0xf0, 0x50, 0x40, 0x39,
    0x40, 0x3f, 0xf8, 0x56, 0x1, 0xff, 0xc1, 0xa0,
    0xf, 0xfe, 0x12, 0x0, 0x75, 0x80, 0x7f, 0xf0,
    0x4c, 0x80, 0x3f, 0xf8, 0x2c, 0x20, 0x1f, 0xfc,
    0x1f, 0x0, 0xc2, 0x60, 0x1f, 0xfc, 0x19, 0x0,
    0xff, 0xe1, 0xb0, 0x7, 0xff, 0x5, 0x40, 0x33,
    0x80, 0x7f, 0xf0, 0x45, 0x40, 0x3f, 0xf8, 0x74,
    0x1, 0xff, 0xc2, 0x40, 0xb, 0x40, 0x3f, 0xf8,
    0x2c, 0x1, 0xff, 0xc4, 0x24, 0x0, 0xff, 0xe0,
    0xe8, 0x4, 0x80, 0x1f, 0xfc, 0x1a, 0x0, 0xff,
    0xe2, 0xf0, 0x7, 0xff, 0x5, 0xc0, 0xa, 0x1,
    0xff, 0xc1, 0x42, 0x0, 0xff, 0xe2, 0xa8, 0x80,
    0x7f, 0xf0, 0x4, 0xc3, 0xc0, 0x3f, 0xf8, 0x3c,
    0x1, 0xff, 0xc7, 0x60, 0xf, 0xfe, 0xd, 0x82,
    0x0, 0x7f, 0xf0, 0x5, 0x40, 0x3f, 0xf8, 0xf4,
    0x1, 0xff, 0xc1, 0x43, 0x10, 0xf, 0xfe, 0x3,
    0x0, 0x7f, 0xf2, 0x9, 0x0, 0x3f, 0xf8, 0x7,
    0x20, 0x1f, 0xfc, 0x19, 0x0, 0xff, 0xe4, 0xf8,
    0x7, 0xff, 0x5, 0x40, 0x3f, 0xf8, 0x8, 0x20,
    0x1f, 0xfc, 0x94, 0x10, 0xf, 0xfe, 0x6f, 0x80,
    0x7f, 0xf2, 0xe4, 0x3, 0xff, 0x98, 0x48, 0x1,
    0xff, 0xcb, 0x60, 0xf, 0xfe, 0x65, 0x0, 0x7f,
    0xf3, 0x5, 0x40, 0x3f, 0xf9, 0x6c, 0x1, 0xff,
    0xcd, 0xe0, 0xf, 0xfe, 0x52, 0x88, 0x7, 0xff,
    0x35, 0x8, 0x3, 0xff, 0x93, 0x20, 0x1f, 0xfc,
    0xfa, 0x0, 0xff, 0xe4, 0x11, 0x80, 0x7f, 0xf3,
    0xd8, 0x3, 0xff, 0x91, 0x60, 0x1f, 0xfd, 0x1,
    0x50, 0xf, 0xfe, 0x3b, 0x80, 0x7f, 0xf4, 0x64,
    0x3, 0xff, 0x8c, 0xc2, 0x1, 0xff, 0xd1, 0x32,
    0x0, 0xff, 0xe2, 0xd0, 0x7, 0xff, 0x4e, 0xc0,
    0x3f, 0xf8, 0x86, 0x60, 0xf, 0xfe, 0x9b, 0x0,
    0x7f, 0xf1, 0x28, 0x3, 0xff, 0xaa, 0xc0, 0x1f,
    0xfc, 0x36, 0x0, 0xff, 0xea, 0xd0, 0x7, 0xff,
    0x9, 0x80, 0x3f, 0xfa, 0xc6, 0x60, 0xf, 0xfe,
    0xd, 0x80, 0x7f, 0xf1, 0x40,

    /* U+0077 "w" */
    0x8f, 0xff, 0xfe, 0x11, 0x0, 0x7f, 0xf0, 0x33,
    0xff, 0xff, 0x81, 0xc2, 0x1, 0xff, 0xc0, 0xbf,
    0xff, 0xfe, 0xf, 0x6, 0x0, 0x7f, 0xf0, 0x90,
    0x3, 0xfe, 0x13, 0x0, 0xff, 0xe0, 0xb, 0x80,
    0x7f, 0xf0, 0x10, 0x3, 0xff, 0x82, 0x80, 0x80,
    0x1f, 0xfc, 0x2c, 0x0, 0xff, 0x9c, 0x3, 0xff,
    0x85, 0xa0, 0x1f, 0xf2, 0x0, 0x7f, 0xf0, 0xbc,
    0x0, 0xa0, 0x1f, 0xfc, 0x14, 0x0, 0xff, 0xb4,
    0x3, 0xff, 0x84, 0x80, 0x1f, 0xf6, 0x0, 0x7f,
    0xf0, 0x90, 0x1, 0xe0, 0x1f, 0xfc, 0x11, 0x30,
    0xf, 0xf2, 0x0, 0x7f, 0xf0, 0xd4, 0x3, 0xfc,
    0x80, 0x1f, 0xfc, 0x14, 0x10, 0x2, 0x80, 0x7f,
    0xf0, 0x90, 0x3, 0xf9, 0x40, 0x3f, 0xf8, 0x9e,
    0x1, 0xfc, 0x26, 0x1, 0xff, 0xc1, 0xd0, 0xc,
    0x80, 0x1f, 0xfc, 0x1c, 0x0, 0xfe, 0xf0, 0xf,
    0xfe, 0x22, 0x0, 0x7f, 0x20, 0x7, 0xff, 0x9,
    0xc0, 0x37, 0x0, 0x7f, 0xf0, 0x50, 0x3, 0xf9,
    0x0, 0x3f, 0xf8, 0x82, 0x60, 0x1f, 0xb0, 0x3,
    0xff, 0x82, 0x62, 0x1, 0x90, 0x3, 0xff, 0x84,
    0x60, 0x1f, 0x18, 0x80, 0x7f, 0xf1, 0x6c, 0x3,
    0xf2, 0x0, 0x7f, 0xf0, 0x6c, 0x3, 0x85, 0x0,
    0x3f, 0xf8, 0x28, 0x1, 0xf5, 0x80, 0x7f, 0xf1,
    0x94, 0x3, 0xe1, 0x20, 0xf, 0xfe, 0xa, 0x80,
    0x7b, 0x40, 0x3f, 0xf8, 0x38, 0x1, 0xf2, 0x80,
    0x7f, 0xf1, 0x88, 0x80, 0x1e, 0x70, 0xf, 0xfe,
    0x9, 0x10, 0x3, 0xce, 0x1, 0xff, 0xc1, 0x40,
    0xf, 0x11, 0x0, 0x3f, 0xf8, 0xea, 0x1, 0xec,
    0x0, 0xff, 0xe0, 0xa8, 0x7, 0xc2, 0x60, 0x1f,
    0xfc, 0x14, 0x0, 0xe5, 0x0, 0xff, 0xe4, 0x58,
    0x7, 0x90, 0x3, 0xff, 0x83, 0x60, 0x1f, 0xac,
    0x3, 0xff, 0x83, 0x80, 0x1d, 0x60, 0x1f, 0xfc,
    0x83, 0x10, 0xc, 0x42, 0x1, 0xff, 0xc0, 0x23,
    0x0, 0xfc, 0xa0, 0x1f, 0xfc, 0x14, 0x0, 0xc2,
    0x60, 0x1f, 0xfc, 0x97, 0x0, 0xc8, 0x1, 0xff,
    0xc1, 0x50, 0xf, 0xe2, 0x20, 0x7, 0xff, 0x0,
    0xc0, 0x33, 0x80, 0x7f, 0xf2, 0xb4, 0x3, 0x68,
    0x7, 0xff, 0x6, 0xc0, 0x3f, 0xca, 0x1, 0xff,
    0xc1, 0x40, 0xb, 0x40, 0x3f, 0xf9, 0x48, 0x1,
    0x90, 0x3, 0xff, 0x80, 0x26, 0x1, 0xfe, 0xb0,
    0xf, 0xfe, 0xe, 0x0, 0x48, 0x1, 0xff, 0xcb,
    0x50, 0x1, 0x80, 0x7f, 0xf0, 0x5c, 0x3, 0xfe,
    0x31, 0x0, 0xff, 0xe0, 0x20, 0x1, 0x40, 0x3f,
    0xf9, 0x98, 0x0, 0x40, 0xf, 0xfe, 0xe, 0x80,
    0x7f, 0xf0, 0x18, 0x3, 0xff, 0x80, 0x62, 0x18,
    0x1, 0xff, 0xc0, 0x60, 0xf, 0xf9, 0xc0, 0x18,
    0x1, 0xff, 0xc1, 0x40, 0xf, 0xfe, 0x5, 0x80,
    0x7f, 0xf0, 0x50, 0x1c, 0x3, 0xfe, 0x5d, 0x0,
    0xff, 0x84, 0xc1, 0x0, 0x3f, 0xf8, 0xa, 0x1,
    0xff, 0xc1, 0x31, 0x0, 0xff, 0xe0, 0x61, 0x88,
    0x7, 0xfd, 0xe8, 0x20, 0x1f, 0xf5, 0xa0, 0x7,
    0xff, 0x7, 0xc0, 0x3f, 0xf8, 0x4e, 0x1, 0xff,
    0xc0, 0x4b, 0x0, 0xff, 0xe0, 0x28, 0x20, 0x7,
    0xfc, 0xb8, 0x1, 0xff, 0xc1, 0x50, 0xf, 0xfe,
    0x16, 0x80, 0x7f, 0xf0, 0x9, 0x80, 0x3f, 0xe4,
    0x0, 0x78, 0x7, 0xfc, 0x4c, 0x1, 0xff, 0xc0,
    0x40, 0xf, 0xfe, 0x1a, 0x0, 0x7f, 0xf0, 0x44,
    0x3, 0xfe, 0xd0, 0x2, 0x80, 0x7f, 0xf0, 0x4,
    0x3, 0xff, 0x81, 0xa0, 0x1f, 0xfc, 0x45, 0x0,
    0xff, 0xe6, 0x38, 0x4, 0x80, 0x1f, 0xfc, 0xc7,
    0x0, 0xff, 0xe2, 0x78, 0x7, 0xff, 0x2c, 0xc4,
    0x2, 0xd0, 0xf, 0xfe, 0x5a, 0x8, 0x7, 0xff,
    0x11, 0x40, 0x3f, 0xf9, 0x76, 0x1, 0x9c, 0x3,
    0xff, 0x97, 0xa0, 0x1f, 0xfc, 0x64, 0x0, 0xff,
    0xe5, 0x28, 0x6, 0x13, 0x0, 0xff, 0xe5, 0x38,
    0x7, 0xff, 0x1b, 0x40, 0x3f, 0xf9, 0x26, 0x40,
    0x1d, 0x60, 0x1f, 0xfc, 0x93, 0x10, 0xf, 0xfe,
    0x33, 0x80, 0x7f, 0xf2, 0x6c, 0x3, 0xca, 0x1,
    0xff, 0xc9, 0xb0, 0xf, 0xfe, 0x38, 0xa0, 0x7,
    0xff, 0x21, 0x40, 0x3c, 0x44, 0x0, 0xff, 0xe4,
    0x28, 0x7, 0xff, 0x23, 0x40, 0x3f, 0xf8, 0xe4,
    0x40, 0xf, 0x94, 0x3, 0xff, 0x8e, 0x44, 0x0,
    0xff, 0xe4, 0x38, 0x7, 0xff, 0x1d, 0x40, 0x3f,
    0x58, 0x7, 0xff, 0x1d, 0x40, 0x3f, 0xf9, 0x22,
    0x60, 0x1f, 0xfc, 0x6b, 0x0, 0xfc, 0x62, 0x1,
    0xff, 0xc6, 0xb0, 0xf, 0xfe, 0x55, 0x80, 0x7f,
    0xf1, 0x44, 0xc0, 0x3f, 0x90, 0x3, 0xff, 0x8a,
    0x26, 0x1, 0xff, 0xca, 0x50, 0xf, 0xfe, 0x2b,
    0x80, 0x7f, 0xbc, 0x3, 0xff, 0x8a, 0xe0, 0x1f,
    0xfc, 0xb2, 0x20, 0x7, 0xff, 0x13, 0x40, 0x3f,
    0xca, 0x1, 0xff, 0xc5, 0xa0, 0xf, 0xfe, 0x62,
    0x80, 0x7f, 0xf1, 0x10, 0x3, 0xfe, 0x40, 0xf,
    0xfe, 0x18, 0x98, 0x7, 0xff, 0x32, 0xc0, 0x3f,
    0xf8, 0x6a, 0x1, 0xff, 0xc0, 0xd0, 0xf, 0xfe,
    0x1b, 0x80, 0x7f, 0xf3, 0x4c, 0x40, 0x3f, 0xf8,
    0x5e, 0x1, 0xff, 0xc0, 0x70, 0xf, 0xfe, 0x1e,
    0x80, 0x7f, 0xf3, 0x9c, 0x3, 0xff, 0x84, 0xa0,
    0x1f, 0xfc, 0x1, 0x30, 0xf, 0xfe, 0x12, 0x0,
    0x7f, 0xf3, 0xb4, 0x3, 0xff, 0x82, 0x80, 0x1f,
    0xfc, 0x2b, 0x0, 0xff, 0xe0, 0xa8, 0x7, 0xff,
    0x8,

    /* U+0078 "x" */
    0xa, 0xff, 0xff, 0xe2, 0x68, 0x7, 0xfc, 0x7d,
    0xff, 0xff, 0xc2, 0xe2, 0x0, 0x58, 0x7, 0xff,
    0x10, 0x9c, 0x3, 0xfd, 0xe2, 0x1, 0xff, 0xc2,
    0x92, 0x0, 0xc, 0x80, 0x7f, 0xf1, 0x20, 0x40,
    0x3f, 0x31, 0x80, 0x7f, 0xf0, 0x8d, 0xc0, 0x33,
    0x20, 0x7, 0xff, 0x12, 0xc0, 0x3e, 0x18, 0x0,
    0xff, 0xe1, 0xf0, 0x7, 0xa8, 0x40, 0x3f, 0xf8,
    0x6a, 0x60, 0x1e, 0x81, 0x0, 0xff, 0xe1, 0x49,
    0x0, 0x78, 0x6c, 0x3, 0xff, 0x89, 0xc0, 0x1c,
    0x4c, 0x1, 0xff, 0xc2, 0x46, 0x0, 0xfc, 0xaa,
    0x0, 0xff, 0xe1, 0x93, 0x0, 0x6e, 0x0, 0xff,
    0xe1, 0xd0, 0x7, 0xfa, 0xc4, 0x3, 0xff, 0x87,
    0x2, 0x0, 0x53, 0x0, 0xff, 0xe1, 0x48, 0x80,
    0x7f, 0x86, 0x80, 0x3f, 0xf8, 0x63, 0x0, 0xb,
    0x0, 0xff, 0xe1, 0x23, 0x0, 0x7f, 0xf0, 0x11,
    0x80, 0x3f, 0xf8, 0x6c, 0x50, 0x20, 0x1f, 0xfc,
    0x11, 0xa0, 0xf, 0xfe, 0x14, 0x88, 0x7, 0xff,
    0xf, 0xdc, 0x3, 0xff, 0x85, 0x62, 0x1, 0xff,
    0xc3, 0xa0, 0xf, 0xfe, 0x19, 0x0, 0x7f, 0xf0,
    0x95, 0x40, 0x1f, 0xfc, 0x44, 0x60, 0xf, 0xfe,
    0x80, 0xd8, 0x7, 0xff, 0x1a, 0x48, 0x3, 0xff,
    0x9f, 0x42, 0x1, 0xff, 0xc7, 0xe0, 0xf, 0xfe,
    0x72, 0xa0, 0x7, 0xff, 0x20, 0xdc, 0x3, 0xff,
    0x98, 0x34, 0x1, 0xff, 0xca, 0x82, 0x0, 0xff,
    0xe5, 0xd0, 0x7, 0xff, 0x33, 0x80, 0x3f, 0xf9,
    0x4c, 0x80, 0x1f, 0xfc, 0xc3, 0x80, 0xf, 0xfe,
    0x41, 0x48, 0x7, 0xff, 0x39, 0xcc, 0x3, 0xff,
    0x8f, 0xc0, 0x1f, 0xfd, 0xe, 0x0, 0xff, 0xe3,
    0x31, 0x80, 0x7f, 0xf4, 0x8, 0x40, 0x3f, 0xf8,
    0xa8, 0x1, 0xff, 0xd1, 0xa1, 0x0, 0xff, 0xe2,
    0x94, 0x0, 0x7f, 0xf3, 0xd5, 0x40, 0x1f, 0xfc,
    0x77, 0x30, 0xf, 0xfe, 0x68, 0xd8, 0x7, 0xff,
    0x27, 0x80, 0x3f, 0xf9, 0xb4, 0x20, 0x1f, 0xfc,
    0x92, 0x80, 0xf, 0xfe, 0x5b, 0x20, 0x7, 0xff,
    0x2d, 0xcc, 0x3, 0xff, 0x92, 0x52, 0x1, 0xff,
    0xcd, 0xe0, 0xf, 0xfe, 0x4f, 0x0, 0x7f, 0xf3,
    0x8a, 0x0, 0x3f, 0xf8, 0xf0, 0x60, 0x1f, 0xfc,
    0xf7, 0x30, 0xf, 0xfe, 0x29, 0xb8, 0x7, 0xff,
    0x47, 0x80, 0x3f, 0xf8, 0xbc, 0x1, 0xff, 0xc2,
    0x41, 0x0, 0xff, 0xe1, 0x14, 0x80, 0x7f, 0xf0,
    0xe4, 0x80, 0x3f, 0xf8, 0x55, 0x0, 0x1f, 0xfc,
    0x36, 0x40, 0xf, 0xfe, 0xa, 0x30, 0x7, 0xff,
    0xa, 0x45, 0x88, 0x3, 0xff, 0x87, 0x20, 0x1f,
    0xfc, 0x1, 0xa0, 0xf, 0xfe, 0x11, 0xb0, 0x2,
    0x40, 0x3f, 0xf8, 0x65, 0x20, 0x1f, 0xf5, 0x88,
    0x7, 0xff, 0xb, 0x80, 0x24, 0x50, 0xf, 0xfe,
    0x1b, 0x20, 0x7, 0xf3, 0x28, 0x7, 0xff, 0x9,
    0xc8, 0x3, 0x58, 0x7, 0xff, 0x12, 0x80, 0x3f,
    0x14, 0x80, 0x7f, 0xf0, 0x8a, 0x0, 0x38, 0x60,
    0x3, 0xff, 0x86, 0x32, 0x1, 0xf7, 0x0, 0x7f,
    0xf0, 0xe4, 0x3, 0xe7, 0x10, 0xf, 0xfe, 0x1b,
    0x20, 0x7, 0x39, 0x80, 0x7f, 0xf0, 0x95, 0x0,
    0x3f, 0x58, 0x7, 0xff, 0x12, 0x84, 0x2, 0x38,
    0x0, 0xff, 0xe1, 0xd, 0x80, 0x7f, 0x2a, 0x0,
    0x7f, 0xf0, 0xc6, 0xc0, 0x2e, 0x0, 0xff, 0xe1,
    0xc0, 0x80, 0x7f, 0xa4, 0x3, 0xff, 0x88, 0xa8,
    0x10, 0x40, 0x1f, 0xfc, 0x23, 0x60, 0xf, 0xf8,
    0x98, 0x3, 0xff, 0x89, 0x42,

    /* U+0079 "y" */
    0x11, 0xff, 0xe2, 0x0, 0x7f, 0xf0, 0xc4, 0x7f,
    0xf8, 0xb7, 0xdd, 0xff, 0xc3, 0xa0, 0xf, 0xfe,
    0x17, 0xf7, 0x7f, 0xf0, 0xd3, 0x80, 0x3f, 0xf8,
    0x68, 0x1, 0xff, 0xc1, 0x41, 0x0, 0xff, 0xe1,
    0xa, 0xa1, 0x0, 0x7f, 0xf0, 0x84, 0xc0, 0x3f,
    0xf8, 0x18, 0x1, 0xff, 0xc3, 0x60, 0x5, 0x0,
    0x7f, 0xf0, 0xec, 0x3, 0xff, 0x80, 0xa0, 0x1f,
    0xfc, 0x3a, 0x0, 0x30, 0x7, 0xff, 0xd, 0x40,
    0x3f, 0xe2, 0x20, 0x7, 0xff, 0x9, 0x8, 0x0,
    0x2a, 0x1, 0xff, 0xc2, 0x22, 0x0, 0x7f, 0x94,
    0x3, 0xff, 0x87, 0xe0, 0x1b, 0x80, 0x3f, 0xf8,
    0x68, 0x1, 0xfe, 0xc0, 0xf, 0xfe, 0x10, 0xa0,
    0x6, 0x42, 0x0, 0xff, 0xe1, 0x68, 0x7, 0xf0,
    0xa0, 0x7, 0xff, 0xa, 0x40, 0x3d, 0x40, 0x1f,
    0xfc, 0x24, 0x0, 0xfe, 0x40, 0xf, 0xfe, 0x1b,
    0x0, 0x79, 0x80, 0x3f, 0xf8, 0x6a, 0x1, 0xfb,
    0xc0, 0x3f, 0xf8, 0x4a, 0x20, 0x1e, 0x15, 0x0,
    0xff, 0xe1, 0x78, 0x7, 0xe4, 0x0, 0xff, 0xe1,
    0x48, 0x7, 0xe9, 0x0, 0xff, 0xe1, 0x20, 0x7,
    0xc6, 0x20, 0x1f, 0xfc, 0x12, 0x30, 0xf, 0xc6,
    0x40, 0x1f, 0xfc, 0x11, 0x30, 0xf, 0x58, 0x7,
    0xff, 0xa, 0xc0, 0x3f, 0xd4, 0x1, 0xff, 0xc2,
    0xb0, 0xf, 0x28, 0x7, 0xff, 0x9, 0x80, 0x3f,
    0xcc, 0x1, 0xff, 0xc2, 0x50, 0xe, 0x22, 0x0,
    0x7f, 0xf0, 0x58, 0x3, 0xfe, 0x15, 0x0, 0xff,
    0xe0, 0x91, 0x0, 0x32, 0x80, 0x7f, 0xf0, 0xa8,
    0x3, 0xff, 0x81, 0x20, 0x1f, 0xfc, 0x24, 0x0,
    0xd8, 0x1, 0xff, 0xc1, 0x33, 0x0, 0x7f, 0xf0,
    0xc, 0x80, 0x3f, 0xf8, 0x3a, 0x1, 0x90, 0x3,
    0xff, 0x83, 0x20, 0x1f, 0xfc, 0x2b, 0x0, 0xff,
    0xe0, 0xa0, 0x4, 0xa0, 0x1f, 0xfc, 0x11, 0x50,
    0xf, 0xfe, 0x13, 0x80, 0x7f, 0xf0, 0x94, 0x1,
    0xe0, 0x1f, 0xfc, 0x16, 0x0, 0xff, 0xe1, 0x8a,
    0x80, 0x7f, 0xf0, 0x7c, 0x0, 0x80, 0x1f, 0xfc,
    0x1a, 0x0, 0xff, 0xe2, 0x48, 0x7, 0xff, 0x5,
    0x0, 0xc4, 0x3, 0xff, 0x80, 0x84, 0x1, 0xff,
    0xc4, 0x32, 0x0, 0xff, 0xe0, 0x9, 0xd8, 0x7,
    0xff, 0x7, 0x80, 0x3f, 0xf8, 0xd6, 0x1, 0xff,
    0xc1, 0xb5, 0x0, 0xff, 0xe0, 0xa, 0x80, 0x7f,
    0xf1, 0x9c, 0x3, 0xff, 0x82, 0xc4, 0x1, 0xff,
    0xc0, 0x90, 0xf, 0xfe, 0x38, 0xb0, 0x7, 0xff,
    0x0, 0x40, 0x3f, 0xf8, 0x2c, 0x1, 0xff, 0xc8,
    0xa0, 0xf, 0xfe, 0x6a, 0x88, 0x7, 0xff, 0x20,
    0xc8, 0x3, 0xff, 0x99, 0xc0, 0x1f, 0xfc, 0xab,
    0x0, 0xff, 0xe5, 0x92, 0x0, 0x7f, 0xf2, 0x98,
    0x3, 0xff, 0x97, 0x60, 0x1f, 0xfc, 0xc6, 0x0,
    0xff, 0xe5, 0x38, 0x7, 0xff, 0x32, 0x80, 0x3f,
    0xf9, 0x2c, 0x20, 0x1f, 0xfc, 0xc3, 0x30, 0x7,
    0xff, 0x22, 0x80, 0x3f, 0xf9, 0xd4, 0x1, 0xff,
    0xc7, 0x33, 0x0, 0x7f, 0xf3, 0x98, 0x3, 0xff,
    0x8f, 0x40, 0x1f, 0xfd, 0x6, 0x0, 0xff, 0xe2,
    0x8b, 0x0, 0x7f, 0xf4, 0x28, 0x3, 0xff, 0x8a,
    0xc0, 0x1f, 0xfd, 0x13, 0x30, 0x7, 0xff, 0x12,
    0x80, 0x3f, 0xfa, 0x54, 0x1, 0xff, 0xc3, 0x42,
    0x0, 0xff, 0xe9, 0x30, 0x7, 0xff, 0xf, 0x80,
    0x3f, 0xfa, 0x8a, 0x1, 0xff, 0xc1, 0x15, 0x0,
    0xff, 0xea, 0x20, 0x7, 0xff, 0x5, 0x80, 0x3f,
    0xfa, 0x8c, 0x20, 0x1f, 0xfc, 0x19, 0x0, 0xff,
    0xea, 0x58, 0x7, 0xff, 0x5, 0x44, 0x3, 0xff,
    0xa6, 0xa4, 0x1, 0xff, 0xc1, 0xe0, 0xf, 0xfe,
    0xa4, 0x80, 0x7f, 0xf0, 0x49, 0x0, 0x3f, 0xfa,
    0x66, 0x60, 0xf, 0xfe, 0xd, 0x0, 0x7f, 0xf5,
    0x20, 0x3, 0xff, 0x84, 0xc0, 0x1f, 0xfd, 0x32,
    0x40, 0xf, 0xfe, 0xa, 0x88, 0x7, 0xff, 0x4e,
    0xc0, 0x3f, 0xf8, 0x52, 0x1, 0xff, 0xd3, 0x16,
    0x0, 0xff, 0xe0, 0x91, 0x80, 0x7f, 0xf4, 0xe4,
    0x3, 0xff, 0x85, 0x60, 0x1f, 0xfd, 0x46, 0x0,
    0xff, 0xe1, 0x30, 0x7, 0xff, 0x4d, 0xc4, 0x3,
    0xff, 0x82, 0xc0, 0x1f, 0xfd, 0x49, 0x0, 0xff,
    0xe1, 0x50, 0x7, 0xff, 0x4d, 0x44, 0x3, 0xff,
    0x82, 0x66, 0x0, 0xff, 0xe9, 0xc8, 0x7, 0xff,
    0xa, 0x40, 0x3f, 0xfa, 0x68, 0x60, 0x1f, 0xfc,
    0x11, 0x50, 0xf, 0xfe, 0x9f, 0x80, 0x7f, 0xf0,
    0x98, 0x3, 0xff, 0xa6, 0x68, 0x1, 0xff, 0xc2,
    0xa0, 0xf, 0xfe, 0x9c, 0x80, 0x7f, 0xf0, 0x90,
    0x80, 0x3f, 0xf9, 0x80,

    /* U+007A "z" */
    0x0, 0x4f, 0xff, 0xff, 0x65, 0x0, 0x3f, 0xff,
    0xe0, 0x1f, 0xff, 0xf0, 0xf, 0xff, 0xf8, 0x7,
    0xff, 0xfc, 0x3, 0xff, 0xee, 0x4a, 0x1, 0xff,
    0xdb, 0xf1, 0x0, 0xff, 0xed, 0x59, 0x0, 0x5b,
    0x11, 0xff, 0xc3, 0x30, 0xf, 0xfe, 0x34, 0x20,
    0x6, 0x47, 0x7f, 0xfe, 0x12, 0x18, 0x7, 0xff,
    0x15, 0x5c, 0x3, 0xff, 0x8e, 0x5a, 0x1, 0xff,
    0xc5, 0x3a, 0x0, 0xff, 0xe4, 0x78, 0x80, 0x7f,
    0xf1, 0x7, 0x40, 0x3f, 0xf9, 0x16, 0x40, 0x1f,
    0xfc, 0x5d, 0x10, 0xf, 0xfe, 0x3c, 0x20, 0x7,
    0xff, 0x16, 0x8c, 0x3, 0xff, 0x8e, 0xae, 0x1,
    0xff, 0xc5, 0x75, 0x0, 0xff, 0xe3, 0x9d, 0x0,
    0x7f, 0xf1, 0x56, 0x0, 0x3f, 0xf8, 0xe3, 0xa0,
    0x1f, 0xfc, 0x52, 0xa0, 0xf, 0xfe, 0x46, 0x88,
    0x7, 0xff, 0x10, 0x70, 0x3, 0xff, 0x91, 0x46,
    0x1, 0xff, 0xc5, 0xd1, 0x0, 0xff, 0xe3, 0xba,
    0x80, 0x7f, 0xf1, 0x64, 0xc0, 0x3f, 0xf8, 0xeb,
    0x0, 0x1f, 0xfc, 0x57, 0x60, 0xf, 0xfe, 0x39,
    0xd0, 0x7, 0xff, 0x15, 0x20, 0x3, 0xff, 0x8e,
    0x3a, 0x1, 0xff, 0xc5, 0x2a, 0x0, 0xff, 0xe4,
    0x68, 0x80, 0x7f, 0xf1, 0x7, 0xc4, 0x3, 0xff,
    0x8f, 0x26, 0x1, 0xff, 0xc5, 0xa2, 0x0, 0xff,
    0xe3, 0xbb, 0x0, 0x7f, 0xf1, 0x65, 0x0, 0x3f,
    0xf8, 0xe9, 0x0, 0x1f, 0xfc, 0x51, 0x13, 0xbf,
    0xff, 0xd, 0x40, 0x22, 0xb0, 0xf, 0xfe, 0x30,
    0xc4, 0x7f, 0xf1, 0x24, 0x0, 0x3e, 0x1, 0xff,
    0xdb, 0xa2, 0x0, 0xff, 0xed, 0xa, 0x0, 0x7f,
    0xff, 0xc0, 0x3f, 0xff, 0xe0, 0x1f, 0xff, 0xf0,
    0xf, 0xff, 0xf8, 0x7, 0xff, 0xdc,

    /* U+007B "{" */
    0x0, 0xff, 0xe1, 0xa4, 0x5e, 0xf7, 0xff, 0xc0,
    0x1f, 0xfc, 0x2, 0x9f, 0xb7, 0x42, 0x10, 0xf,
    0xfe, 0x34, 0xeb, 0x0, 0x7f, 0xf2, 0x8b, 0x58,
    0x3, 0xff, 0x96, 0x58, 0x40, 0x1f, 0xfc, 0xcf,
    0x10, 0xf, 0xfe, 0x64, 0x90, 0x7, 0xff, 0x30,
    0x58, 0x3, 0xff, 0x9a, 0xc0, 0x1f, 0xfc, 0xeb,
    0x0, 0xff, 0xe7, 0x18, 0x7, 0xff, 0x10, 0x47,
    0x0, 0x71, 0x0, 0x7f, 0xf0, 0x9f, 0x7f, 0xbb,
    0x0, 0x73, 0x0, 0x7f, 0xf0, 0x72, 0x8, 0x3,
    0xfc, 0x20, 0x1f, 0xfc, 0x6, 0x30, 0xf, 0xfe,
    0x6e, 0x0, 0x7f, 0xf0, 0x44, 0x3, 0xff, 0x80,
    0xc0, 0x1f, 0xfc, 0x17, 0x0, 0xff, 0xe0, 0x38,
    0x7, 0xff, 0x4, 0x80, 0x3f, 0xf8, 0x2, 0x1,
    0xff, 0xc1, 0x10, 0xf, 0xfe, 0x1, 0x80, 0x7f,
    0xf0, 0x84, 0x3, 0xfe, 0xe0, 0xf, 0xfe, 0x11,
    0x0, 0x7f, 0xc2, 0x1, 0xff, 0xc2, 0x60, 0xf,
    0xf8, 0xc0, 0x3f, 0xf8, 0x46, 0x1, 0xff, 0x30,
    0x7, 0xff, 0xb, 0x80, 0x3f, 0xe1, 0x0, 0xff,
    0xe1, 0x10, 0x7, 0xfc, 0x40, 0x1f, 0xfc, 0x21,
    0x0, 0xff, 0xe7, 0x30, 0x7, 0xff, 0xa4, 0x40,
    0x3f, 0xf9, 0xd4, 0x1, 0xff, 0x8, 0x7, 0xff,
    0x0, 0xe5, 0x80, 0x3f, 0xe5, 0x0, 0xfd, 0x7f,
    0xf6, 0x30, 0x7, 0xff, 0x3, 0x0, 0x3f, 0xf9,
    0xcc, 0x1, 0xff, 0xcd, 0x71, 0x0, 0xff, 0xe6,
    0x2c, 0x0, 0x7f, 0xf3, 0x1e, 0x80, 0x3f, 0xf9,
    0x91, 0x0, 0xf, 0xfe, 0x6c, 0x58, 0x80, 0x7f,
    0xf3, 0x53, 0x4, 0x3, 0xff, 0x9a, 0x54, 0x1,
    0xff, 0xce, 0x44, 0x0, 0x7e, 0xc4, 0x41, 0x88,
    0x7, 0xff, 0x7, 0x40, 0x3f, 0x3d, 0xdb, 0x3a,
    0xc4, 0x3, 0xfe, 0x40, 0xf, 0xfe, 0xa, 0x40,
    0x7, 0xfc, 0x40, 0x1f, 0xfc, 0x24, 0x0, 0xff,
    0xf4, 0x88, 0x7, 0xff, 0x39, 0xc0, 0x3f, 0xf9,
    0xc4, 0x1, 0xff, 0x10, 0x7, 0xff, 0x8, 0x40,
    0x3f, 0xe1, 0x0, 0xff, 0xe1, 0x70, 0x7, 0xfc,
    0xe0, 0x1f, 0xfc, 0x22, 0x0, 0xff, 0x88, 0x3,
    0xff, 0x84, 0xe0, 0x1f, 0xf0, 0x80, 0x7f, 0xf0,
    0x88, 0x3, 0xfe, 0xf0, 0xf, 0xfe, 0x10, 0x80,
    0x7f, 0xc4, 0x1, 0xff, 0xc1, 0x10, 0xf, 0xfe,
    0x0, 0x80, 0x7f, 0xf0, 0x4c, 0x3, 0xff, 0x80,
    0xe0, 0x1f, 0xfc, 0x11, 0x0, 0xff, 0xe0, 0x30,
    0x7, 0xff, 0x5, 0xc0, 0x3f, 0xf8, 0x18, 0x1,
    0xff, 0xce, 0x63, 0x0, 0xff, 0xe0, 0x38, 0x7,
    0xff, 0x7, 0x20, 0xc4, 0x3, 0xf8, 0x80, 0x3f,
    0xf8, 0x4f, 0x9d, 0xff, 0x80, 0x38, 0x44, 0x1,
    0xff, 0xce, 0x70, 0xf, 0xfe, 0x75, 0x0, 0x7f,
    0xf3, 0x8c, 0xc0, 0x1f, 0xfc, 0xee, 0x0, 0xff,
    0xe7, 0x15, 0x0, 0x7f, 0xf3, 0x96, 0xc4, 0x3,
    0xff, 0x9a, 0x9e, 0x80, 0x1f, 0xfc, 0xd1, 0xbc,
    0x60, 0xf, 0xfe, 0x69, 0xcf, 0xdc, 0x21, 0x88,
    0x7, 0xc0,

    /* U+007C "|" */
    0x4d, 0xdf, 0xfe, 0xa, 0x89, 0x17, 0xff, 0x4,
    0xc0, 0x3f, 0xff, 0xe0, 0x1f, 0xff, 0xf0, 0xf,
    0xff, 0xf8, 0x7, 0xff, 0xfc, 0x3, 0xff, 0xfe,
    0x1, 0xff, 0xff, 0x0, 0xff, 0xff, 0x80, 0x7f,
    0xff, 0xc0, 0x3f, 0xff, 0xe0, 0x1f, 0xff, 0xf0,
    0xf, 0xff, 0xf8, 0x7, 0xff, 0xfc, 0x3, 0xff,
    0xfe, 0x1, 0xff, 0xff, 0x0, 0xff, 0xff, 0x80,
    0x7f, 0xf8, 0x40,

    /* U+007D "}" */
    0xef, 0xff, 0x76, 0xdc, 0x20, 0x7, 0xff, 0x28,
    0x49, 0x1e, 0xfe, 0x8c, 0x3, 0xff, 0x9a, 0xb9,
    0x42, 0x1, 0xff, 0xcd, 0x5f, 0x30, 0xf, 0xfe,
    0x68, 0xe1, 0x80, 0x7f, 0xf3, 0xb4, 0x40, 0x3f,
    0xf9, 0xa3, 0x60, 0x1f, 0xfc, 0xe5, 0x20, 0xf,
    0xfe, 0x75, 0x80, 0x7f, 0xf3, 0x9c, 0x3, 0xc4,
    0x23, 0x0, 0x7f, 0xf1, 0x4, 0x40, 0x1d, 0x9d,
    0xd7, 0xec, 0x8, 0x7, 0xff, 0x5, 0x40, 0x3f,
    0xc4, 0xf8, 0x1, 0xff, 0xc1, 0x20, 0xf, 0xfe,
    0x1, 0x38, 0x7, 0xff, 0x3a, 0xc0, 0x3f, 0xf9,
    0xc2, 0x1, 0xff, 0xc0, 0x30, 0xf, 0xfe, 0x70,
    0x80, 0x7f, 0xf0, 0x58, 0x3, 0xff, 0x80, 0xe0,
    0x1f, 0xfc, 0x11, 0x0, 0xff, 0xe0, 0x10, 0x7,
    0xff, 0x4, 0xc0, 0x3f, 0xf8, 0x2, 0x1, 0xff,
    0xc1, 0xe0, 0xf, 0xf8, 0x40, 0x3f, 0xf8, 0x42,
    0x1, 0xff, 0x10, 0x7, 0xff, 0x8, 0xc0, 0x3f,
    0xe6, 0x0, 0xff, 0xe1, 0x30, 0x7, 0xfc, 0x60,
    0x1f, 0xfc, 0x21, 0x0, 0xff, 0xb8, 0x3, 0xff,
    0x84, 0x60, 0x1f, 0xf1, 0x0, 0x7f, 0xf0, 0x84,
    0x3, 0xfe, 0x10, 0xf, 0xfe, 0x73, 0x80, 0x7f,
    0xf3, 0x98, 0x3, 0xff, 0x84, 0x40, 0x1f, 0xf7,
    0x80, 0x7f, 0xf0, 0x98, 0x3, 0xfe, 0x5a, 0x30,
    0xf, 0xfe, 0x6, 0x80, 0x7f, 0xf0, 0x17, 0x3f,
    0xec, 0x0, 0xfc, 0xe0, 0x1f, 0xfc, 0xe1, 0x80,
    0xf, 0xfe, 0x73, 0xb0, 0x7, 0xff, 0x3a, 0x60,
    0x3, 0xff, 0x9c, 0xf2, 0x1, 0xff, 0xcd, 0xa9,
    0x0, 0xff, 0xe6, 0x6a, 0x80, 0x7f, 0xf3, 0x28,
    0x80, 0x3f, 0xf9, 0x86, 0xa0, 0x1f, 0xfc, 0xdb,
    0x0, 0xff, 0xe0, 0x89, 0xa2, 0x40, 0x1f, 0x90,
    0x3, 0xff, 0x81, 0x5d, 0x97, 0x68, 0x0, 0xfc,
    0x40, 0x1f, 0xf3, 0xa8, 0x7, 0xff, 0x4, 0x40,
    0x3f, 0xec, 0x0, 0xff, 0xe7, 0x38, 0x7, 0xff,
    0x39, 0xc0, 0x3f, 0xf8, 0x44, 0x1, 0xff, 0x10,
    0x7, 0xff, 0x8, 0x40, 0x3f, 0xe1, 0x0, 0xff,
    0xe1, 0x38, 0x7, 0xfd, 0xc0, 0x1f, 0xfc, 0x22,
    0x0, 0xff, 0x8c, 0x3, 0xff, 0x84, 0x20, 0x1f,
    0xf3, 0x0, 0x7f, 0xf0, 0xbc, 0x3, 0xfe, 0x20,
    0xf, 0xfe, 0x11, 0x0, 0x7f, 0xc2, 0x1, 0xff,
    0xc2, 0x10, 0xf, 0xfe, 0x0, 0x80, 0x7f, 0xf0,
    0x5c, 0x3, 0xff, 0x80, 0x60, 0x1f, 0xfc, 0x11,
    0x0, 0xff, 0xe0, 0x30, 0x7, 0xff, 0x5, 0x80,
    0x3f, 0xf8, 0x2, 0x1, 0xff, 0xc1, 0xc0, 0xf,
    0xfe, 0x69, 0x38, 0x7, 0xff, 0x28, 0x4e, 0x30,
    0x3, 0xff, 0x82, 0xc0, 0x1d, 0xdf, 0xf7, 0x63,
    0x88, 0x7, 0xff, 0x4, 0x80, 0x3f, 0xf9, 0xa2,
    0x20, 0xf, 0xfe, 0x6a, 0x0, 0x7f, 0xf3, 0xb8,
    0x3, 0xff, 0x9a, 0x68, 0x1, 0xff, 0xcd, 0xf0,
    0xf, 0xfe, 0x6d, 0x18, 0x7, 0xff, 0x2c, 0x6d,
    0x40, 0x3f, 0xf9, 0x69, 0xe8, 0x1, 0xff, 0xca,
    0x5c, 0xb1, 0x0, 0xff, 0xe2, 0x89, 0x23, 0xdf,
    0x51, 0x80, 0x7f, 0xf0, 0x0,

    /* U+007E "~" */
    0x0, 0xff, 0xe0, 0x12, 0x2a, 0x90, 0xc0, 0x3f,
    0xfb, 0x4b, 0x5d, 0xb7, 0x54, 0xbc, 0xfc, 0x60,
    0xf, 0xfe, 0x2a, 0x0, 0x7f, 0xf0, 0xdb, 0xa9,
    0x44, 0x3, 0xe3, 0x9e, 0x70, 0xf, 0xfe, 0x13,
    0xdc, 0x0, 0x7f, 0xf0, 0xb, 0x24, 0x40, 0x3f,
    0xf8, 0x3, 0x1a, 0xa0, 0x1f, 0xf3, 0xc0, 0x3c,
    0x80, 0x7f, 0x93, 0x4c, 0x3, 0xff, 0x88, 0x55,
    0x86, 0x1, 0xf1, 0x5c, 0x0, 0x4d, 0x20, 0x1f,
    0x9a, 0xc0, 0x3f, 0xf9, 0x7, 0x9b, 0xc, 0xad,
    0x19, 0xa8, 0x1, 0xcd, 0x20, 0x1e, 0x69, 0x0,
    0xff, 0xe5, 0x93, 0xcd, 0x4b, 0x98, 0x7, 0xe6,
    0x90, 0xc, 0xb2, 0x1, 0xff, 0xdc, 0x69, 0x0,
    0x1d, 0x0, 0x7f, 0xf7, 0x9a, 0x42, 0x0, 0x3f,
    0xfc, 0xe, 0x34, 0x40, 0x1f, 0xfd, 0xfa, 0x11,
    0x61, 0x0, 0x7f, 0xf7, 0x69, 0x0, 0x3, 0x84,
    0x1, 0xff, 0xdb, 0x95, 0x0, 0xc3, 0x84, 0x1,
    0xe1, 0x8c, 0xff, 0x75, 0xb0, 0x80, 0x7f, 0xf2,
    0xa9, 0x80, 0x3c, 0x38, 0x40, 0x19, 0xb9, 0xcc,
    0x0, 0x29, 0x3c, 0xe0, 0x1f, 0xfc, 0x71, 0xc5,
    0x0, 0xfc, 0x38, 0x40, 0x9, 0x90, 0x7, 0xf4,
    0x6a, 0x80, 0x7f, 0xf1, 0x1b, 0x8c, 0x3, 0xfc,
    0x38, 0x54, 0xc0, 0x1f, 0xf1, 0x56, 0x20, 0x7,
    0xff, 0x1, 0x76, 0x40, 0x3f, 0xf8, 0x23, 0xaa,
    0x1, 0xff, 0xc2, 0x3b, 0xd8, 0x42, 0x10, 0x0,
    0x9b, 0x57, 0xd1, 0x0, 0x7e,

    /* U+00A0 " " */

    /* U+00A1 "¡" */
    0x0, 0xe4, 0xad, 0xff, 0x6d, 0x28, 0x7, 0xe2,
    0xcb, 0x52, 0x0, 0x12, 0xd6, 0x90, 0x7, 0x1e,
    0x98, 0x7, 0xe2, 0xd4, 0x0, 0x8b, 0x40, 0x3f,
    0xf8, 0x14, 0x40, 0x9, 0x10, 0xf, 0xfe, 0x0,
    0xc8, 0x12, 0x0, 0x7f, 0xf0, 0x90, 0xd4, 0x3,
    0xff, 0x89, 0x7a, 0x1, 0xff, 0xc4, 0x31, 0x0,
    0xff, 0xe2, 0x38, 0x7, 0xff, 0x18, 0x40, 0x3f,
    0xf8, 0x8d, 0x80, 0x1f, 0xfc, 0x4c, 0x70, 0xf,
    0xfe, 0x23, 0x8b, 0x80, 0x7f, 0xf0, 0x98, 0x42,
    0x8, 0x3, 0xff, 0x80, 0x52, 0x1, 0x61, 0x0,
    0x7f, 0x8b, 0xc0, 0x30, 0xeb, 0x0, 0x7e, 0x6c,
    0x20, 0xf, 0x4e, 0xc2, 0x99, 0x96, 0x36, 0x44,
    0x3, 0xf1, 0x3d, 0x66, 0x29, 0xc8, 0x3, 0xff,
    0xfe, 0x1, 0xff, 0xcb, 0x23, 0x3f, 0xf1, 0x0,
    0x7b, 0xb3, 0x3f, 0xdc, 0x1, 0xe1, 0x0, 0xff,
    0x8, 0x7, 0x8c, 0x3, 0xfc, 0x40, 0x1e, 0x10,
    0xf, 0xfe, 0x88, 0x80, 0x61, 0x0, 0xff, 0xe0,
    0x18, 0x6, 0x30, 0xf, 0xfe, 0x0, 0x80, 0x66,
    0x0, 0xff, 0xe0, 0x38, 0x6, 0x10, 0xf, 0xfe,
    0x0, 0x80, 0x63, 0x0, 0xff, 0xe0, 0x10, 0x6,
    0x10, 0xf, 0xfe, 0x7, 0x80, 0x6f, 0x0, 0xff,
    0xe0, 0x8, 0x6, 0x10, 0xf, 0xfe, 0x1, 0x80,
    0x63, 0x0, 0xff, 0xe0, 0x8, 0x6, 0x60, 0xf,
    0xfe, 0x3, 0x80, 0x61, 0x0, 0xff, 0xe0, 0x8,
    0x6, 0x30, 0xf, 0xfe, 0x1, 0x80, 0x61, 0x0,
    0xff, 0xe0, 0x8, 0x7, 0xff, 0x18, 0x40, 0x2,
    0x1, 0xff, 0xc2, 0x30, 0x1, 0x80, 0x7f, 0xf0,
    0x84, 0x0, 0x20, 0x1f, 0xfc, 0x27, 0x0, 0x30,
    0x7, 0xff, 0x8, 0x40, 0x6, 0x1, 0xff, 0xc2,
    0x30, 0x0, 0x80, 0x7f, 0xf0, 0xb8, 0x1, 0xe0,
    0x1f, 0xfc, 0x21, 0x0, 0x8, 0x7, 0xff, 0x8,
    0xc0, 0x6, 0x1, 0xff, 0xc2, 0x10, 0x0, 0x80,
    0x7f, 0xf0, 0x9c, 0x0, 0xc0, 0x1f, 0xfc, 0x21,
    0x0, 0x18, 0x7, 0xff, 0x8, 0xc0, 0x2, 0x1,
    0xff, 0xc2, 0x10, 0xf, 0xfe, 0x30, 0x88, 0x3,
    0xff, 0x88, 0x66, 0x0, 0xff, 0xe2, 0x8, 0x80,
    0x3f, 0xf8, 0x8e, 0xe0, 0xf, 0xfe, 0x20, 0x80,

    /* U+00A2 "¢" */
    0x0, 0xff, 0xe2, 0x9b, 0x37, 0xf8, 0xc0, 0x3f,
    0xfa, 0x49, 0x33, 0xfe, 0xb0, 0xf, 0xff, 0xf8,
    0x7, 0xff, 0xfc, 0x3, 0xff, 0xfe, 0x1, 0xff,
    0xf8, 0x21, 0x0, 0xff, 0xe7, 0x9c, 0x50, 0x7,
    0xf9, 0x7b, 0x94, 0xa0, 0x1f, 0xfc, 0x91, 0x7d,
    0xc7, 0x20, 0xf, 0xfe, 0x0, 0xad, 0x74, 0x8,
    0x7, 0xff, 0x15, 0xfa, 0x8, 0x3, 0xff, 0x8c,
    0x2f, 0xce, 0x1, 0xff, 0xc2, 0x4e, 0x80, 0xf,
    0xfe, 0x64, 0x69, 0x80, 0x7f, 0xd1, 0x62, 0x1,
    0xff, 0xce, 0x2c, 0x50, 0xf, 0xeb, 0x70, 0xf,
    0xfe, 0x95, 0x38, 0x7, 0xd8, 0x80, 0x1f, 0xfd,
    0xbb, 0x30, 0xf, 0xfe, 0xa4, 0x38, 0x7, 0x42,
    0x0, 0x7f, 0xf5, 0x21, 0xc0, 0x39, 0x1c, 0x3,
    0xff, 0xa9, 0xe, 0x1, 0xe9, 0x0, 0xff, 0xea,
    0x43, 0x80, 0x79, 0xc8, 0x3, 0xff, 0xa7, 0xe,
    0x1, 0xf4, 0x80, 0x7f, 0xf4, 0xe1, 0xc0, 0x3e,
    0x61, 0x0, 0xff, 0xe2, 0x9c, 0x6f, 0x7f, 0x64,
    0x18, 0x6, 0x87, 0x0, 0xfd, 0x40, 0x1f, 0xfc,
    0x41, 0xac, 0x72, 0x10, 0x13, 0x7c, 0xb2, 0x8,
    0x70, 0xf, 0xc2, 0x60, 0x1f, 0xfc, 0x31, 0xc5,
    0x0, 0xfe, 0x4c, 0xa7, 0x0, 0xfe, 0x40, 0xf,
    0xfe, 0x26, 0x10, 0x7, 0xfc, 0x2a, 0x1, 0xfe,
    0xd0, 0xf, 0xfe, 0x1b, 0x90, 0x7, 0xff, 0x30,
    0xc0, 0x3f, 0xf8, 0x72, 0x1, 0xff, 0xcd, 0x60,
    0xf, 0xfe, 0x11, 0x88, 0x7, 0xff, 0x34, 0xc0,
    0x3f, 0xf8, 0x4a, 0x1, 0xff, 0xce, 0x10, 0xf,
    0xfe, 0x10, 0x80, 0x7f, 0xf3, 0x84, 0x3, 0xff,
    0x84, 0x20, 0x1f, 0xfd, 0xd3, 0x0, 0xff, 0xe7,
    0x18, 0x7, 0xff, 0x9, 0x0, 0x3f, 0xf9, 0xce,
    0x1, 0xff, 0xc2, 0x14, 0x0, 0xff, 0xe6, 0xe8,
    0x7, 0xff, 0xe, 0x0, 0x3f, 0xf9, 0xa6, 0x1,
    0xff, 0xc3, 0x38, 0x0, 0xff, 0xe0, 0x98, 0x7,
    0xf9, 0x0, 0x3f, 0xf8, 0x8f, 0x0, 0x1f, 0xf3,
    0x65, 0x0, 0x7f, 0x94, 0x3, 0xff, 0x88, 0xf8,
    0x60, 0x1f, 0x15, 0xc8, 0x2d, 0x0, 0x7f, 0x70,
    0x7, 0xff, 0x14, 0xf3, 0x65, 0xdd, 0x13, 0xba,
    0x40, 0x9, 0x68, 0x3, 0xf2, 0x10, 0x7, 0xff,
    0x18, 0x9a, 0x20, 0xec, 0x40, 0x1e, 0x5a, 0x0,
    0xfd, 0x20, 0x1f, 0xfd, 0x45, 0xa0, 0xf, 0x91,
    0x0, 0x1f, 0xfd, 0x45, 0xb0, 0xf, 0xa8, 0x40,
    0x3f, 0xfa, 0x89, 0x60, 0x1e, 0x1b, 0x0, 0xff,
    0xea, 0xa5, 0x80, 0x79, 0x60, 0x3, 0xff, 0xaa,
    0x96, 0x1, 0xe7, 0x80, 0xf, 0xfe, 0xaa, 0x88,
    0x7, 0x9e, 0x80, 0x3f, 0xfa, 0x65, 0xe2, 0x1,
    0xf2, 0xe1, 0x0, 0x7f, 0xf4, 0x17, 0x44, 0x3,
    0xf8, 0xf5, 0xc0, 0x3f, 0xf9, 0xa3, 0x54, 0x0,
    0xff, 0xe0, 0xc7, 0x30, 0x7, 0xff, 0x29, 0xbd,
    0x40, 0x3f, 0xf8, 0x63, 0x3d, 0x4, 0x1, 0xff,
    0xc4, 0x17, 0xe9, 0x10, 0xf, 0xfe, 0x30, 0xbe,
    0xe9, 0x40, 0x3f, 0xe4, 0x7c, 0xe8, 0x10, 0xf,
    0xfe, 0x59, 0x68, 0x7, 0xf9, 0xee, 0xc, 0x3,
    0xff, 0xfe, 0x1, 0xff, 0xff, 0x0, 0xff, 0xff,
    0x80, 0x7f, 0xff, 0xc0, 0x30,

    /* U+00A3 "£" */
    0x0, 0xff, 0xe6, 0x23, 0xd6, 0x77, 0x3f, 0xdd,
    0xb7, 0xa, 0x1, 0xff, 0xd5, 0x4a, 0xeb, 0x85,
    0x31, 0x10, 0x0, 0x49, 0x1e, 0xbe, 0xd4, 0x3,
    0xff, 0xa0, 0xb9, 0x6a, 0x20, 0x1f, 0xfc, 0x24,
    0xae, 0x70, 0xf, 0xfe, 0x61, 0x5d, 0x18, 0x7,
    0xff, 0x1c, 0x63, 0x50, 0x3, 0xff, 0x92, 0xba,
    0x80, 0x1f, 0xfc, 0xb2, 0xb9, 0x0, 0xff, 0xe3,
    0xbd, 0x0, 0x7f, 0xf3, 0xdb, 0x0, 0x3f, 0xf8,
    0xaf, 0x0, 0x1f, 0xfd, 0x13, 0xc1, 0x0, 0xff,
    0xe1, 0x34, 0x0, 0x7f, 0xf4, 0xce, 0x80, 0x3f,
    0xf8, 0x25, 0x20, 0x1f, 0xfd, 0x54, 0x40, 0x7,
    0xff, 0x3, 0xc0, 0x3f, 0xfa, 0xd0, 0x80, 0x1f,
    0xf3, 0x10, 0x7, 0xff, 0x56, 0x1c, 0x3, 0xff,
    0x81, 0x0, 0x1f, 0xfd, 0x58, 0x70, 0xf, 0xfe,
    0x3, 0x8, 0x7, 0xff, 0x52, 0x1c, 0x3, 0xff,
    0x83, 0x40, 0x1f, 0xfc, 0x81, 0x10, 0x7, 0xfa,
    0x1c, 0x3, 0xff, 0x82, 0x26, 0x1, 0xff, 0xc5,
    0x7d, 0xfe, 0xea, 0x88, 0x3, 0xd0, 0xe0, 0x1f,
    0xfc, 0x24, 0x0, 0xff, 0xe2, 0x16, 0xc1, 0x0,
    0x42, 0xba, 0xc0, 0x1a, 0x1c, 0x3, 0xff, 0x87,
    0xa0, 0x1f, 0xfc, 0x4f, 0x20, 0xf, 0xd2, 0xc0,
    0x8, 0x70, 0xf, 0xfe, 0x21, 0x80, 0x7f, 0xf0,
    0xdc, 0x80, 0x3f, 0xd2, 0x90, 0xe0, 0x1f, 0xfc,
    0x56, 0x0, 0xff, 0xe1, 0xd0, 0x7, 0xff, 0x2,
    0xdc, 0x3, 0xff, 0x8c, 0x60, 0x1f, 0xfc, 0x21,
    0x20, 0xf, 0xfe, 0xa0, 0x80, 0x7f, 0xf0, 0x8c,
    0x3, 0xff, 0xc8, 0x20, 0x1f, 0xff, 0xf0, 0xf,
    0xff, 0xf8, 0x7, 0xff, 0xfc, 0x3, 0xff, 0xfe,
    0x1, 0xff, 0xc6, 0x6f, 0xff, 0xc0, 0x1f, 0xfc,
    0x33, 0xff, 0xff, 0xe1, 0x58, 0x7, 0xff, 0xfc,
    0x3, 0xff, 0xfe, 0x1, 0xff, 0xff, 0x0, 0xff,
    0xff, 0x80, 0x7f, 0xff, 0xc0, 0x3f, 0xff, 0xe0,
    0x1f, 0xfe, 0x57, 0xcc, 0xfc, 0x1, 0xff, 0xc3,
    0x2c, 0xcf, 0xfe, 0x14, 0x80, 0x7f, 0x9, 0x9f,
    0xe0, 0xf, 0xfe, 0x18, 0x99, 0xff, 0xf0, 0x88,
    0x3, 0xff, 0xfe, 0x1, 0xff, 0xff, 0x0, 0xff,
    0xff, 0x80, 0x7f, 0xff, 0xc0, 0x3f, 0xff, 0xe0,
    0x1f, 0xff, 0xf0, 0xf, 0xff, 0x2b, 0x7f, 0xfe,
    0x0, 0xff, 0xe1, 0x9f, 0xff, 0xff, 0x26, 0xc0,
    0x3f, 0xff, 0xe0, 0x1f, 0xff, 0xf0, 0xf, 0xff,
    0xf8, 0x7, 0xff, 0xfc, 0x3, 0xff, 0xfe, 0x1,
    0xff, 0xff, 0x0, 0xff, 0xff, 0x80, 0x7f, 0xfd,
    0x55, 0xdf, 0xff, 0xc3, 0xc0, 0x0,

    /* U+00A4 "¤" */
    0x0, 0xf9, 0x48, 0x3, 0xff, 0x9e, 0x48, 0x1,
    0xff, 0xc1, 0x5a, 0xc2, 0x0, 0xff, 0xe6, 0x96,
    0x5a, 0x0, 0x7f, 0xcb, 0x40, 0x38, 0x40, 0x1f,
    0xfc, 0xb3, 0xc1, 0xb, 0x40, 0xf, 0xe5, 0xa0,
    0x8, 0x70, 0x80, 0x3f, 0xf9, 0x27, 0xa2, 0x1,
    0x5a, 0x0, 0x7c, 0xb4, 0x1, 0xc3, 0x84, 0x1,
    0xc6, 0xaf, 0x10, 0x77, 0x29, 0x80, 0x71, 0xe8,
    0x80, 0x75, 0xa0, 0x7, 0x35, 0x0, 0x7c, 0x38,
    0x44, 0x8c, 0xfc, 0xa8, 0x77, 0x44, 0x2b, 0x3f,
    0x1c, 0x8f, 0x4, 0x3, 0xeb, 0x40, 0x9, 0xa4,
    0x3, 0xf8, 0x77, 0x4e, 0x60, 0x1f, 0xf1, 0xc6,
    0xe0, 0x7, 0xfa, 0xd4, 0x1a, 0x40, 0x3f, 0xfb,
    0xb4, 0xa2, 0x1, 0xff, 0xdf, 0x37, 0x80, 0xf,
    0xfe, 0xec, 0xb0, 0x3c, 0x0, 0x7f, 0xf6, 0xe5,
    0x80, 0x27, 0x80, 0xf, 0xfe, 0xcc, 0xb0, 0x7,
    0x3c, 0x0, 0x7f, 0xf5, 0xe5, 0x80, 0x3e, 0x60,
    0xf, 0xfe, 0xb0, 0xb0, 0x7, 0xe8, 0x0, 0xff,
    0xeb, 0xb, 0x80, 0x7c, 0x2c, 0x1, 0xff, 0xd7,
    0x80, 0xf, 0x98, 0x3, 0xff, 0xb2, 0xa0, 0x1e,
    0xa0, 0xf, 0xfe, 0x19, 0xd7, 0x7f, 0x51, 0x80,
    0x7f, 0xf0, 0xf8, 0x3, 0x84, 0x80, 0x3f, 0xf8,
    0x4f, 0x8a, 0x20, 0x2b, 0x90, 0x1, 0xff, 0xc2,
    0x40, 0xe, 0x50, 0xf, 0xfe, 0x12, 0xc0, 0x7,
    0xce, 0xa0, 0x1f, 0xfc, 0x22, 0x0, 0xc6, 0x1,
    0xff, 0xc2, 0x80, 0xf, 0xe8, 0x0, 0xff, 0xe1,
    0x38, 0x6, 0xf0, 0xf, 0xfe, 0x9, 0x10, 0x3,
    0xf8, 0x84, 0x3, 0xff, 0x82, 0x60, 0x1f, 0xfc,
    0x66, 0x0, 0xff, 0x8c, 0x3, 0xff, 0x82, 0x20,
    0x1f, 0xfe, 0x1, 0x0, 0xde, 0x1, 0xff, 0xc1,
    0x50, 0xf, 0xf8, 0x80, 0x3f, 0xf8, 0x26, 0x1,
    0x88, 0x3, 0xff, 0x82, 0x28, 0x1, 0xfc, 0xc0,
    0x1f, 0xfc, 0x26, 0x0, 0xce, 0x1, 0xff, 0xc2,
    0xa1, 0x0, 0xf8, 0x60, 0x3, 0xff, 0x84, 0x60,
    0x18, 0x84, 0x3, 0xff, 0x82, 0x38, 0x80, 0x1c,
    0x9e, 0x20, 0x1f, 0xfc, 0x12, 0x0, 0xf3, 0x80,
    0x7f, 0xf0, 0x8a, 0xf6, 0xa6, 0xb6, 0xc4, 0x3,
    0xff, 0x84, 0xa0, 0x1e, 0xa0, 0xf, 0xfe, 0x21,
    0x2b, 0x29, 0x0, 0x7f, 0xf1, 0x28, 0x3, 0xc6,
    0x60, 0xf, 0xfe, 0xba, 0x10, 0x7, 0xde, 0x1,
    0xff, 0xd7, 0x80, 0xf, 0xff, 0x0, 0x80, 0x7c,
    0x7a, 0x1, 0xff, 0xd7, 0xc2, 0x0, 0xe3, 0xd1,
    0x0, 0xff, 0xeb, 0x8e, 0x10, 0x4, 0x7a, 0x20,
    0x1f, 0xfd, 0x91, 0xc2, 0x3, 0xd1, 0x0, 0xff,
    0xed, 0x8e, 0x14, 0x88, 0x7, 0xff, 0x74, 0x6a,
    0x88, 0x1, 0xff, 0xdd, 0x58, 0xb, 0x40, 0xf,
    0xf4, 0x30, 0x80, 0x7f, 0xf0, 0x45, 0x98, 0x1,
    0xfe, 0x5a, 0x0, 0xad, 0x0, 0x3f, 0x53, 0xcf,
    0x64, 0x29, 0x88, 0x4, 0x26, 0xb1, 0x9d, 0x32,
    0x70, 0xf, 0xcb, 0x40, 0x1d, 0x68, 0x1, 0xe9,
    0x50, 0x8, 0xde, 0xb3, 0xbf, 0xee, 0xca, 0x73,
    0x0, 0xa1, 0xc0, 0x3c, 0xb4, 0x1, 0xf5, 0xa8,
    0x6, 0x96, 0x0, 0xff, 0xe4, 0xc4, 0x0, 0x32,
    0xd0, 0x7, 0xf5, 0x28, 0x2, 0x58, 0x3, 0xff,
    0x96, 0xf0, 0x0, 0x5a, 0x0, 0xff, 0xa9, 0x65,
    0x80, 0x3f, 0xf9, 0xaf, 0xb, 0x40, 0x1f, 0xfc,
    0x1a, 0x60, 0xf, 0xfe, 0x7b, 0xd0, 0x7, 0xc0,

    /* U+00A5 "¥" */
    0x7, 0x88, 0xff, 0xe1, 0xb0, 0x7, 0xff, 0x1d,
    0xe2, 0x3f, 0xf8, 0x64, 0x1e, 0xef, 0xff, 0xc3,
    0x92, 0x0, 0xff, 0xe2, 0xb4, 0x3b, 0xff, 0xf0,
    0x98, 0x82, 0x40, 0x3f, 0xf8, 0x96, 0x1, 0xff,
    0xc5, 0xa0, 0xf, 0xfe, 0x1c, 0x80, 0x5, 0xc0,
    0x3f, 0xf8, 0x6c, 0x20, 0x1f, 0xfc, 0x33, 0x30,
    0x7, 0xff, 0x8, 0x5c, 0x2, 0x90, 0xf, 0xfe,
    0x23, 0x0, 0x7f, 0xf0, 0xe4, 0x3, 0xff, 0x87,
    0x20, 0x18, 0x5c, 0x3, 0xff, 0x87, 0x40, 0x1f,
    0xfc, 0x21, 0x50, 0xf, 0xfe, 0x10, 0xb8, 0x7,
    0x48, 0x7, 0xff, 0xc, 0x90, 0x3, 0xff, 0x83,
    0x20, 0x1f, 0xfc, 0x38, 0x0, 0xf0, 0xb8, 0x7,
    0xff, 0xf, 0xc0, 0x3f, 0xf8, 0x2c, 0x1, 0xff,
    0xc2, 0x26, 0x0, 0xfa, 0x4, 0x3, 0xff, 0x84,
    0x84, 0x1, 0xff, 0x28, 0x80, 0x7f, 0xf0, 0xac,
    0x3, 0xfa, 0x40, 0x3f, 0xf8, 0x74, 0x1, 0xff,
    0x48, 0x7, 0xff, 0x8, 0x98, 0x3, 0xf9, 0xc4,
    0x3, 0xff, 0x84, 0xc0, 0x1f, 0xe3, 0x30, 0x7,
    0xff, 0xa, 0x0, 0x3f, 0xe9, 0x0, 0xff, 0xe1,
    0xb, 0x0, 0x7f, 0x48, 0x7, 0xff, 0x8, 0x94,
    0x3, 0xfe, 0x71, 0x0, 0xff, 0xe1, 0x58, 0x7,
    0xe1, 0x50, 0xf, 0xfe, 0x14, 0x0, 0x7f, 0xf0,
    0x64, 0x3, 0xff, 0x84, 0x46, 0x1, 0xf3, 0x0,
    0x7f, 0xf0, 0x8d, 0x40, 0x3f, 0xf8, 0x2e, 0x20,
    0x1f, 0xfc, 0x29, 0x0, 0xfa, 0x40, 0x3f, 0xf8,
    0x50, 0x1, 0xff, 0xc3, 0x90, 0xf, 0xfe, 0x12,
    0x88, 0x7, 0x28, 0x80, 0x7f, 0xf0, 0x4d, 0x0,
    0x3f, 0xf8, 0x6e, 0x20, 0x1f, 0xfc, 0x29, 0x0,
    0xe9, 0x0, 0xff, 0xe1, 0x40, 0x7, 0xff, 0x16,
    0x0, 0x3f, 0xf8, 0x4c, 0x1, 0x88, 0xc0, 0x3f,
    0xf8, 0x28, 0x80, 0xf, 0xfe, 0x2b, 0x8, 0x7,
    0xff, 0x4, 0x54, 0x2, 0xb0, 0xf, 0xfe, 0x14,
    0x0, 0x7f, 0xf1, 0xe0, 0x3, 0xff, 0x85, 0x20,
    0x1, 0x60, 0xf, 0xfe, 0xa, 0x18, 0x7, 0xff,
    0x1d, 0x84, 0x3, 0xff, 0x82, 0x66, 0x6, 0x0,
    0xff, 0xe1, 0x40, 0x7, 0xff, 0x1, 0xff, 0xff,
    0x8, 0x7, 0xff, 0xa, 0x82, 0x80, 0x3f, 0xf8,
    0x59, 0xff, 0xf6, 0x80, 0x7f, 0xf4, 0x19, 0x84,
    0x1, 0xff, 0xe8, 0x90, 0xf, 0xff, 0xf8, 0x7,
    0xff, 0xfc, 0x3, 0xff, 0xfe, 0x1, 0xff, 0xfd,
    0x36, 0x6f, 0xfe, 0x2, 0x0, 0x7f, 0xf2, 0x89,
    0x9b, 0xff, 0x80, 0xa0, 0x19, 0x26, 0x7f, 0xf8,
    0x16, 0x40, 0x1f, 0xfc, 0x9f, 0x99, 0xff, 0xe0,
    0x40, 0x7, 0xff, 0x1a, 0xc0, 0x3f, 0xf9, 0xa,
    0x40, 0x1f, 0xfd, 0x36, 0x20, 0xf, 0xfe, 0x3c,
    0x0, 0x7f, 0xf5, 0x6c, 0x3, 0xff, 0x8c, 0xa4,
    0x1, 0xff, 0xc6, 0x38, 0x8f, 0xfe, 0x17, 0x0,
    0x7f, 0xf1, 0xe2, 0x3f, 0xf8, 0x4c, 0x1, 0x91,
    0xdf, 0xff, 0x86, 0x1, 0xff, 0xc6, 0x57, 0x7f,
    0xfe, 0x15, 0x80, 0x7f, 0xff, 0xc0, 0x3f, 0xff,
    0xe0, 0x1f, 0xff, 0xf0, 0xf, 0xff, 0xf8, 0x7,
    0xff, 0xfc, 0x3, 0xe7, 0xff, 0xff, 0xe2, 0x30,
    0x7, 0xff, 0xf, 0x3f, 0xff, 0xf8, 0x7a, 0x1,
    0xff, 0xff, 0x0, 0xff, 0xff, 0x80, 0x7f, 0xff,
    0xc0, 0x3f, 0xff, 0xe0, 0x1f, 0xff, 0xf0, 0xf,
    0xff, 0xf8, 0x7, 0xff, 0xfc, 0x3, 0xff, 0xfe,
    0x1, 0xff, 0xff, 0x0, 0xff, 0xff, 0x80, 0x7f,
    0xff, 0xc0, 0x3f, 0xff, 0xe0, 0x1f, 0xff, 0xf0,
    0xf, 0xff, 0x48,

    /* U+00A6 "¦" */
    0x5f, 0xff, 0xfe, 0xb, 0x0, 0x7f, 0xff, 0xc0,
    0x3f, 0xff, 0xe0, 0x1f, 0xff, 0xf0, 0xf, 0xff,
    0xf8, 0x7, 0xff, 0xfc, 0x3, 0xff, 0xfe, 0x1,
    0xff, 0xd2, 0x77, 0xff, 0xe1, 0x29, 0x44, 0x7f,
    0xf0, 0x4c, 0x3, 0xff, 0xfe, 0x1, 0xff, 0xff,
    0x0, 0xff, 0xe1, 0x9d, 0x57, 0xff, 0x5, 0x19,
    0x57, 0xff, 0x82, 0x40, 0x1f, 0xff, 0xf0, 0xf,
    0xff, 0xf8, 0x7, 0xff, 0xfc, 0x3, 0xff, 0xfe,
    0x1, 0xff, 0xff, 0x0, 0xff, 0xff, 0x80, 0x7f,
    0xf4, 0x80,

    /* U+00A7 "§" */
    0x0, 0xff, 0xe2, 0xa4, 0x56, 0x77, 0xfd, 0xdb,
    0x72, 0xc6, 0x1, 0xff, 0xcf, 0x4b, 0xfb, 0x75,
    0x31, 0x0, 0x84, 0x91, 0xa7, 0x3a, 0x90, 0x3,
    0xff, 0x94, 0xbb, 0x68, 0x1, 0xff, 0xc3, 0x15,
    0xbe, 0x70, 0xf, 0xfe, 0x30, 0xe5, 0x10, 0x7,
    0xff, 0x20, 0x63, 0x9c, 0x3, 0xff, 0x86, 0x9e,
    0x60, 0x1f, 0xfc, 0xc1, 0x8c, 0x20, 0xf, 0xfe,
    0x2, 0x58, 0x80, 0x7f, 0xf3, 0xcf, 0x50, 0x3,
    0xfc, 0x56, 0x1, 0xff, 0xd3, 0xb6, 0x0, 0xfe,
    0xf0, 0xf, 0xfe, 0xac, 0xa8, 0x7, 0xce, 0x40,
    0x1f, 0xfd, 0x6a, 0x30, 0xe, 0x18, 0x0, 0xff,
    0xeb, 0x91, 0x0, 0x39, 0xc0, 0x3f, 0xfa, 0xe5,
    0x82, 0x1, 0xd4, 0x1, 0xff, 0xd6, 0x2c, 0x10,
    0xf, 0x18, 0x7, 0xff, 0x11, 0x5e, 0x1d, 0x4,
    0x3, 0xfe, 0x2c, 0x10, 0xf, 0x18, 0x7, 0xff,
    0xd, 0x7e, 0xa1, 0xe2, 0xfb, 0x14, 0x3, 0xf0,
    0xe0, 0x80, 0x7c, 0xe0, 0x1f, 0xfc, 0x21, 0xa0,
    0xf, 0x8e, 0xb5, 0x0, 0x38, 0x70, 0x40, 0x3f,
    0x8, 0x7, 0xff, 0x9, 0x0, 0x3f, 0xc5, 0x72,
    0x1, 0xe, 0x10, 0x7, 0xf1, 0x80, 0x7f, 0xf0,
    0x84, 0x3, 0xff, 0x80, 0xd6, 0x3, 0x84, 0x1,
    0xfe, 0x30, 0xf, 0xfe, 0x12, 0x18, 0x7, 0xff,
    0x1, 0x2b, 0x48, 0x3, 0xfe, 0x10, 0xf, 0xfe,
    0x1e, 0xb0, 0x7, 0xff, 0x1, 0x4c, 0x3, 0xff,
    0x80, 0xc0, 0x1f, 0xfc, 0x31, 0x9d, 0x61, 0x0,
    0xff, 0xe5, 0x90, 0x7, 0xff, 0x14, 0xa7, 0xad,
    0x84, 0x3, 0xff, 0x92, 0xa0, 0x1f, 0xfc, 0x74,
    0x9e, 0xc7, 0x20, 0xf, 0xfe, 0x37, 0x0, 0x7f,
    0xf2, 0x8e, 0x37, 0x14, 0x3, 0xff, 0x88, 0x86,
    0x1, 0xff, 0xcc, 0x3a, 0xe7, 0x0, 0xff, 0xe1,
    0xf8, 0x7, 0xff, 0x38, 0x63, 0x50, 0x3, 0xff,
    0x82, 0x6e, 0x1, 0xff, 0xcf, 0x2b, 0x90, 0xf,
    0xfe, 0xc, 0x20, 0x7, 0xff, 0x41, 0xa8, 0x3,
    0xff, 0x80, 0xc8, 0x1, 0xff, 0xd1, 0x59, 0x0,
    0xff, 0x4c, 0x80, 0x3f, 0xfa, 0x6c, 0x80, 0x1f,
    0xa5, 0x80, 0x3f, 0xfa, 0xb2, 0x1, 0xf3, 0x30,
    0x3, 0xff, 0xac, 0x4a, 0x1, 0xc5, 0x20, 0x1f,
    0xfd, 0x8f, 0x0, 0xe8, 0x0, 0xff, 0xec, 0xa0,
    0x6, 0x15, 0x0, 0xff, 0xe1, 0x14, 0xef, 0xe3,
    0x0, 0x7f, 0xf1, 0x44, 0x40, 0x13, 0x80, 0x7f,
    0xf0, 0x97, 0x58, 0x80, 0xe7, 0x98, 0x3, 0xff,
    0x88, 0x40, 0x17, 0x80, 0x7f, 0xf0, 0xa0, 0x3,
    0xc3, 0x32, 0x0, 0xff, 0xe3, 0xa8, 0x7, 0xff,
    0x8, 0x80, 0x3f, 0x31, 0x0, 0x7f, 0xf1, 0x84,
    0x3, 0xff, 0x84, 0x60, 0x1f, 0xce, 0x1, 0xff,
    0xc2, 0x10, 0xf, 0xfe, 0x34, 0x0, 0x7f, 0x30,
    0x7, 0xff, 0x8, 0x80, 0x21, 0x0, 0xff, 0xe1,
    0x26, 0x18, 0x7, 0x90, 0xc0, 0x3f, 0xf8, 0x26,
    0x1, 0x98, 0x3, 0xff, 0x86, 0x79, 0x6a, 0x2,
    0x93, 0x60, 0x1f, 0xfc, 0x2a, 0x0, 0xc4, 0x1,
    0xff, 0xc5, 0x4a, 0xfe, 0xb6, 0x0, 0xff, 0xe1,
    0xb, 0x0, 0x6c, 0x0, 0xff, 0xec, 0xc8, 0x7,
    0x20, 0x80, 0x7f, 0xf5, 0xcd, 0xc0, 0x3c, 0xc0,
    0x1f, 0xfd, 0x62, 0xd0, 0xf, 0xa0, 0x40, 0x3f,
    0xfa, 0x85, 0x82, 0x1, 0xfa, 0x80, 0x3f, 0xfa,
    0x6b, 0xa2, 0x1, 0xfc, 0x94, 0x1, 0xff, 0xd2,
    0xb0, 0xf, 0xfe, 0x2, 0xd0, 0x7, 0xff, 0x47,
    0x0, 0x3f, 0xf8, 0x2b, 0xa8, 0x1, 0xff, 0xcf,
    0x29, 0x0, 0xff, 0xe0, 0x95, 0xd8, 0xc0, 0x3f,
    0xf9, 0xcc, 0x40, 0x1f, 0xfc, 0x24, 0xcc, 0x28,
    0x7, 0xff, 0x36, 0x0, 0x3f, 0xf8, 0x87, 0x5f,
    0x48, 0x1, 0xff, 0xca, 0x51, 0x0, 0xff, 0xe3,
    0x2d, 0xfd, 0x30, 0x80, 0x7f, 0xf1, 0xd0, 0x3,
    0xff, 0x92, 0xb3, 0xd6, 0xa0, 0x1f, 0xfc, 0x5d,
    0x0, 0xff, 0xe6, 0x25, 0x6a, 0x0, 0x7f, 0xf0,
    0xc8, 0x3, 0xff, 0x82, 0xe0, 0x1f, 0xfc, 0x2,
    0xb3, 0x0, 0xff, 0xe1, 0x8, 0x7, 0xff, 0x2,
    0xa2, 0x80, 0x3f, 0xf8, 0x32, 0x1, 0xff, 0xc2,
    0x70, 0xf, 0xfa, 0x94, 0x16, 0xc0, 0x3f, 0xf8,
    0x2, 0x1, 0xff, 0xcd, 0xa5, 0x0, 0x93, 0x50,
    0x3, 0xfd, 0xa0, 0x1f, 0xfc, 0x26, 0x0, 0xfe,
    0x95, 0x0, 0xe2, 0xbc, 0x61, 0x0, 0xf3, 0x30,
    0x3, 0xff, 0x84, 0x60, 0x1f, 0xa5, 0x80, 0x3f,
    0x1c, 0xf6, 0xd4, 0xca, 0xba, 0x40, 0x3f, 0xf8,
    0x78, 0x1, 0xf4, 0x30, 0x7, 0xff, 0x0, 0x95,
    0x98, 0xa2, 0x1, 0xff, 0xc4, 0x40, 0xf, 0x43,
    0x80, 0x7f, 0xf5, 0x8c, 0x40, 0x39, 0xdc, 0x1,
    0xff, 0xd7, 0x90, 0xf, 0x58, 0x7, 0xff, 0x5c,
    0xd4, 0x3, 0xda, 0x40, 0x1f, 0xfd, 0x6f, 0x0,
    0xf8, 0x7c, 0x80, 0x3f, 0xfa, 0x90, 0x60, 0x1f,
    0x8b, 0xc, 0x3, 0xff, 0xa4, 0xee, 0x0, 0xff,
    0xe, 0x38, 0x7, 0xff, 0x41, 0xe0, 0x3, 0xff,
    0x83, 0x18, 0x60, 0x1f, 0xfc, 0xc1, 0xb8, 0x0,
    0xff, 0xe1, 0x9e, 0x59, 0x80, 0x7f, 0xf2, 0x5f,
    0x90, 0x3, 0xff, 0x8c, 0x99, 0xae, 0x40, 0x1f,
    0xfc, 0x32, 0x9e, 0x80, 0xf, 0xfe, 0x51, 0x46,
    0xf5, 0x3a, 0x10, 0x80, 0x42, 0x48, 0xd5, 0xda,
    0xc2, 0x1, 0xff, 0xc1,

    /* U+00A8 "¨" */
    0x0, 0xf8, 0xd1, 0x2, 0x1, 0xff, 0xc3, 0x13,
    0x43, 0x10, 0xf, 0xf1, 0xdf, 0xe5, 0xdb, 0xb5,
    0x80, 0x3f, 0xe5, 0xce, 0xcb, 0xce, 0xc4, 0x0,
    0xf9, 0xf1, 0x0, 0x38, 0xa6, 0xc4, 0x3, 0xf5,
    0x50, 0xc0, 0x38, 0xee, 0x40, 0x39, 0xe0, 0x3,
    0xf9, 0x34, 0x3, 0xea, 0x50, 0xf, 0xe6, 0x90,
    0x8, 0xa0, 0x3, 0xfe, 0x38, 0x0, 0xe5, 0x50,
    0x7, 0xfc, 0xc8, 0x0, 0x80, 0xf, 0xfe, 0xb,
    0x88, 0x6, 0x80, 0xf, 0xfe, 0xc, 0x80, 0x14,
    0x3, 0xff, 0x84, 0x80, 0x11, 0x90, 0x7, 0xff,
    0x4, 0x88, 0x60, 0x1f, 0xfc, 0x3c, 0x0, 0x94,
    0x3, 0xff, 0x86, 0xec, 0x1, 0xff, 0xc3, 0x30,
    0xb, 0x80, 0x3f, 0xf8, 0x64, 0x20, 0x1f, 0xfc,
    0x7f, 0x0, 0xff, 0xe1, 0x8b, 0x0, 0x7f, 0xf0,
    0xc8, 0x2, 0x20, 0xf, 0xfe, 0x19, 0x90, 0x80,
    0x7f, 0xf0, 0xb0, 0x2, 0x40, 0xf, 0xfe, 0x1a,
    0x3, 0x0, 0x7f, 0xf0, 0x49, 0x0, 0x21, 0x40,
    0xf, 0xfe, 0xa, 0x88, 0x48, 0x80, 0x7f, 0xf0,
    0x20, 0x3, 0xa0, 0x3, 0xff, 0x83, 0x0, 0x1,
    0xd0, 0xf, 0xf9, 0xd4, 0x3, 0x8e, 0x40, 0x3f,
    0xea, 0x20, 0x8, 0xf0, 0x80, 0x3f, 0x44, 0x0,
    0x3e, 0x6a, 0x10, 0xf, 0x86, 0xd4, 0x3, 0x8f,
    0x65, 0x4, 0x4, 0xdf, 0x9c, 0x3, 0xf9, 0x7e,
    0xc, 0x40, 0x52, 0x39, 0x0, 0x20,

    /* U+00A9 "©" */
    0x0, 0xff, 0xea, 0x8, 0x7, 0xff, 0xb0, 0xde,
    0x73, 0xbf, 0xee, 0xff, 0xb6, 0xe1, 0x44, 0x3,
    0xff, 0xc0, 0x2d, 0x7f, 0x90, 0xc6, 0x20, 0x1f,
    0x12, 0x3d, 0x76, 0xc9, 0x80, 0x7f, 0xf6, 0xce,
    0xba, 0x50, 0x3, 0xff, 0x8c, 0x4d, 0x9a, 0xe2,
    0x1, 0xff, 0xd6, 0x3b, 0xc5, 0x0, 0xff, 0xe6,
    0x14, 0x74, 0x8, 0x7, 0xff, 0x48, 0x6b, 0x10,
    0x3, 0xff, 0xa2, 0xfe, 0xc0, 0x1f, 0xfd, 0x6,
    0xe5, 0x0, 0xfe, 0x36, 0x9c, 0xde, 0xff, 0x76,
    0xe5, 0xc2, 0x88, 0x7, 0xe1, 0x9c, 0x20, 0xf,
    0xfe, 0x6d, 0x48, 0x7, 0xe4, 0xaf, 0xc9, 0x63,
    0x21, 0x0, 0x9, 0x1a, 0x3d, 0x76, 0xb9, 0x0,
    0x7c, 0x7a, 0xa0, 0x1f, 0xfc, 0xa1, 0xd5, 0x0,
    0xf9, 0xfa, 0xd4, 0x3, 0xff, 0x88, 0x51, 0xb6,
    0x60, 0x1f, 0x54, 0x0, 0x7f, 0xf2, 0xb, 0x8,
    0x3, 0xcd, 0xd0, 0x20, 0x1f, 0xfc, 0x94, 0xcb,
    0x20, 0xf, 0x3c, 0x80, 0x7f, 0xf1, 0x87, 0x8,
    0x3, 0x8b, 0x24, 0x40, 0x3f, 0xf9, 0xa9, 0xae,
    0x1, 0xe6, 0x90, 0xf, 0xfe, 0x2e, 0x8, 0x7,
    0x2e, 0x98, 0x7, 0xff, 0x46, 0x30, 0x40, 0x39,
    0xa0, 0x3, 0xff, 0x87, 0x64, 0x1, 0xcf, 0x40,
    0x1f, 0xfd, 0x43, 0xf2, 0x0, 0xe7, 0x50, 0xf,
    0xfe, 0xb, 0xa0, 0x7, 0x44, 0x0, 0x3f, 0xfa,
    0xc3, 0x86, 0x1, 0xd4, 0x40, 0x1f, 0xf1, 0xc0,
    0x7, 0x3b, 0x80, 0x3f, 0xfb, 0x3, 0x84, 0x1,
    0xdc, 0x1, 0xff, 0x78, 0x7, 0x2c, 0x0, 0x7f,
    0xf0, 0x89, 0xa7, 0x3b, 0x9f, 0xee, 0xda, 0x73,
    0x0, 0xff, 0xe0, 0x60, 0x80, 0x63, 0x70, 0xf,
    0xe6, 0x30, 0xc, 0x54, 0x1, 0xff, 0xc0, 0x17,
    0xdd, 0x4b, 0x18, 0x88, 0x0, 0x24, 0xb1, 0x9d,
    0x2, 0x1, 0xfc, 0x3a, 0x1, 0xd0, 0x20, 0x1f,
    0xa0, 0x3, 0xb8, 0x3, 0xfe, 0x19, 0xe8, 0x20,
    0xf, 0xfe, 0x8, 0xbf, 0x40, 0x80, 0x7e, 0x37,
    0x0, 0xe8, 0x0, 0xf9, 0x84, 0x3, 0x31, 0x80,
    0x7f, 0x9b, 0x98, 0x3, 0xff, 0x8e, 0xfe, 0x80,
    0x1f, 0xa0, 0x80, 0x33, 0x8, 0x7, 0xac, 0x3,
    0xa0, 0x3, 0xfd, 0x52, 0x1, 0xff, 0xca, 0x1b,
    0x70, 0xf, 0xd2, 0x1, 0xd2, 0x1, 0xc8, 0x40,
    0x19, 0xc4, 0x3, 0xfb, 0x14, 0x3, 0xff, 0x9b,
    0x40, 0x1f, 0x90, 0x80, 0x33, 0x0, 0x77, 0x0,
    0x74, 0x80, 0x7f, 0x61, 0x80, 0x7f, 0xf3, 0x4b,
    0x0, 0x3f, 0xa0, 0x3, 0xa, 0x0, 0x65, 0x0,
    0xca, 0x20, 0x1f, 0xa8, 0xc0, 0x3f, 0xf9, 0xa5,
    0x82, 0x1, 0xfc, 0xa2, 0x1, 0xb8, 0x2, 0x40,
    0xe, 0xe0, 0xf, 0xcc, 0xa0, 0x1f, 0xfc, 0xd2,
    0xc1, 0x0, 0xff, 0x9c, 0x3, 0x28, 0x5, 0x80,
    0x1c, 0x80, 0x1f, 0xa0, 0x3, 0xff, 0x9a, 0x58,
    0x20, 0x1f, 0xfc, 0xd, 0x0, 0xe3, 0x0, 0x18,
    0x6, 0x50, 0xf, 0xd0, 0x20, 0x1f, 0xfc, 0xc2,
    0xc1, 0x0, 0xff, 0xe0, 0xa0, 0x80, 0x64, 0x0,
    0x20, 0x6, 0xd0, 0xf, 0xcc, 0x1, 0xff, 0xcc,
    0x3c, 0x10, 0xf, 0xfe, 0x1a, 0x80, 0x6d, 0x1,
    0x0, 0xe3, 0x0, 0xf9, 0x4, 0x3, 0xff, 0x84,
    0x75, 0xdf, 0xed, 0x92, 0x3, 0xd1, 0x0, 0xff,
    0xe2, 0x18, 0x6, 0x60, 0x20, 0xe, 0x50, 0xf,
    0xb4, 0x3, 0xff, 0x84, 0xf8, 0xa2, 0x0, 0x26,
    0xd7, 0xd1, 0x0, 0xff, 0xe2, 0xf0, 0x6, 0x30,
    0x60, 0xe, 0x10, 0xf, 0x90, 0x3, 0xff, 0x82,
    0xb0, 0x1, 0xfa, 0x4, 0x3, 0xff, 0x8c, 0xa0,
    0x1c, 0x26, 0x1, 0x84, 0x3, 0xf1, 0x0, 0x7f,
    0xf0, 0x6c, 0x3, 0xff, 0xa2, 0x20, 0x1c, 0x60,
    0x1c, 0x60, 0x1f, 0x8, 0x7, 0xff, 0x4, 0xc4,
    0x3, 0xff, 0xa2, 0x60, 0x1e, 0x10, 0xf, 0xfe,
    0x1, 0x80, 0x7f, 0xf0, 0x58, 0x3, 0xff, 0xb0,
    0x20, 0x1f, 0xff, 0x51, 0x0, 0xc6, 0x1, 0xf1,
    0x80, 0x7f, 0xf0, 0x5c, 0x3, 0xff, 0xa4, 0x60,
    0x1c, 0x26, 0x1, 0x84, 0x3, 0xe1, 0x0, 0xff,
    0xe0, 0x91, 0x0, 0x3f, 0xfa, 0x22, 0x1, 0xc6,
    0x20, 0x1f, 0xfc, 0x12, 0x0, 0xff, 0xe0, 0xf0,
    0x7, 0xff, 0x45, 0xc0, 0x38, 0x58, 0x3, 0x88,
    0x3, 0xe7, 0x0, 0xff, 0xe0, 0x9d, 0x0, 0x7c,
    0x39, 0x40, 0x1f, 0xfc, 0x62, 0x0, 0xc2, 0x4,
    0x1, 0xce, 0x1, 0xf7, 0x80, 0x7f, 0xf0, 0x97,
    0x98, 0x80, 0x7, 0x1e, 0x6b, 0x60, 0x1f, 0xfc,
    0x5f, 0x0, 0xc4, 0x0, 0x20, 0xd, 0xa0, 0x1f,
    0x28, 0x7, 0xff, 0xc, 0x67, 0x7f, 0xd8, 0xe2,
    0x0, 0x4b, 0x0, 0xff, 0xe2, 0x28, 0x6, 0x60,
    0x3, 0x80, 0x64, 0x0, 0xfc, 0xe0, 0x1f, 0xfc,
    0xd4, 0xb0, 0xf, 0xfe, 0x19, 0x80, 0x6c, 0x0,
    0x60, 0x6, 0x31, 0x0, 0xfa, 0x44, 0x3, 0xff,
    0x9a, 0x96, 0x1, 0xff, 0xc1, 0x50, 0xe, 0x40,
    0x2, 0x0, 0x73, 0x80, 0x7c, 0x30, 0x1, 0xff,
    0xce, 0x4b, 0x0, 0xff, 0xe0, 0x78, 0x6, 0x12,
    0x0, 0x11, 0x0, 0x36, 0x80, 0x7e, 0x65, 0x0,
    0xff, 0xe7, 0x25, 0x80, 0x7f, 0xca, 0x1, 0x9c,
    0x3, 0x50, 0x6, 0x42, 0x0, 0xfd, 0x46, 0x1,
    0xff, 0xce, 0x4b, 0x0, 0xfe, 0x70, 0xe, 0xa0,
    0xc, 0xa0, 0x1d, 0x0, 0x1f, 0xda, 0x40, 0x1f,
    0xfc, 0xe4, 0x40, 0x7, 0xe9, 0x0, 0xc2, 0x60,
    0x18, 0x94, 0x3, 0x28, 0x80, 0x7e, 0x1d, 0x50,
    0xf, 0xfe, 0x6d, 0xa0, 0x7, 0xcc, 0x20, 0x1a,
    0x40, 0x3d, 0x20, 0x1d, 0x40, 0x1f, 0xea, 0x90,
    0xf, 0xfe, 0x51, 0xea, 0x0, 0x7c, 0x30, 0x1,
    0xce, 0x1, 0xe3, 0x40, 0xc, 0x8a, 0x1, 0xfe,
    0x6e, 0x60, 0xf, 0xfe, 0x3c, 0x61, 0x0, 0x7e,
    0xb1, 0x0, 0xce, 0x1, 0xfa, 0x40, 0x3a, 0xc4,
    0x3, 0xfc, 0x33, 0xce, 0x40, 0x1f, 0xfc, 0x12,
    0x8f, 0x70, 0xf, 0xe5, 0x50, 0x6, 0x18, 0x0,
    0xfc, 0x4c, 0x1, 0x87, 0x40, 0x3f, 0xf8, 0x3,
    0x1b, 0xa9, 0x64, 0x21, 0x18, 0x91, 0xa7, 0x74,
    0xe0, 0x1f, 0xe2, 0xa0, 0xe, 0xb0, 0xf, 0xf4,
    0x90, 0x6, 0x3a, 0x0, 0xff, 0xe1, 0x13, 0x4d,
    0xef, 0x75, 0xb7, 0x2c, 0x40, 0x1f, 0xf0, 0xe0,
    0x7, 0x22, 0x80, 0x7f, 0xdc, 0x1, 0xcb, 0x20,
    0x1f, 0xfd, 0x81, 0xc1, 0x0, 0xc3, 0x40, 0x1f,
    0xfc, 0x3, 0x80, 0xe, 0x6a, 0x0, 0xff, 0xeb,
    0x17, 0x90, 0x7, 0x50, 0x80, 0x7f, 0xf0, 0x5d,
    0x80, 0x39, 0x6c, 0x40, 0x3f, 0xfa, 0x69, 0x82,
    0x1, 0xd2, 0x80, 0x1f, 0xfc, 0x39, 0x40, 0xe,
    0x4f, 0x50, 0xf, 0xfe, 0x8c, 0xd8, 0x80, 0x73,
    0xb0, 0x7, 0xff, 0x16, 0xd4, 0x3, 0x86, 0xa8,
    0x40, 0x1f, 0xfc, 0xd5, 0xd6, 0x0, 0xf3, 0xc0,
    0x7, 0xff, 0x1e, 0x98, 0x3, 0xcb, 0xb4, 0x40,
    0x1f, 0xfc, 0x95, 0xda, 0x20, 0xf, 0x44, 0x0,
    0x3f, 0xf9, 0x33, 0x20, 0xf, 0x97, 0x71, 0xc8,
    0x3, 0xff, 0x86, 0x93, 0xd4, 0x40, 0x1e, 0x1b,
    0x70, 0xf, 0xfe, 0x5b, 0x69, 0x0, 0x7c, 0x71,
    0xbd, 0x70, 0xa8, 0x64, 0x24, 0x68, 0xd3, 0x9f,
    0x6c, 0x20, 0x1f, 0x27, 0xa0, 0x7, 0xff, 0x34,
    0xb6, 0x0, 0x3f, 0x85, 0x1e, 0xaf, 0x37, 0xb7,
    0x2e, 0x58, 0xc0, 0x3f, 0x86, 0xac, 0x40, 0x3f,
    0xfa, 0xf, 0xcc, 0x1, 0xff, 0xd0, 0x18, 0xe5,
    0x0, 0xff, 0xe9, 0x8c, 0xf3, 0x88, 0x7, 0xff,
    0x2c, 0xa7, 0x9c, 0x3, 0xff, 0xae, 0x31, 0xd8,
    0xc4, 0x1, 0xff, 0xc5, 0x27, 0xdd, 0x30, 0x7,
    0xff, 0x70, 0xe7, 0x7a, 0xa1, 0x4c, 0x84, 0x2,
    0x12, 0x36, 0x8b, 0xed, 0x82, 0x0, 0xff, 0xe4,
    0x80,

    /* U+00AA "ª" */
    0x0, 0xff, 0x23, 0xcc, 0xa1, 0x88, 0x3, 0xff,
    0x90, 0x55, 0xf7, 0xc, 0xc7, 0x9d, 0xc5, 0x1f,
    0xff, 0xe7, 0x0, 0xf4, 0x6a, 0x80, 0x7e, 0x3a,
    0xd0, 0xf, 0xfe, 0x1d, 0xb8, 0x7, 0xff, 0x0,
    0xc0, 0x3f, 0xf8, 0x56, 0x80, 0x1f, 0xfc, 0xf8,
    0x40, 0xf, 0xfe, 0x79, 0x38, 0x7, 0xff, 0x42,
    0x0, 0x3f, 0xfa, 0x2, 0xa0, 0x1f, 0xfd, 0x7,
    0x0, 0xff, 0x9f, 0x7f, 0xa4, 0x40, 0x3f, 0xf8,
    0x18, 0x1, 0xfe, 0xc8, 0x20, 0x16, 0xc1, 0x0,
    0xff, 0x9c, 0x3, 0xf9, 0xcc, 0x3, 0x8a, 0x0,
    0x3f, 0xe2, 0x0, 0xfe, 0x90, 0xf, 0x98, 0x3,
    0xff, 0x92, 0x20, 0x1f, 0x8c, 0x3, 0xff, 0xb8,
    0x20, 0x1f, 0xc2, 0x1, 0xf8, 0xc0, 0x3f, 0xc6,
    0x1, 0xfc, 0xc0, 0x1f, 0x28, 0x7, 0xfc, 0xe0,
    0x1f, 0xd0, 0x40, 0x1c, 0x36, 0x1, 0xff, 0x60,
    0x7, 0xfb, 0x5c, 0x80, 0x5b, 0xc4, 0x3, 0xfe,
    0x70, 0xf, 0xfa, 0x37, 0xfa, 0x44, 0x3, 0xff,
    0x80, 0x2a, 0x1, 0xff, 0xd1, 0x90, 0xf, 0xfe,
    0x89, 0xb8, 0x7, 0xff, 0x46, 0xc, 0x3, 0xff,
    0xa3, 0xa6, 0x1, 0xff, 0xd0, 0x1c, 0x60, 0xf,
    0xfe, 0x2, 0x0, 0x7f, 0xf1, 0x27, 0x10, 0x3,
    0xf1, 0x55, 0x0, 0x3f, 0xf8, 0xa7, 0x7d, 0x4e,
    0xaa, 0x68, 0xcd, 0x51, 0xff, 0xfe, 0x70,

    /* U+00AB "«" */
    0x0, 0xfe, 0x37, 0x7f, 0xfe, 0x9, 0x0, 0x71,
    0x3b, 0xff, 0xf0, 0x50, 0x3, 0xfb, 0x62, 0x3f,
    0xf8, 0x12, 0x60, 0x1d, 0x31, 0x1f, 0xfc, 0x17,
    0x0, 0xfd, 0x2, 0x1, 0xff, 0xc0, 0x81, 0x0,
    0xc8, 0x80, 0xf, 0xfe, 0x2, 0x98, 0x7, 0xc4,
    0xe0, 0x1f, 0xfc, 0x3, 0x60, 0xe, 0x90, 0xf,
    0xfe, 0xd, 0x80, 0x7e, 0x80, 0xf, 0xfe, 0xf,
    0x80, 0x73, 0x10, 0x7, 0xff, 0x2, 0x4, 0x3,
    0xe3, 0x50, 0xf, 0xfe, 0x3, 0x18, 0x6, 0x18,
    0x0, 0xff, 0xe0, 0x13, 0x80, 0x7e, 0xf0, 0xf,
    0xfe, 0xc, 0x0, 0x74, 0x8, 0x7, 0xff, 0x2,
    0x40, 0x3f, 0x29, 0x80, 0x7f, 0xf0, 0x24, 0x40,
    0x31, 0x30, 0x7, 0xff, 0x1, 0x50, 0x3, 0xf5,
    0x80, 0x7f, 0xf0, 0x9, 0x80, 0x3a, 0x40, 0x3f,
    0xf8, 0x36, 0x1, 0xf9, 0xc4, 0x3, 0xff, 0x81,
    0xc0, 0x1c, 0x88, 0x0, 0xff, 0xe0, 0x40, 0x80,
    0x7c, 0x30, 0x1, 0xff, 0xc0, 0x53, 0x0, 0xe9,
    0x0, 0xff, 0xe0, 0x13, 0x80, 0x7e, 0xb0, 0xf,
    0xfe, 0xd, 0x80, 0x73, 0x10, 0x7, 0xff, 0x2,
    0x40, 0x3f, 0x1a, 0x80, 0x7f, 0xf0, 0x20, 0x40,
    0x3a, 0x0, 0x3f, 0xf8, 0x8, 0x80, 0xf, 0xde,
    0x1, 0xff, 0xc0, 0x27, 0x0, 0xe8, 0x10, 0xf,
    0xfe, 0x4, 0x80, 0x7e, 0x53, 0x0, 0xff, 0xe0,
    0x48, 0x7, 0xb, 0x80, 0x7f, 0xf0, 0x1c, 0x80,
    0x3f, 0x40, 0x7, 0xff, 0x1, 0x50, 0x3, 0xac,
    0x3, 0xff, 0x80, 0x30, 0x1, 0xf8, 0x88, 0x1,
    0xff, 0xc0, 0xc0, 0xf, 0x20, 0x7, 0xff, 0x1,
    0x0, 0x3f, 0x89, 0x40, 0x3f, 0xf8, 0x10, 0x1,
    0xe8, 0x0, 0xff, 0xe0, 0x29, 0x80, 0x7f, 0x58,
    0x7, 0xff, 0x0, 0x60, 0x3, 0x98, 0x80, 0x3f,
    0xf8, 0x1e, 0x1, 0xfc, 0x2e, 0x1, 0xff, 0xc0,
    0x72, 0x0, 0xe9, 0x0, 0xff, 0xe0, 0x1b, 0x0,
    0x7f, 0x40, 0x80, 0x7f, 0xf0, 0x24, 0x3, 0x91,
    0x0, 0x1f, 0xfc, 0x8, 0x0, 0xff, 0x40, 0x7,
    0xff, 0x1, 0x14, 0x3, 0xa4, 0x3, 0xff, 0x80,
    0x32, 0x1, 0xfc, 0xc6, 0x1, 0xff, 0xc0, 0x80,
    0xe, 0x26, 0x0, 0xff, 0xe0, 0x31, 0x0, 0x7f,
    0x78, 0x7, 0xff, 0x0, 0xa0, 0x3, 0xa0, 0x40,
    0x3f, 0xf8, 0x12, 0x1, 0xfc, 0x6a, 0x1, 0xff,
    0xc0, 0x72, 0x0, 0xc3, 0x20, 0x1f, 0xfc, 0x4,
    0x50, 0xf, 0xe8, 0x0, 0xff, 0xe0, 0xc8, 0x7,
    0x39, 0x0, 0x7f, 0xf0, 0x2c, 0x3, 0xf8, 0x9c,
    0x3, 0xff, 0x80, 0x88, 0x0, 0xe8, 0x0, 0xff,
    0xe0, 0xc, 0x0, 0x7f, 0x48, 0x80, 0x7f, 0xf0,
    0x24, 0x3, 0x95, 0x0, 0x3f, 0xf8, 0xe, 0x40,
    0x1f, 0x86, 0x0, 0x3f, 0xf8, 0x4, 0xe0, 0x1d,
    0x0, 0x1f, 0xfc, 0x19, 0x0, 0xfe, 0x62, 0x0,
    0xff, 0xe0, 0x40, 0x80, 0x63, 0x60, 0xf, 0xfe,
    0x2, 0x28, 0x7, 0xf4, 0x80, 0x7f, 0xf0, 0x6c,
    0x3, 0xa0, 0x3, 0xff, 0x83, 0x0, 0x1f, 0xc8,
    0x80, 0xf, 0xfe, 0x2, 0xa0, 0x6, 0x18, 0x0,
    0xff, 0xe0, 0x14, 0x0,

    /* U+00AC "¬" */
    0x34, 0x4f, 0xfe, 0xe8, 0x75, 0xdf, 0xff, 0x74,
    0x40, 0x3f, 0xff, 0xe0, 0x1f, 0xff, 0xf0, 0xf,
    0xff, 0xf8, 0x7, 0xff, 0xfc, 0x3, 0xff, 0xfe,
    0x1, 0xff, 0xff, 0x0, 0xff, 0xe5, 0xef, 0xff,
    0xff, 0x41, 0x80, 0x3f, 0xff, 0xe0, 0x1f, 0xff,
    0xf0, 0xf, 0xff, 0xf8, 0x7, 0xff, 0xfc, 0x3,
    0xff, 0xfe, 0x1, 0xff, 0xff, 0x0, 0xff, 0xff,
    0x80, 0x7f, 0xf5, 0x75, 0xdf, 0xff, 0x80, 0x20,

    /* U+00AE "®" */
    0x0, 0xff, 0xe1, 0xb, 0x4e, 0x6f, 0x7f, 0xbb,
    0x69, 0xcc, 0x3, 0xff, 0x9c, 0xd9, 0xd2, 0xc6,
    0x42, 0x0, 0x12, 0x58, 0xce, 0x81, 0x0, 0xff,
    0xe4, 0xae, 0xc9, 0x80, 0x7f, 0xf0, 0x45, 0xfa,
    0x44, 0x3, 0xff, 0x8a, 0x37, 0x44, 0x1, 0xff,
    0xc6, 0x6f, 0x40, 0xf, 0xfe, 0x19, 0xfa, 0x0,
    0x79, 0x1e, 0xaf, 0x2e, 0xa1, 0x44, 0x3, 0x86,
    0xe0, 0x3, 0xff, 0x82, 0x98, 0x20, 0x18, 0xa7,
    0xee, 0x15, 0xd, 0x15, 0xeb, 0xb1, 0x40, 0x39,
    0xe8, 0x3, 0xfe, 0x3b, 0x0, 0xe9, 0xd6, 0x0,
    0xff, 0x8e, 0xb4, 0xc0, 0x32, 0xc8, 0x7, 0xf0,
    0xe8, 0x6, 0x2d, 0x60, 0xf, 0xfe, 0x19, 0x63,
    0x80, 0x66, 0x70, 0xf, 0xd4, 0x20, 0x11, 0xe1,
    0x0, 0x7f, 0xf1, 0xa2, 0x40, 0x34, 0x10, 0x7,
    0x95, 0x0, 0x21, 0xd1, 0x0, 0xff, 0xe4, 0x34,
    0x0, 0x6e, 0x0, 0xf4, 0x0, 0x6d, 0x10, 0xd,
    0xdf, 0xff, 0x76, 0xc9, 0x80, 0x79, 0xd4, 0x2,
    0x35, 0x0, 0xca, 0x40, 0x13, 0x98, 0x7, 0xff,
    0x4, 0x49, 0xb2, 0x40, 0x3d, 0x62, 0x1, 0x48,
    0x6, 0x90, 0xd, 0x20, 0x1f, 0xfc, 0x66, 0xa0,
    0xe, 0x19, 0x0, 0x8c, 0xc0, 0x1, 0x30, 0x9,
    0x84, 0x3, 0xfe, 0x55, 0x88, 0x3, 0x2a, 0x0,
    0x73, 0x80, 0x6a, 0x0, 0x38, 0x6, 0xa0, 0xf,
    0xf8, 0x6a, 0xad, 0x90, 0xd, 0xa0, 0x1e, 0x50,
    0x9, 0xc0, 0x1e, 0x1, 0x9, 0x80, 0x7f, 0xf1,
    0x18, 0x3, 0x10, 0x7, 0xb8, 0x2, 0x11, 0x2,
    0x80, 0x4a, 0x1, 0xff, 0xc5, 0x10, 0xf, 0xf9,
    0x40, 0x32, 0x81, 0x0, 0x46, 0x1, 0xff, 0xc4,
    0x2a, 0x0, 0xd8, 0x1, 0xe1, 0x10, 0x4, 0x40,
    0x20, 0x17, 0x0, 0x7f, 0xf0, 0x7, 0xfe, 0xd4,
    0x0, 0xcc, 0x1, 0xf1, 0x80, 0x42, 0x1, 0xff,
    0xcf, 0xb1, 0x0, 0xf8, 0x40, 0x2f, 0x0, 0xff,
    0xe6, 0xa6, 0xa0, 0x7, 0xff, 0x18, 0x40, 0x3f,
    0xf8, 0x24, 0x1, 0xa6, 0xc8, 0x3, 0xf8, 0x40,
    0x2f, 0x1, 0x0, 0xbc, 0x3, 0xff, 0x80, 0x3c,
    0x1, 0xa0, 0x40, 0x3f, 0xc4, 0x1, 0x8, 0x28,
    0x4, 0x60, 0x1f, 0xfc, 0x13, 0x70, 0x8, 0x68,
    0x3, 0xf8, 0x80, 0x31, 0x1, 0x80, 0x4a, 0x1,
    0xff, 0xc2, 0x83, 0x0, 0x91, 0xc0, 0x3f, 0x38,
    0x6, 0x50, 0xd0, 0x8, 0x50, 0x3, 0xff, 0x85,
    0xc0, 0x1a, 0xc, 0x3, 0xef, 0x0, 0x88, 0x41,
    0x40, 0x36, 0x80, 0x7f, 0xf0, 0x8a, 0x0, 0x37,
    0x0, 0x78, 0x54, 0x2, 0x50, 0x9, 0x0, 0x26,
    0x10, 0xf, 0xfe, 0x13, 0x98, 0x4, 0x54, 0x1,
    0xd2, 0x1, 0xac, 0x2, 0xf0, 0xd, 0x0, 0x1f,
    0xfc, 0x3e, 0x0, 0xca, 0xc0, 0x10, 0xb8, 0x4,
    0x66, 0x0, 0x90, 0xc0, 0x26, 0x30, 0xe, 0xaa,
    0xe0, 0xc, 0x59, 0x55, 0x88, 0x2, 0xa0, 0xd,
    0x20, 0x1d, 0x0, 0x1b, 0x44, 0x3, 0x22, 0xac,
    0x80, 0x1c, 0x6a, 0xb9, 0x0, 0xe, 0x80, 0x11,
    0xa8, 0x7, 0x23, 0x0, 0x43, 0x82, 0x1, 0xff,
    0xc8, 0x68, 0x0, 0xdc, 0x1, 0xf4, 0x90, 0x4,
    0x58, 0x40, 0x1f, 0xfc, 0x68, 0x90, 0xd, 0x24,
    0x1, 0xfb, 0xc4, 0x2, 0x2d, 0x70, 0xf, 0xfe,
    0x19, 0x63, 0x80, 0x66, 0x60, 0x7, 0xf1, 0x68,
    0x80, 0x68, 0xd6, 0x10, 0xf, 0xf1, 0xd6, 0x98,
    0x6, 0x59, 0x0, 0xff, 0x8f, 0x4, 0x3, 0x14,
    0xf5, 0xc2, 0xa1, 0xa2, 0xbd, 0x76, 0x28, 0x7,
    0x3d, 0x0, 0x7f, 0xf0, 0x4b, 0xd4, 0x3, 0xc8,
    0xf5, 0x79, 0x75, 0xa, 0x20, 0x1c, 0x35, 0x0,
    0x1f, 0xfc, 0x31, 0xab, 0x20, 0xf, 0xfe, 0x33,
    0x7a, 0x80, 0x7f, 0xf1, 0x93, 0x69, 0x0, 0x3f,
    0xf8, 0x22, 0xdb, 0x22, 0x1, 0xff, 0xc9, 0x5b,
    0xea, 0x74, 0x21, 0x0, 0x9, 0x2c, 0x67, 0x49,
    0x0, 0x7f, 0xc0,

    /* U+00AF "¯" */
    0x7f, 0xff, 0xfe, 0xad, 0x0, 0x7f, 0xff, 0xc0,
    0x3f, 0xff, 0xe0, 0x1f, 0xff, 0xf0, 0xf, 0xff,
    0xf8, 0x7, 0xff, 0x98,

    /* U+00B0 "°" */
    0x0, 0xff, 0xe0, 0x12, 0xb3, 0xb2, 0x90, 0x7,
    0xff, 0x25, 0x6f, 0xf6, 0xa6, 0x26, 0xb7, 0xed,
    0x40, 0x3f, 0xf8, 0x8d, 0xd4, 0x80, 0x1f, 0xc9,
    0x5a, 0xa0, 0x1f, 0xfc, 0x1, 0xb9, 0x10, 0xf,
    0xfe, 0x9, 0x55, 0x88, 0x7, 0xf1, 0x62, 0x0,
    0x7f, 0xf1, 0x53, 0x8, 0x3, 0xe1, 0xf2, 0x0,
    0xff, 0xe3, 0x97, 0x88, 0x7, 0xb4, 0x80, 0x3f,
    0xf9, 0x25, 0xa0, 0x1c, 0xe6, 0x1, 0xff, 0xcb,
    0x36, 0x0, 0x86, 0x0, 0x3f, 0xf9, 0xb0, 0x1,
    0x30, 0x7, 0xff, 0x38, 0x5c, 0x1, 0x40, 0x1f,
    0xfc, 0xfb, 0x2, 0x20, 0x7, 0xfd, 0x1b, 0xfd,
    0x0, 0x1f, 0xf1, 0x8b, 0x80, 0x7f, 0xd8, 0xe4,
    0x2, 0xf8, 0x1, 0xff, 0x2e, 0x80, 0x7f, 0x98,
    0xc0, 0x38, 0xdc, 0x3, 0xfc, 0x62, 0x1, 0xfe,
    0xd0, 0xf, 0xb0, 0x3, 0xfd, 0xe0, 0x1f, 0xf3,
    0x80, 0x7c, 0xe0, 0x1f, 0xf0, 0x80, 0x7f, 0x98,
    0x3, 0xe6, 0x0, 0xff, 0x7f, 0x80, 0x3f, 0xd2,
    0x1, 0xf4, 0x80, 0x7f, 0x84, 0xc0, 0x3f, 0xc7,
    0x20, 0x1d, 0x6, 0x1, 0xfe, 0x55, 0x0, 0x7f,
    0xcd, 0xae, 0xcf, 0xae, 0x1, 0xff, 0x18, 0xa0,
    0x7, 0xfc, 0x51, 0x30, 0x40, 0x1f, 0xf2, 0x0,
    0x38, 0x3, 0xff, 0x9f, 0xc0, 0x5, 0x20, 0xf,
    0xfe, 0x69, 0x28, 0x5, 0x20, 0x1f, 0xfc, 0xde,
    0x0, 0xc8, 0xe0, 0x1f, 0xfc, 0xb7, 0x30, 0xe,
    0x85, 0x0, 0xff, 0xe4, 0xac, 0x0, 0x7d, 0x4c,
    0x1, 0xff, 0xc7, 0x6a, 0x0, 0xfe, 0x9a, 0x10,
    0xf, 0xfe, 0x18, 0xd4, 0x80, 0x7f, 0xcb, 0xf0,
    0x20, 0x1f, 0xf0, 0xc7, 0x28, 0x7, 0xff, 0x4,
    0x5f, 0xad, 0xd0, 0x40, 0x21, 0x47, 0xbe, 0x70,
    0xf, 0xc0,

    /* U+00B1 "±" */
    0x0, 0xff, 0xe1, 0xc, 0x47, 0xff, 0x1, 0x0,
    0x3f, 0xfa, 0x26, 0xef, 0xff, 0xc0, 0xc0, 0xf,
    0xff, 0xf8, 0x7, 0xff, 0xfc, 0x3, 0xff, 0xfe,
    0x1, 0xff, 0xff, 0x0, 0xff, 0xe2, 0x6f, 0xff,
    0xff, 0x7, 0x40, 0x3f, 0xf8, 0xf, 0xff, 0xff,
    0xc2, 0x10, 0xf, 0xff, 0xf8, 0x7, 0xff, 0xfc,
    0x3, 0xff, 0xfe, 0x1, 0xff, 0xff, 0x0, 0xff,
    0xff, 0x80, 0x7f, 0xff, 0xc0, 0x3f, 0xf9, 0x73,
    0x77, 0xff, 0xc1, 0x90, 0xf, 0xfe, 0x2, 0xdd,
    0xff, 0xf0, 0x85, 0x13, 0xff, 0x86, 0x1, 0xff,
    0xc0, 0x24, 0x4f, 0xfe, 0x10, 0x7, 0xff, 0xfc,
    0x3, 0xff, 0xfe, 0x1, 0xff, 0xff, 0x0, 0xff,
    0xff, 0x80, 0x7f, 0xf1, 0xb, 0xff, 0xff, 0x81,
    0x0, 0x1f, 0xfe, 0xe5, 0x66, 0xff, 0xee, 0x84,
    0x4c, 0xff, 0xf7, 0x44, 0x3, 0xff, 0xfe, 0x1,
    0xff, 0xff, 0x0, 0xff, 0xff, 0x80, 0x7f, 0xff,
    0xc0, 0x3f, 0xff, 0xe0, 0x1f, 0xff, 0xf0, 0xf,
    0xfe, 0x58,

    /* U+00B2 "²" */
    0x0, 0xff, 0xeb, 0x13, 0xd6, 0xff, 0xee, 0xc8,
    0x40, 0xf, 0xfe, 0xa, 0x66, 0xc2, 0x90, 0x6,
    0x13, 0x7b, 0xd6, 0x0, 0xfe, 0x1b, 0xb1, 0x80,
    0x7f, 0xf0, 0xa, 0x6c, 0x40, 0x3c, 0x7e, 0x80,
    0x1f, 0xfc, 0x44, 0xc1, 0x0, 0xc7, 0x82, 0x1,
    0xff, 0xc6, 0x2d, 0x0, 0x87, 0x40, 0x3f, 0xf9,
    0x26, 0xa0, 0x2, 0x10, 0xf, 0xfe, 0x54, 0x0,
    0xf, 0x4, 0x3, 0xff, 0x92, 0x44, 0x0, 0x1e,
    0x8, 0x7, 0xff, 0x25, 0x0, 0x22, 0xc2, 0x0,
    0xe7, 0xdf, 0xb2, 0x0, 0xff, 0x70, 0x6, 0x2c,
    0x30, 0xa, 0xe0, 0x81, 0x38, 0x3, 0xfc, 0x20,
    0x1c, 0x38, 0x61, 0x48, 0x1, 0x8c, 0x3, 0xff,
    0x8d, 0x94, 0xa0, 0x1c, 0x60, 0x1f, 0xe1, 0x0,
    0xfc, 0xa0, 0x1c, 0x3c, 0x1, 0xfe, 0xd0, 0xf,
    0xfe, 0x8, 0xe1, 0x0, 0x7f, 0x90, 0x3, 0xff,
    0x80, 0x38, 0x40, 0x1f, 0xe4, 0x10, 0xf, 0xf8,
    0x70, 0x80, 0x3f, 0xe8, 0x0, 0xff, 0x87, 0x8,
    0x3, 0xfe, 0x63, 0x0, 0xff, 0x17, 0x90, 0x7,
    0xfc, 0x72, 0x1, 0xfe, 0x2c, 0x10, 0xf, 0xf8,
    0xb4, 0x3, 0xfc, 0x58, 0x20, 0x1f, 0xf1, 0xe0,
    0x80, 0x7f, 0x16, 0x8, 0x7, 0xfc, 0x98, 0x20,
    0x1f, 0xc5, 0x82, 0x1, 0xff, 0x35, 0x80, 0x7f,
    0x8f, 0x4, 0x3, 0xff, 0x80, 0xb9, 0x9f, 0x18,
    0x0, 0xf4, 0x40, 0x3f, 0xf8, 0x26, 0x7f, 0x9c,
    0xf, 0x4, 0x3, 0xff, 0x99, 0xa0, 0x1f, 0xfc,
    0xe1, 0x0, 0xff, 0xff, 0x80, 0x7f, 0xfb, 0x80,

    /* U+00B3 "³" */
    0x0, 0x93, 0xff, 0xff, 0x93, 0x80, 0x1f, 0xff,
    0xf0, 0xf, 0xff, 0x7b, 0x80, 0x7f, 0xf3, 0x46,
    0x40, 0x3f, 0xf9, 0xba, 0x40, 0x1c, 0x23, 0xf8,
    0x3, 0xfe, 0xb3, 0x0, 0xe4, 0xee, 0xf9, 0x40,
    0x3f, 0xd2, 0x80, 0x1f, 0xfc, 0x1a, 0x40, 0xf,
    0xe8, 0x60, 0xf, 0xfe, 0xc, 0x28, 0x7, 0xf3,
    0x38, 0x7, 0xff, 0x5, 0x5c, 0x3, 0xfc, 0xd6,
    0x80, 0x1f, 0xfc, 0xd, 0x0, 0xff, 0xe0, 0x25,
    0xd0, 0x7, 0xff, 0x39, 0x6c, 0x3, 0xff, 0x9c,
    0x8e, 0x1, 0xff, 0xce, 0x90, 0xf, 0xf1, 0x22,
    0xa8, 0xc0, 0x3f, 0xe1, 0x50, 0xf, 0xd1, 0xb7,
    0x54, 0xce, 0x60, 0xf, 0xf6, 0x80, 0x7f, 0xf0,
    0x86, 0x48, 0x3, 0xf8, 0x80, 0x3e, 0x10, 0xf,
    0xc2, 0x1, 0xfc, 0x20, 0x1e, 0x2f, 0xa1, 0x0,
    0xe4, 0x30, 0xf, 0xe1, 0x0, 0xe3, 0xc1, 0x5e,
    0xb7, 0x67, 0xbb, 0x0, 0x7f, 0x88, 0x3, 0x1e,
    0x8, 0x4, 0x91, 0x30, 0x80, 0x1f, 0xf6, 0x80,
    0x49, 0x80, 0x1f, 0xfc, 0x95, 0x0, 0x25, 0x80,
    0x7f, 0xf2, 0x60, 0x0, 0xb6, 0x1, 0xff, 0xc9,
    0x27, 0x0, 0x78, 0x7, 0xff, 0x24, 0xb0, 0x2,
    0xa8, 0x0, 0xff, 0xe3, 0x9e, 0x8, 0x6, 0x7d,
    0x50, 0xf, 0xfe, 0x18, 0xce, 0x8, 0x7, 0x8a,
    0xb5, 0xc8, 0x3, 0xfc, 0x95, 0xcc, 0x1, 0xfe,
    0x28, 0xde, 0xb9, 0x88, 0xa6, 0xb7, 0xed, 0x40,
    0x3e,

    /* U+00B4 "´" */
    0x0, 0xff, 0xed, 0xd, 0xa0, 0x7, 0xff, 0x20,
    0xb1, 0x24, 0x3, 0xff, 0x8e, 0xba, 0x40, 0x50,
    0x1, 0xff, 0xc5, 0x8a, 0x0, 0xce, 0x40, 0x1f,
    0xfc, 0x3b, 0x70, 0xf, 0x48, 0x7, 0xff, 0x4,
    0xb5, 0x0, 0x3e, 0x45, 0x0, 0xff, 0x93, 0x8,
    0x3, 0xfa, 0xc0, 0x3f, 0xcf, 0x62, 0x1, 0xfe,
    0x18, 0x0, 0xfd, 0x50, 0x1, 0xff, 0xc1, 0x72,
    0x0, 0xe1, 0xc5, 0x0, 0xff, 0xe1, 0xf0, 0x6,
    0x3f, 0x30, 0xf, 0xfe, 0x21, 0xb0, 0x1, 0xb0,
    0x40, 0x3f, 0xf8, 0xd0, 0x9, 0x20, 0x1f, 0xfc,
    0x76, 0xc0, 0x42, 0x0, 0xff, 0xe2, 0xb, 0xf4,
    0x90, 0x3, 0x80, 0x3f, 0xf8, 0x45, 0x3d, 0x2,
    0x1, 0x8d, 0x40, 0x3f, 0xe4, 0xbd, 0x60, 0xf,
    0xd6, 0x1, 0xfc, 0xdb, 0x68, 0x1, 0xfe, 0x17,
    0x0, 0xe1, 0x8e, 0x92, 0x0, 0xff, 0xe0, 0xc0,
    0x80, 0xe, 0xb9, 0xc4, 0x3, 0xff, 0x89, 0x6b,
    0x98, 0x50, 0xf, 0xfe, 0x18,

    /* U+00B5 "µ" */
    0x13, 0x3f, 0xfe, 0x18, 0x7, 0xfc, 0x67, 0xff,
    0xc3, 0x14, 0xcc, 0xff, 0xe1, 0x88, 0x7, 0xfb,
    0x73, 0x3f, 0xf8, 0x4e, 0x1, 0xff, 0xff, 0x0,
    0xff, 0xff, 0x80, 0x7f, 0xff, 0xc0, 0x3f, 0xff,
    0xe0, 0x1f, 0xff, 0xf0, 0xf, 0xff, 0xf8, 0x7,
    0xff, 0xfc, 0x3, 0xff, 0xfe, 0x1, 0xff, 0xff,
    0x0, 0xff, 0xff, 0x80, 0x7f, 0xff, 0xc0, 0x3f,
    0xff, 0xe0, 0x1f, 0xff, 0xf0, 0xf, 0xfe, 0x91,
    0x80, 0x7f, 0x84, 0x3, 0xff, 0xa6, 0x20, 0x1f,
    0xfd, 0xe4, 0x0, 0xfe, 0x40, 0xf, 0xfe, 0xa5,
    0x0, 0x7f, 0x70, 0x7, 0xff, 0xc, 0xc0, 0x3f,
    0xf8, 0x85, 0x40, 0x1f, 0x3a, 0x80, 0x7f, 0xf0,
    0xc4, 0x3, 0xff, 0x8a, 0xba, 0xc2, 0x2, 0x97,
    0x0, 0x1f, 0xfc, 0x46, 0x0, 0xff, 0xe3, 0x14,
    0xf7, 0xf5, 0xa0, 0x7, 0xff, 0x10, 0x48, 0x3,
    0xff, 0xba, 0x80, 0x1f, 0xfd, 0xef, 0x0, 0xff,
    0xee, 0x8a, 0x80, 0x7f, 0xf7, 0x60, 0x3, 0xff,
    0xba, 0x4c, 0x1, 0xff, 0xdd, 0xe0, 0xf, 0xfe,
    0xed, 0x18, 0x7, 0xff, 0x72, 0x54, 0x3, 0xff,
    0xb9, 0x6c, 0x1, 0xff, 0xc9, 0x20, 0xf, 0xfe,
    0x2a, 0x72, 0x0, 0x7f, 0xf2, 0xb2, 0x48, 0x3,
    0xff, 0x82, 0x97, 0x61, 0x0, 0xff, 0xe6, 0x36,
    0xdb, 0x18, 0x7, 0x85, 0x27, 0xad, 0x0, 0x3f,
    0xfa, 0x9, 0x39, 0xfd, 0xba, 0xef, 0xeb, 0x61,
    0x0, 0xff, 0xeb, 0x9, 0x10, 0x40, 0x3f, 0xff,
    0xe0, 0x1f, 0xff, 0xf0, 0xf, 0xff, 0xf8, 0x7,
    0xff, 0xfc, 0x3, 0xff, 0xfe, 0x1, 0xff, 0xff,
    0x0, 0xff, 0xff, 0x80, 0x7f, 0xff, 0xc0, 0x3f,
    0xfe, 0x20,

    /* U+00B6 "¶" */
    0x0, 0xff, 0xe1, 0x8a, 0xc5, 0xef, 0x7f, 0xff,
    0xf6, 0x68, 0x3, 0xff, 0x80, 0x2f, 0x9d, 0x4e,
    0x84, 0x20, 0x1f, 0xfe, 0x41, 0x9e, 0x83, 0x0,
    0xff, 0xf4, 0xbf, 0x30, 0x7, 0xff, 0xa8, 0x6e,
    0x0, 0x3f, 0xfd, 0x65, 0x88, 0x1, 0xff, 0xeb,
    0x1c, 0x20, 0xf, 0xff, 0x66, 0x8, 0x7, 0xff,
    0xb2, 0x88, 0x3, 0xff, 0xd8, 0xaa, 0x0, 0xff,
    0xf6, 0xc0, 0x7, 0xff, 0xb5, 0x88, 0x3, 0xff,
    0x8a, 0x68, 0x82, 0x0, 0xff, 0x89, 0x12, 0x30,
    0xf, 0xfe, 0x2, 0x27, 0x60, 0x2, 0x80, 0x3f,
    0xf8, 0x67, 0x5f, 0x97, 0x65, 0x0, 0xff, 0x96,
    0xee, 0xf0, 0xf, 0xf8, 0xae, 0xf9, 0x80, 0x4c,
    0x3, 0xff, 0x85, 0x18, 0xa0, 0x1f, 0xfd, 0xc7,
    0x0, 0xff, 0xe1, 0x4b, 0x80, 0x7f, 0xf7, 0xbc,
    0x3, 0xff, 0x82, 0xac, 0x1, 0xff, 0xdf, 0x40,
    0xf, 0xfe, 0xc, 0x0, 0x7f, 0xf8, 0x8, 0x3,
    0xff, 0x80, 0x24, 0x1, 0xff, 0xed, 0x40, 0xf,
    0xff, 0x0, 0x80, 0x7f, 0xf0, 0x4c, 0x3, 0xff,
    0xfe, 0x1, 0xff, 0xd0, 0x10, 0xf, 0xfe, 0x9,
    0x80, 0x7f, 0xfb, 0x9c, 0x3, 0xff, 0xc2, 0x40,
    0x1f, 0xfc, 0x2, 0x20, 0x7, 0xff, 0x81, 0xc0,
    0x3f, 0xf8, 0x30, 0x1, 0xff, 0xe0, 0xd0, 0xf,
    0xfe, 0xa, 0xa8, 0x3, 0xff, 0xbe, 0xa0, 0x1f,
    0xfc, 0x2a, 0x70, 0xf, 0xfe, 0xf1, 0x18, 0x7,
    0xff, 0xa, 0x31, 0x40, 0x3f, 0xfb, 0xb4, 0x1,
    0xff, 0xc3, 0x3a, 0xfc, 0xbb, 0x28, 0x7, 0xff,
    0x61, 0x84, 0x3, 0xff, 0x8a, 0x68, 0x82, 0x0,
    0xff, 0xec, 0xd8, 0x7, 0xff, 0xb9, 0x50, 0x3,
    0xff, 0xdd, 0x42, 0x1, 0xff, 0xed, 0x1c, 0x10,
    0xf, 0xff, 0x69, 0x60, 0x80, 0x7f, 0xfb, 0x4b,
    0xcc, 0x3, 0xff, 0xda, 0x38, 0xe0, 0x1f, 0xfe,
    0xe8, 0xd5, 0x0, 0xff, 0xf6, 0x95, 0x74, 0x10,
    0x7, 0xff, 0xb0, 0x5f, 0x7a, 0x59, 0x8, 0x40,
    0x3f, 0xfd, 0x22, 0xd3, 0x7b, 0xdf, 0xf3, 0x80,
    0x7f, 0xff, 0xc0, 0x3f, 0xff, 0xe0, 0x1f, 0xff,
    0xf0, 0xf, 0xff, 0xf8, 0x7, 0xff, 0xfc, 0x3,
    0xff, 0xfe, 0x1, 0xff, 0xff, 0x0, 0xff, 0xff,
    0x80, 0x7f, 0xff, 0xc0, 0x3f, 0xff, 0xe0, 0x1f,
    0xff, 0xf0, 0xf, 0xff, 0xf8, 0x7, 0xff, 0xfc,
    0x3, 0xff, 0xfe, 0x1, 0xff, 0xff, 0x0, 0xff,
    0xff, 0x80, 0x7f, 0xff, 0xc0, 0x3f, 0xff, 0xe0,
    0x1f, 0xff, 0xf0, 0xf, 0xff, 0xf8, 0x7, 0xff,
    0xfc, 0x3, 0xff, 0xfe, 0x1, 0xff, 0xff, 0x0,
    0xff, 0xff, 0x80, 0x60,

    /* U+00B7 "·" */
    0x0, 0xe2, 0x6a, 0xbb, 0x4a, 0x80, 0x7f, 0xd,
    0x6c, 0xaa, 0x21, 0xab, 0x98, 0x3, 0xc5, 0xea,
    0x1, 0xf0, 0xcd, 0x0, 0x61, 0xc1, 0x0, 0xff,
    0x2c, 0x80, 0x56, 0x20, 0x1f, 0xfc, 0x6, 0x50,
    0x25, 0x0, 0xff, 0xe1, 0x40, 0x50, 0x7, 0xff,
    0xc, 0x8d, 0x0, 0x3f, 0xf8, 0x8a, 0x20, 0x1f,
    0xfc, 0x4e, 0x30, 0xf, 0xfe, 0x29, 0x0, 0x7f,
    0xf1, 0x3d, 0x40, 0x3f, 0xf8, 0x87, 0xa0, 0x1f,
    0xfc, 0x44, 0x41, 0x0, 0x7f, 0xf0, 0xa0, 0x1,
    0xc0, 0x1f, 0xfc, 0x12, 0x70, 0x1, 0xc8, 0x7,
    0xfc, 0x58, 0x1, 0x9a, 0xc4, 0x3, 0xf2, 0x60,
    0x80, 0x72, 0x74, 0xa0, 0x80, 0x9, 0xb2, 0xc4,
    0x2,

    /* U+00B8 "¸" */
    0x0, 0xfe, 0x4f, 0xff, 0xa4, 0x3, 0xff, 0x87,
    0xa0, 0x1f, 0x50, 0x7, 0xff, 0xd, 0xc0, 0x3c,
    0x46, 0x1, 0xff, 0xc2, 0x31, 0x0, 0xf2, 0x0,
    0x7f, 0xf0, 0xec, 0x3, 0xe6, 0xfa, 0x30, 0xf,
    0xfe, 0x2, 0x80, 0x7f, 0x2e, 0x48, 0x7, 0xf8,
    0x88, 0x1, 0xff, 0x35, 0x80, 0x7f, 0x28, 0x7,
    0xff, 0x5, 0x20, 0x3, 0xf5, 0x80, 0x7f, 0xf0,
    0x9c, 0x40, 0x3e, 0xa9, 0x93, 0x98, 0x7, 0xfc,
    0xe0, 0x1f, 0x33, 0x51, 0x8e, 0x1, 0xfe, 0xf0,
    0xc, 0xe6, 0x1, 0xec, 0x0, 0xff, 0x18, 0x4,
    0xd1, 0x98, 0x63, 0x22, 0x2d, 0x0, 0x7f, 0x8c,
    0x0, 0x72, 0x0, 0x39, 0xcd, 0xd5, 0x8, 0x7,
    0xfb, 0xc0, 0x74, 0x3, 0xff, 0x90, 0xc1, 0x42,
    0x1, 0xff, 0xc7, 0x90, 0x74, 0x0, 0xff, 0xe3,
    0xb3, 0x1, 0x98, 0x1, 0xff, 0xc6, 0x89, 0x0,
    0xc, 0xeb, 0x88, 0x7, 0xff, 0x5, 0x75, 0xc0,
    0x38, 0xa3, 0xad, 0xd0, 0x84, 0x2, 0x13, 0x6a,
    0xfa, 0x20, 0xc,

    /* U+00B9 "¹" */
    0x9f, 0xff, 0xfe, 0x1e, 0x80, 0x7f, 0xff, 0xc0,
    0x3f, 0xfc, 0x2, 0x3e, 0x0, 0xff, 0xa3, 0xbb,
    0x84, 0x3, 0xff, 0xfe, 0x1, 0xff, 0xff, 0x0,
    0xff, 0xff, 0x80, 0x7f, 0xff, 0xc0, 0x3f, 0xfe,
    0xe0,

    /* U+00BA "º" */
    0x0, 0xff, 0x24, 0x5f, 0x7f, 0xdd, 0x70, 0x60,
    0x1f, 0xfc, 0x51, 0x7e, 0xb7, 0x41, 0x0, 0x85,
    0x1f, 0x35, 0xc0, 0x3f, 0xf8, 0x4b, 0xf0, 0x20,
    0x1f, 0xf1, 0x46, 0xa0, 0x7, 0xfd, 0x34, 0x20,
    0x1f, 0xfc, 0x32, 0xb7, 0x0, 0xfe, 0xa6, 0x0,
    0xff, 0xe3, 0xc4, 0x0, 0x3e, 0x75, 0x0, 0xff,
    0xe4, 0xba, 0x80, 0x71, 0xc0, 0x7, 0xff, 0x2e,
    0x84, 0x3, 0x40, 0x7, 0xff, 0x36, 0x0, 0x22,
    0x40, 0xf, 0xf8, 0x90, 0x80, 0x3f, 0xe6, 0x10,
    0x5, 0x0, 0x7f, 0x93, 0x75, 0x7b, 0xa3, 0x0,
    0xff, 0x38, 0x1, 0x0, 0x3f, 0x8e, 0xc8, 0x2,
    0x2c, 0x20, 0xf, 0xec, 0x0, 0x18, 0x7, 0xf7,
    0x80, 0x7d, 0x20, 0x1f, 0xce, 0x2, 0x1, 0xfc,
    0x26, 0x1, 0xf2, 0x0, 0x7f, 0x10, 0x7, 0xfc,
    0x60, 0x1f, 0xfd, 0x23, 0x0, 0xff, 0xe4, 0x8,
    0x7, 0xf0, 0x98, 0x7, 0xc8, 0x1, 0xfc, 0x40,
    0x3, 0x0, 0xfe, 0x80, 0xf, 0xa0, 0x3, 0xf9,
    0xc0, 0x8, 0x1, 0xfc, 0x96, 0x20, 0x11, 0x59,
    0x80, 0x7f, 0x60, 0x2, 0x80, 0x3f, 0xc9, 0xd9,
    0x79, 0xa8, 0x1, 0xfe, 0x70, 0x1, 0x20, 0x7,
    0xfc, 0x68, 0x60, 0x1f, 0xf3, 0x88, 0x5, 0x20,
    0x1f, 0xfc, 0xc1, 0x90, 0xc, 0x52, 0x1, 0xff,
    0xcb, 0xa1, 0x0, 0xe6, 0x70, 0xf, 0xfe, 0x4c,
    0xa0, 0x7, 0xd0, 0xe0, 0x1f, 0xfc, 0x79, 0x60,
    0xf, 0xe8, 0xb1, 0x0, 0xff, 0xe1, 0x96, 0x30,
    0x7, 0xfc, 0x9d, 0x2, 0x1, 0xff, 0x14, 0xe9,
    0x80, 0x7f, 0xf0, 0x9f, 0xad, 0xd0, 0x40, 0x21,
    0x47, 0xcd, 0x60, 0xf, 0xc0,

    /* U+00BB "»" */
    0x27, 0x7f, 0xfe, 0xa, 0x0, 0x79, 0x9d, 0xff,
    0xf8, 0xc, 0x1, 0xfc, 0x55, 0x11, 0xff, 0xc0,
    0xb2, 0x0, 0xef, 0x88, 0xff, 0xe0, 0x4a, 0x80,
    0x7f, 0x48, 0x7, 0xff, 0x6, 0x0, 0x3a, 0x4,
    0x3, 0xff, 0x81, 0x60, 0x1f, 0xc8, 0xa0, 0x1f,
    0xfc, 0x5, 0x30, 0xc, 0x30, 0x1, 0xff, 0xc0,
    0x17, 0x0, 0xfe, 0xb0, 0xf, 0xfe, 0xf, 0x80,
    0x73, 0x10, 0x7, 0xff, 0x2, 0x4, 0x3, 0xf0,
    0xc0, 0x7, 0xff, 0x0, 0xd4, 0x3, 0xb8, 0x3,
    0xff, 0x83, 0x0, 0x1f, 0xce, 0x40, 0x1f, 0xfc,
    0xb, 0x0, 0xe3, 0x50, 0xf, 0xfe, 0x3, 0x10,
    0x7, 0xf4, 0x80, 0x7f, 0xf0, 0x6, 0x0, 0x3a,
    0xc0, 0x3f, 0xf8, 0x32, 0x1, 0xfc, 0x88, 0x0,
    0xff, 0xe0, 0x38, 0x80, 0x61, 0x80, 0xf, 0xfe,
    0x2, 0x20, 0x3, 0xfa, 0x40, 0x3f, 0xf8, 0x36,
    0x1, 0xce, 0x40, 0x1f, 0xfc, 0x9, 0x0, 0xfe,
    0x27, 0x0, 0xff, 0xe0, 0x29, 0x80, 0x74, 0x80,
    0x7f, 0xf0, 0x9, 0x80, 0x3f, 0xa0, 0x40, 0x3f,
    0xf8, 0x1e, 0x1, 0xc8, 0xa0, 0x1f, 0xfc, 0x8,
    0x10, 0xf, 0xeb, 0x0, 0xff, 0xe0, 0x1a, 0x80,
    0x74, 0x0, 0x7f, 0xf0, 0x6, 0x0, 0x3f, 0x95,
    0x0, 0x3f, 0xf8, 0x10, 0x1, 0xc5, 0x0, 0x1f,
    0xfc, 0x6, 0x20, 0xf, 0xe9, 0x0, 0xff, 0xe0,
    0x13, 0x80, 0x73, 0x90, 0x7, 0xff, 0x2, 0x40,
    0x3f, 0x89, 0xc0, 0x3f, 0xf8, 0x10, 0x20, 0x1d,
    0x20, 0x1f, 0xfc, 0x4, 0x40, 0x7, 0xf6, 0x0,
    0x7f, 0xf0, 0x54, 0x3, 0x90, 0x3, 0xff, 0x83,
    0x80, 0x1f, 0xd0, 0x1, 0xff, 0xc0, 0x34, 0x0,
    0xe9, 0x0, 0xff, 0xe0, 0xc, 0x80, 0x7e, 0x63,
    0x0, 0xff, 0xe0, 0x78, 0x7, 0x13, 0x0, 0x7f,
    0xf0, 0x24, 0x40, 0x3e, 0x18, 0x0, 0xff, 0xe0,
    0x29, 0x80, 0x77, 0x0, 0x7f, 0xf0, 0x9, 0xc0,
    0x3f, 0x40, 0x80, 0x7f, 0xf0, 0x2c, 0x3, 0x94,
    0xc0, 0x3f, 0xf8, 0x10, 0x1, 0xf8, 0xd8, 0x3,
    0xff, 0x80, 0xe2, 0x1, 0xd6, 0x1, 0xff, 0xc0,
    0x45, 0x0, 0xfd, 0xe0, 0x1f, 0xfc, 0x1, 0x80,
    0xe, 0x81, 0x0, 0xff, 0xe0, 0x40, 0x7, 0xe6,
    0x30, 0xf, 0xfe, 0x4, 0x0, 0x71, 0x38, 0x7,
    0xff, 0x1, 0x8c, 0x3, 0xf4, 0x0, 0x7f, 0xf0,
    0xd, 0x80, 0x3a, 0x40, 0x3f, 0xf8, 0x30, 0x1,
    0xfa, 0x44, 0x3, 0xff, 0x81, 0x0, 0x1c, 0xa8,
    0x1, 0xff, 0xc0, 0x81, 0x0, 0xf8, 0x98, 0x3,
    0xff, 0x80, 0xa8, 0x1, 0xd0, 0x1, 0xff, 0xc0,
    0x17, 0x0, 0xfd, 0x20, 0x1f, 0xfc, 0x18, 0x0,
    0xe8, 0x20, 0xf, 0xfe, 0x5, 0x80, 0x7e, 0x54,
    0x0, 0xff, 0xe0, 0x39, 0x0, 0x62, 0x70, 0xf,
    0xfe, 0x1, 0xa8, 0x7, 0xeb, 0x0, 0xff, 0xe0,
    0xc, 0x80, 0x74, 0x80, 0x7f, 0xf0, 0x7c, 0x3,
    0xf4, 0x8, 0x7, 0xff, 0x2, 0x4, 0x3, 0x22,
    0x0, 0x3f, 0xf8, 0xa, 0x60, 0x1f, 0x13, 0x80,
    0x7f, 0xf0, 0x9, 0x80, 0x3a, 0x40, 0x3f, 0xf8,
    0x30, 0x1, 0xf8,

    /* U+00BC "¼" */
    0x0, 0xff, 0xff, 0x80, 0x7f, 0xf4, 0xcb, 0x48,
    0x3, 0xff, 0x83, 0xbf, 0xff, 0xfc, 0x3a, 0x0,
    0xff, 0xe6, 0x8f, 0x96, 0x10, 0x7, 0xff, 0xaa,
    0x88, 0x7, 0x8, 0x3, 0xff, 0xd1, 0x28, 0x1,
    0xe, 0x10, 0x7, 0xff, 0x99, 0xd8, 0x3, 0x87,
    0x8, 0x3, 0xff, 0xc8, 0x90, 0x1, 0xf0, 0xe1,
    0x0, 0x7f, 0xf8, 0x8a, 0xc0, 0x3f, 0x87, 0x8,
    0x3, 0xff, 0xc0, 0x3e, 0x1, 0xff, 0xe, 0x10,
    0x7, 0xff, 0x7f, 0x48, 0x3, 0xff, 0x80, 0x38,
    0x40, 0x1c, 0xc2, 0x3c, 0x1, 0xff, 0xd2, 0xa3,
    0x0, 0xff, 0xe1, 0xb, 0x80, 0x75, 0xf7, 0x6c,
    0x0, 0xff, 0xe8, 0xba, 0x80, 0x7f, 0xf0, 0x87,
    0x14, 0x3, 0xff, 0xb6, 0xb0, 0x1, 0xff, 0xc2,
    0x2c, 0x30, 0xf, 0xfe, 0xd9, 0xd0, 0x7, 0xff,
    0x9, 0x34, 0x80, 0x3f, 0xfb, 0x63, 0xa0, 0x1f,
    0xfc, 0x27, 0xb0, 0xf, 0xfe, 0xee, 0x88, 0x7,
    0xff, 0x6, 0xa0, 0x3, 0xff, 0xbb, 0x46, 0x1,
    0xff, 0xc0, 0x1c, 0x50, 0xf, 0xfe, 0xec, 0x28,
    0x7, 0xff, 0x0, 0xfc, 0xc0, 0x3f, 0xfb, 0xaa,
    0xe0, 0x1f, 0xfc, 0x5, 0xc1, 0x0, 0xff, 0xee,
    0x9d, 0x0, 0x7f, 0xf0, 0x22, 0x80, 0x3f, 0xfb,
    0xc3, 0xa0, 0x1f, 0xfc, 0xb, 0x70, 0xf, 0xfe,
    0xfe, 0x88, 0x7, 0xf8, 0xb5, 0x0, 0x3f, 0xfb,
    0xf4, 0x60, 0x1f, 0xe4, 0xc2, 0x0, 0xff, 0xef,
    0xc2, 0x80, 0x7f, 0x9a, 0xc4, 0x3, 0xff, 0xc0,
    0xa0, 0x1f, 0xe9, 0x90, 0x7, 0xff, 0x8b, 0x8,
    0x3, 0xe1, 0xb6, 0x0, 0xff, 0xf1, 0x8e, 0x18,
    0x7, 0x16, 0x20, 0x7, 0xff, 0x94, 0x70, 0xc0,
    0x24, 0xd2, 0x0, 0xff, 0xf4, 0x62, 0x3, 0xd8,
    0x7, 0xff, 0xae, 0xed, 0x0, 0x1f, 0xfe, 0xd4,
    0x0, 0xff, 0xff, 0x80, 0x7f, 0xf8, 0xc9, 0xdf,
    0xfc, 0x40, 0x1f, 0xfc, 0x53, 0x99, 0xff, 0x70,
    0x7, 0xff, 0x1a, 0x23, 0xfe, 0x30, 0xf, 0xfe,
    0x28, 0xb3, 0x7f, 0x90, 0x3, 0xff, 0x8a, 0x2a,
    0x1, 0xfc, 0xa2, 0x1, 0xff, 0xe2, 0x60, 0xf,
    0xf4, 0x80, 0x7f, 0xf5, 0x20, 0x80, 0x3f, 0xf8,
    0x32, 0x1, 0xfc, 0x66, 0x0, 0xff, 0xe9, 0xe,
    0x3e, 0x10, 0x7, 0xfc, 0xa2, 0x1, 0xfd, 0x20,
    0x1f, 0xfd, 0x22, 0xf3, 0x1, 0xc3, 0x0, 0xff,
    0x48, 0x7, 0xf0, 0xa8, 0x7, 0xff, 0x45, 0x74,
    0x40, 0x21, 0xd3, 0x0, 0xfc, 0x46, 0x1, 0xfd,
    0x20, 0x1f, 0xfd, 0x18, 0xa0, 0xf, 0xe, 0x18,
    0x7, 0xd6, 0x1, 0xfe, 0x60, 0xf, 0xfe, 0x85,
    0x38, 0x7, 0xf6, 0x80, 0x7c, 0xc0, 0x1f, 0xca,
    0x20, 0x1f, 0xfc, 0xe1, 0xd5, 0x0, 0xff, 0x58,
    0x7, 0x98, 0x3, 0xfd, 0x20, 0x1f, 0xfc, 0xe3,
    0xf2, 0x0, 0xff, 0x42, 0x80, 0x7a, 0xc0, 0x3f,
    0x8c, 0xc0, 0x1f, 0xfc, 0xd6, 0xc1, 0x0, 0xff,
    0x2b, 0x80, 0x79, 0x8, 0x3, 0xfa, 0x40, 0x3f,
    0xf9, 0xb3, 0x20, 0xf, 0xf8, 0xe8, 0x3, 0xee,
    0x0, 0xfe, 0x15, 0x11, 0xff, 0x0, 0x7f, 0xf0,
    0x46, 0xd8, 0x3, 0xfe, 0x1d, 0x0, 0xf8, 0x54,
    0x3, 0xfa, 0x43, 0x7b, 0xbf, 0x8c, 0x3, 0xfe,
    0x2c, 0x40, 0xf, 0xfe, 0x6, 0x8, 0x7, 0xd2,
    0x1, 0xfe, 0x60, 0xf, 0xfe, 0x52, 0x69, 0x0,
    0x7f, 0xf0, 0x2c, 0x80, 0x3f, 0x30, 0x7, 0xf2,
    0x88, 0x7, 0xff, 0x25, 0xec, 0x3, 0xff, 0x83,
    0x8, 0x1, 0xf9, 0x44, 0x3, 0xfa, 0x40, 0x3f,
    0xf9, 0x35, 0x0, 0x1f, 0xfc, 0x16, 0x70, 0xf,
    0xe9, 0x0, 0xff, 0x7e, 0x60, 0xc0, 0x3f, 0xbb,
    0x0, 0x38, 0x71, 0x40, 0x3f, 0xf8, 0x27, 0x20,
    0x1f, 0xc4, 0x60, 0x1f, 0xe3, 0x38, 0x3, 0xfc,
    0x46, 0x1, 0x8f, 0xcc, 0x3, 0xff, 0x82, 0x5a,
    0x1, 0xfe, 0xb0, 0xf, 0xfe, 0x8a, 0xe0, 0x80,
    0x7f, 0xf0, 0xbc, 0x40, 0x3f, 0xcc, 0x1, 0xff,
    0xd0, 0x8a, 0x0, 0xff, 0xe1, 0xd9, 0x0, 0x7f,
    0xf6, 0xdd, 0xc0, 0x1f, 0xfc, 0x39, 0x40, 0xf,
    0xfe, 0xe3, 0xa0, 0x7, 0xff, 0x9, 0x98, 0x1,
    0xff, 0xde, 0xb4, 0x0, 0xff, 0xe0, 0x24, 0x80,
    0x7f, 0xf8, 0x2d, 0x0, 0x3f, 0xc5, 0x40, 0x1f,
    0xfe, 0x2b, 0x40, 0xf, 0xc3, 0xe2, 0x1, 0xff,
    0xc3, 0xff, 0xff, 0xe1, 0x98, 0x7, 0xf6, 0x78,
    0x7, 0x5a, 0x0, 0x7d, 0x44, 0x1, 0xff, 0xe5,
    0xb3, 0x0, 0xe9, 0x40, 0xf, 0xff, 0x3e, 0x18,
    0x4, 0xec, 0x1, 0xff, 0xe9, 0xc3, 0x4, 0x80,
    0xf, 0xff, 0x5e, 0x35, 0x80, 0x7f, 0xf5, 0xf3,
    0xff, 0xf8, 0xc0, 0x0,

    /* U+00BD "½" */
    0x0, 0xff, 0xff, 0x80, 0x7f, 0xf4, 0x8b, 0x48,
    0x3, 0xff, 0x81, 0xbf, 0xff, 0xfc, 0x3a, 0x0,
    0xff, 0xe6, 0x8f, 0x96, 0x10, 0x7, 0xff, 0xa6,
    0x88, 0x7, 0x8, 0x3, 0xff, 0xcf, 0x28, 0x1,
    0xe, 0x10, 0x7, 0xff, 0x95, 0xd8, 0x3, 0x87,
    0x8, 0x3, 0xff, 0xc6, 0x90, 0x1, 0xf0, 0xe1,
    0x0, 0x7f, 0xf8, 0x4a, 0xc0, 0x3f, 0x87, 0x8,
    0x3, 0xff, 0xbe, 0x38, 0x1, 0xff, 0xe, 0x10,
    0x7, 0xff, 0x7b, 0x44, 0x3, 0xff, 0x80, 0x38,
    0x40, 0x19, 0x84, 0x78, 0x3, 0xff, 0xa5, 0x46,
    0x1, 0xff, 0xc2, 0x17, 0x0, 0xd7, 0xdd, 0xb0,
    0x3, 0xff, 0xa2, 0xea, 0x1, 0xff, 0xc2, 0x1c,
    0x50, 0xf, 0xfe, 0xd2, 0xc0, 0x7, 0xff, 0x8,
    0xb0, 0xc0, 0x3f, 0xfb, 0x47, 0x40, 0x1f, 0xfc,
    0x25, 0xd2, 0x0, 0xff, 0xed, 0xe, 0x80, 0x7f,
    0xf0, 0x9e, 0x80, 0x3f, 0xfb, 0x9a, 0x20, 0x1f,
    0xfc, 0x1a, 0x80, 0xf, 0xfe, 0xe5, 0x18, 0x7,
    0xff, 0x0, 0x71, 0x40, 0x3f, 0xfb, 0x90, 0xa0,
    0x1f, 0xfc, 0x3, 0xf3, 0x0, 0xff, 0xee, 0x2b,
    0x80, 0x7f, 0xf0, 0x17, 0x4, 0x3, 0xff, 0xb8,
    0x74, 0x1, 0xff, 0xc0, 0x8a, 0x0, 0xff, 0xee,
    0x8e, 0x80, 0x7f, 0xf0, 0x2d, 0xc0, 0x3f, 0xfb,
    0xd8, 0x20, 0x1f, 0xe2, 0xd4, 0x0, 0xff, 0xef,
    0x59, 0x0, 0x7f, 0x93, 0x8, 0x3, 0xff, 0xbd,
    0x8, 0x1, 0xfe, 0x6b, 0x10, 0xf, 0xfe, 0xfa,
    0x80, 0x7f, 0xa6, 0x40, 0x1f, 0xfe, 0x1c, 0x30,
    0xf, 0x87, 0x18, 0x3, 0xff, 0xc4, 0x38, 0x60,
    0x1c, 0x7e, 0x60, 0x1f, 0xfe, 0x5c, 0x40, 0x9,
    0x70, 0x40, 0x3f, 0xfc, 0xf6, 0x80, 0xf4, 0x1,
    0xff, 0xea, 0xbb, 0x40, 0x7, 0xff, 0xb1, 0x0,
    0x3f, 0xff, 0xe0, 0x1f, 0xfe, 0x4, 0x8c, 0xef,
    0xfb, 0xb6, 0x98, 0x40, 0x3f, 0xf8, 0xa5, 0x55,
    0xfe, 0x90, 0xf, 0xfe, 0x10, 0xc7, 0x5b, 0x98,
    0x80, 0x42, 0x4b, 0x3d, 0x44, 0x1, 0xff, 0xc4,
    0x55, 0xff, 0x18, 0x7, 0xff, 0x5, 0xbd, 0xc4,
    0x3, 0xff, 0x80, 0xba, 0xa0, 0x1f, 0xfd, 0xa9,
    0x90, 0x80, 0x7f, 0xf1, 0x29, 0x80, 0x3f, 0xf9,
    0xc8, 0xa0, 0x1f, 0xa9, 0x80, 0x3f, 0xf8, 0xf2,
    0x80, 0x1f, 0xfc, 0xc7, 0xba, 0x50, 0xf, 0x3a,
    0x80, 0x7f, 0xf2, 0x64, 0x3, 0xff, 0x97, 0x30,
    0x0, 0xa5, 0x0, 0xec, 0x0, 0xff, 0xe5, 0x13,
    0x0, 0x7f, 0xf2, 0x6, 0xd8, 0x3, 0x53, 0x0,
    0x6b, 0x40, 0xf, 0xfe, 0x56, 0x80, 0x7f, 0xf1,
    0xcb, 0x10, 0x3, 0xd2, 0xc0, 0x1a, 0xd4, 0x3,
    0xff, 0x92, 0x80, 0x1f, 0xfc, 0x63, 0xc2, 0x0,
    0xfd, 0x28, 0x1, 0xa9, 0xc0, 0x38, 0xf3, 0xf5,
    0x80, 0x3f, 0xe1, 0x0, 0xff, 0xe2, 0x2e, 0x8,
    0x7, 0xf2, 0xa0, 0x7, 0x44, 0x0, 0x25, 0xc3,
    0x2, 0x93, 0x0, 0xff, 0x18, 0x7, 0xff, 0xe,
    0x28, 0x3, 0xfc, 0x54, 0x1, 0xf3, 0xc8, 0x1d,
    0x0, 0x72, 0x80, 0x7f, 0xf3, 0x69, 0xc0, 0x3f,
    0xc3, 0xe0, 0x1f, 0xcd, 0x7a, 0x1, 0xe5, 0x0,
    0xff, 0x18, 0x7, 0xff, 0x0, 0x71, 0x40, 0x3f,
    0xea, 0x20, 0xf, 0xf2, 0x8, 0x7, 0x39, 0x80,
    0x7f, 0x8, 0x80, 0x3f, 0xe2, 0xf3, 0x0, 0xff,
    0xa1, 0x0, 0x3f, 0xf8, 0xaf, 0x0, 0x1f, 0xe7,
    0x0, 0xff, 0x93, 0x44, 0x3, 0xfe, 0x57, 0x0,
    0xff, 0xe2, 0xbc, 0x0, 0x7f, 0xd4, 0x1, 0xfe,
    0x7b, 0x0, 0xff, 0xe0, 0x1d, 0x0, 0x7f, 0xf1,
    0x62, 0x0, 0x1f, 0xf2, 0x18, 0x7, 0xf4, 0xc0,
    0x7, 0xff, 0x0, 0x74, 0x3, 0xff, 0x8b, 0xe,
    0x1, 0xff, 0xc0, 0x90, 0xf, 0xeb, 0x60, 0xf,
    0xfe, 0xe, 0x88, 0x7, 0xff, 0x12, 0x1c, 0x3,
    0xff, 0x81, 0x44, 0x1, 0xf1, 0x6a, 0x0, 0x7f,
    0xf0, 0x64, 0xc0, 0x3f, 0xf8, 0x92, 0xe0, 0x1f,
    0xfc, 0x8, 0x50, 0xf, 0x8f, 0x8, 0x3, 0xff,
    0x82, 0xcc, 0x0, 0xff, 0xe2, 0x4b, 0x0, 0x7f,
    0xf0, 0x21, 0xc0, 0x3e, 0x5c, 0x10, 0xf, 0xfe,
    0x9, 0xc8, 0x7, 0xff, 0x12, 0x58, 0x3, 0xff,
    0x81, 0x4e, 0x1, 0xf4, 0x50, 0x7, 0xff, 0x8,
    0x74, 0x3, 0xff, 0x89, 0x4c, 0x1, 0xff, 0xe,
    0x28, 0x7, 0xce, 0xe0, 0xf, 0xfe, 0x1e, 0x88,
    0x7, 0xff, 0xe, 0x94, 0x3, 0xff, 0x83, 0xf9,
    0x9e, 0xa0, 0x73, 0x0, 0xff, 0xe1, 0x51, 0x80,
    0x7f, 0xf0, 0xe9, 0x40, 0x3f, 0xf8, 0x22, 0x67,
    0xf3, 0x80, 0x30, 0xc0, 0x3f, 0xf8, 0xe, 0xa0,
    0x1f, 0xfc, 0x3b, 0x50, 0xf, 0xfe, 0x76, 0x18,
    0x7, 0xf9, 0x20, 0x3, 0xff, 0x86, 0xe8, 0x1,
    0xff, 0xd0, 0xc3, 0x0, 0xfc, 0x54, 0x1, 0xff,
    0xc4, 0xf0, 0xf, 0xfe, 0x96, 0x18, 0x7, 0xde,
    0x20, 0x1f, 0xfe, 0x4c, 0x30, 0xe, 0xb2, 0x0,
    0xff, 0xf3, 0x61, 0x80, 0x50, 0x80, 0x1f, 0xfe,
    0x8c, 0x30, 0x57, 0x0, 0xff, 0xf5, 0x63, 0x50,
    0x7, 0xff, 0x22, 0x3f, 0xff, 0xf9, 0x9a, 0x0,

    /* U+00BE "¾" */
    0x0, 0xff, 0xff, 0x80, 0x7f, 0xf4, 0xf1, 0x0,
    0x3f, 0xf8, 0x3d, 0xff, 0xff, 0xc9, 0x20, 0xf,
    0xfe, 0x3c, 0x1d, 0xa0, 0x7, 0xff, 0xa5, 0x1c,
    0x1, 0x68, 0x1, 0xff, 0xe7, 0x1a, 0x0, 0xd6,
    0x80, 0x1f, 0xfe, 0x6b, 0x10, 0xe, 0xb4, 0x0,
    0xff, 0xf2, 0x32, 0x80, 0x7d, 0x68, 0x1, 0xff,
    0xe2, 0x29, 0x0, 0xfe, 0xb4, 0x0, 0xff, 0xe8,
    0x41, 0x0, 0x7f, 0xf0, 0xf8, 0x3, 0xfe, 0xb4,
    0x0, 0xff, 0xe7, 0x33, 0x80, 0x7f, 0xf0, 0xe0,
    0xc0, 0x3f, 0xf8, 0x16, 0x80, 0x1c, 0x42, 0x3f,
    0x0, 0x7f, 0xcb, 0x20, 0x1f, 0xfc, 0x34, 0x70,
    0xf, 0xfe, 0x16, 0x80, 0x76, 0x77, 0x7a, 0xc0,
    0x3f, 0xc7, 0x40, 0x1f, 0xfc, 0x31, 0xa0, 0xf,
    0xfe, 0x13, 0xc8, 0x7, 0xfc, 0x94, 0x1, 0xfc,
    0x5a, 0x1, 0xff, 0xc4, 0xb1, 0x0, 0xff, 0xe0,
    0xc4, 0x0, 0x3f, 0xe2, 0xb0, 0xf, 0xe1, 0xc1,
    0x0, 0xff, 0xe1, 0xb2, 0x80, 0x7f, 0xf0, 0x61,
    0xc0, 0x3f, 0xe1, 0xc0, 0xf, 0xf0, 0xeb, 0x0,
    0x7f, 0xf0, 0x8a, 0x40, 0x3f, 0xf8, 0x32, 0xe0,
    0x1f, 0xfc, 0x3, 0x10, 0xf, 0xf8, 0xe7, 0x48,
    0x3, 0xff, 0x81, 0xc0, 0x1f, 0xfc, 0x1a, 0x60,
    0xf, 0xfe, 0x81, 0x60, 0x80, 0x7f, 0xa0, 0xc0,
    0x3f, 0xf8, 0x16, 0xa0, 0x1f, 0xfd, 0x21, 0xa0,
    0xf, 0xe3, 0x70, 0xf, 0xfe, 0x5, 0xa0, 0x7,
    0xff, 0x51, 0x10, 0x1, 0xf0, 0xe8, 0x7, 0xfc,
    0x38, 0x80, 0x1f, 0xfc, 0x71, 0x10, 0x7, 0xff,
    0x7, 0x80, 0x3e, 0xb1, 0x0, 0xff, 0xe, 0x98,
    0x7, 0xff, 0x14, 0xbb, 0xfb, 0x9f, 0xac, 0x1,
    0xfe, 0x40, 0xf, 0x32, 0x80, 0x7f, 0x87, 0xc,
    0x3, 0xff, 0x8e, 0x20, 0x18, 0xa5, 0x80, 0x3f,
    0x84, 0x3, 0x8a, 0x40, 0x3f, 0xc5, 0x84, 0x1,
    0xff, 0xcf, 0xf0, 0xf, 0xf0, 0x80, 0x6e, 0x0,
    0xff, 0x16, 0x10, 0x7, 0xff, 0x1d, 0x64, 0x3,
    0xec, 0x0, 0xff, 0x8, 0x5, 0x6, 0x1, 0xfc,
    0x78, 0x20, 0x1f, 0xfc, 0x76, 0xa6, 0xd7, 0x20,
    0x1, 0xd2, 0x80, 0x7f, 0xf0, 0x4d, 0xc0, 0x3f,
    0x8f, 0x4, 0x3, 0xff, 0x8e, 0xf2, 0x0, 0x28,
    0xdf, 0xf6, 0x28, 0x7, 0xf8, 0xc0, 0x22, 0x20,
    0x7, 0xe4, 0xc0, 0xf, 0xfe, 0x43, 0xc0, 0x7,
    0xff, 0x22, 0xc0, 0x21, 0xc3, 0x0, 0xf2, 0x58,
    0x7, 0xff, 0x22, 0x20, 0x1, 0xff, 0xc9, 0x60,
    0xc, 0x38, 0x60, 0x19, 0x6c, 0x3, 0xff, 0x91,
    0xe, 0x1, 0xff, 0xc9, 0x91, 0x0, 0xf6, 0x20,
    0x1, 0xa8, 0x3, 0xff, 0x90, 0xce, 0x1, 0xff,
    0xc9, 0x56, 0x0, 0xfd, 0x6a, 0xf2, 0x1, 0xff,
    0xc9, 0x67, 0x0, 0xff, 0xe4, 0x2d, 0x0, 0x7f,
    0xaa, 0x0, 0x3f, 0xf9, 0x71, 0x64, 0x1, 0xff,
    0xc4, 0x1a, 0xa0, 0x7, 0xff, 0x65, 0x36, 0x8c,
    0x3, 0xff, 0x80, 0x51, 0xea, 0x1, 0xff, 0xc2,
    0x7a, 0xaf, 0xe9, 0x0, 0xff, 0xe1, 0xae, 0x75,
    0x32, 0x19, 0x10, 0xd1, 0xa7, 0x35, 0xc4, 0x3,
    0xff, 0x84, 0x50, 0xab, 0xfc, 0x60, 0x1f, 0xfc,
    0x51, 0x59, 0xbc, 0xdd, 0x65, 0xcb, 0x18, 0x7,
    0xff, 0x16, 0x80, 0x3f, 0xdc, 0x1, 0xff, 0xd2,
    0x33, 0x0, 0x7f, 0xf0, 0x98, 0x3, 0xf8, 0x90,
    0x3, 0xff, 0xa2, 0x99, 0x83, 0x0, 0xff, 0xe0,
    0x28, 0x80, 0x7f, 0x58, 0x7, 0xff, 0x45, 0x6c,
    0x1, 0x88, 0x1, 0xff, 0x48, 0x7, 0xf9, 0x80,
    0x3f, 0xfa, 0xd, 0x40, 0x1a, 0xd0, 0x3, 0xf8,
    0x8c, 0x3, 0xf9, 0xc0, 0x3f, 0xfa, 0x11, 0x20,
    0x1e, 0xb5, 0x0, 0xfd, 0x60, 0x1f, 0xea, 0x0,
    0xff, 0xe7, 0xcb, 0x80, 0x7e, 0xa3, 0x0, 0xf9,
    0x80, 0x3f, 0x90, 0x80, 0x3f, 0xf9, 0xd4, 0xc0,
    0x1f, 0xc8, 0x60, 0x1e, 0x60, 0xf, 0xf7, 0x80,
    0x7f, 0xf3, 0xad, 0x40, 0x3f, 0x86, 0x80, 0x3e,
    0xb0, 0xf, 0xe2, 0x40, 0xf, 0xfe, 0x6e, 0x20,
    0x7, 0xfa, 0x84, 0x3, 0xc6, 0x40, 0x1f, 0xd4,
    0x1, 0xff, 0xcc, 0x1c, 0x30, 0xf, 0xf3, 0xa0,
    0x7, 0xd2, 0x1, 0xfe, 0x70, 0xf, 0xfe, 0x59,
    0x61, 0x80, 0x7f, 0x8e, 0x0, 0x3e, 0x15, 0x0,
    0xfe, 0x60, 0x11, 0xff, 0x0, 0x7f, 0xf0, 0xb,
    0x8, 0x3, 0xfc, 0x3a, 0x1, 0xf9, 0x80, 0x3f,
    0xd6, 0x3d, 0xdf, 0xde, 0x1, 0xff, 0x1e, 0x8,
    0x7, 0xfd, 0x62, 0x1, 0xfa, 0x80, 0x3f, 0x90,
    0x80, 0x3f, 0xf9, 0x29, 0x82, 0x1, 0xff, 0x32,
    0x80, 0x7e, 0x42, 0x0, 0xfe, 0xe0, 0xf, 0xfe,
    0x4a, 0xd8, 0x7, 0xff, 0x0, 0xa4, 0x3, 0xfb,
    0xc0, 0x3f, 0x85, 0x40, 0x3f, 0xf9, 0xd, 0x40,
    0x1f, 0xfc, 0x1f, 0x0, 0xfe, 0x14, 0x0, 0xff,
    0x66, 0x34, 0x3, 0xf8, 0x72, 0x0, 0x39, 0xe4,
    0x3, 0xff, 0x83, 0x24, 0x1, 0xfd, 0x20, 0x1f,
    0xe1, 0x33, 0x80, 0x3f, 0xc6, 0x40, 0x1a, 0x20,
    0x1, 0xff, 0xc1, 0x56, 0x0, 0xff, 0x30, 0x7,
    0xff, 0x46, 0x5c, 0x3, 0xff, 0x82, 0x54, 0x1,
    0xfe, 0x41, 0x0, 0xff, 0xe8, 0x53, 0x0, 0x7f,
    0xf0, 0xb8, 0x3, 0xff, 0xb9, 0xa, 0x1, 0xff,
    0xc2, 0x83, 0x0, 0xff, 0xee, 0x42, 0x0, 0x7f,
    0xf0, 0x51, 0xc0, 0x3f, 0xfb, 0xd6, 0x80, 0x1f,
    0xf0, 0xd0, 0x7, 0xff, 0x82, 0xd0, 0x3, 0xfd,
    0x42, 0x1, 0xff, 0xe1, 0xb4, 0x0, 0xfc, 0xe8,
    0x1, 0xff, 0xc2, 0x4f, 0xff, 0xfe, 0x17, 0x0,
    0x7f, 0xf, 0xd0, 0x7, 0x5a, 0x0, 0x78, 0xe0,
    0x3, 0xff, 0xcb, 0x66, 0x1, 0x87, 0x40, 0x3f,
    0xfc, 0xf8, 0x60, 0x15, 0x8, 0x7, 0xff, 0xa3,
    0xc, 0x19, 0x0, 0x3f, 0xfd, 0x58, 0xd2, 0x1,
    0xff, 0xd5, 0x1f, 0xff, 0xee, 0x0, 0x80,

    /* U+00BF "¿" */
    0x0, 0xff, 0xe1, 0xad, 0x77, 0xfb, 0x65, 0x0,
    0x3f, 0xfa, 0x47, 0xb4, 0xa2, 0x0, 0x26, 0xbc,
    0x10, 0xf, 0xfe, 0x7a, 0xe1, 0x0, 0x7e, 0x3f,
    0x20, 0xf, 0xfe, 0x69, 0xd0, 0x7, 0xfc, 0x3e,
    0x20, 0x1f, 0xfc, 0xcf, 0x0, 0xff, 0xe0, 0x94,
    0x0, 0x7f, 0xf2, 0xd0, 0xc0, 0x3f, 0xf8, 0x4c,
    0x20, 0x1f, 0xfc, 0xac, 0x0, 0xff, 0xe2, 0x20,
    0x7, 0xff, 0x28, 0xc0, 0x3f, 0xf8, 0x9a, 0x1,
    0xff, 0xca, 0x60, 0xf, 0xfe, 0x20, 0x80, 0x7f,
    0xf2, 0x84, 0x3, 0xff, 0xb6, 0xe0, 0x1f, 0xfc,
    0x41, 0x0, 0xff, 0xe5, 0x60, 0x7, 0xff, 0x13,
    0x0, 0x3f, 0xf9, 0x4a, 0x1, 0xff, 0xc3, 0x14,
    0x0, 0xff, 0xe5, 0x12, 0x80, 0x7f, 0xf0, 0xa4,
    0x3, 0xff, 0x99, 0x62, 0x1, 0xff, 0xc0, 0x47,
    0x0, 0xff, 0xe6, 0xe, 0x8, 0x7, 0xf8, 0xe8,
    0x3, 0xff, 0x9c, 0x5e, 0xa0, 0x1f, 0x9f, 0x4,
    0x3, 0xff, 0x9e, 0x35, 0xb0, 0x86, 0x65, 0x9e,
    0x80, 0xf, 0xfe, 0x99, 0x3d, 0xe6, 0x29, 0x84,
    0x3, 0xff, 0xfe, 0x1, 0xff, 0xff, 0x0, 0xff,
    0xff, 0x80, 0x61, 0xcc, 0xff, 0xa4, 0x3, 0xff,
    0x9e, 0x67, 0xff, 0xc0, 0x40, 0xf, 0xfe, 0x7b,
    0x0, 0x7f, 0xc6, 0x1, 0xff, 0xcf, 0x10, 0xf,
    0xf8, 0x40, 0x3f, 0xf9, 0xfa, 0x1, 0xff, 0xd9,
    0x4b, 0x70, 0xf, 0xfe, 0x0, 0x80, 0x7f, 0xf2,
    0x8a, 0xec, 0x80, 0x1f, 0xfc, 0x12, 0x0, 0xff,
    0xe4, 0xbe, 0xa0, 0x7, 0xff, 0xd, 0xc0, 0x3f,
    0xf9, 0x13, 0x0, 0x1f, 0xfc, 0x51, 0x0, 0xff,
    0xe3, 0xdb, 0x0, 0x7f, 0xf1, 0x8c, 0x3, 0xff,
    0x8d, 0x48, 0x1, 0xff, 0xc7, 0x10, 0xf, 0xfe,
    0x2b, 0xa8, 0x7, 0xff, 0x23, 0xc0, 0x3f, 0xf8,
    0x85, 0x0, 0x1f, 0xfc, 0x91, 0x0, 0xff, 0xe2,
    0x48, 0x7, 0xff, 0x28, 0xc0, 0x3f, 0xf8, 0x64,
    0x80, 0x1f, 0xfc, 0x21, 0x8c, 0xff, 0xea, 0x0,
    0xff, 0xe1, 0xd8, 0x7, 0xff, 0x9, 0x3d, 0xcc,
    0x3, 0xff, 0x92, 0x80, 0x1f, 0xfc, 0x11, 0xb1,
    0x0, 0xff, 0xe5, 0x9, 0x0, 0x7f, 0xf0, 0x64,
    0x3, 0xff, 0x98, 0xa0, 0x1f, 0xfc, 0x24, 0x0,
    0xff, 0xe1, 0x38, 0x80, 0x7e, 0x20, 0xf, 0xfe,
    0x10, 0x80, 0x7f, 0xf0, 0x52, 0x30, 0x40, 0x3e,
    0x10, 0xf, 0xfe, 0x13, 0x0, 0x7f, 0xf0, 0xa,
    0x80, 0xb0, 0x40, 0x3d, 0xe0, 0x1f, 0xfc, 0x2c,
    0x0, 0xff, 0x87, 0xc4, 0x0, 0x58, 0x20, 0x1d,
    0xe0, 0x1f, 0xfc, 0x27, 0x10, 0xf, 0xe3, 0xf2,
    0x0, 0xc5, 0x82, 0x1, 0x84, 0x3, 0xff, 0x87,
    0x84, 0x1, 0xe1, 0x9c, 0x10, 0xf, 0x16, 0x8,
    0x4, 0xa0, 0x1f, 0xfc, 0x32, 0xdb, 0x75, 0x53,
    0xdf, 0x30, 0x7, 0xf1, 0x61, 0x0, 0xc, 0x3,
    0xff, 0x8a, 0x91, 0x54, 0x84, 0x0, 0xff, 0xe0,
    0x16, 0x10, 0x0, 0xc0, 0x3f, 0xfa, 0xe3, 0x84,
    0x16, 0x1, 0xff, 0xd8, 0x1e, 0x6, 0x0, 0xff,
    0xec, 0xc0, 0xb, 0x80, 0x7f, 0xf5, 0xd5, 0x0,
    0x12, 0x20, 0x1f, 0xfd, 0x52, 0xb0, 0x8, 0x68,
    0x3, 0xff, 0xab, 0xe2, 0x1, 0x92, 0x0, 0x3f,
    0xfa, 0x78, 0x40, 0x1e, 0x77, 0x0, 0x7f, 0xf4,
    0x7, 0xc, 0x3, 0xf4, 0x48, 0x7, 0xff, 0x38,
    0xf0, 0xc0, 0x3f, 0xcd, 0x84, 0x1, 0xff, 0xcb,
    0x7c, 0x20, 0xf, 0xfe, 0x1, 0xec, 0x8, 0x7,
    0xff, 0x1d, 0x36, 0x0, 0x3f, 0xf8, 0x8f, 0xd2,
    0x60, 0x1f, 0xfc, 0x21, 0x6c, 0xb2, 0x0, 0xff,
    0xe3, 0xb6, 0x75, 0x3a, 0x10, 0x80, 0x4, 0x8d,
    0xa7, 0x3a, 0x4c, 0x3, 0xfc,

    /* U+00C0 "À" */
    0x0, 0xff, 0xff, 0x80, 0x7f, 0xf1, 0x16, 0x80,
    0x3f, 0xfe, 0x76, 0xba, 0x40, 0x1f, 0xff, 0x9,
    0x10, 0x2c, 0x40, 0xf, 0xff, 0x71, 0xb0, 0x4,
    0x36, 0xc0, 0x1f, 0xfe, 0xdf, 0x0, 0xf4, 0xc8,
    0x3, 0xff, 0xd6, 0xe6, 0x1, 0xf3, 0x60, 0x80,
    0x7f, 0xfa, 0x6, 0x0, 0x3f, 0x8f, 0xcc, 0x3,
    0xff, 0xcf, 0x60, 0x1f, 0xf0, 0xe2, 0x80, 0x7f,
    0xf9, 0x51, 0x40, 0x3f, 0xf8, 0x35, 0x0, 0x1f,
    0xfe, 0x49, 0x0, 0xff, 0xe1, 0xbd, 0x80, 0x7f,
    0xf8, 0xa0, 0x80, 0x3f, 0xf8, 0x89, 0xa4, 0x1,
    0xff, 0xdf, 0x27, 0x0, 0xff, 0xe3, 0x16, 0xa0,
    0x7, 0xff, 0x78, 0xb1, 0x0, 0x3f, 0xf8, 0xf6,
    0x40, 0x1f, 0xfd, 0xe3, 0xbd, 0x60, 0xf, 0xfe,
    0x2a, 0x90, 0x7, 0xff, 0x80, 0xa7, 0xe0, 0x40,
    0x3f, 0xf8, 0x50, 0x1, 0xff, 0xe4, 0x7e, 0xa3,
    0x0, 0xff, 0x9c, 0x80, 0x3f, 0xfc, 0xcb, 0x98,
    0x50, 0xf, 0xc3, 0x0, 0x1f, 0xfe, 0x93, 0xae,
    0x70, 0xf, 0x58, 0x7, 0xff, 0xb0, 0x63, 0xe4,
    0x80, 0x6, 0xa0, 0x1f, 0xfe, 0xf6, 0xdb, 0x4f,
    0x0, 0xff, 0xf9, 0x25, 0x98, 0x7, 0xff, 0xfc,
    0x3, 0xff, 0xfe, 0x1, 0xff, 0xff, 0x0, 0xff,
    0xe4, 0xbc, 0x47, 0xff, 0x8, 0xc0, 0x3f, 0xfc,
    0x87, 0xe, 0xff, 0xfc, 0x2f, 0x0, 0xff, 0xf2,
    0x50, 0x7, 0xff, 0xc, 0xc8, 0x3, 0xff, 0xc6,
    0xc0, 0x1f, 0xfc, 0x4a, 0x0, 0xff, 0xf1, 0x30,
    0x7, 0xff, 0x15, 0x80, 0x3f, 0xfc, 0x54, 0x1,
    0xff, 0xc5, 0x14, 0x0, 0xff, 0xf0, 0x11, 0x80,
    0x7f, 0xf1, 0xbc, 0x3, 0xff, 0xc1, 0x40, 0x1f,
    0xfc, 0x74, 0x10, 0xf, 0xfe, 0xfb, 0x0, 0x7f,
    0xf2, 0x18, 0x3, 0xff, 0xbc, 0xa2, 0x1, 0xff,
    0xc8, 0xa0, 0xf, 0xfe, 0xf7, 0x0, 0x7f, 0xf2,
    0x48, 0xc0, 0x3f, 0xfb, 0x82, 0x80, 0x1f, 0xfc,
    0xaa, 0x0, 0xff, 0xee, 0x30, 0x7, 0xff, 0x2d,
    0x80, 0x3f, 0xfb, 0x94, 0x1, 0xff, 0xcc, 0x50,
    0xf, 0xfe, 0xd2, 0x10, 0x7, 0xff, 0x32, 0x40,
    0x3f, 0xfb, 0x5c, 0x1, 0xff, 0xcd, 0x32, 0x0,
    0xff, 0xec, 0xa8, 0x7, 0xff, 0x3a, 0x80, 0x3f,
    0xfb, 0xc, 0x1, 0xff, 0xcf, 0x60, 0xf, 0xfe,
    0xc5, 0x0, 0x7f, 0xf3, 0xc5, 0x0, 0x3f, 0xfa,
    0xc4, 0x60, 0x1f, 0xfc, 0x19, 0x0, 0xff, 0xe1,
    0x70, 0x7, 0xff, 0x5a, 0xc0, 0x3f, 0xf8, 0x4c,
    0x80, 0x1f, 0xfc, 0x15, 0x10, 0xf, 0xfe, 0xab,
    0x80, 0x7f, 0xf0, 0x54, 0x34, 0x3, 0xff, 0x84,
    0xe0, 0x1f, 0xfd, 0x45, 0x10, 0xf, 0xfe, 0xf,
    0x3, 0x0, 0x7f, 0xf0, 0xac, 0x3, 0xff, 0xa9,
    0xc0, 0x1f, 0xfc, 0x11, 0x40, 0x2, 0x80, 0x7f,
    0xf0, 0x48, 0xc0, 0x3f, 0xfa, 0x44, 0x80, 0x1f,
    0xfc, 0x17, 0x0, 0xbc, 0x3, 0xff, 0x85, 0x40,
    0x1f, 0xfd, 0x2a, 0x0, 0xff, 0xe1, 0x50, 0x4,
    0xa0, 0x1f, 0xfc, 0x27, 0x0, 0xff, 0xe9, 0x30,
    0x7, 0xff, 0x4, 0x8c, 0x3, 0x28, 0x7, 0xff,
    0x4, 0x54, 0x3, 0xff, 0xa0, 0x82, 0x1, 0xff,
    0xc1, 0x50, 0xe, 0xe0, 0xf, 0xfe, 0x17, 0x0,
    0x7f, 0xf4, 0x38, 0x3, 0xff, 0x85, 0x40, 0x1c,
    0x82, 0x1, 0xff, 0xc1, 0x41, 0x0, 0xff, 0xe7,
    0xa, 0x80, 0x7f, 0xf0, 0x4c, 0x80, 0x3c, 0xe0,
    0x1f, 0xfc, 0x26, 0x0, 0xff, 0xe7, 0x30, 0x7,
    0xff, 0xa, 0xc0, 0x3e, 0xd0, 0xf, 0xfe, 0x15,
    0x0, 0x7f, 0xf3, 0xa8, 0x3, 0xff, 0x84, 0xc0,
    0x1f, 0x20, 0x80, 0x7f, 0xf0, 0x49, 0x0, 0x3f,
    0xf9, 0x86, 0x40, 0x1f, 0xfc, 0x14, 0x10, 0xf,
    0xce, 0x1, 0xff, 0xc2, 0xe0, 0xf, 0xfe, 0x65,
    0x0, 0x7f, 0xf0, 0xb4, 0x3, 0xfa, 0x80, 0x3f,
    0xf8, 0x4a, 0x20, 0x1f, 0xfc, 0xb6, 0x0, 0xff,
    0xe1, 0x30, 0x7, 0xf1, 0x88, 0x7, 0xff, 0x9,
    0xc0, 0x3f, 0xf9, 0x4c, 0x1, 0xff, 0xc2, 0x50,
    0xf, 0xf9, 0x80, 0x3f, 0xf8, 0x54, 0x1, 0xff,
    0xca, 0xa0, 0xf, 0xfe, 0x17, 0x80, 0x7f, 0xd6,
    0x1, 0xff, 0xc2, 0x32, 0x0, 0xff, 0xe4, 0x11,
    0x80, 0x7f, 0xf0, 0x94, 0x3, 0xfe, 0x32, 0x0,
    0xff, 0xe1, 0x50, 0x7, 0xff, 0x22, 0x80, 0x3f,
    0xf8, 0x4c, 0x1, 0xff, 0xc1, 0x50, 0xf, 0xfe,
    0x13, 0x0, 0x7f, 0xf2, 0x18, 0x3, 0xff, 0x84,
    0x6e, 0xff, 0xfc, 0x11, 0x0, 0xff, 0xe1, 0xa,
    0x80, 0x7f, 0xf1, 0x94, 0x40, 0x3f, 0xf8, 0x4b,
    0x11, 0xff, 0xc1, 0x60, 0xf, 0xfe, 0x1f, 0x0,
    0x7f, 0xf1, 0xb8, 0x3, 0xff, 0xc2, 0x82, 0x1,
    0xff, 0xc4, 0x14, 0x0, 0xff, 0xf1, 0x30, 0x7,
    0xff, 0x11, 0x80, 0x3f, 0xfc, 0x74, 0x1, 0xff,
    0xc4, 0xa0, 0xf, 0xff, 0x19, 0x18, 0x7, 0xff,
    0x9, 0x8, 0x3, 0xff, 0xc9, 0x20, 0x1f, 0xfc,
    0x2e, 0x0, 0xff, 0xf2, 0xa8, 0x7, 0xff, 0x4,
    0x54, 0x3, 0xff, 0xcc, 0xc0, 0x1f, 0xfc, 0x7,
    0x0, 0xff, 0xf3, 0xd0, 0x7, 0xff, 0x2, 0x80,
    0x3f, 0xfc, 0xe6, 0x40, 0x1f, 0xe3, 0x30, 0x7,
    0xff, 0xa2, 0x80, 0x3f, 0xd4, 0x1, 0xff, 0xe9,
    0x60, 0xf, 0xf3, 0x80, 0x7f, 0xf0, 0x8f, 0xff,
    0xff, 0x96, 0xa0, 0x1f, 0xfc, 0x21, 0x40, 0xf,
    0xca, 0x20, 0x1f, 0xfc, 0x2a, 0x0, 0xff, 0xe5,
    0xf8, 0x7, 0xff, 0xf, 0xc0, 0x3f, 0x70, 0x7,
    0xff, 0xd, 0xc0, 0x3f, 0xf9, 0x6a, 0x1, 0xff,
    0xc3, 0x41, 0x0, 0xf1, 0x20, 0x7, 0xff, 0x9,
    0x4, 0x3, 0xff, 0x98, 0xa0, 0x1f, 0xfc, 0x36,
    0x0, 0xf5, 0x0, 0x7f, 0xf0, 0xf8, 0x3, 0xff,
    0x9b, 0xe0, 0x1f, 0xfc, 0x3a, 0x0, 0xf3, 0x0,
    0x7f, 0xf0, 0xd4, 0x3, 0xff, 0x9a, 0xa0, 0x1f,
    0xfc, 0x32, 0x30, 0xc, 0x82, 0x1, 0xff, 0xc2,
    0x50, 0xf, 0xfe, 0x7a, 0x80, 0x7f, 0xf0, 0xe8,
    0x3, 0x70, 0x7, 0xff, 0xf, 0x80, 0x3f, 0xf9,
    0xfc, 0x1, 0xff, 0xc3, 0x60, 0x8, 0x54, 0x3,
    0xff, 0x84, 0x28, 0x1, 0xff, 0xcf, 0x40, 0xf,
    0xfe, 0x22, 0x80, 0x18, 0x3, 0xff, 0x86, 0xe0,
    0x1f, 0xfd, 0x15, 0x0, 0xff, 0xe1, 0xc8, 0x2,
    0x80, 0x3f, 0xf8, 0x7a, 0x1, 0xff, 0xd1, 0xe0,
    0xf, 0xfe, 0x19, 0x90,

    /* U+00C1 "Á" */
    0x0, 0xff, 0xec, 0x28, 0x7, 0xff, 0xce, 0xa8,
    0xc0, 0x1f, 0xff, 0x2, 0xd5, 0x8, 0x10, 0xf,
    0xff, 0x72, 0x61, 0x0, 0x6, 0x0, 0x3f, 0xfd,
    0xad, 0x62, 0x1, 0x98, 0xc0, 0x3f, 0xfd, 0x73,
    0x20, 0xf, 0xb8, 0x3, 0xff, 0xd2, 0x38, 0xc0,
    0x1f, 0x89, 0xc0, 0x3f, 0xfc, 0xe7, 0xe6, 0x1,
    0xfe, 0x81, 0x0, 0xff, 0xf2, 0xb6, 0x8, 0x7,
    0xff, 0x2, 0xc0, 0x3f, 0xfc, 0x93, 0x20, 0xf,
    0xfe, 0x12, 0xa0, 0x7, 0xff, 0x84, 0x6d, 0x80,
    0x3f, 0xf8, 0x92, 0x1, 0xff, 0xe0, 0x2c, 0x40,
    0xf, 0xfe, 0x29, 0x40, 0x7, 0xff, 0x79, 0x34,
    0x80, 0x3f, 0xf8, 0xc3, 0xe0, 0x1f, 0xfd, 0xe1,
    0x0, 0xff, 0xe3, 0x14, 0xf3, 0x80, 0x7f, 0xf7,
    0x95, 0x0, 0x3f, 0xf8, 0x69, 0x7a, 0xc0, 0x1f,
    0xfe, 0x19, 0x0, 0xff, 0xe0, 0xb6, 0xda, 0x0,
    0x7f, 0xf8, 0xc9, 0xc0, 0x3f, 0x86, 0x3a, 0x48,
    0x3, 0xff, 0xcd, 0x2, 0x1, 0xe2, 0x9e, 0x71,
    0x0, 0xff, 0xf4, 0xc0, 0x6, 0x4b, 0xd6, 0x0,
    0xff, 0xf6, 0x31, 0x83, 0x6d, 0xa0, 0x7, 0xff,
    0xbf, 0xb9, 0x24, 0x1, 0xff, 0xf1, 0x21, 0x0,
    0xff, 0xff, 0x80, 0x7f, 0xff, 0xc0, 0x3f, 0xfb,
    0xef, 0x11, 0xff, 0xc2, 0x30, 0xf, 0xff, 0x21,
    0xc3, 0xbf, 0xff, 0xb, 0xc0, 0x3f, 0xfc, 0x94,
    0x1, 0xff, 0xc3, 0x32, 0x0, 0xff, 0xf1, 0xb0,
    0x7, 0xff, 0x12, 0x80, 0x3f, 0xfc, 0x4c, 0x1,
    0xff, 0xc5, 0x60, 0xf, 0xff, 0x15, 0x0, 0x7f,
    0xf1, 0x45, 0x0, 0x3f, 0xfc, 0x4, 0x60, 0x1f,
    0xfc, 0x6f, 0x0, 0xff, 0xf0, 0x50, 0x7, 0xff,
    0x1d, 0x4, 0x3, 0xff, 0xbe, 0xc0, 0x1f, 0xfc,
    0x86, 0x0, 0xff, 0xef, 0x28, 0x80, 0x7f, 0xf2,
    0x28, 0x3, 0xff, 0xbd, 0xc0, 0x1f, 0xfc, 0x92,
    0x30, 0xf, 0xfe, 0xe0, 0xa0, 0x7, 0xff, 0x2a,
    0x80, 0x3f, 0xfb, 0x8c, 0x1, 0xff, 0xcb, 0x60,
    0xf, 0xfe, 0xe5, 0x0, 0x7f, 0xf3, 0x14, 0x3,
    0xff, 0xb4, 0x84, 0x1, 0xff, 0xcc, 0x90, 0xf,
    0xfe, 0xd7, 0x0, 0x7f, 0xf3, 0x4c, 0x80, 0x3f,
    0xfb, 0x2a, 0x1, 0xff, 0xce, 0xa0, 0xf, 0xfe,
    0xc3, 0x0, 0x7f, 0xf3, 0xd8, 0x3, 0xff, 0xb1,
    0x40, 0x1f, 0xfc, 0xf1, 0x40, 0xf, 0xfe, 0xb1,
    0x18, 0x7, 0xff, 0x6, 0x40, 0x3f, 0xf8, 0x5c,
    0x1, 0xff, 0xd6, 0xb0, 0xf, 0xfe, 0x13, 0x20,
    0x7, 0xff, 0x5, 0x44, 0x3, 0xff, 0xaa, 0xe0,
    0x1f, 0xfc, 0x15, 0xd, 0x0, 0xff, 0xe1, 0x38,
    0x7, 0xff, 0x51, 0x44, 0x3, 0xff, 0x83, 0xc0,
    0xc0, 0x1f, 0xfc, 0x2b, 0x0, 0xff, 0xea, 0x70,
    0x7, 0xff, 0x4, 0x50, 0x0, 0xa0, 0x1f, 0xfc,
    0x12, 0x30, 0xf, 0xfe, 0x91, 0x20, 0x7, 0xff,
    0x5, 0xc0, 0x2f, 0x0, 0xff, 0xe1, 0x50, 0x7,
    0xff, 0x4a, 0x80, 0x3f, 0xf8, 0x54, 0x1, 0x28,
    0x7, 0xff, 0x9, 0xc0, 0x3f, 0xfa, 0x4c, 0x1,
    0xff, 0xc1, 0x23, 0x0, 0xca, 0x1, 0xff, 0xc1,
    0x15, 0x0, 0xff, 0xe8, 0x20, 0x80, 0x7f, 0xf0,
    0x54, 0x3, 0xb8, 0x3, 0xff, 0x85, 0xc0, 0x1f,
    0xfd, 0xe, 0x0, 0xff, 0xe1, 0x50, 0x7, 0x20,
    0x80, 0x7f, 0xf0, 0x50, 0x40, 0x3f, 0xf9, 0xc2,
    0xa0, 0x1f, 0xfc, 0x13, 0x20, 0xf, 0x38, 0x7,
    0xff, 0x9, 0x80, 0x3f, 0xf9, 0xcc, 0x1, 0xff,
    0xc2, 0xb0, 0xf, 0xb4, 0x3, 0xff, 0x85, 0x40,
    0x1f, 0xfc, 0xea, 0x0, 0xff, 0xe1, 0x30, 0x7,
    0xc8, 0x20, 0x1f, 0xfc, 0x12, 0x40, 0xf, 0xfe,
    0x61, 0x90, 0x7, 0xff, 0x5, 0x4, 0x3, 0xf3,
    0x80, 0x7f, 0xf0, 0xb8, 0x3, 0xff, 0x99, 0x40,
    0x1f, 0xfc, 0x2d, 0x0, 0xfe, 0xa0, 0xf, 0xfe,
    0x12, 0x88, 0x7, 0xff, 0x2d, 0x80, 0x3f, 0xf8,
    0x4c, 0x1, 0xfc, 0x62, 0x1, 0xff, 0xc2, 0x70,
    0xf, 0xfe, 0x53, 0x0, 0x7f, 0xf0, 0x94, 0x3,
    0xfe, 0x60, 0xf, 0xfe, 0x15, 0x0, 0x7f, 0xf2,
    0xa8, 0x3, 0xff, 0x85, 0xe0, 0x1f, 0xf5, 0x80,
    0x7f, 0xf0, 0x8c, 0x80, 0x3f, 0xf9, 0x4, 0x60,
    0x1f, 0xfc, 0x25, 0x0, 0xff, 0x8c, 0x80, 0x3f,
    0xf8, 0x54, 0x1, 0xff, 0xc8, 0xa0, 0xf, 0xfe,
    0x13, 0x0, 0x7f, 0xf0, 0x54, 0x3, 0xff, 0x84,
    0xc0, 0x1f, 0xfc, 0x86, 0x0, 0xff, 0xe1, 0x1b,
    0xbf, 0xff, 0x4, 0x40, 0x3f, 0xf8, 0x42, 0xa0,
    0x1f, 0xfc, 0x65, 0x10, 0xf, 0xfe, 0x12, 0xc4,
    0x7f, 0xf0, 0x58, 0x3, 0xff, 0x87, 0xc0, 0x1f,
    0xfc, 0x6e, 0x0, 0xff, 0xf0, 0xa0, 0x80, 0x7f,
    0xf1, 0x5, 0x0, 0x3f, 0xfc, 0x4c, 0x1, 0xff,
    0xc4, 0x60, 0xf, 0xff, 0x1d, 0x0, 0x7f, 0xf1,
    0x28, 0x3, 0xff, 0xc6, 0x46, 0x1, 0xff, 0xc2,
    0x42, 0x0, 0xff, 0xf2, 0x48, 0x7, 0xff, 0xb,
    0x80, 0x3f, 0xfc, 0xaa, 0x1, 0xff, 0xc1, 0x15,
    0x0, 0xff, 0xf3, 0x30, 0x7, 0xff, 0x1, 0xc0,
    0x3f, 0xfc, 0xf4, 0x1, 0xff, 0xc0, 0xa0, 0xf,
    0xff, 0x39, 0x90, 0x7, 0xf8, 0xcc, 0x1, 0xff,
    0xe8, 0xa0, 0xf, 0xf5, 0x0, 0x7f, 0xfa, 0x58,
    0x3, 0xfc, 0xe0, 0x1f, 0xfc, 0x23, 0xff, 0xff,
    0xe5, 0xa8, 0x7, 0xff, 0x8, 0x50, 0x3, 0xf2,
    0x88, 0x7, 0xff, 0xa, 0x80, 0x3f, 0xf9, 0x7e,
    0x1, 0xff, 0xc3, 0xf0, 0xf, 0xdc, 0x1, 0xff,
    0xc3, 0x70, 0xf, 0xfe, 0x5a, 0x80, 0x7f, 0xf0,
    0xd0, 0x40, 0x3c, 0x48, 0x1, 0xff, 0xc2, 0x41,
    0x0, 0xff, 0xe6, 0x28, 0x7, 0xff, 0xd, 0x80,
    0x3d, 0x40, 0x1f, 0xfc, 0x3e, 0x0, 0xff, 0xe6,
    0xf8, 0x7, 0xff, 0xe, 0x80, 0x3c, 0xc0, 0x1f,
    0xfc, 0x35, 0x0, 0xff, 0xe6, 0xa8, 0x7, 0xff,
    0xc, 0x8c, 0x3, 0x20, 0x80, 0x7f, 0xf0, 0x94,
    0x3, 0xff, 0x9e, 0xa0, 0x1f, 0xfc, 0x3a, 0x0,
    0xdc, 0x1, 0xff, 0xc3, 0xe0, 0xf, 0xfe, 0x7f,
    0x0, 0x7f, 0xf0, 0xd8, 0x2, 0x15, 0x0, 0xff,
    0xe1, 0xa, 0x0, 0x7f, 0xf3, 0xd0, 0x3, 0xff,
    0x88, 0xa0, 0x6, 0x0, 0xff, 0xe1, 0xb8, 0x7,
    0xff, 0x45, 0x40, 0x3f, 0xf8, 0x72, 0x0, 0xa0,
    0xf, 0xfe, 0x1e, 0x80, 0x7f, 0xf4, 0x78, 0x3,
    0xff, 0x86, 0x64,

    /* U+00C2 "Â" */
    0x0, 0xff, 0xe7, 0x8e, 0x7f, 0xfe, 0x40, 0xf,
    0xff, 0x48, 0xe1, 0x80, 0x7e, 0xb5, 0x0, 0xff,
    0xf3, 0x97, 0x90, 0x7, 0xfa, 0x98, 0x3, 0xff,
    0xca, 0x78, 0x20, 0x1f, 0xfc, 0x9, 0x70, 0xf,
    0xff, 0x19, 0xe0, 0x80, 0x7f, 0xf0, 0xa2, 0x40,
    0x3f, 0xfc, 0x29, 0x80, 0x1f, 0xfc, 0x56, 0xa0,
    0xf, 0xfe, 0xfa, 0xd8, 0x7, 0xff, 0x1d, 0x6c,
    0x3, 0xff, 0xba, 0xf4, 0x1, 0xff, 0xc9, 0x4c,
    0x10, 0xf, 0xfe, 0xd4, 0x40, 0x3, 0xff, 0x96,
    0x78, 0x20, 0x1f, 0xfd, 0x89, 0x70, 0xf, 0xfe,
    0x69, 0x61, 0x0, 0x7f, 0xf5, 0xa9, 0x80, 0x3f,
    0xf9, 0xe5, 0x84, 0x1, 0xff, 0xd4, 0xb5, 0x0,
    0xff, 0xe1, 0x8, 0x7, 0xff, 0x8, 0x70, 0xc0,
    0x3f, 0xfa, 0x4a, 0x80, 0x1f, 0xfc, 0x28, 0xec,
    0x30, 0xf, 0xfe, 0x8, 0xf8, 0x7, 0xff, 0x49,
    0x50, 0x3, 0xff, 0x80, 0xfc, 0xe0, 0x79, 0x64,
    0x1, 0xff, 0xc0, 0xe0, 0xf, 0xfe, 0x9c, 0x80,
    0x7f, 0x9b, 0xa0, 0x40, 0x32, 0x6c, 0x88, 0x7,
    0xf4, 0x10, 0x7, 0xff, 0x4c, 0xa4, 0x3, 0xe4,
    0xd9, 0x10, 0xf, 0xcd, 0xd0, 0x20, 0x1e, 0x37,
    0x0, 0xff, 0xea, 0xb2, 0x0, 0x63, 0xcb, 0x20,
    0xf, 0xfe, 0x3, 0xfb, 0x80, 0x77, 0x0, 0x7f,
    0xf5, 0xe8, 0x0, 0x57, 0x86, 0x1, 0xff, 0xc3,
    0x18, 0xe6, 0x0, 0x49, 0x0, 0x7f, 0xf5, 0xc6,
    0xa7, 0x50, 0x3, 0xff, 0x8e, 0x33, 0xae, 0xc0,
    0x1f, 0xfd, 0x95, 0x60, 0xf, 0xfe, 0x59, 0x40,
    0x7, 0xff, 0xfc, 0x3, 0xff, 0xfe, 0x1, 0xff,
    0xcc, 0x78, 0x8f, 0xfe, 0x11, 0x80, 0x7f, 0xf9,
    0xe, 0x1d, 0xff, 0xf8, 0x5e, 0x1, 0xff, 0xe4,
    0xa0, 0xf, 0xfe, 0x19, 0x90, 0x7, 0xff, 0x8d,
    0x80, 0x3f, 0xf8, 0x94, 0x1, 0xff, 0xe2, 0x60,
    0xf, 0xfe, 0x2b, 0x0, 0x7f, 0xf8, 0xa8, 0x3,
    0xff, 0x8a, 0x28, 0x1, 0xff, 0xe0, 0x23, 0x0,
    0xff, 0xe3, 0x78, 0x7, 0xff, 0x82, 0x80, 0x3f,
    0xf8, 0xe8, 0x20, 0x1f, 0xfd, 0xf6, 0x0, 0xff,
    0xe4, 0x30, 0x7, 0xff, 0x79, 0x44, 0x3, 0xff,
    0x91, 0x40, 0x1f, 0xfd, 0xee, 0x0, 0xff, 0xe4,
    0x91, 0x80, 0x7f, 0xf7, 0x5, 0x0, 0x3f, 0xf9,
    0x54, 0x1, 0xff, 0xdc, 0x60, 0xf, 0xfe, 0x5b,
    0x0, 0x7f, 0xf7, 0x28, 0x3, 0xff, 0x98, 0xa0,
    0x1f, 0xfd, 0xa4, 0x20, 0xf, 0xfe, 0x64, 0x80,
    0x7f, 0xf6, 0xb8, 0x3, 0xff, 0x9a, 0x64, 0x1,
    0xff, 0xd9, 0x50, 0xf, 0xfe, 0x75, 0x0, 0x7f,
    0xf6, 0x18, 0x3, 0xff, 0x9e, 0xc0, 0x1f, 0xfd,
    0x8a, 0x0, 0xff, 0xe7, 0x8a, 0x0, 0x7f, 0xf5,
    0x88, 0xc0, 0x3f, 0xf8, 0x32, 0x1, 0xff, 0xc2,
    0xe0, 0xf, 0xfe, 0xb5, 0x80, 0x7f, 0xf0, 0x99,
    0x0, 0x3f, 0xf8, 0x2a, 0x20, 0x1f, 0xfd, 0x57,
    0x0, 0xff, 0xe0, 0xa8, 0x68, 0x7, 0xff, 0x9,
    0xc0, 0x3f, 0xfa, 0x8a, 0x20, 0x1f, 0xfc, 0x1e,
    0x6, 0x0, 0xff, 0xe1, 0x58, 0x7, 0xff, 0x53,
    0x80, 0x3f, 0xf8, 0x22, 0x80, 0x5, 0x0, 0xff,
    0xe0, 0x91, 0x80, 0x7f, 0xf4, 0x89, 0x0, 0x3f,
    0xf8, 0x2e, 0x1, 0x78, 0x7, 0xff, 0xa, 0x80,
    0x3f, 0xfa, 0x54, 0x1, 0xff, 0xc2, 0xa0, 0x9,
    0x40, 0x3f, 0xf8, 0x4e, 0x1, 0xff, 0xd2, 0x60,
    0xf, 0xfe, 0x9, 0x18, 0x6, 0x50, 0xf, 0xfe,
    0x8, 0xa8, 0x7, 0xff, 0x41, 0x4, 0x3, 0xff,
    0x82, 0xa0, 0x1d, 0xc0, 0x1f, 0xfc, 0x2e, 0x0,
    0xff, 0xe8, 0x70, 0x7, 0xff, 0xa, 0x80, 0x39,
    0x4, 0x3, 0xff, 0x82, 0x82, 0x1, 0xff, 0xce,
    0x15, 0x0, 0xff, 0xe0, 0x99, 0x0, 0x79, 0xc0,
    0x3f, 0xf8, 0x4c, 0x1, 0xff, 0xce, 0x60, 0xf,
    0xfe, 0x15, 0x80, 0x7d, 0xa0, 0x1f, 0xfc, 0x2a,
    0x0, 0xff, 0xe7, 0x50, 0x7, 0xff, 0x9, 0x80,
    0x3e, 0x41, 0x0, 0xff, 0xe0, 0x92, 0x0, 0x7f,
    0xf3, 0xc, 0x80, 0x3f, 0xf8, 0x28, 0x20, 0x1f,
    0x9c, 0x3, 0xff, 0x85, 0xc0, 0x1f, 0xfc, 0xca,
    0x0, 0xff, 0xe1, 0x68, 0x7, 0xf5, 0x0, 0x7f,
    0xf0, 0x94, 0x40, 0x3f, 0xf9, 0x6c, 0x1, 0xff,
    0xc2, 0x60, 0xf, 0xe3, 0x10, 0xf, 0xfe, 0x13,
    0x80, 0x7f, 0xf2, 0x98, 0x3, 0xff, 0x84, 0xa0,
    0x1f, 0xf3, 0x0, 0x7f, 0xf0, 0xa8, 0x3, 0xff,
    0x95, 0x40, 0x1f, 0xfc, 0x2f, 0x0, 0xff, 0xac,
    0x3, 0xff, 0x84, 0x64, 0x1, 0xff, 0xc8, 0x23,
    0x0, 0xff, 0xe1, 0x28, 0x7, 0xfc, 0x64, 0x1,
    0xff, 0xc2, 0xa0, 0xf, 0xfe, 0x45, 0x0, 0x7f,
    0xf0, 0x98, 0x3, 0xff, 0x82, 0xa0, 0x1f, 0xfc,
    0x26, 0x0, 0xff, 0xe4, 0x30, 0x7, 0xff, 0x8,
    0xdd, 0xff, 0xf8, 0x22, 0x1, 0xff, 0xc2, 0x15,
    0x0, 0xff, 0xe3, 0x28, 0x80, 0x7f, 0xf0, 0x96,
    0x23, 0xff, 0x82, 0xc0, 0x1f, 0xfc, 0x3e, 0x0,
    0xff, 0xe3, 0x70, 0x7, 0xff, 0x85, 0x4, 0x3,
    0xff, 0x88, 0x28, 0x1, 0xff, 0xe2, 0x60, 0xf,
    0xfe, 0x23, 0x0, 0x7f, 0xf8, 0xe8, 0x3, 0xff,
    0x89, 0x40, 0x1f, 0xfe, 0x32, 0x30, 0xf, 0xfe,
    0x12, 0x10, 0x7, 0xff, 0x92, 0x40, 0x3f, 0xf8,
    0x5c, 0x1, 0xff, 0xe5, 0x50, 0xf, 0xfe, 0x8,
    0xa8, 0x7, 0xff, 0x99, 0x80, 0x3f, 0xf8, 0xe,
    0x1, 0xff, 0xe7, 0xa0, 0xf, 0xfe, 0x5, 0x0,
    0x7f, 0xf9, 0xcc, 0x80, 0x3f, 0xc6, 0x60, 0xf,
    0xff, 0x45, 0x0, 0x7f, 0xa8, 0x3, 0xff, 0xd2,
    0xc0, 0x1f, 0xe7, 0x0, 0xff, 0xe1, 0x1f, 0xff,
    0xff, 0x2d, 0x40, 0x3f, 0xf8, 0x42, 0x80, 0x1f,
    0x94, 0x40, 0x3f, 0xf8, 0x54, 0x1, 0xff, 0xcb,
    0xf0, 0xf, 0xfe, 0x1f, 0x80, 0x7e, 0xe0, 0xf,
    0xfe, 0x1b, 0x80, 0x7f, 0xf2, 0xd4, 0x3, 0xff,
    0x86, 0x82, 0x1, 0xe2, 0x40, 0xf, 0xfe, 0x12,
    0x8, 0x7, 0xff, 0x31, 0x40, 0x3f, 0xf8, 0x6c,
    0x1, 0xea, 0x0, 0xff, 0xe1, 0xf0, 0x7, 0xff,
    0x37, 0xc0, 0x3f, 0xf8, 0x74, 0x1, 0xe6, 0x0,
    0xff, 0xe1, 0xa8, 0x7, 0xff, 0x35, 0x40, 0x3f,
    0xf8, 0x64, 0x60, 0x19, 0x4, 0x3, 0xff, 0x84,
    0xa0, 0x1f, 0xfc, 0xf5, 0x0, 0xff, 0xe1, 0xd0,
    0x6, 0xe0, 0xf, 0xfe, 0x1f, 0x0, 0x7f, 0xf3,
    0xf8, 0x3, 0xff, 0x86, 0xc0, 0x10, 0xa8, 0x7,
    0xff, 0x8, 0x50, 0x3, 0xff, 0x9e, 0x80, 0x1f,
    0xfc, 0x45, 0x0, 0x30, 0x7, 0xff, 0xd, 0xc0,
    0x3f, 0xfa, 0x2a, 0x1, 0xff, 0xc3, 0x90, 0x5,
    0x0, 0x7f, 0xf0, 0xf4, 0x3, 0xff, 0xa3, 0xc0,
    0x1f, 0xfc, 0x33, 0x20,

    /* U+00C3 "Ã" */
    0x0, 0xff, 0xe4, 0x9c, 0x5f, 0x7f, 0xb7, 0x20,
    0x80, 0x3f, 0xf8, 0x2c, 0x1, 0xff, 0xdb, 0x4c,
    0xc3, 0xa0, 0x80, 0x8, 0xdf, 0x71, 0x0, 0x3f,
    0xcb, 0x38, 0x1, 0xff, 0xd9, 0x9b, 0x30, 0xf,
    0xf1, 0xde, 0x18, 0x7, 0xcd, 0x40, 0x78, 0x1,
    0xff, 0xd7, 0xc6, 0x0, 0xff, 0xe1, 0x1e, 0x5a,
    0x8, 0x12, 0xdc, 0x80, 0x47, 0x80, 0x1f, 0xfd,
    0x5c, 0x30, 0xf, 0xfe, 0x2a, 0x5f, 0x7e, 0xd2,
    0x0, 0x71, 0xd8, 0x7, 0xff, 0x4e, 0x8c, 0x3,
    0xff, 0xa6, 0x96, 0x1, 0xff, 0xd1, 0x65, 0x0,
    0xff, 0xea, 0xa5, 0x80, 0x7f, 0xf3, 0xc6, 0x0,
    0x3f, 0xfa, 0xe8, 0xa0, 0x1f, 0xfc, 0xf2, 0x0,
    0xff, 0xeb, 0x9a, 0x80, 0x7f, 0xf3, 0x87, 0x48,
    0x3, 0xff, 0xad, 0xc0, 0x1f, 0xfd, 0x1, 0xc2,
    0x0, 0xff, 0xea, 0x51, 0x0, 0x7f, 0xf4, 0x47,
    0x8, 0x3, 0xc4, 0xd1, 0x5, 0x0, 0xff, 0xe3,
    0xc2, 0x80, 0x7f, 0xf4, 0xc7, 0x8, 0x2, 0x1b,
    0xd9, 0x77, 0x57, 0xc0, 0x7, 0xff, 0x12, 0x5c,
    0x3, 0xff, 0xaa, 0x38, 0x20, 0x5e, 0x80, 0x1e,
    0x7e, 0x60, 0xf, 0xfe, 0x1, 0x63, 0x0, 0x7f,
    0xf5, 0xc7, 0xb, 0xc4, 0x3, 0xf0, 0xcf, 0x39,
    0x0, 0x7c, 0x95, 0xa6, 0x1, 0xff, 0xd9, 0x2d,
    0x20, 0xf, 0xf8, 0x63, 0x75, 0x75, 0x35, 0x9f,
    0x6a, 0x1, 0xff, 0xec, 0x24, 0x56, 0x53, 0x0,
    0xff, 0xff, 0x80, 0x7f, 0xff, 0xc0, 0x3f, 0xfa,
    0x8, 0x9f, 0xfc, 0x32, 0x0, 0xff, 0xf2, 0x15,
    0xdf, 0xff, 0xe, 0x40, 0x3f, 0xfc, 0x94, 0x1,
    0xff, 0xc3, 0x41, 0x0, 0xff, 0xf1, 0xb0, 0x7,
    0xff, 0x11, 0x80, 0x3f, 0xfc, 0x48, 0x20, 0x1f,
    0xfc, 0x4a, 0x0, 0xff, 0xf1, 0x78, 0x7, 0xff,
    0x14, 0x8c, 0x3, 0xff, 0xc0, 0x28, 0x1, 0xff,
    0xc6, 0xa0, 0xf, 0xff, 0x3, 0x0, 0x7f, 0xf1,
    0xd8, 0x3, 0xff, 0xc1, 0x40, 0x1f, 0xfc, 0x86,
    0x0, 0xff, 0xef, 0x19, 0x0, 0x7f, 0xf2, 0x28,
    0x3, 0xff, 0xbd, 0x20, 0x1f, 0xfc, 0x93, 0x20,
    0xf, 0xfe, 0xea, 0x80, 0x7f, 0xf2, 0xa8, 0x3,
    0xff, 0xb8, 0xc0, 0x1f, 0xfc, 0xb6, 0x0, 0xff,
    0xee, 0x50, 0x7, 0xff, 0x2c, 0x50, 0x3, 0xff,
    0xb4, 0x66, 0x0, 0xff, 0xe6, 0x78, 0x7, 0xff,
    0x6a, 0x80, 0x3f, 0xf9, 0xa8, 0x20, 0x1f, 0xfd,
    0x97, 0x0, 0xff, 0xe7, 0x30, 0x7, 0xff, 0x61,
    0x44, 0x3, 0xff, 0x9d, 0x40, 0x1f, 0xfd, 0x8e,
    0x0, 0xff, 0xe7, 0x91, 0x80, 0x7f, 0xf5, 0x89,
    0x0, 0x3f, 0xf8, 0x30, 0x1, 0xff, 0xc2, 0xa0,
    0xf, 0xfe, 0xb5, 0x0, 0x7f, 0xf0, 0x9c, 0xc0,
    0x3f, 0xf8, 0x2c, 0x1, 0xff, 0xd6, 0x60, 0xf,
    0xfe, 0xa, 0x85, 0x0, 0x7f, 0xf0, 0x98, 0x3,
    0xff, 0xa8, 0x82, 0x1, 0xff, 0xc1, 0xe0, 0x70,
    0xf, 0xfe, 0x15, 0x0, 0x7f, 0xf5, 0x3c, 0x3,
    0xff, 0x82, 0x28, 0x2, 0x80, 0x1f, 0xfc, 0x13,
    0x20, 0xf, 0xfe, 0x90, 0xa0, 0x7, 0xff, 0x5,
    0xc0, 0x2e, 0x0, 0xff, 0xe1, 0x50, 0x7, 0xff,
    0x49, 0x80, 0x3f, 0xf8, 0x54, 0x1, 0x28, 0x7,
    0xff, 0x9, 0x80, 0x3f, 0xfa, 0x54, 0x1, 0xff,
    0xc1, 0x13, 0x0, 0xca, 0x1, 0xff, 0xc1, 0x14,
    0x0, 0xff, 0xe8, 0x19, 0x0, 0x7f, 0xf0, 0x58,
    0x3, 0xbc, 0x3, 0xff, 0x85, 0xc0, 0x1f, 0xfd,
    0x9, 0x0, 0xff, 0xe1, 0x50, 0x7, 0x28, 0x7,
    0xff, 0x9, 0x44, 0x3, 0xff, 0x9e, 0xa0, 0x1f,
    0xfc, 0x12, 0x20, 0x7, 0x94, 0x3, 0xff, 0x84,
    0xc0, 0x1f, 0xfc, 0xe6, 0x0, 0xff, 0xe1, 0x50,
    0x7, 0xdc, 0x1, 0xff, 0xc2, 0xa0, 0xf, 0xfe,
    0x75, 0x0, 0x7f, 0xf0, 0x98, 0x3, 0xe4, 0x10,
    0xf, 0xfe, 0x9, 0x18, 0x7, 0xff, 0x30, 0x8c,
    0x3, 0xff, 0x82, 0x62, 0x1, 0xf9, 0xc0, 0x3f,
    0xf8, 0x54, 0x1, 0xff, 0xcc, 0xb0, 0xf, 0xfe,
    0x15, 0x0, 0x7f, 0x50, 0x7, 0xff, 0x9, 0x80,
    0x3f, 0xf9, 0x8e, 0x1, 0xff, 0xc2, 0x70, 0xf,
    0xe3, 0x10, 0xf, 0xfe, 0x13, 0x0, 0x7f, 0xf2,
    0x94, 0x40, 0x3f, 0xf8, 0x2a, 0x20, 0x1f, 0xe6,
    0x0, 0xff, 0xe1, 0x50, 0x7, 0xff, 0x2b, 0x80,
    0x3f, 0xf8, 0x5e, 0x1, 0xff, 0x58, 0x7, 0xff,
    0x8, 0xc8, 0x3, 0xff, 0x90, 0x48, 0x1, 0xff,
    0xc2, 0x50, 0xf, 0xf8, 0xc8, 0x3, 0xff, 0x85,
    0x40, 0x1f, 0xfc, 0x8a, 0x0, 0xff, 0xe1, 0x30,
    0x7, 0xff, 0x5, 0x40, 0x3f, 0xf8, 0x4c, 0x1,
    0xff, 0xc8, 0x60, 0xf, 0xfe, 0x11, 0xbb, 0xff,
    0xf0, 0x44, 0x3, 0xff, 0x84, 0x28, 0x1, 0xff,
    0xc6, 0x41, 0x0, 0xff, 0xe1, 0x2c, 0x47, 0xff,
    0x5, 0x80, 0x3f, 0xf8, 0x7c, 0x1, 0xff, 0xc6,
    0xe0, 0xf, 0xff, 0xa, 0x88, 0x7, 0xff, 0x10,
    0x54, 0x3, 0xff, 0xc4, 0xc0, 0x1f, 0xfc, 0x46,
    0x0, 0xff, 0xf1, 0xd0, 0x7, 0xff, 0x12, 0x80,
    0x3f, 0xfc, 0x64, 0x60, 0x1f, 0xfc, 0x23, 0x20,
    0xf, 0xff, 0x25, 0x0, 0x7f, 0xf0, 0xa8, 0x3,
    0xff, 0xca, 0xc0, 0x1f, 0xfc, 0x26, 0x0, 0xff,
    0xf3, 0x28, 0x7, 0xff, 0x1, 0x80, 0x3f, 0xfc,
    0xf2, 0x1, 0xff, 0xc0, 0xa0, 0xf, 0xff, 0x39,
    0x90, 0x7, 0xf8, 0x8c, 0x3, 0xff, 0xd1, 0x40,
    0x1f, 0xeb, 0x0, 0xff, 0xf4, 0xb0, 0x7, 0xf9,
    0xc0, 0x3f, 0xf8, 0x47, 0xff, 0xff, 0xcb, 0x50,
    0xf, 0xfe, 0x10, 0xa0, 0x7, 0xe5, 0x10, 0xf,
    0xfe, 0x15, 0x0, 0x7f, 0xf2, 0xfc, 0x3, 0xff,
    0x87, 0xc0, 0x1f, 0xb8, 0x3, 0xff, 0x86, 0xe0,
    0x1f, 0xfc, 0xb5, 0x0, 0xff, 0xe1, 0xa8, 0x80,
    0x78, 0x90, 0x3, 0xff, 0x84, 0x82, 0x1, 0xff,
    0xcc, 0x50, 0xf, 0xfe, 0x1b, 0x0, 0x7a, 0x80,
    0x3f, 0xf8, 0x7c, 0x1, 0xff, 0xcd, 0xf0, 0xf,
    0xfe, 0x1d, 0x0, 0x79, 0x80, 0x3f, 0xf8, 0x6a,
    0x1, 0xff, 0xcd, 0x50, 0xf, 0xfe, 0x19, 0x18,
    0x6, 0x41, 0x0, 0xff, 0xe1, 0x28, 0x7, 0xff,
    0x3d, 0x40, 0x3f, 0xf8, 0x74, 0x1, 0xb8, 0x3,
    0xff, 0x87, 0xc0, 0x1f, 0xfc, 0xfe, 0x0, 0xff,
    0xe1, 0xb0, 0x4, 0x2a, 0x1, 0xff, 0xc2, 0x14,
    0x0, 0xff, 0xe7, 0xa0, 0x7, 0xff, 0x11, 0x40,
    0xc, 0x1, 0xff, 0xc3, 0x70, 0xf, 0xfe, 0x8a,
    0x80, 0x7f, 0xf0, 0xe4, 0x1, 0x40, 0x1f, 0xfc,
    0x3d, 0x0, 0xff, 0xe8, 0xf0, 0x7, 0xff, 0xc,
    0xc8,

    /* U+00C4 "Ä" */
    0x0, 0xff, 0xe4, 0x9a, 0x20, 0x80, 0x3f, 0xf8,
    0x62, 0x68, 0x62, 0x1, 0xff, 0xda, 0x2a, 0xfc,
    0xbb, 0x6f, 0x38, 0x7, 0xfc, 0x77, 0xd9, 0x79,
    0xda, 0xa0, 0x1f, 0xfd, 0x75, 0xd5, 0x0, 0xe1,
    0x8c, 0x10, 0xf, 0xd1, 0x88, 0x1, 0xc5, 0x54,
    0x0, 0xff, 0xea, 0xad, 0x0, 0x7f, 0x1e, 0x0,
    0x7d, 0xe, 0x1, 0xfc, 0xb6, 0x1, 0xff, 0xd3,
    0x1a, 0x0, 0xff, 0x8a, 0x40, 0x39, 0x1c, 0x3,
    0xfe, 0x46, 0x0, 0xff, 0xe9, 0x40, 0x7, 0xff,
    0x5, 0x88, 0x3, 0x40, 0x7, 0xff, 0x6, 0x0,
    0x3f, 0xfa, 0x4e, 0x1, 0xff, 0xc2, 0x50, 0x8,
    0x4c, 0x3, 0xff, 0x82, 0x28, 0x1, 0xff, 0xd0,
    0x11, 0x0, 0x7f, 0xf0, 0xb4, 0x2, 0x50, 0xf,
    0xfe, 0x19, 0x80, 0x7f, 0xf4, 0x8, 0x3, 0xff,
    0x86, 0xc0, 0x11, 0x0, 0x7f, 0xf0, 0xfc, 0x3,
    0xff, 0xa0, 0x20, 0x1f, 0xfc, 0x37, 0x0, 0x8c,
    0x3, 0xff, 0xc0, 0x40, 0x1f, 0xfc, 0x31, 0x0,
    0x84, 0x3, 0xff, 0x87, 0xc0, 0x1f, 0xfd, 0x13,
    0x0, 0xff, 0xe1, 0x78, 0x4, 0x80, 0x1f, 0xfc,
    0x34, 0x0, 0xff, 0xe8, 0xd0, 0x7, 0xff, 0x4,
    0x54, 0x3, 0x30, 0x7, 0xff, 0x4, 0xc8, 0x3,
    0xff, 0xa2, 0xc4, 0x1, 0xff, 0xc0, 0x80, 0xe,
    0x81, 0x0, 0xff, 0xe0, 0x78, 0x7, 0xff, 0x4f,
    0xc4, 0x3, 0xfc, 0xcc, 0x0, 0xe1, 0xa0, 0xf,
    0xfa, 0x4c, 0x3, 0xff, 0xa6, 0x58, 0x60, 0x1f,
    0x9e, 0x40, 0x3e, 0x4c, 0x10, 0xf, 0xd4, 0xc0,
    0x1f, 0xfd, 0x52, 0xca, 0x51, 0x0, 0x13, 0xec,
    0x0, 0x7f, 0x1f, 0x4a, 0x8, 0x9, 0xc7, 0x28,
    0x7, 0xff, 0x61, 0x6b, 0xbf, 0xdb, 0x4, 0x1,
    0xff, 0xc0, 0x6b, 0xef, 0xec, 0x71, 0x0, 0xff,
    0xff, 0x80, 0x7f, 0xff, 0xc0, 0x3f, 0xff, 0xe0,
    0x1f, 0xfc, 0x13, 0x44, 0xff, 0xe1, 0x8, 0x7,
    0xff, 0x90, 0xb2, 0xef, 0xff, 0x85, 0x40, 0x1f,
    0xfe, 0x4a, 0x0, 0xff, 0xe1, 0xa0, 0x80, 0x7f,
    0xf8, 0xd8, 0x3, 0xff, 0x88, 0xc0, 0x1f, 0xfe,
    0x24, 0x10, 0xf, 0xfe, 0x25, 0x0, 0x7f, 0xf8,
    0xbc, 0x3, 0xff, 0x8a, 0x46, 0x1, 0xff, 0xe0,
    0x14, 0x0, 0xff, 0xe3, 0x50, 0x7, 0xff, 0x81,
    0x80, 0x3f, 0xf8, 0xec, 0x1, 0xff, 0xe0, 0xa0,
    0xf, 0xfe, 0x43, 0x0, 0x7f, 0xf7, 0x8c, 0x80,
    0x3f, 0xf9, 0x14, 0x1, 0xff, 0xde, 0x90, 0xf,
    0xfe, 0x49, 0x90, 0x7, 0xff, 0x75, 0x40, 0x3f,
    0xf9, 0x54, 0x1, 0xff, 0xdc, 0x60, 0xf, 0xfe,
    0x5b, 0x0, 0x7f, 0xf7, 0x28, 0x3, 0xff, 0x96,
    0x28, 0x1, 0xff, 0xda, 0x23, 0x0, 0xff, 0xe6,
    0x70, 0x7, 0xff, 0x6a, 0xc0, 0x3f, 0xf9, 0xaa,
    0x20, 0x1f, 0xfd, 0x97, 0x0, 0xff, 0xe7, 0x30,
    0x7, 0xff, 0x61, 0x44, 0x3, 0xff, 0x9d, 0x40,
    0x1f, 0xfd, 0x8e, 0x0, 0xff, 0xe7, 0x91, 0x80,
    0x7f, 0xf5, 0x89, 0x0, 0x3f, 0xf8, 0x30, 0x1,
    0xff, 0xc2, 0xa0, 0xf, 0xfe, 0xb5, 0x0, 0x7f,
    0xf0, 0x9c, 0xc0, 0x3f, 0xf8, 0x2c, 0x1, 0xff,
    0xd6, 0x60, 0xf, 0xfe, 0xa, 0x85, 0x0, 0x7f,
    0xf0, 0x98, 0x3, 0xff, 0xa8, 0x82, 0x1, 0xff,
    0xc1, 0xe0, 0x70, 0xf, 0xfe, 0x15, 0x0, 0x7f,
    0xf5, 0x38, 0x3, 0xff, 0x82, 0x28, 0x2, 0x80,
    0x1f, 0xfc, 0x13, 0x20, 0xf, 0xfe, 0x90, 0xa8,
    0x7, 0xff, 0x5, 0xc0, 0x2e, 0x0, 0xff, 0xe1,
    0x50, 0x7, 0xff, 0x49, 0x80, 0x3f, 0xf8, 0x54,
    0x1, 0x28, 0x7, 0xff, 0x9, 0x80, 0x3f, 0xfa,
    0x54, 0x1, 0xff, 0xc1, 0x13, 0x0, 0xca, 0x1,
    0xff, 0xc1, 0x14, 0x0, 0xff, 0xe8, 0x19, 0x0,
    0x7f, 0xf0, 0x58, 0x3, 0xbc, 0x3, 0xff, 0x85,
    0xc0, 0x1f, 0xfd, 0x9, 0x0, 0xff, 0xe1, 0x50,
    0x7, 0x28, 0x7, 0xff, 0x9, 0x44, 0x3, 0xff,
    0x9e, 0xa0, 0x1f, 0xfc, 0x12, 0x20, 0x7, 0x94,
    0x3, 0xff, 0x84, 0xc0, 0x1f, 0xfc, 0xe6, 0x0,
    0xff, 0xe1, 0x50, 0x7, 0xdc, 0x1, 0xff, 0xc2,
    0xa0, 0xf, 0xfe, 0x75, 0x0, 0x7f, 0xf0, 0x98,
    0x3, 0xe4, 0x10, 0xf, 0xfe, 0x9, 0x18, 0x7,
    0xff, 0x30, 0x8c, 0x3, 0xff, 0x82, 0x62, 0x1,
    0xf9, 0xc0, 0x3f, 0xf8, 0x54, 0x1, 0xff, 0xcc,
    0xb0, 0xf, 0xfe, 0x15, 0x0, 0x7f, 0x50, 0x7,
    0xff, 0x9, 0x80, 0x3f, 0xf9, 0x8e, 0x1, 0xff,
    0xc2, 0x70, 0xf, 0xe3, 0x10, 0xf, 0xfe, 0x12,
    0x80, 0x7f, 0xf2, 0x94, 0x40, 0x3f, 0xf8, 0x2a,
    0x20, 0x1f, 0xe6, 0x0, 0xff, 0xe1, 0x48, 0x7,
    0xff, 0x2b, 0x80, 0x3f, 0xf8, 0x5e, 0x1, 0xff,
    0x58, 0x7, 0xff, 0x8, 0xc8, 0x3, 0xff, 0x90,
    0x48, 0x1, 0xff, 0xc2, 0x50, 0xf, 0xf8, 0xc8,
    0x3, 0xff, 0x85, 0x40, 0x1f, 0xfc, 0x8a, 0x0,
    0xff, 0xe1, 0x30, 0x7, 0xff, 0x5, 0x40, 0x3f,
    0xf8, 0x4c, 0x1, 0xff, 0xc8, 0x60, 0xf, 0xfe,
    0x11, 0xbb, 0xff, 0xf0, 0x44, 0x3, 0xff, 0x84,
    0x28, 0x1, 0xff, 0xc6, 0x41, 0x0, 0xff, 0xe1,
    0x2c, 0x47, 0xff, 0x5, 0x80, 0x3f, 0xf8, 0x7c,
    0x1, 0xff, 0xc6, 0xe0, 0xf, 0xff, 0xa, 0x88,
    0x7, 0xff, 0x10, 0x54, 0x3, 0xff, 0xc4, 0xc0,
    0x1f, 0xfc, 0x46, 0x0, 0xff, 0xf1, 0xd0, 0x7,
    0xff, 0x12, 0x80, 0x3f, 0xfc, 0x64, 0x60, 0x1f,
    0xfc, 0x23, 0x20, 0xf, 0xff, 0x25, 0x0, 0x7f,
    0xf0, 0xa8, 0x3, 0xff, 0xca, 0xc0, 0x1f, 0xfc,
    0x26, 0x0, 0xff, 0xf3, 0x28, 0x7, 0xff, 0x1,
    0x80, 0x3f, 0xfc, 0xf2, 0x1, 0xff, 0xc0, 0xa0,
    0xf, 0xff, 0x39, 0x90, 0x7, 0xf8, 0x8c, 0x3,
    0xff, 0xd1, 0x40, 0x1f, 0xeb, 0x0, 0xff, 0xf4,
    0xb0, 0x7, 0xf9, 0xc0, 0x3f, 0xf8, 0x47, 0xff,
    0xff, 0xcb, 0x50, 0xf, 0xfe, 0x10, 0xa0, 0x7,
    0xe5, 0x10, 0xf, 0xfe, 0x15, 0x0, 0x7f, 0xf2,
    0xfc, 0x3, 0xff, 0x87, 0xc0, 0x1f, 0xb8, 0x3,
    0xff, 0x86, 0xe0, 0x1f, 0xfc, 0xb5, 0x0, 0xff,
    0xe1, 0xa8, 0x80, 0x78, 0x50, 0x3, 0xff, 0x84,
    0x82, 0x1, 0xff, 0xcc, 0x50, 0xf, 0xfe, 0x1b,
    0x0, 0x7a, 0x40, 0x3f, 0xf8, 0x7c, 0x1, 0xff,
    0xcd, 0xf0, 0xf, 0xfe, 0x1d, 0x0, 0x79, 0x80,
    0x3f, 0xf8, 0x6a, 0x1, 0xff, 0xcd, 0x50, 0xf,
    0xfe, 0x19, 0x18, 0x6, 0x41, 0x0, 0xff, 0xe1,
    0x28, 0x7, 0xff, 0x3d, 0x40, 0x3f, 0xf8, 0x74,
    0x1, 0xb8, 0x3, 0xff, 0x87, 0xc0, 0x1f, 0xfc,
    0xfe, 0x0, 0xff, 0xe1, 0xb0, 0x4, 0x2a, 0x1,
    0xff, 0xc2, 0x14, 0x0, 0xff, 0xe7, 0xa0, 0x7,
    0xff, 0x11, 0x40, 0xc, 0x1, 0xff, 0xc3, 0x70,
    0xf, 0xfe, 0x8a, 0x80, 0x7f, 0xf0, 0xe4, 0x1,
    0x40, 0x1f, 0xfc, 0x3d, 0x0, 0xff, 0xe8, 0xf0,
    0x7, 0xff, 0xc, 0xc8,

    /* U+00C5 "Å" */
    0x0, 0xff, 0xe8, 0x24, 0xe7, 0x7f, 0xb6, 0x98,
    0x3, 0xff, 0xd4, 0xbb, 0x6c, 0x62, 0x0, 0x25,
    0x9f, 0x70, 0xf, 0xff, 0x3d, 0x50, 0x80, 0x3f,
    0xd1, 0xa4, 0x1, 0xff, 0xe4, 0xc5, 0x0, 0xff,
    0xe0, 0x96, 0x10, 0x7, 0xff, 0x8a, 0xcc, 0x3,
    0xff, 0x86, 0x38, 0x20, 0x1f, 0xfe, 0x7, 0x40,
    0xf, 0xfe, 0x28, 0xd8, 0x7, 0xff, 0x82, 0x40,
    0x3f, 0xf8, 0xea, 0x60, 0x1f, 0xfd, 0xe6, 0x10,
    0xf, 0xc2, 0x84, 0x1, 0xfd, 0x0, 0x1f, 0xfd,
    0xed, 0x0, 0xfd, 0x5d, 0x7b, 0x84, 0x1, 0xf2,
    0x0, 0x7f, 0xf7, 0x90, 0x3, 0xe9, 0x50, 0x8,
    0xfc, 0x3, 0xf1, 0x80, 0x7f, 0xf7, 0x4, 0x3,
    0xf3, 0x0, 0x71, 0x20, 0x7, 0xcc, 0x1, 0xff,
    0xdc, 0x30, 0xf, 0x84, 0x3, 0xe2, 0x0, 0xf8,
    0xc0, 0x3f, 0xfb, 0x86, 0x1, 0xf0, 0x80, 0x7c,
    0x40, 0x1f, 0x18, 0x7, 0xff, 0x70, 0x40, 0x3f,
    0x30, 0x7, 0x12, 0x0, 0x7c, 0x20, 0x1f, 0xfd,
    0xd3, 0x0, 0xfa, 0x50, 0x2, 0x2f, 0x0, 0xfc,
    0x80, 0x1f, 0xfd, 0xdb, 0x0, 0xfd, 0x7b, 0x59,
    0xa4, 0x1, 0xf2, 0x0, 0x7f, 0xf7, 0x98, 0x3,
    0xf8, 0x94, 0xc0, 0x3f, 0xbc, 0x3, 0xff, 0xbc,
    0x2e, 0x1, 0xff, 0xc7, 0x44, 0x0, 0x7f, 0xf7,
    0xe0, 0xc0, 0x3f, 0xf8, 0xa3, 0x40, 0x1f, 0xfe,
    0x1d, 0x0, 0xff, 0xe2, 0xe8, 0x80, 0x7f, 0xf8,
    0x45, 0x40, 0x3f, 0xf8, 0x82, 0x1, 0xff, 0xe3,
    0x50, 0xf, 0xfe, 0x25, 0x0, 0x7f, 0xf8, 0x94,
    0x3, 0xff, 0x8a, 0xc0, 0x1f, 0xfe, 0x29, 0x0,
    0xff, 0xe2, 0x8a, 0x0, 0x7f, 0xf8, 0x8, 0xc0,
    0x3f, 0xf8, 0xdc, 0x1, 0xff, 0xe0, 0xa0, 0xf,
    0xfe, 0x3a, 0x88, 0x7, 0xff, 0x7d, 0x80, 0x3f,
    0xf9, 0xc, 0x1, 0xff, 0xde, 0x41, 0x0, 0xff,
    0xe4, 0x50, 0x7, 0xff, 0x7b, 0xc0, 0x3f, 0xf9,
    0x24, 0x60, 0x1f, 0xfd, 0xc1, 0x40, 0xf, 0xfe,
    0x55, 0x0, 0x7f, 0xf7, 0x18, 0x3, 0xff, 0x96,
    0xc0, 0x1f, 0xfd, 0xca, 0x0, 0xff, 0xe6, 0x28,
    0x7, 0xff, 0x68, 0xc8, 0x3, 0xff, 0x99, 0xc0,
    0x1f, 0xfd, 0xa9, 0x0, 0xff, 0xe6, 0xa1, 0x0,
    0x7f, 0xf6, 0x54, 0x3, 0xff, 0x9d, 0x40, 0x1f,
    0xfd, 0x86, 0x0, 0xff, 0xe7, 0xb0, 0x7, 0xff,
    0x62, 0x80, 0x3f, 0xf9, 0xe2, 0x80, 0x1f, 0xfd,
    0x62, 0x30, 0xf, 0xfe, 0xc, 0x80, 0x7f, 0xf0,
    0xb8, 0x3, 0xff, 0xad, 0x60, 0x1f, 0xfc, 0x26,
    0x40, 0xf, 0xfe, 0xa, 0x88, 0x7, 0xff, 0x55,
    0xc0, 0x3f, 0xf8, 0x2a, 0x1a, 0x1, 0xff, 0xc2,
    0x70, 0xf, 0xfe, 0xa2, 0x88, 0x7, 0xff, 0x7,
    0x81, 0x80, 0x3f, 0xf8, 0x54, 0x1, 0xff, 0xd4,
    0xe0, 0xf, 0xfe, 0x8, 0xa0, 0x1, 0x40, 0x3f,
    0xf8, 0x26, 0x60, 0xf, 0xfe, 0x91, 0x20, 0x7,
    0xff, 0x5, 0xc0, 0x2f, 0x0, 0xff, 0xe1, 0x50,
    0x7, 0xff, 0x4a, 0x80, 0x3f, 0xf8, 0x54, 0x1,
    0x28, 0x7, 0xff, 0x9, 0xc0, 0x3f, 0xfa, 0x4c,
    0x1, 0xff, 0xc1, 0x23, 0x0, 0xca, 0x1, 0xff,
    0xc1, 0x15, 0x0, 0xff, 0xe8, 0x20, 0x80, 0x7f,
    0xf0, 0x54, 0x3, 0xb8, 0x3, 0xff, 0x85, 0xc0,
    0x1f, 0xfd, 0xe, 0x0, 0xff, 0xe1, 0x50, 0x7,
    0x20, 0x80, 0x7f, 0xf0, 0x50, 0x40, 0x3f, 0xf9,
    0xc2, 0xa0, 0x1f, 0xfc, 0x13, 0x20, 0xf, 0x38,
    0x7, 0xff, 0x9, 0x80, 0x3f, 0xf9, 0xcc, 0x1,
    0xff, 0xc2, 0xb0, 0xf, 0xb4, 0x3, 0xff, 0x85,
    0x40, 0x1f, 0xfc, 0xea, 0x0, 0xff, 0xe1, 0x30,
    0x7, 0xc8, 0x20, 0x1f, 0xfc, 0x12, 0x40, 0xf,
    0xfe, 0x61, 0x90, 0x7, 0xff, 0x5, 0x4, 0x3,
    0xf3, 0x80, 0x7f, 0xf0, 0xb8, 0x3, 0xff, 0x99,
    0x40, 0x1f, 0xfc, 0x2d, 0x0, 0xfe, 0xa0, 0xf,
    0xfe, 0x12, 0x80, 0x7f, 0xf3, 0x18, 0x3, 0xff,
    0x84, 0xc0, 0x1f, 0xc6, 0x20, 0x1f, 0xfc, 0x26,
    0x0, 0xff, 0xe5, 0x30, 0x7, 0xff, 0x9, 0x40,
    0x3f, 0xe6, 0x0, 0xff, 0xe1, 0x50, 0x7, 0xff,
    0x2a, 0x80, 0x3f, 0xf8, 0x5e, 0x1, 0xff, 0x58,
    0x7, 0xff, 0x8, 0xc8, 0x3, 0xff, 0x90, 0x46,
    0x1, 0xff, 0xc2, 0x50, 0xf, 0xf8, 0xc8, 0x3,
    0xff, 0x85, 0x40, 0x1f, 0xfc, 0x8a, 0x0, 0xff,
    0xe1, 0x30, 0x7, 0xff, 0x5, 0x40, 0x3f, 0xf8,
    0x4c, 0x1, 0xff, 0xc8, 0x60, 0xf, 0xfe, 0x11,
    0xbb, 0xff, 0xf0, 0x44, 0x3, 0xff, 0x84, 0x2a,
    0x1, 0xff, 0xc6, 0x51, 0x0, 0xff, 0xe1, 0x2c,
    0x47, 0xff, 0x5, 0x80, 0x3f, 0xf8, 0x7c, 0x1,
    0xff, 0xc6, 0xe0, 0xf, 0xff, 0xa, 0x8, 0x7,
    0xff, 0x10, 0x50, 0x3, 0xff, 0xc4, 0xc0, 0x1f,
    0xfc, 0x46, 0x0, 0xff, 0xf1, 0xd0, 0x7, 0xff,
    0x12, 0x80, 0x3f, 0xfc, 0x64, 0x60, 0x1f, 0xfc,
    0x24, 0x20, 0xf, 0xff, 0x25, 0x0, 0x7f, 0xf0,
    0xb8, 0x3, 0xff, 0xca, 0xc0, 0x1f, 0xfc, 0x11,
    0x50, 0xf, 0xff, 0x33, 0x0, 0x7f, 0xf0, 0x1c,
    0x3, 0xff, 0xcf, 0x40, 0x1f, 0xfc, 0xa, 0x0,
    0xff, 0xf3, 0x99, 0x0, 0x7f, 0x8c, 0xc0, 0x1f,
    0xfe, 0x8a, 0x0, 0xff, 0x50, 0x7, 0xff, 0xa5,
    0x80, 0x3f, 0xce, 0x1, 0xff, 0xc2, 0x3f, 0xff,
    0xfe, 0x5a, 0x80, 0x7f, 0xf0, 0x85, 0x0, 0x3f,
    0x28, 0x80, 0x7f, 0xf0, 0xa8, 0x3, 0xff, 0x97,
    0xe0, 0x1f, 0xfc, 0x3f, 0x0, 0xfd, 0xc0, 0x1f,
    0xfc, 0x37, 0x0, 0xff, 0xe5, 0xa8, 0x7, 0xff,
    0xd, 0x4, 0x3, 0xc4, 0x80, 0x1f, 0xfc, 0x24,
    0x10, 0xf, 0xfe, 0x62, 0x80, 0x7f, 0xf0, 0xd8,
    0x3, 0xd4, 0x1, 0xff, 0xc3, 0xe0, 0xf, 0xfe,
    0x6f, 0x80, 0x7f, 0xf0, 0xe8, 0x3, 0xcc, 0x1,
    0xff, 0xc3, 0x50, 0xf, 0xfe, 0x6a, 0x80, 0x7f,
    0xf0, 0xc8, 0xc0, 0x32, 0x8, 0x7, 0xff, 0x9,
    0x40, 0x3f, 0xf9, 0xea, 0x1, 0xff, 0xc3, 0xa0,
    0xd, 0xc0, 0x1f, 0xfc, 0x3e, 0x0, 0xff, 0xe7,
    0xf0, 0x7, 0xff, 0xd, 0x80, 0x21, 0x50, 0xf,
    0xfe, 0x10, 0xa0, 0x7, 0xff, 0x3d, 0x0, 0x3f,
    0xf8, 0x8a, 0x0, 0x60, 0xf, 0xfe, 0x1b, 0x80,
    0x7f, 0xf4, 0x54, 0x3, 0xff, 0x87, 0x20, 0xa,
    0x0, 0xff, 0xe1, 0xe8, 0x7, 0xff, 0x47, 0x80,
    0x3f, 0xf8, 0x66, 0x40,

    /* U+00C6 "Æ" */
    0x0, 0xff, 0xe6, 0x9a, 0x27, 0xff, 0xb8, 0x3,
    0xff, 0x9a, 0x59, 0x77, 0xff, 0xee, 0x30, 0xf,
    0xfe, 0x65, 0x0, 0x7f, 0xff, 0xc0, 0x3f, 0x98,
    0x3, 0xff, 0xfe, 0x1, 0xf9, 0x4, 0x3, 0xff,
    0xfe, 0x1, 0xfb, 0x80, 0x3f, 0xff, 0xe0, 0x1f,
    0x85, 0x40, 0x3f, 0xff, 0xe0, 0x1f, 0x98, 0x3,
    0xff, 0xfe, 0x1, 0xfd, 0x40, 0x1f, 0xff, 0xf0,
    0xf, 0xc6, 0x40, 0x1f, 0xff, 0xf0, 0xf, 0xd2,
    0x1, 0xff, 0xff, 0x0, 0xfe, 0x50, 0xf, 0xff,
    0xf8, 0x7, 0xe6, 0x0, 0xff, 0xff, 0x80, 0x7f,
    0x50, 0x7, 0xff, 0xfc, 0x3, 0xf1, 0x18, 0x7,
    0xff, 0x7, 0x3f, 0xfc, 0x1, 0xff, 0xc3, 0x5f,
    0xff, 0xfe, 0x79, 0x80, 0x7f, 0xf1, 0xec, 0x3,
    0xff, 0x82, 0x46, 0x1, 0xff, 0xf9, 0x70, 0xf,
    0xfe, 0xa, 0x80, 0x7f, 0xfe, 0x54, 0x40, 0x3f,
    0xf8, 0x34, 0x1, 0xff, 0xf9, 0xe0, 0xf, 0xfe,
    0x9, 0x90, 0x7, 0xff, 0xe0, 0x90, 0x3, 0xff,
    0x83, 0x60, 0x1f, 0xff, 0x9a, 0x0, 0xff, 0xe1,
    0x30, 0x7, 0xff, 0xe5, 0x80, 0x3f, 0xf8, 0x28,
    0x20, 0x1f, 0xff, 0x84, 0x10, 0xf, 0xfe, 0xe,
    0x80, 0x7f, 0xfe, 0x78, 0x3, 0xff, 0x84, 0xc0,
    0x1f, 0xff, 0x81, 0x50, 0xf, 0xfe, 0xa, 0x80,
    0x7f, 0xfe, 0x58, 0x3, 0xff, 0x85, 0xc0, 0x1f,
    0xfc, 0xd5, 0xff, 0xff, 0xe6, 0x38, 0x7, 0xff,
    0x1a, 0x80, 0x3f, 0xf8, 0x22, 0x80, 0x1f, 0xff,
    0x83, 0x20, 0xf, 0xfe, 0xb, 0x80, 0x7f, 0xfe,
    0x68, 0x3, 0xff, 0x85, 0x40, 0x1f, 0xff, 0x96,
    0x0, 0xff, 0xe0, 0x89, 0x80, 0x7f, 0xfe, 0x18,
    0x3, 0xff, 0x84, 0xc0, 0x1f, 0xff, 0x9a, 0x0,
    0xff, 0xe1, 0x50, 0x7, 0xff, 0xe0, 0x8c, 0x3,
    0xff, 0x82, 0x44, 0x0, 0xff, 0xfc, 0x58, 0x7,
    0xff, 0xa, 0x80, 0x3f, 0xff, 0x2e, 0x1, 0xff,
    0xc2, 0x8f, 0xff, 0xfe, 0x8, 0x7, 0xff, 0xad,
    0x44, 0x3, 0xff, 0xfe, 0x1, 0xfb, 0x80, 0x3f,
    0xff, 0xe0, 0x1f, 0x89, 0x0, 0x3f, 0xfc, 0x22,
    0x3f, 0xfc, 0xc0, 0xf, 0xfe, 0x15, 0x0, 0x7f,
    0xf8, 0x57, 0xbb, 0xff, 0x98, 0xe0, 0x1f, 0xfc,
    0x16, 0x0, 0xff, 0xff, 0x80, 0x7e, 0x41, 0x0,
    0xff, 0xff, 0x80, 0x7e, 0xe0, 0xf, 0xff, 0xf8,
    0x7, 0xe1, 0x50, 0xf, 0xff, 0xf8, 0x7, 0xe6,
    0x0, 0xff, 0xff, 0x80, 0x7f, 0x50, 0x7, 0xff,
    0xfc, 0x3, 0xf1, 0x90, 0x7, 0xff, 0xfc, 0x3,
    0xf5, 0x0, 0x7f, 0xf0, 0x86, 0x23, 0xff, 0x8c,
    0x1, 0xff, 0xe7, 0x60, 0xf, 0xfe, 0x13, 0x3b,
    0xff, 0xf1, 0x80, 0x3f, 0xfc, 0xcc, 0x1, 0xff,
    0xc3, 0xa0, 0xf, 0xff, 0xc5, 0x0, 0x7f, 0xf0,
    0x8c, 0x80, 0x3f, 0xfa, 0xac, 0x89, 0xff, 0xcf,
    0x20, 0xe, 0x23, 0x0, 0xff, 0xe1, 0x58, 0x7,
    0xff, 0x58, 0xee, 0xff, 0xf9, 0xf0, 0x1, 0xd6,
    0x1, 0xff, 0xc3, 0x60, 0xf, 0xff, 0xc3, 0x80,
    0x7f, 0xf0, 0x8c, 0x40, 0x3f, 0xfe, 0xea, 0x20,
    0x1f, 0xfc, 0x2a, 0x0, 0xff, 0xfc, 0x70, 0x7,
    0xff, 0xd, 0xc0, 0x3f, 0xfe, 0xe2, 0x80, 0x1f,
    0xfc, 0x24, 0x10, 0xf, 0xff, 0xbc, 0x80, 0x7f,
    0xf0, 0xf8, 0x3, 0xff, 0xf0, 0xc0, 0x1f, 0xfc,
    0x35, 0x0, 0xff, 0xfb, 0xa0, 0x80, 0x7f, 0xf0,
    0x94, 0x3, 0xff, 0xf1, 0xc0, 0x1f, 0xfc, 0x3e,
    0x0, 0xff, 0xfb, 0x8a, 0x80, 0x7f, 0xf0, 0x85,
    0x0, 0x3f, 0xfe, 0xec, 0x1, 0xff, 0xc3, 0x70,
    0xf, 0xff, 0xc5, 0x0, 0x7f, 0xf0, 0xf4, 0x3,
    0xff, 0xee,

    /* U+00C7 "Ç" */
    0x0, 0xff, 0xff, 0x80, 0x7e, 0x25, 0x8a, 0xce,
    0xff, 0xee, 0xdb, 0x97, 0x40, 0xf, 0xfe, 0xd2,
    0x57, 0x6d, 0x3a, 0x98, 0x80, 0x70, 0x92, 0x34,
    0x5f, 0xe3, 0x90, 0x7, 0xff, 0x4c, 0xa7, 0xed,
    0x44, 0x3, 0xff, 0x8c, 0x71, 0xba, 0x60, 0xf,
    0xfe, 0x7a, 0x5e, 0xb0, 0x7, 0xff, 0x34, 0xa7,
    0xa0, 0x40, 0x3f, 0xf9, 0x45, 0x76, 0x40, 0xf,
    0xfe, 0x88, 0xbf, 0xb0, 0x7, 0xff, 0x22, 0x35,
    0x0, 0x3f, 0xfa, 0xa3, 0x3a, 0x60, 0x1f, 0xfc,
    0x42, 0xc7, 0x0, 0xff, 0xec, 0x96, 0x40, 0x7,
    0xff, 0x9, 0x34, 0xc0, 0x3f, 0xfb, 0x8f, 0x62,
    0x1, 0xff, 0x2d, 0x80, 0x7f, 0xf7, 0xd3, 0x4,
    0x3, 0xf9, 0xa8, 0x3, 0xff, 0xc2, 0xa2, 0x1,
    0xf9, 0x64, 0x3, 0xff, 0xc2, 0xf0, 0x1, 0xf9,
    0x28, 0x3, 0xff, 0xc2, 0xf0, 0x1, 0xf8, 0x68,
    0x3, 0xff, 0xc2, 0xf0, 0x1, 0xfd, 0xa2, 0x1,
    0xff, 0xe0, 0x78, 0x0, 0xfe, 0x73, 0x0, 0xff,
    0xe4, 0xa4, 0x5e, 0xf7, 0xfb, 0xb2, 0x9c, 0xc0,
    0x3f, 0xe7, 0x80, 0xf, 0xe1, 0x80, 0xf, 0xfe,
    0x39, 0x4f, 0xdb, 0xa1, 0x8, 0x0, 0x4d, 0x63,
    0x35, 0xc0, 0x3f, 0x3c, 0x0, 0x7f, 0xac, 0x3,
    0xff, 0x8f, 0x3a, 0xc0, 0x1f, 0xfc, 0x12, 0x8e,
    0x60, 0xe, 0x78, 0x0, 0xff, 0x12, 0x80, 0x7f,
    0xf1, 0x4f, 0x98, 0x3, 0xff, 0x8a, 0x33, 0x62,
    0x0, 0x88, 0x0, 0x7f, 0xd0, 0x1, 0xff, 0xc5,
    0x4c, 0x10, 0xf, 0xfe, 0x42, 0x60, 0xc3, 0x80,
    0x7f, 0xc4, 0xa0, 0x1f, 0xfc, 0x43, 0xb0, 0xf,
    0xfe, 0x59, 0x73, 0x80, 0x7f, 0xf0, 0x28, 0x3,
    0xff, 0x88, 0x3a, 0x1, 0xff, 0xdb, 0x50, 0xf,
    0xfe, 0x25, 0x8, 0x7, 0xff, 0x68, 0xc8, 0x3,
    0xff, 0x86, 0xa8, 0x1, 0xff, 0xdb, 0x40, 0xf,
    0xfe, 0x24, 0x80, 0x7f, 0xf7, 0x30, 0x3, 0xff,
    0x86, 0x66, 0x0, 0xff, 0xee, 0x28, 0x7, 0xff,
    0xe, 0x80, 0x3f, 0xfb, 0x82, 0x20, 0xf, 0xfe,
    0x1a, 0x0, 0x7f, 0xf7, 0x8, 0x3, 0xff, 0x86,
    0x24, 0x1, 0xff, 0xdc, 0x60, 0xf, 0xfe, 0x19,
    0x0, 0x7f, 0xf7, 0x4c, 0x3, 0xff, 0x86, 0xa0,
    0x1f, 0xfd, 0xd1, 0x0, 0xff, 0xe1, 0x88, 0x7,
    0xff, 0x77, 0xc0, 0x3f, 0xff, 0xe0, 0x1f, 0xfd,
    0xcf, 0x0, 0xff, 0xf6, 0x88, 0x7, 0xff, 0xc,
    0x40, 0x3f, 0xfb, 0xa6, 0x1, 0xff, 0xc3, 0x50,
    0xf, 0xfe, 0xeb, 0x0, 0x7f, 0xf0, 0xc8, 0x3,
    0xff, 0xba, 0x60, 0x1f, 0xfc, 0x31, 0x20, 0xf,
    0xfe, 0xe8, 0x80, 0x7f, 0xf0, 0xd4, 0x3, 0xff,
    0xba, 0x80, 0x1f, 0xfc, 0x3b, 0x0, 0xff, 0xee,
    0xe0, 0x7, 0xff, 0xc, 0xcc, 0x1, 0xff, 0xdc,
    0x40, 0xf, 0xfe, 0x24, 0x80, 0x7f, 0xf7, 0x8,
    0x80, 0x1f, 0xfc, 0x35, 0x40, 0xf, 0xfe, 0xe5,
    0x0, 0x7f, 0xf1, 0x28, 0x40, 0x3f, 0xfb, 0x6c,
    0x1, 0xff, 0xc4, 0x1d, 0x0, 0xff, 0xed, 0x8b,
    0x0, 0x7f, 0xf1, 0xe, 0xc0, 0x3f, 0xf9, 0x95,
    0x80, 0x1f, 0xfc, 0x1b, 0x0, 0xff, 0xe2, 0xa6,
    0x8, 0x7, 0xff, 0x20, 0x71, 0x4f, 0x0, 0x3f,
    0xf8, 0x4, 0xc0, 0x1f, 0xfc, 0x53, 0xe6, 0x0,
    0xff, 0xe3, 0x37, 0x18, 0x0, 0xf0, 0x40, 0x3f,
    0xe8, 0x10, 0xf, 0xfe, 0x34, 0xea, 0x80, 0x7f,
    0xf0, 0x45, 0xb6, 0x40, 0x38, 0xf4, 0x40, 0x3f,
    0xc3, 0x0, 0x1f, 0xfc, 0x72, 0xaf, 0xa7, 0x41,
    0x10, 0x0, 0x49, 0x1e, 0xfa, 0x48, 0x3, 0xe3,
    0xd1, 0x0, 0xff, 0x32, 0x0, 0x7f, 0xf2, 0x56,
    0x2f, 0xb9, 0xfe, 0xed, 0xb8, 0x40, 0xf, 0xf8,
    0xf4, 0x40, 0x3f, 0xd4, 0x20, 0x1f, 0xfe, 0x3,
    0xd1, 0x0, 0xfe, 0x1d, 0x0, 0xff, 0xf0, 0x9e,
    0x88, 0x7, 0xf1, 0xd8, 0x7, 0xff, 0x84, 0xf4,
    0x40, 0x3f, 0x92, 0x80, 0x3f, 0xfc, 0x27, 0xa2,
    0x1, 0xfc, 0xb6, 0x1, 0xff, 0xe1, 0x34, 0x0,
    0xff, 0x26, 0x88, 0x7, 0xff, 0x78, 0x71, 0x40,
    0x3f, 0xe2, 0xf5, 0x0, 0xff, 0xee, 0x1e, 0x18,
    0x7, 0xff, 0x4, 0x6a, 0x82, 0x1, 0xff, 0xd9,
    0x8c, 0x20, 0xf, 0xfe, 0x22, 0xfb, 0x0, 0x7f,
    0xf5, 0x97, 0x5c, 0x3, 0xff, 0x8e, 0x33, 0xac,
    0x1, 0xff, 0xd2, 0x4c, 0xa2, 0x0, 0xff, 0xe5,
    0x14, 0xf3, 0x90, 0x7, 0xff, 0x35, 0xb6, 0xcc,
    0x3, 0xff, 0x9c, 0x31, 0xb8, 0xe6, 0x1, 0xff,
    0xc6, 0x26, 0xbf, 0x92, 0x0, 0xff, 0xe9, 0x9c,
    0x67, 0xd8, 0x7, 0xf1, 0x11, 0x1a, 0x2f, 0xb6,
    0x50, 0x3, 0xff, 0xb4, 0xc0, 0x1f, 0x37, 0xee,
    0xae, 0x5d, 0x4, 0x3, 0xff, 0xba, 0xa0, 0x1f,
    0x70, 0x7, 0xff, 0x96, 0xc0, 0x3e, 0x8f, 0x92,
    0x0, 0xff, 0xf0, 0x89, 0x80, 0x7f, 0x36, 0xb8,
    0x7, 0xff, 0x81, 0xc0, 0x3f, 0xf8, 0x11, 0x20,
    0x1f, 0xfd, 0xfd, 0x0, 0xff, 0xe0, 0xb2, 0x80,
    0x7f, 0xf7, 0x90, 0x3, 0xff, 0x85, 0x0, 0x1f,
    0xfd, 0xeb, 0xb5, 0x41, 0x80, 0x7f, 0x88, 0xc0,
    0x3f, 0xfb, 0xa8, 0x85, 0x7c, 0x50, 0xf, 0xf2,
    0x80, 0x7f, 0xf6, 0x46, 0x48, 0x3, 0xc4, 0x1,
    0xfe, 0x10, 0xf, 0xfe, 0xcd, 0xb6, 0xdb, 0x19,
    0x1b, 0xb8, 0x3, 0xfc, 0x40, 0x1f, 0xfd, 0x87,
    0x50, 0x2, 0x4e, 0x6e, 0x40, 0x7, 0xfc, 0xe0,
    0x1f, 0xfd, 0x73, 0x80, 0xf, 0xfe, 0x39, 0x90,
    0x7, 0xff, 0x58, 0x74, 0x3, 0xff, 0x91, 0xe0,
    0x1f, 0xfd, 0x7a, 0x10, 0xf, 0xfe, 0x3d, 0x18,
    0x7, 0xff, 0x5e, 0x10, 0x3, 0xff, 0x8a, 0x36,
    0xa0, 0x1f, 0xfd, 0x83, 0xbc, 0x60, 0xf, 0xfe,
    0x8, 0xbf, 0x20, 0x7, 0xff, 0x6c, 0xe7, 0xe9,
    0x90, 0x80, 0x21, 0x24, 0x7b, 0xe8, 0x0, 0xff,
    0xe4, 0x80,

    /* U+00C8 "È" */
    0x0, 0xff, 0xe3, 0x39, 0x80, 0x7f, 0xf8, 0xa,
    0x31, 0x40, 0x3f, 0xfb, 0xfc, 0x0, 0xa8, 0x0,
    0xff, 0xee, 0xb1, 0x80, 0x4f, 0x60, 0x1f, 0xfd,
    0xb1, 0x80, 0xe, 0x4d, 0x20, 0xf, 0xfe, 0xcd,
    0x88, 0x7, 0x8b, 0x50, 0x3, 0xff, 0xae, 0x8a,
    0x1, 0xfd, 0x6e, 0x1, 0xff, 0xd6, 0x90, 0xf,
    0xfa, 0x28, 0x3, 0xff, 0xa8, 0xe4, 0x1, 0xff,
    0xc0, 0x5c, 0x10, 0xf, 0xfe, 0x89, 0x40, 0x7,
    0xff, 0x8, 0xfc, 0xc0, 0x3f, 0xfa, 0x12, 0x1,
    0xff, 0xc4, 0x1c, 0x60, 0xf, 0xfe, 0x72, 0xa0,
    0x7, 0xff, 0x1a, 0x64, 0x1, 0xff, 0xcd, 0x75,
    0x0, 0xff, 0xe3, 0xb5, 0x80, 0x7f, 0xf3, 0xa,
    0xb9, 0xc4, 0x3, 0xff, 0x8b, 0x80, 0x1f, 0xfc,
    0xe1, 0x8e, 0x92, 0x0, 0xff, 0xe1, 0x13, 0x80,
    0x7f, 0xf4, 0x5b, 0x6d, 0x0, 0x3f, 0xf8, 0x12,
    0x1, 0xff, 0xd4, 0x4b, 0xd6, 0x0, 0xfe, 0x44,
    0x0, 0x7f, 0xf5, 0x8a, 0x7a, 0x4, 0x3, 0xd2,
    0x1, 0xff, 0xd9, 0x17, 0xea, 0x20, 0x9, 0xc8,
    0x3, 0xff, 0xb8, 0xbb, 0x68, 0x30, 0x1, 0xff,
    0xdf, 0x4b, 0xe0, 0xf, 0xff, 0xf8, 0x7, 0xff,
    0xfc, 0x3, 0xf0, 0xa2, 0x7f, 0xf8, 0x45, 0xae,
    0xff, 0xfc, 0x2a, 0x1, 0xff, 0xff, 0x0, 0xff,
    0xff, 0x80, 0x7f, 0xff, 0xc0, 0x3f, 0xff, 0xe0,
    0x1f, 0xff, 0xf0, 0xf, 0xff, 0xf8, 0x7, 0xff,
    0xfc, 0x3, 0xff, 0xd7, 0x7f, 0xff, 0xfd, 0x14,
    0x0, 0xff, 0xff, 0x80, 0x7f, 0xff, 0xc0, 0x3f,
    0xff, 0xe0, 0x1f, 0xff, 0xf0, 0xf, 0xff, 0xf8,
    0x7, 0xff, 0xfc, 0x3, 0xff, 0xb1, 0x7f, 0xff,
    0xfc, 0xea, 0x0, 0xff, 0xff, 0x80, 0x7f, 0xff,
    0xc0, 0x3f, 0xff, 0xe0, 0x1f, 0xff, 0xf0, 0xf,
    0xff, 0xf8, 0x7, 0xff, 0xfc, 0x3, 0xff, 0xfe,
    0x1, 0xff, 0x8, 0xff, 0xf3, 0xcc, 0x3, 0xff,
    0x8f, 0x5d, 0xdf, 0xfc, 0xe9, 0x0, 0xff, 0xff,
    0x80, 0x7f, 0xff, 0xc0, 0x3f, 0xff, 0xe0, 0x1f,
    0xff, 0xf0, 0xf, 0xff, 0xf8, 0x7, 0xff, 0xfc,
    0x3, 0xff, 0xb6, 0x68, 0x9f, 0xfd, 0x13, 0x0,
    0xff, 0xe2, 0x45, 0xdf, 0xff, 0x47, 0x80, 0x3f,
    0xff, 0xe0, 0x1f, 0xff, 0xf0, 0xf, 0xff, 0xf8,
    0x7, 0xff, 0xfc, 0x3, 0xff, 0xfe, 0x1, 0xff,
    0xff, 0x0, 0xff, 0xff, 0x80, 0x7f, 0xf6, 0xc0,

    /* U+00C9 "É" */
    0x0, 0xff, 0xe8, 0x10, 0x7, 0xff, 0x86, 0xfc,
    0x3, 0xff, 0xbe, 0x5a, 0x85, 0x0, 0x1f, 0xfd,
    0xd4, 0xd2, 0x0, 0x39, 0x0, 0x7f, 0xf6, 0xde,
    0xc0, 0x3a, 0x40, 0x3f, 0xfb, 0x55, 0x0, 0x1e,
    0x45, 0x0, 0xff, 0xeb, 0x96, 0xa8, 0x7, 0xeb,
    0x0, 0xff, 0xeb, 0x26, 0x10, 0x7, 0xf0, 0xc8,
    0x7, 0xff, 0x51, 0xac, 0x40, 0x3f, 0xe6, 0x30,
    0xf, 0xfe, 0x94, 0xc8, 0x3, 0xff, 0x85, 0xe0,
    0x1f, 0xfd, 0x1, 0xc6, 0x0, 0xff, 0xe1, 0x9b,
    0x0, 0x7f, 0xf3, 0x8f, 0xcc, 0x3, 0xff, 0x8b,
    0x2, 0x1, 0xff, 0xcc, 0x6c, 0x10, 0xf, 0xfe,
    0x30, 0xa0, 0x7, 0xff, 0x32, 0x80, 0x3f, 0xf8,
    0xc3, 0x1c, 0xa0, 0x1f, 0xfc, 0xcf, 0x0, 0xff,
    0xe2, 0x1d, 0x73, 0x88, 0x7, 0xff, 0x34, 0xd4,
    0x3, 0xff, 0x82, 0x97, 0x8a, 0x1, 0xff, 0xd1,
    0xb0, 0xf, 0xf9, 0xb6, 0xd0, 0x3, 0xff, 0xa6,
    0x30, 0x1, 0xf0, 0xc7, 0x49, 0x0, 0x7f, 0xf5,
    0x9c, 0x80, 0x31, 0xd7, 0x38, 0x80, 0x7f, 0xf6,
    0x64, 0x0, 0xb9, 0x85, 0x0, 0xff, 0xee, 0x24,
    0xf5, 0x18, 0x7, 0xff, 0x7d, 0x84, 0x3, 0xff,
    0xfe, 0x1, 0xff, 0xe3, 0x14, 0x4f, 0xff, 0x8,
    0xb5, 0xdf, 0xff, 0x85, 0x40, 0x3f, 0xff, 0xe0,
    0x1f, 0xff, 0xf0, 0xf, 0xff, 0xf8, 0x7, 0xff,
    0xfc, 0x3, 0xff, 0xfe, 0x1, 0xff, 0xff, 0x0,
    0xff, 0xff, 0x80, 0x7f, 0xfa, 0xef, 0xff, 0xff,
    0xa2, 0x80, 0x1f, 0xff, 0xf0, 0xf, 0xff, 0xf8,
    0x7, 0xff, 0xfc, 0x3, 0xff, 0xfe, 0x1, 0xff,
    0xff, 0x0, 0xff, 0xff, 0x80, 0x7f, 0xf6, 0x2f,
    0xff, 0xff, 0x9d, 0x40, 0x1f, 0xff, 0xf0, 0xf,
    0xff, 0xf8, 0x7, 0xff, 0xfc, 0x3, 0xff, 0xfe,
    0x1, 0xff, 0xff, 0x0, 0xff, 0xff, 0x80, 0x7f,
    0xff, 0xc0, 0x3f, 0xe1, 0x1f, 0xfe, 0x79, 0x80,
    0x7f, 0xf1, 0xeb, 0xbb, 0xff, 0x9d, 0x20, 0x1f,
    0xff, 0xf0, 0xf, 0xff, 0xf8, 0x7, 0xff, 0xfc,
    0x3, 0xff, 0xfe, 0x1, 0xff, 0xff, 0x0, 0xff,
    0xff, 0x80, 0x7f, 0xf6, 0xcd, 0x13, 0xff, 0xa2,
    0x60, 0x1f, 0xfc, 0x48, 0xbb, 0xff, 0xe8, 0xf0,
    0x7, 0xff, 0xfc, 0x3, 0xff, 0xfe, 0x1, 0xff,
    0xff, 0x0, 0xff, 0xff, 0x80, 0x7f, 0xff, 0xc0,
    0x3f, 0xff, 0xe0, 0x1f, 0xff, 0xf0, 0xf, 0xfe,
    0xd8,

    /* U+00CA "Ê" */
    0x0, 0xff, 0xe3, 0x9f, 0xff, 0xec, 0x10, 0xf,
    0xfe, 0xba, 0x60, 0x7, 0xe3, 0xc1, 0x0, 0xff,
    0xea, 0xad, 0x80, 0x7f, 0x8b, 0xc8, 0x3, 0xff,
    0xa6, 0xd4, 0x1, 0xff, 0xc0, 0x1c, 0x30, 0xf,
    0xfe, 0x8b, 0xc8, 0x7, 0xff, 0x8, 0x70, 0xc0,
    0x3f, 0xf9, 0xf1, 0x0, 0xf, 0xfe, 0x2e, 0x20,
    0x7, 0xff, 0x36, 0x5c, 0x3, 0xff, 0x8f, 0x6a,
    0x1, 0xff, 0xcb, 0xa6, 0x0, 0xff, 0xe4, 0xd3,
    0x0, 0x7f, 0xf2, 0x6d, 0x40, 0x3f, 0xf9, 0x72,
    0xe0, 0x1f, 0xfc, 0x61, 0xc4, 0x0, 0xff, 0xe6,
    0xc4, 0x0, 0x3f, 0xf8, 0x83, 0x86, 0x1, 0xff,
    0xcf, 0x79, 0x0, 0xff, 0xe1, 0xe, 0x10, 0x7,
    0xff, 0x45, 0xa8, 0x3, 0xff, 0x83, 0x44, 0x1,
    0xff, 0xc1, 0x19, 0xe7, 0x0, 0xff, 0xe1, 0x2b,
    0x0, 0x7f, 0xf0, 0x20, 0x3, 0xff, 0x83, 0x1c,
    0xc3, 0x1c, 0xa0, 0x1f, 0xfc, 0x2, 0x60, 0xf,
    0xfe, 0x1, 0xb8, 0x7, 0xf9, 0xb9, 0xc0, 0x30,
    0xd6, 0x20, 0x7, 0xfb, 0x80, 0x3f, 0xf8, 0x50,
    0x40, 0x1f, 0x2e, 0xc8, 0x80, 0x7c, 0x77, 0x63,
    0x0, 0xf9, 0xcc, 0x3, 0xff, 0x87, 0xe0, 0x1c,
    0x9b, 0x44, 0x1, 0xff, 0x26, 0x50, 0x80, 0x62,
    0x80, 0xf, 0xfe, 0x21, 0x40, 0x0, 0xee, 0xc4,
    0x1, 0xff, 0xc3, 0x5e, 0x81, 0x0, 0x70, 0x7,
    0xff, 0x19, 0xd6, 0xb1, 0x0, 0x3f, 0xf8, 0xef,
    0xef, 0x6, 0x1, 0xff, 0xc7, 0xa5, 0x0, 0xff,
    0xe5, 0xc, 0x38, 0x7, 0xff, 0xfc, 0x3, 0xff,
    0xa0, 0x28, 0x9f, 0xfe, 0x11, 0x6b, 0xbf, 0xff,
    0xa, 0x80, 0x7f, 0xff, 0xc0, 0x3f, 0xff, 0xe0,
    0x1f, 0xff, 0xf0, 0xf, 0xff, 0xf8, 0x7, 0xff,
    0xfc, 0x3, 0xff, 0xfe, 0x1, 0xff, 0xff, 0x0,
    0xff, 0xf5, 0xdf, 0xff, 0xff, 0x45, 0x0, 0x3f,
    0xff, 0xe0, 0x1f, 0xff, 0xf0, 0xf, 0xff, 0xf8,
    0x7, 0xff, 0xfc, 0x3, 0xff, 0xfe, 0x1, 0xff,
    0xff, 0x0, 0xff, 0xec, 0x5f, 0xff, 0xff, 0x3a,
    0x80, 0x3f, 0xff, 0xe0, 0x1f, 0xff, 0xf0, 0xf,
    0xff, 0xf8, 0x7, 0xff, 0xfc, 0x3, 0xff, 0xfe,
    0x1, 0xff, 0xff, 0x0, 0xff, 0xff, 0x80, 0x7f,
    0xc2, 0x3f, 0xfc, 0xf3, 0x0, 0xff, 0xe3, 0xd7,
    0x77, 0xff, 0x3a, 0x40, 0x3f, 0xff, 0xe0, 0x1f,
    0xff, 0xf0, 0xf, 0xff, 0xf8, 0x7, 0xff, 0xfc,
    0x3, 0xff, 0xfe, 0x1, 0xff, 0xff, 0x0, 0xff,
    0xed, 0x9a, 0x27, 0xff, 0x44, 0xc0, 0x3f, 0xf8,
    0x91, 0x77, 0xff, 0xd1, 0xe0, 0xf, 0xff, 0xf8,
    0x7, 0xff, 0xfc, 0x3, 0xff, 0xfe, 0x1, 0xff,
    0xff, 0x0, 0xff, 0xff, 0x80, 0x7f, 0xff, 0xc0,
    0x3f, 0xff, 0xe0, 0x1f, 0xfd, 0xb0,

    /* U+00CB "Ë" */
    0x0, 0xff, 0xe0, 0x9, 0xa1, 0x88, 0x7, 0xff,
    0xc, 0x51, 0x6, 0x1, 0xff, 0xc9, 0x4c, 0xec,
    0xbc, 0xec, 0x50, 0xf, 0xf9, 0xb7, 0xae, 0xd9,
    0xf6, 0x60, 0x1f, 0xfc, 0x59, 0xb3, 0x0, 0xe3,
    0xaa, 0x0, 0x7e, 0x1b, 0x92, 0x0, 0xe4, 0xc7,
    0x0, 0xff, 0xe1, 0xcb, 0x0, 0x7f, 0x2d, 0x0,
    0x7d, 0xa8, 0x1, 0xfd, 0xe, 0x1, 0xff, 0xc1,
    0x46, 0x0, 0xff, 0x95, 0x40, 0x1d, 0x6, 0x1,
    0xff, 0x41, 0x0, 0x7f, 0xf0, 0x20, 0x3, 0xff,
    0x83, 0x0, 0x18, 0x5c, 0x3, 0xff, 0x83, 0x0,
    0x1f, 0xf1, 0x18, 0x7, 0xff, 0x4, 0x8c, 0x2,
    0x40, 0xf, 0xfe, 0x12, 0x80, 0x7f, 0xce, 0x1,
    0xff, 0xc3, 0x50, 0xb, 0x40, 0x3f, 0xf8, 0x66,
    0x1, 0xfe, 0x20, 0xf, 0xfe, 0x1f, 0x0, 0x44,
    0x1, 0xff, 0xc3, 0x70, 0xf, 0xf0, 0x80, 0x7f,
    0xf0, 0xfc, 0x2, 0x30, 0xf, 0xfe, 0x71, 0x0,
    0x7f, 0xf0, 0xc4, 0x2, 0x10, 0xf, 0xfe, 0x1b,
    0x0, 0x7f, 0x94, 0x3, 0xff, 0x86, 0xe0, 0x16,
    0x0, 0x7f, 0xf0, 0x84, 0x80, 0x3f, 0xc2, 0xa0,
    0x1f, 0xfc, 0x14, 0x10, 0x9, 0x8, 0x3, 0xff,
    0x82, 0xc0, 0x1f, 0xfc, 0x8, 0x0, 0xff, 0xe0,
    0xc0, 0x7, 0x48, 0x7, 0xff, 0x0, 0x64, 0x3,
    0xff, 0x80, 0x54, 0x1, 0xff, 0x49, 0x80, 0x72,
    0x38, 0x7, 0xfd, 0xa2, 0x1, 0xff, 0xc1, 0x5b,
    0x10, 0xf, 0x86, 0x98, 0x3, 0xe8, 0x90, 0xf,
    0xc5, 0x86, 0x1, 0xff, 0xc3, 0x4e, 0x84, 0x10,
    0x13, 0x8f, 0x50, 0xf, 0xe6, 0xe7, 0x31, 0x1,
    0x49, 0xd3, 0x0, 0xff, 0xe3, 0x3d, 0xf7, 0xf6,
    0x38, 0x80, 0x7f, 0xc3, 0x19, 0xdf, 0xd6, 0xc0,
    0x1f, 0xff, 0xf0, 0xf, 0xff, 0xf8, 0xa2, 0x7f,
    0xf8, 0x45, 0xae, 0xff, 0xfc, 0x2a, 0x1, 0xff,
    0xff, 0x0, 0xff, 0xff, 0x80, 0x7f, 0xff, 0xc0,
    0x3f, 0xff, 0xe0, 0x1f, 0xff, 0xf0, 0xf, 0xff,
    0xf8, 0x7, 0xff, 0xfc, 0x3, 0xff, 0xd7, 0x7f,
    0xff, 0xfd, 0x14, 0x0, 0xff, 0xff, 0x80, 0x7f,
    0xff, 0xc0, 0x3f, 0xff, 0xe0, 0x1f, 0xff, 0xf0,
    0xf, 0xff, 0xf8, 0x7, 0xff, 0xfc, 0x3, 0xff,
    0xb1, 0x7f, 0xff, 0xfc, 0xea, 0x0, 0xff, 0xff,
    0x80, 0x7f, 0xff, 0xc0, 0x3f, 0xff, 0xe0, 0x1f,
    0xff, 0xf0, 0xf, 0xff, 0xf8, 0x7, 0xff, 0xfc,
    0x3, 0xff, 0xfe, 0x1, 0xff, 0x8, 0xff, 0xf3,
    0xcc, 0x3, 0xff, 0x8f, 0x5d, 0xdf, 0xfc, 0xe9,
    0x0, 0xff, 0xff, 0x80, 0x7f, 0xff, 0xc0, 0x3f,
    0xff, 0xe0, 0x1f, 0xff, 0xf0, 0xf, 0xff, 0xf8,
    0x7, 0xff, 0xfc, 0x3, 0xff, 0xb6, 0x68, 0x9f,
    0xfd, 0x13, 0x0, 0xff, 0xe2, 0x45, 0xdf, 0xff,
    0x47, 0x80, 0x3f, 0xff, 0xe0, 0x1f, 0xff, 0xf0,
    0xf, 0xff, 0xf8, 0x7, 0xff, 0xfc, 0x3, 0xff,
    0xfe, 0x1, 0xff, 0xff, 0x0, 0xff, 0xff, 0x80,
    0x7f, 0xf6, 0xc0,

    /* U+00CC "Ì" */
    0x0, 0xf9, 0x8c, 0x3, 0xff, 0x92, 0x33, 0x8c,
    0x1, 0xff, 0xc8, 0xa0, 0x4, 0xc8, 0x3, 0xff,
    0x8c, 0xa8, 0x1, 0x36, 0x8, 0x7, 0xff, 0x12,
    0xc0, 0x38, 0xfc, 0xc0, 0x3f, 0xf8, 0x50, 0x20,
    0x1e, 0x1c, 0x50, 0xf, 0xfe, 0x1, 0xb8, 0x7,
    0xf5, 0x40, 0x7, 0xfd, 0xe0, 0x1f, 0xf3, 0xd8,
    0x7, 0xf3, 0x18, 0x7, 0xff, 0x1, 0x34, 0x80,
    0x3c, 0x32, 0x1, 0xff, 0xc2, 0x2c, 0x40, 0xe,
    0xb0, 0xf, 0xfe, 0x20, 0xdb, 0x80, 0x48, 0xa0,
    0x1f, 0xfc, 0x68, 0xa0, 0x3, 0x30, 0x3, 0xff,
    0x8e, 0xb8, 0x5, 0x3d, 0x2, 0x1, 0xff, 0xc5,
    0x40, 0x8, 0x5f, 0xa8, 0xc0, 0x3f, 0xf8, 0x43,
    0x0, 0x1e, 0x5c, 0xc2, 0x0, 0x7f, 0xf0, 0x20,
    0x3, 0xf8, 0xef, 0x58, 0x3, 0xf8, 0xd8, 0x3,
    0xfe, 0x29, 0xf8, 0x10, 0xf, 0x78, 0x7, 0xff,
    0xd, 0xfa, 0x8c, 0x2, 0x53, 0x0, 0xff, 0xe2,
    0xae, 0x61, 0x46, 0xc0, 0x3f, 0xf9, 0x7, 0x5c,
    0x20, 0x1f, 0xff, 0xf0, 0xf, 0xa, 0x27, 0xff,
    0xc, 0x40, 0x3e, 0x6b, 0xbf, 0xfe, 0x1a, 0x80,
    0x7f, 0xff, 0xc0, 0x3f, 0xff, 0xe0, 0x1f, 0xff,
    0xf0, 0xf, 0xff, 0xf8, 0x7, 0xff, 0xfc, 0x3,
    0xff, 0xfe, 0x1, 0xff, 0xff, 0x0, 0xff, 0xff,
    0x80, 0x7f, 0xff, 0xc0, 0x3f, 0xff, 0xe0, 0x1f,
    0xff, 0xf0, 0xf, 0xff, 0xf8, 0x7, 0xff, 0xfc,
    0x3, 0xff, 0xfe, 0x1, 0xff, 0xff, 0x0, 0xff,
    0xff, 0x80, 0x7f, 0xff, 0xc0, 0x3f, 0xff, 0xe0,
    0x1f, 0xff, 0xf0, 0xf, 0xfe, 0xe8,

    /* U+00CD "Í" */
    0x0, 0xff, 0xe1, 0x90, 0x7, 0xff, 0x26, 0xb0,
    0x40, 0x3f, 0xf8, 0xc3, 0x8a, 0x30, 0x1, 0xff,
    0xc5, 0x3f, 0x30, 0x3, 0x18, 0x7, 0xff, 0xd,
    0xb0, 0x40, 0x37, 0x80, 0x7f, 0xf0, 0xa6, 0x40,
    0x1e, 0x36, 0x0, 0xff, 0x87, 0x18, 0x3, 0xf4,
    0x88, 0x7, 0xf1, 0xf9, 0x80, 0x7f, 0xac, 0x3,
    0xf2, 0xe0, 0x80, 0x7f, 0xca, 0x80, 0x1e, 0x8a,
    0x0, 0xff, 0xe1, 0x48, 0x6, 0x1b, 0x70, 0xf,
    0xfe, 0x19, 0x38, 0x0, 0xb1, 0x0, 0x3f, 0xf8,
    0xb0, 0x4b, 0xa4, 0x1, 0xff, 0xc7, 0x4e, 0x0,
    0xff, 0xe3, 0xb, 0xf3, 0x48, 0x7, 0xff, 0x10,
    0xa7, 0xa0, 0x40, 0x9c, 0x3, 0xff, 0x82, 0x97,
    0xac, 0x1, 0xd0, 0x20, 0x1f, 0xe6, 0xdb, 0x40,
    0xf, 0xd0, 0x1, 0xf0, 0xc7, 0x49, 0x0, 0x7f,
    0x98, 0xc0, 0x31, 0xd7, 0x38, 0x80, 0x7f, 0xf0,
    0x7c, 0x0, 0x97, 0x8a, 0x1, 0xff, 0xc4, 0x39,
    0xdb, 0x40, 0xf, 0xfe, 0x3b, 0x10, 0x7, 0xff,
    0xd8, 0x51, 0x3f, 0xf8, 0x62, 0x1, 0xe6, 0xbb,
    0xff, 0xe1, 0xa8, 0x7, 0xff, 0xfc, 0x3, 0xff,
    0xfe, 0x1, 0xff, 0xff, 0x0, 0xff, 0xff, 0x80,
    0x7f, 0xff, 0xc0, 0x3f, 0xff, 0xe0, 0x1f, 0xff,
    0xf0, 0xf, 0xff, 0xf8, 0x7, 0xff, 0xfc, 0x3,
    0xff, 0xfe, 0x1, 0xff, 0xff, 0x0, 0xff, 0xff,
    0x80, 0x7f, 0xff, 0xc0, 0x3f, 0xff, 0xe0, 0x1f,
    0xff, 0xf0, 0xf, 0xff, 0xf8, 0x7, 0xff, 0xfc,
    0x3, 0xff, 0xfe, 0x1, 0xff, 0xec,

    /* U+00CE "Î" */
    0x0, 0xff, 0xe0, 0x1f, 0x7f, 0xfd, 0xa2, 0x1,
    0xff, 0xcb, 0x3c, 0x10, 0xf, 0x8b, 0xc8, 0x3,
    0xff, 0x92, 0x98, 0x1, 0xfe, 0x1c, 0x30, 0xf,
    0xfe, 0x3a, 0xd8, 0x7, 0xff, 0x0, 0x70, 0xc0,
    0x3f, 0xf8, 0xad, 0x40, 0x1f, 0xfc, 0x3c, 0x40,
    0xf, 0xfe, 0x1b, 0xc8, 0x7, 0xff, 0x16, 0xd4,
    0x3, 0xff, 0x83, 0x10, 0x0, 0xff, 0xe3, 0xd3,
    0x0, 0x7f, 0xd2, 0xe0, 0x1f, 0xfc, 0x99, 0x70,
    0xf, 0xea, 0x60, 0xf, 0xfe, 0x5c, 0x40, 0x3,
    0xeb, 0x50, 0xf, 0xfe, 0x6b, 0xc8, 0x6, 0x1c,
    0x40, 0xf, 0xfe, 0x7b, 0x50, 0x0, 0x70, 0xc0,
    0x3f, 0xfa, 0x2b, 0x61, 0x64, 0x1, 0xff, 0xc1,
    0x18, 0xe7, 0x0, 0xff, 0xe1, 0x24, 0x40, 0x3,
    0xff, 0x82, 0xfe, 0xe3, 0x1c, 0xc0, 0x1f, 0xfc,
    0x1, 0x92, 0x80, 0xf, 0xf3, 0x74, 0x8, 0x4,
    0x33, 0xaa, 0x1, 0xfe, 0xa1, 0x7, 0x30, 0xf,
    0x97, 0x64, 0x40, 0x3e, 0x2a, 0xc3, 0x0, 0xf9,
    0x50, 0x2, 0xe0, 0xe, 0x3c, 0xa2, 0x0, 0xff,
    0x8f, 0x28, 0x80, 0x30, 0xd8, 0x6, 0x29, 0x0,
    0x15, 0xe1, 0x80, 0x7f, 0xf0, 0xd7, 0x64, 0x40,
    0x14, 0x20, 0x1c, 0xcc, 0xad, 0x40, 0xf, 0xfe,
    0x3b, 0x74, 0x3a, 0x0, 0x7d, 0x2a, 0x1, 0xff,
    0xcb, 0x78, 0x0, 0xff, 0xff, 0x80, 0x7e, 0x14,
    0x4f, 0xfe, 0x18, 0x80, 0x7f, 0xf1, 0x9a, 0xef,
    0xff, 0x86, 0xa0, 0x1f, 0xff, 0xf0, 0xf, 0xff,
    0xf8, 0x7, 0xff, 0xfc, 0x3, 0xff, 0xfe, 0x1,
    0xff, 0xff, 0x0, 0xff, 0xff, 0x80, 0x7f, 0xff,
    0xc0, 0x3f, 0xff, 0xe0, 0x1f, 0xff, 0xf0, 0xf,
    0xff, 0xf8, 0x7, 0xff, 0xfc, 0x3, 0xff, 0xfe,
    0x1, 0xff, 0xff, 0x0, 0xff, 0xff, 0x80, 0x7f,
    0xff, 0xc0, 0x3f, 0xff, 0xe0, 0x1f, 0xff, 0xf0,
    0xf, 0xff, 0xf8, 0x7, 0xff, 0xfc, 0x3, 0xff,
    0xfe, 0x1, 0xff, 0xff, 0x0, 0xff, 0xff, 0x80,
    0x7f, 0xff, 0xc0, 0x3f, 0xff, 0xe0, 0x1f, 0xff,
    0xf0, 0xf, 0xff, 0xf8, 0x7, 0xff, 0xfc, 0x3,
    0xff, 0xfe, 0x1, 0xff, 0xe0,

    /* U+00CF "Ï" */
    0x0, 0xf0, 0x9a, 0x18, 0x80, 0x7f, 0xf0, 0xc4,
    0xd0, 0xc4, 0x3, 0xfc, 0x77, 0xd9, 0x79, 0xda,
    0xa0, 0x1f, 0xf2, 0xef, 0x65, 0xe7, 0x59, 0x80,
    0x7d, 0x18, 0x80, 0x1c, 0x55, 0x40, 0xf, 0xea,
    0xa1, 0x0, 0x72, 0x64, 0x0, 0x74, 0x38, 0x7,
    0xf2, 0xd8, 0x7, 0xd6, 0xa0, 0x1f, 0xcf, 0x0,
    0x11, 0xb8, 0x7, 0xfc, 0x8c, 0x1, 0xcc, 0x80,
    0x1f, 0xf3, 0xa0, 0x2, 0x0, 0x3f, 0xf8, 0x30,
    0x1, 0xd0, 0x1, 0xff, 0xc1, 0x80, 0x14, 0x0,
    0xff, 0xe0, 0x8a, 0x0, 0x48, 0x20, 0x1f, 0xfc,
    0x13, 0x15, 0x0, 0xff, 0xe1, 0x98, 0x4, 0x60,
    0x1f, 0xfc, 0x35, 0x20, 0xf, 0xfe, 0x1f, 0x0,
    0x5c, 0x1, 0xff, 0xc3, 0x23, 0x0, 0xff, 0xe1,
    0x88, 0x4, 0x20, 0x1f, 0xfc, 0x33, 0x60, 0xf,
    0xfe, 0x1f, 0x80, 0x5c, 0x1, 0xff, 0xc3, 0x13,
    0x0, 0xff, 0xe1, 0xa8, 0x4, 0x80, 0x1f, 0xfc,
    0x34, 0x6, 0x0, 0xff, 0xe0, 0x99, 0x0, 0x44,
    0x60, 0x1f, 0xfc, 0x16, 0x0, 0x40, 0x80, 0x7f,
    0xf0, 0x3c, 0x3, 0xbc, 0x3, 0xff, 0x80, 0x30,
    0x0, 0x1a, 0x0, 0xff, 0xa4, 0xc0, 0x38, 0xe4,
    0x3, 0xfe, 0xa1, 0x0, 0x93, 0x4, 0x3, 0xf5,
    0x30, 0x7, 0xcd, 0x40, 0x1f, 0x87, 0x10, 0x3,
    0x8f, 0xa5, 0x4, 0x4, 0xe3, 0x94, 0x3, 0xf9,
    0x7a, 0xc, 0x40, 0x52, 0x78, 0xc0, 0x3f, 0x35,
    0xf7, 0xf6, 0x38, 0x80, 0x7f, 0xc2, 0xf9, 0xdf,
    0xd6, 0xc0, 0x1f, 0xff, 0xf0, 0xf, 0xff, 0x38,
    0xa2, 0x7f, 0xf0, 0xc4, 0x3, 0xff, 0x90, 0xd7,
    0x7f, 0xfc, 0x35, 0x0, 0xff, 0xff, 0x80, 0x7f,
    0xff, 0xc0, 0x3f, 0xff, 0xe0, 0x1f, 0xff, 0xf0,
    0xf, 0xff, 0xf8, 0x7, 0xff, 0xfc, 0x3, 0xff,
    0xfe, 0x1, 0xff, 0xff, 0x0, 0xff, 0xff, 0x80,
    0x7f, 0xff, 0xc0, 0x3f, 0xff, 0xe0, 0x1f, 0xff,
    0xf0, 0xf, 0xff, 0xf8, 0x7, 0xff, 0xfc, 0x3,
    0xff, 0xfe, 0x1, 0xff, 0xff, 0x0, 0xff, 0xff,
    0x80, 0x7f, 0xff, 0xc0, 0x3f, 0xff, 0xe0, 0x1f,
    0xff, 0xf0, 0xf, 0xff, 0xf8, 0x7, 0xff, 0xfc,
    0x3, 0xff, 0xfe, 0x1, 0xff, 0xff, 0x0, 0xff,
    0xff, 0x80, 0x7f, 0xff, 0xc0, 0x3f, 0xff, 0xe0,
    0x1f, 0xff, 0xf0, 0xf, 0xff, 0xf8, 0x7, 0xff,
    0xfc, 0x3, 0xff, 0x8a,

    /* U+00D0 "Ð" */
    0x0, 0xf5, 0xff, 0xff, 0xf3, 0xbb, 0x75, 0x92,
    0xe8, 0x20, 0x1f, 0xfe, 0xe1, 0x22, 0x1b, 0x45,
    0xf7, 0x25, 0x0, 0x3f, 0xfe, 0x62, 0xd7, 0xf4,
    0x60, 0x1f, 0xff, 0x45, 0xcc, 0x28, 0x7, 0xff,
    0xd0, 0xeb, 0x50, 0x3, 0xff, 0xe8, 0x57, 0x42,
    0x1, 0xff, 0xf4, 0x5e, 0x40, 0xf, 0xff, 0xad,
    0xb8, 0x7, 0xff, 0xd6, 0x2c, 0x3, 0xff, 0xea,
    0x96, 0x1, 0xff, 0xf5, 0x4a, 0x0, 0xff, 0xfa,
    0xac, 0x80, 0x7f, 0xfd, 0x59, 0x40, 0x3f, 0xfa,
    0xe, 0xff, 0xf3, 0x29, 0x80, 0x7f, 0xf2, 0xe8,
    0x80, 0x3f, 0xf9, 0xf3, 0x11, 0xfe, 0x9a, 0xcf,
    0xc7, 0x20, 0xf, 0xfe, 0x47, 0x0, 0x7f, 0xf7,
    0x8e, 0x36, 0xc8, 0x3, 0xff, 0x8c, 0x6c, 0x1,
    0xff, 0xe0, 0x4d, 0x80, 0xf, 0xfe, 0x34, 0x0,
    0x7f, 0xf8, 0x9f, 0x4, 0x3, 0xff, 0x88, 0x2e,
    0x1, 0xff, 0xe2, 0x3c, 0x10, 0xf, 0xfe, 0x24,
    0x80, 0x7f, 0xf8, 0xcb, 0x40, 0x3f, 0xf8, 0x82,
    0xa0, 0x1f, 0xfe, 0x33, 0x80, 0xf, 0xfe, 0x27,
    0x0, 0x7f, 0xf9, 0x1c, 0x80, 0x3f, 0xf8, 0x68,
    0x1, 0xff, 0xe5, 0x80, 0xf, 0xfe, 0x22, 0x0,
    0x7f, 0xf9, 0x14, 0x40, 0x3f, 0xf8, 0x78, 0x1,
    0xff, 0xe5, 0x70, 0xf, 0xfe, 0x1a, 0x1, 0xff,
    0xf2, 0x0, 0x7f, 0xf0, 0xfb, 0xff, 0xfe, 0x80,
    0xf, 0xfe, 0xe, 0x0, 0x7f, 0xf0, 0xc8, 0x3,
    0xff, 0xca, 0xe0, 0x1f, 0xfc, 0x31, 0x10, 0x7,
    0xff, 0x90, 0x80, 0x3f, 0xf8, 0x86, 0x1, 0xff,
    0xe5, 0x20, 0xf, 0xfe, 0x1b, 0x0, 0x7f, 0xf9,
    0x44, 0x3, 0xff, 0x86, 0x20, 0x1f, 0xff, 0xf0,
    0xf, 0xff, 0xf8, 0x7, 0xff, 0x8c, 0x40, 0x3f,
    0xfc, 0xa4, 0x1, 0xff, 0xc3, 0x70, 0xf, 0xff,
    0x28, 0x80, 0x7f, 0xf0, 0xc4, 0x3, 0xff, 0xc8,
    0x40, 0x1f, 0xfc, 0x42, 0x15, 0x5e, 0x10, 0xf,
    0xfe, 0x1a, 0x2a, 0xff, 0xda, 0x1, 0xff, 0xc1,
    0x40, 0xf, 0xfe, 0x18, 0x81, 0x55, 0x72, 0x80,
    0x7f, 0xf0, 0xea, 0xbf, 0xf8, 0xa, 0x1, 0xff,
    0xc1, 0xc0, 0xf, 0xfe, 0x1a, 0x80, 0x7f, 0xf9,
    0x54, 0x3, 0xff, 0x86, 0x60, 0x1f, 0xfe, 0x46,
    0x0, 0xff, 0xe2, 0x60, 0x7, 0xff, 0x92, 0xc0,
    0x3f, 0xf8, 0x88, 0x1, 0xff, 0xe3, 0x72, 0x0,
    0xff, 0xe1, 0xa8, 0x7, 0xff, 0x8c, 0xe0, 0x3,
    0xff, 0x89, 0xc0, 0x1f, 0xfe, 0x22, 0xd0, 0xf,
    0xfe, 0x20, 0xa0, 0x7, 0xff, 0x84, 0xf0, 0x40,
    0x3f, 0xf8, 0x90, 0x1, 0xff, 0xe1, 0x6c, 0x10,
    0xf, 0xfe, 0x20, 0xb0, 0x7, 0xff, 0x7d, 0x32,
    0x40, 0x3f, 0xf8, 0xd0, 0x1, 0xff, 0xdd, 0x37,
    0xdb, 0x30, 0xf, 0xfe, 0x32, 0x30, 0x7, 0xff,
    0x3a, 0x62, 0x3f, 0xd3, 0x59, 0xf9, 0x4, 0x1,
    0xff, 0xc8, 0x90, 0xf, 0xfe, 0x7b, 0xbf, 0xfc,
    0xca, 0x60, 0x1f, 0xfc, 0xb9, 0x20, 0xf, 0xff,
    0x9b, 0x30, 0x3, 0xff, 0xe6, 0x92, 0x1, 0xff,
    0xf3, 0x4b, 0x0, 0xff, 0xf9, 0xa5, 0x80, 0x7f,
    0xfc, 0xde, 0xc0, 0x3f, 0xfe, 0x43, 0x50, 0x1,
    0xff, 0xf2, 0x4f, 0x50, 0xf, 0xff, 0x89, 0x55,
    0x88, 0x7, 0xff, 0xc0, 0xa7, 0x54, 0x3, 0xff,
    0xe0, 0x97, 0xac, 0x1, 0xff, 0xee, 0x15, 0xaf,
    0xb4, 0x0, 0xff, 0xf4, 0x89, 0x1a, 0xbd, 0x77,
    0x29, 0x40, 0x3f, 0xf9, 0x40,

    /* U+00D1 "Ñ" */
    0x0, 0xff, 0xe2, 0xb, 0xd6, 0xff, 0xbb, 0x25,
    0x0, 0x3f, 0xf8, 0x28, 0x40, 0x1f, 0xfd, 0x12,
    0xae, 0x85, 0x20, 0x0, 0x9b, 0x5f, 0x30, 0x7,
    0xf8, 0xab, 0x8, 0x3, 0xff, 0x9e, 0xda, 0xa0,
    0x1f, 0xe1, 0x9e, 0x50, 0xf, 0x8f, 0x4, 0x58,
    0x40, 0x1f, 0xfc, 0xd9, 0x90, 0x7, 0xff, 0x8,
    0x6b, 0x58, 0x80, 0x52, 0xb0, 0x40, 0x3, 0x84,
    0x1, 0xff, 0xcb, 0x96, 0x0, 0xff, 0xe2, 0x94,
    0xef, 0xf5, 0xa8, 0x7, 0xe, 0x10, 0x7, 0xff,
    0x25, 0x98, 0x1, 0xff, 0xd3, 0x1c, 0x20, 0xf,
    0xfe, 0x39, 0x48, 0x7, 0xff, 0x54, 0x70, 0x80,
    0x3f, 0xf8, 0xdc, 0x1, 0xff, 0xd7, 0x18, 0x0,
    0xff, 0xe3, 0x28, 0x7, 0xff, 0x62, 0xc0, 0x3f,
    0xf8, 0xd2, 0xa0, 0x1f, 0xfd, 0x69, 0x10, 0xf,
    0xfe, 0x3d, 0x28, 0x7, 0xff, 0x51, 0x58, 0x3,
    0xff, 0x93, 0x4a, 0x1, 0xe1, 0x68, 0x83, 0x10,
    0x7, 0xff, 0x19, 0x28, 0x3, 0xff, 0x97, 0x48,
    0x1, 0xa3, 0xa5, 0xdd, 0x3b, 0x44, 0x1, 0xff,
    0xc3, 0x5b, 0x0, 0xff, 0xe6, 0xda, 0x0, 0x31,
    0xc0, 0x3c, 0xbb, 0x22, 0x1, 0xff, 0xc, 0xd0,
    0x7, 0xff, 0x3e, 0xd2, 0x8c, 0x3, 0xf9, 0xba,
    0x4c, 0x3, 0xe2, 0x8e, 0x60, 0xf, 0xfe, 0x8d,
    0xa8, 0x7, 0xff, 0x1, 0xb3, 0xb2, 0xa6, 0xaf,
    0xb5, 0xc0, 0x3f, 0xfc, 0x62, 0x6a, 0xca, 0x82,
    0x1, 0xff, 0xff, 0x0, 0xff, 0xf5, 0x8a, 0x27,
    0xf8, 0x80, 0x3f, 0xf9, 0xe2, 0x89, 0xff, 0xc3,
    0x16, 0xbb, 0xff, 0x69, 0x80, 0x7f, 0xf3, 0x9a,
    0xef, 0xff, 0x86, 0xa0, 0x1f, 0xfc, 0xe, 0x10,
    0xf, 0xff, 0x51, 0x50, 0x7, 0xff, 0xad, 0x20,
    0x3, 0xff, 0xd6, 0xea, 0x1, 0xff, 0xeb, 0xa2,
    0x0, 0xff, 0xf5, 0xf8, 0x7, 0xff, 0xac, 0xa8,
    0x3, 0xff, 0xd6, 0xae, 0x1, 0xff, 0xeb, 0x84,
    0x0, 0xff, 0xf5, 0xd1, 0x0, 0x7f, 0xfa, 0x87,
    0x80, 0x3f, 0xfd, 0x67, 0x40, 0x1f, 0xfe, 0xb5,
    0x60, 0xf, 0xff, 0x5c, 0x98, 0x7, 0xff, 0xaf,
    0x44, 0x3, 0xff, 0xd4, 0x3a, 0x1, 0xff, 0xeb,
    0x39, 0x0, 0xff, 0xf5, 0xb3, 0x0, 0x3f, 0xfd,
    0x72, 0x60, 0x1f, 0xfe, 0xbd, 0x10, 0xf, 0xff,
    0x50, 0xd0, 0x7, 0xff, 0xad, 0x20, 0x3, 0xff,
    0xd6, 0xea, 0x1, 0xff, 0xeb, 0xa2, 0x0, 0xff,
    0xf5, 0xf8, 0x7, 0xff, 0xac, 0xac, 0x3, 0xff,
    0xb6, 0x20, 0x1f, 0xfc, 0x34, 0x80, 0xf, 0xfe,
    0xd5, 0x90, 0x7, 0xff, 0xd, 0xd0, 0x3, 0xff,
    0xb2, 0x3e, 0x1, 0xff, 0xc4, 0xb2, 0x0, 0xff,
    0xec, 0x95, 0x0, 0x7f, 0xf1, 0x3c, 0x3, 0xff,
    0xb4, 0xae, 0x1, 0xff, 0xc3, 0x2a, 0x0, 0xff,
    0xed, 0x42, 0x0, 0x7f, 0xf0, 0xd5, 0xc0, 0x3f,
    0xfb, 0x54, 0x40, 0x1f, 0xfc, 0x38, 0x40, 0xf,
    0xfe, 0xc8, 0xf0, 0x7, 0xff, 0x12, 0xb8, 0x3,
    0xff, 0xb2, 0x74, 0x1, 0xff, 0xc3, 0x16, 0x0,
    0xff, 0xed, 0x2b, 0x0, 0x7f, 0xfa, 0xe4, 0xc0,
    0x3f, 0xfd, 0x7a, 0x20, 0x1f, 0xfe, 0xa1, 0xd0,
    0xf, 0xff, 0x59, 0xc8, 0x7, 0xff, 0xad, 0x94,
    0x3, 0xff, 0xd7, 0x46, 0x1, 0xff, 0xeb, 0xd1,
    0x0, 0xff, 0xf5, 0xd, 0x0, 0x7f, 0xfa, 0xd2,
    0x0, 0x3f, 0xfd, 0x6e, 0xa0, 0x1f, 0xfe, 0xba,
    0x20, 0xf, 0xff, 0x5f, 0x80, 0x7f, 0xfa, 0xca,
    0xc0, 0x3f, 0xfd, 0x68, 0xe0, 0x1f, 0xfe, 0xb8,
    0x40, 0xf, 0xff, 0x5d, 0x10, 0x7, 0xff, 0xa8,
    0x7c, 0x3, 0xff, 0xd6, 0x54, 0x1, 0xff, 0xeb,
    0x56, 0x0, 0xff, 0xf5, 0xc9, 0x80, 0x7f, 0xfa,
    0xf4, 0x40, 0x3f, 0xfd, 0x43, 0xa0, 0x1f, 0xfe,
    0xb3, 0x90, 0xf, 0xff, 0x5b, 0x30, 0x3, 0xff,
    0xd7, 0x26, 0x1, 0xff, 0xc0,

    /* U+00D2 "Ò" */
    0x0, 0xff, 0xe8, 0x10, 0x7, 0xff, 0xd9, 0xf1,
    0x0, 0x3f, 0xfe, 0x85, 0x3, 0x6e, 0x1, 0xff,
    0xf3, 0x90, 0xa, 0x28, 0x3, 0xff, 0xe2, 0xa8,
    0x1, 0x97, 0x4, 0x3, 0xff, 0xdf, 0x60, 0x1e,
    0x3f, 0x30, 0xf, 0xff, 0x6c, 0x88, 0x7, 0xc3,
    0x8c, 0x1, 0xff, 0xeb, 0x36, 0x0, 0xff, 0x4c,
    0x0, 0x7f, 0xfa, 0xbc, 0x3, 0xff, 0x80, 0xf6,
    0x20, 0x1f, 0xfe, 0x76, 0x30, 0xf, 0xfe, 0xa,
    0x61, 0x0, 0x7f, 0xf9, 0x46, 0x40, 0x3f, 0xf8,
    0x65, 0xa8, 0x1, 0xff, 0xe4, 0xb0, 0xf, 0xfe,
    0x35, 0xb8, 0x7, 0xff, 0x88, 0x5c, 0x3, 0xff,
    0x8f, 0x14, 0x1, 0xff, 0xe1, 0x1d, 0xa3, 0x0,
    0xff, 0xe3, 0x29, 0x0, 0x7f, 0xf8, 0x97, 0x30,
    0xa0, 0x1f, 0xfc, 0x46, 0x20, 0xf, 0xff, 0x21,
    0xd7, 0x38, 0x80, 0x7f, 0xf0, 0x6, 0x0, 0x3f,
    0xfc, 0xe3, 0x1d, 0x24, 0x1, 0xfe, 0x81, 0x0,
    0xff, 0xf5, 0x36, 0xda, 0x0, 0x7c, 0x6c, 0x1,
    0xff, 0xed, 0x4b, 0xd6, 0x0, 0xef, 0x0, 0xff,
    0xf8, 0x14, 0xf3, 0x88, 0x29, 0x80, 0x7f, 0xfc,
    0x86, 0x3a, 0x6c, 0x3, 0xff, 0xec, 0xc2, 0x1,
    0xff, 0xff, 0x0, 0xff, 0xff, 0x80, 0x7f, 0xf6,
    0xc5, 0x1e, 0x6f, 0x75, 0xdf, 0xdc, 0xdc, 0xa8,
    0x52, 0x0, 0xff, 0xf2, 0x1c, 0xef, 0x5c, 0x32,
    0x11, 0x4, 0x4, 0x44, 0x6a, 0xf5, 0xbd, 0x4a,
    0x1, 0xff, 0xde, 0x18, 0xec, 0x62, 0x0, 0xff,
    0xe2, 0x8a, 0xd7, 0xd2, 0x0, 0x7f, 0xf6, 0x4a,
    0xb9, 0xc4, 0x3, 0xff, 0x98, 0xb7, 0x8a, 0x1,
    0xff, 0xd5, 0x19, 0xd5, 0x0, 0xff, 0xe8, 0x9d,
    0x6a, 0x0, 0x7f, 0xf4, 0x9b, 0x98, 0x3, 0xff,
    0xaa, 0x57, 0x42, 0x1, 0xff, 0xce, 0x1b, 0x90,
    0xf, 0xfe, 0xca, 0xfa, 0x0, 0x7f, 0xf3, 0xb,
    0xd0, 0x3, 0xff, 0xb6, 0x36, 0xe0, 0x1f, 0xfc,
    0xa4, 0xd1, 0x0, 0xff, 0xef, 0x44, 0x80, 0x7f,
    0xf2, 0x12, 0xc0, 0x3f, 0xfc, 0x2d, 0x40, 0x1f,
    0xfc, 0x63, 0xb0, 0xf, 0xff, 0x1a, 0xc8, 0x7,
    0xff, 0x10, 0xb0, 0x3, 0xff, 0xca, 0xd0, 0x1,
    0xff, 0xc3, 0xf0, 0xf, 0xff, 0x3b, 0xa8, 0x7,
    0xff, 0x6, 0x88, 0x3, 0xff, 0xd1, 0x44, 0x1,
    0xff, 0x2a, 0x80, 0x3f, 0xf9, 0x2b, 0x37, 0xbf,
    0xf7, 0x64, 0xb0, 0x80, 0x7f, 0xf2, 0x78, 0x3,
    0xfe, 0xb0, 0xf, 0xfe, 0x39, 0x57, 0xd3, 0x21,
    0x0, 0x42, 0x6d, 0x3d, 0x8a, 0x1, 0xff, 0xc7,
    0x36, 0x0, 0xfe, 0x91, 0x0, 0xff, 0xe2, 0x8c,
    0xea, 0x80, 0x7f, 0xf0, 0x4e, 0xb4, 0xc0, 0x3f,
    0xf8, 0xd0, 0x20, 0x1f, 0xb, 0x0, 0x7f, 0xf1,
    0x4f, 0xd8, 0x3, 0xff, 0x8a, 0x58, 0xe0, 0x1f,
    0xfc, 0x51, 0x90, 0xf, 0xa0, 0x3, 0xff, 0x8a,
    0x98, 0x20, 0x1f, 0xfc, 0x88, 0x90, 0xf, 0xfe,
    0x2b, 0x80, 0x78, 0x58, 0x3, 0xff, 0x88, 0x76,
    0x1, 0xff, 0xcb, 0x69, 0x0, 0xff, 0xe2, 0xb8,
    0x7, 0x30, 0x7, 0xff, 0x10, 0x74, 0x3, 0xff,
    0x9a, 0xcc, 0x0, 0xff, 0xe2, 0x50, 0x7, 0x58,
    0x7, 0xff, 0x12, 0xc4, 0x3, 0xff, 0x9d, 0x22,
    0x1, 0xff, 0xc3, 0x23, 0x0, 0x88, 0xc0, 0x3f,
    0xf8, 0x66, 0xa0, 0x1f, 0xfd, 0xb, 0x0, 0xff,
    0xe2, 0x50, 0x4, 0xa0, 0x1f, 0xfc, 0x4f, 0x0,
    0xff, 0xe8, 0xa9, 0x0, 0x7f, 0xf0, 0xd0, 0x2,
    0xc0, 0xf, 0xfe, 0x19, 0x18, 0x7, 0xff, 0x4a,
    0xc0, 0x3f, 0xf8, 0x64, 0x20, 0x5, 0x0, 0xff,
    0xe1, 0xd0, 0x7, 0xff, 0x4d, 0xc0, 0x3f, 0xf8,
    0x88, 0x2, 0x20, 0xf, 0xfe, 0x1a, 0x0, 0x7f,
    0xf4, 0xc4, 0xc0, 0x3f, 0xf8, 0x7a, 0xa, 0x1,
    0xff, 0xc4, 0x30, 0xf, 0xfe, 0xa2, 0x0, 0x7f,
    0xf0, 0xc8, 0x8, 0x3, 0xff, 0x86, 0x60, 0x1f,
    0xfd, 0x5d, 0x0, 0xff, 0xe1, 0xb8, 0x8, 0x7,
    0xff, 0xd, 0x80, 0x3f, 0xfa, 0xac, 0x1, 0xff,
    0xc3, 0x30, 0xf0, 0xf, 0xfe, 0x19, 0x0, 0x7f,
    0xf5, 0x44, 0x3, 0xff, 0x86, 0x20, 0x20, 0x1f,
    0xfe, 0x53, 0x0, 0xff, 0xea, 0xf8, 0x7, 0xff,
    0x54, 0x40, 0x3f, 0xf8, 0x82, 0x1, 0xff, 0xc4,
    0xf0, 0xf, 0xfe, 0xa8, 0x80, 0x7f, 0xf1, 0x4,
    0x40, 0x1f, 0xfc, 0x31, 0x0, 0xff, 0xf3, 0xf8,
    0x7, 0xff, 0xc, 0xc0, 0x3f, 0xfa, 0xa4, 0x1,
    0xff, 0xc3, 0x10, 0x20, 0xf, 0xfe, 0x1b, 0x0,
    0x7f, 0xf5, 0x58, 0x3, 0xff, 0x86, 0x60, 0xc0,
    0x1f, 0xfc, 0x33, 0x0, 0xff, 0xea, 0xe8, 0x7,
    0xff, 0xd, 0x80, 0x80, 0x3f, 0xf8, 0x86, 0x1,
    0xff, 0xd4, 0x40, 0xf, 0xfe, 0x19, 0x80, 0x88,
    0x3, 0xff, 0x87, 0x60, 0x1f, 0xfd, 0x31, 0x30,
    0xf, 0xfe, 0x1e, 0x80, 0x10, 0x3, 0xff, 0x86,
    0xa0, 0x1f, 0xfd, 0x37, 0x0, 0xff, 0xe2, 0x20,
    0x3, 0x0, 0x3f, 0xf8, 0x64, 0x80, 0x1f, 0xfd,
    0x2b, 0x0, 0xff, 0xe1, 0x90, 0x80, 0x1c, 0x3,
    0xff, 0x89, 0x0, 0x1f, 0xfd, 0x15, 0x20, 0xf,
    0xfe, 0x1a, 0x0, 0x42, 0x80, 0x1f, 0xfc, 0x33,
    0x50, 0xf, 0xfe, 0x84, 0x0, 0x7f, 0xf1, 0x28,
    0x3, 0x70, 0x7, 0xff, 0x12, 0xc4, 0x3, 0xff,
    0x9d, 0x24, 0x1, 0xff, 0xc3, 0x23, 0x0, 0xca,
    0x20, 0x1f, 0xfc, 0x31, 0xd0, 0xf, 0xfe, 0x6b,
    0x30, 0x3, 0xff, 0x89, 0x40, 0x1e, 0x90, 0xf,
    0xfe, 0x21, 0xe0, 0x7, 0xff, 0x2d, 0xa4, 0x3,
    0xff, 0x8a, 0xc0, 0x1e, 0x71, 0x0, 0xff, 0xe2,
    0x1e, 0x90, 0x7, 0xff, 0x22, 0x24, 0x3, 0xff,
    0x8a, 0xe2, 0x1, 0xf4, 0x80, 0x7f, 0xf1, 0x4b,
    0x58, 0x3, 0xff, 0x8a, 0x58, 0xe0, 0x1f, 0xfc,
    0x69, 0x0, 0xfc, 0xe4, 0x1, 0xff, 0xc6, 0x9d,
    0x60, 0xf, 0xfe, 0x9, 0xd6, 0x98, 0x7, 0xff,
    0x1a, 0x44, 0x3, 0xfb, 0x80, 0x3f, 0xf8, 0xe5,
    0x3f, 0x6e, 0x84, 0x20, 0x22, 0x36, 0x9d, 0xc5,
    0x0, 0xff, 0xe3, 0x9b, 0x0, 0x7f, 0x8d, 0xc0,
    0x3f, 0xf9, 0x29, 0x17, 0xbd, 0xfd, 0xcc, 0x96,
    0x20, 0xf, 0xfe, 0x4f, 0x0, 0x7f, 0xf0, 0x21,
    0x0, 0x3f, 0xfd, 0x14, 0x40, 0x1f, 0xfc, 0x1a,
    0x20, 0xf, 0xff, 0x33, 0x28, 0x7, 0xff, 0x8,
    0x7c, 0x40, 0x3f, 0xfc, 0x8b, 0x20, 0x1f, 0xfc,
    0x42, 0xc1, 0x0, 0xff, 0xf1, 0x25, 0x0, 0x7f,
    0xf1, 0x8b, 0x8, 0x3, 0xff, 0xc0, 0xd6, 0x1,
    0xff, 0xc8, 0x2c, 0x30, 0xf, 0xfe, 0xf3, 0xc8,
    0x7, 0xff, 0x28, 0x71, 0xc0, 0x3f, 0xfb, 0x63,
    0x70, 0x1, 0xff, 0xcd, 0x8b, 0x20, 0xf, 0xfe,
    0xc2, 0xfa, 0x0, 0x7f, 0xf3, 0xd3, 0x60, 0x3,
    0xff, 0xaa, 0x57, 0x42, 0x1, 0xff, 0xd2, 0x7e,
    0x70, 0xf, 0xfe, 0x89, 0x4e, 0xa0, 0x7, 0xff,
    0x54, 0x63, 0xa0, 0x80, 0x3f, 0xf9, 0x89, 0x7a,
    0xc0, 0x1f, 0xfd, 0x91, 0x7d, 0xc7, 0x30, 0xf,
    0xfe, 0x32, 0x4f, 0x5a, 0x0, 0x7f, 0xf7, 0x8e,
    0x33, 0xee, 0x19, 0x8, 0x40, 0x21, 0x11, 0x23,
    0xce, 0x7d, 0xb0, 0x80, 0x7f, 0xf2, 0x80,

    /* U+00D3 "Ó" */
    0x0, 0xff, 0xec, 0xd, 0x8, 0x7, 0xff, 0xd0,
    0xb1, 0x6c, 0x3, 0xff, 0xe6, 0xba, 0x40, 0xa8,
    0x1, 0xff, 0xf1, 0x8a, 0x0, 0xd2, 0x1, 0xff,
    0xf0, 0xb7, 0x0, 0xe2, 0x80, 0xf, 0xff, 0x69,
    0x6a, 0x0, 0x7c, 0xe4, 0x1, 0xff, 0xeb, 0x4c,
    0x20, 0xf, 0xe9, 0x0, 0xff, 0xf5, 0x3d, 0x88,
    0x7, 0xf9, 0x14, 0x3, 0xff, 0xd1, 0x50, 0x1,
    0xff, 0xc1, 0xb0, 0xf, 0xff, 0x30, 0xe2, 0x80,
    0x7f, 0xf0, 0x86, 0x40, 0x3f, 0xfc, 0x87, 0xe6,
    0x1, 0xff, 0xc4, 0x63, 0x0, 0xff, 0xf1, 0x36,
    0x8, 0x7, 0xff, 0x1b, 0xc0, 0x3f, 0xfc, 0x2d,
    0x20, 0x1f, 0xfc, 0x75, 0xf0, 0xf, 0xff, 0xb,
    0x80, 0x7f, 0xf1, 0x9f, 0xa8, 0xc0, 0x3f, 0xfc,
    0x23, 0x0, 0x1f, 0xfc, 0x22, 0x9f, 0x81, 0x0,
    0xff, 0xf2, 0x39, 0x0, 0x7f, 0xc7, 0x5a, 0xc0,
    0x1f, 0xfe, 0x89, 0x0, 0xfe, 0x5c, 0xc2, 0x80,
    0x7f, 0xfa, 0x91, 0x0, 0x1c, 0x2f, 0xd4, 0x60,
    0x1f, 0xfe, 0xd9, 0x0, 0x8a, 0x7a, 0x4, 0x3,
    0xff, 0xde, 0x4e, 0x97, 0xac, 0x1, 0xff, 0xf3,
    0x8b, 0x40, 0xf, 0xff, 0xf8, 0x7, 0xff, 0xfc,
    0x3, 0xff, 0xcc, 0x28, 0xf3, 0x7b, 0xae, 0xfe,
    0xe6, 0xe5, 0x42, 0x90, 0x7, 0xff, 0x90, 0xe7,
    0x7a, 0xe1, 0x90, 0x88, 0x20, 0x22, 0x23, 0x57,
    0xad, 0xea, 0x50, 0xf, 0xfe, 0xf0, 0xc7, 0x63,
    0x10, 0x7, 0xff, 0x14, 0x56, 0xbe, 0x90, 0x3,
    0xff, 0xb2, 0x55, 0xce, 0x20, 0x1f, 0xfc, 0xc5,
    0xbc, 0x50, 0xf, 0xfe, 0xa8, 0xce, 0xa8, 0x7,
    0xff, 0x44, 0xeb, 0x50, 0x3, 0xff, 0xa4, 0xdc,
    0xc0, 0x1f, 0xfd, 0x52, 0xba, 0x10, 0xf, 0xfe,
    0x70, 0xdc, 0x80, 0x7f, 0xf6, 0x57, 0xd0, 0x3,
    0xff, 0x98, 0x5e, 0x80, 0x1f, 0xfd, 0xb1, 0xb7,
    0x0, 0xff, 0xe5, 0x26, 0x88, 0x7, 0xff, 0x7a,
    0x24, 0x3, 0xff, 0x90, 0x96, 0x1, 0xff, 0xe1,
    0x6a, 0x0, 0xff, 0xe3, 0x1d, 0x80, 0x7f, 0xf8,
    0xd6, 0x40, 0x3f, 0xf8, 0x85, 0x80, 0x1f, 0xfe,
    0x56, 0x80, 0xf, 0xfe, 0x1f, 0x80, 0x7f, 0xf9,
    0xdd, 0x40, 0x3f, 0xf8, 0x34, 0x40, 0x1f, 0xfe,
    0x8a, 0x20, 0xf, 0xf9, 0x54, 0x1, 0xff, 0xc9,
    0x59, 0xbd, 0xff, 0xbb, 0x25, 0x84, 0x3, 0xff,
    0x93, 0xc0, 0x1f, 0xf5, 0x80, 0x7f, 0xf1, 0xca,
    0xbe, 0x99, 0x8, 0x2, 0x13, 0x69, 0xec, 0x50,
    0xf, 0xfe, 0x39, 0xb0, 0x7, 0xf4, 0x88, 0x7,
    0xff, 0x14, 0x67, 0x54, 0x3, 0xff, 0x82, 0x75,
    0xa6, 0x1, 0xff, 0xc6, 0x81, 0x0, 0xf8, 0x58,
    0x3, 0xff, 0x8a, 0x7e, 0xc0, 0x1f, 0xfc, 0x52,
    0xc7, 0x0, 0xff, 0xe2, 0x8c, 0x80, 0x7d, 0x0,
    0x1f, 0xfc, 0x54, 0xc1, 0x0, 0xff, 0xe4, 0x44,
    0x80, 0x7f, 0xf1, 0x5c, 0x3, 0xc2, 0xc0, 0x1f,
    0xfc, 0x43, 0xb0, 0xf, 0xfe, 0x5b, 0x48, 0x7,
    0xff, 0x15, 0xc0, 0x39, 0x80, 0x3f, 0xf8, 0x83,
    0xa0, 0x1f, 0xfc, 0xd6, 0x60, 0x7, 0xff, 0x12,
    0x80, 0x3a, 0xc0, 0x3f, 0xf8, 0x96, 0x20, 0x1f,
    0xfc, 0xe9, 0x10, 0xf, 0xfe, 0x19, 0x18, 0x4,
    0x46, 0x1, 0xff, 0xc3, 0x35, 0x0, 0xff, 0xe8,
    0x58, 0x7, 0xff, 0x12, 0x80, 0x25, 0x0, 0xff,
    0xe2, 0x78, 0x7, 0xff, 0x45, 0x48, 0x3, 0xff,
    0x86, 0x80, 0x16, 0x0, 0x7f, 0xf0, 0xc8, 0xc0,
    0x3f, 0xfa, 0x56, 0x1, 0xff, 0xc3, 0x21, 0x0,
    0x28, 0x7, 0xff, 0xe, 0x80, 0x3f, 0xfa, 0x6e,
    0x1, 0xff, 0xc4, 0x40, 0x11, 0x0, 0x7f, 0xf0,
    0xd0, 0x3, 0xff, 0xa6, 0x26, 0x1, 0xff, 0xc3,
    0xd0, 0x50, 0xf, 0xfe, 0x21, 0x80, 0x7f, 0xf5,
    0x10, 0x3, 0xff, 0x86, 0x40, 0x40, 0x1f, 0xfc,
    0x33, 0x0, 0xff, 0xea, 0xe8, 0x7, 0xff, 0xd,
    0xc0, 0x40, 0x3f, 0xf8, 0x6c, 0x1, 0xff, 0xd5,
    0x60, 0xf, 0xfe, 0x19, 0x87, 0x80, 0x7f, 0xf0,
    0xc8, 0x3, 0xff, 0xaa, 0x20, 0x1f, 0xfc, 0x31,
    0x1, 0x0, 0xff, 0xf2, 0x98, 0x7, 0xff, 0x57,
    0xc0, 0x3f, 0xfa, 0xa2, 0x1, 0xff, 0xc4, 0x10,
    0xf, 0xfe, 0x27, 0x80, 0x7f, 0xf5, 0x44, 0x3,
    0xff, 0x88, 0x22, 0x0, 0xff, 0xe1, 0x88, 0x7,
    0xff, 0x9f, 0xc0, 0x3f, 0xf8, 0x66, 0x1, 0xff,
    0xd5, 0x20, 0xf, 0xfe, 0x18, 0x81, 0x0, 0x7f,
    0xf0, 0xd8, 0x3, 0xff, 0xaa, 0xc0, 0x1f, 0xfc,
    0x33, 0x6, 0x0, 0xff, 0xe1, 0x98, 0x7, 0xff,
    0x57, 0x40, 0x3f, 0xf8, 0x6c, 0x4, 0x1, 0xff,
    0xc4, 0x30, 0xf, 0xfe, 0xa2, 0x0, 0x7f, 0xf0,
    0xcc, 0x4, 0x40, 0x1f, 0xfc, 0x3b, 0x0, 0xff,
    0xe9, 0x89, 0x80, 0x7f, 0xf0, 0xf4, 0x0, 0x80,
    0x1f, 0xfc, 0x35, 0x0, 0xff, 0xe9, 0xb8, 0x7,
    0xff, 0x11, 0x0, 0x18, 0x1, 0xff, 0xc3, 0x24,
    0x0, 0xff, 0xe9, 0x58, 0x7, 0xff, 0xc, 0x84,
    0x0, 0xe0, 0x1f, 0xfc, 0x48, 0x0, 0xff, 0xe8,
    0xa9, 0x0, 0x7f, 0xf0, 0xd0, 0x2, 0x14, 0x0,
    0xff, 0xe1, 0x9a, 0x80, 0x7f, 0xf4, 0x20, 0x3,
    0xff, 0x89, 0x40, 0x1b, 0x80, 0x3f, 0xf8, 0x96,
    0x20, 0x1f, 0xfc, 0xe9, 0x20, 0xf, 0xfe, 0x19,
    0x18, 0x6, 0x51, 0x0, 0xff, 0xe1, 0x8e, 0x80,
    0x7f, 0xf3, 0x59, 0x80, 0x1f, 0xfc, 0x4a, 0x0,
    0xf4, 0x80, 0x7f, 0xf1, 0xf, 0x0, 0x3f, 0xf9,
    0x6d, 0x20, 0x1f, 0xfc, 0x56, 0x0, 0xf3, 0x88,
    0x7, 0xff, 0x10, 0xf4, 0x80, 0x3f, 0xf9, 0x11,
    0x20, 0x1f, 0xfc, 0x57, 0x10, 0xf, 0xa4, 0x3,
    0xff, 0x8a, 0x5a, 0xc0, 0x1f, 0xfc, 0x52, 0xc7,
    0x0, 0xff, 0xe3, 0x48, 0x7, 0xe7, 0x20, 0xf,
    0xfe, 0x34, 0xeb, 0x0, 0x7f, 0xf0, 0x4e, 0xb4,
    0xc0, 0x3f, 0xf8, 0xd2, 0x20, 0x1f, 0xdc, 0x1,
    0xff, 0xc7, 0x29, 0xfb, 0x74, 0x21, 0x1, 0x11,
    0xb4, 0xee, 0x28, 0x7, 0xff, 0x1c, 0xd8, 0x3,
    0xfc, 0x6e, 0x1, 0xff, 0xc9, 0x48, 0xbd, 0xef,
    0xee, 0x64, 0xb1, 0x0, 0x7f, 0xf2, 0x78, 0x3,
    0xff, 0x81, 0x8, 0x1, 0xff, 0xe8, 0xa2, 0x0,
    0xff, 0xe0, 0xd1, 0x0, 0x7f, 0xf9, 0x99, 0x40,
    0x3f, 0xf8, 0x43, 0xe2, 0x1, 0xff, 0xe4, 0x59,
    0x0, 0xff, 0xe2, 0x16, 0x8, 0x7, 0xff, 0x89,
    0x28, 0x3, 0xff, 0x8c, 0x58, 0x40, 0x1f, 0xfe,
    0x6, 0xb0, 0xf, 0xfe, 0x41, 0x61, 0x80, 0x7f,
    0xf7, 0x9e, 0x40, 0x3f, 0xf9, 0x43, 0x8e, 0x1,
    0xff, 0xdb, 0x1b, 0x80, 0xf, 0xfe, 0x6c, 0x59,
    0x0, 0x7f, 0xf6, 0x17, 0xd0, 0x3, 0xff, 0x9e,
    0x9b, 0x0, 0x1f, 0xfd, 0x52, 0xba, 0x10, 0xf,
    0xfe, 0x93, 0xf3, 0x80, 0x7f, 0xf4, 0x4a, 0x75,
    0x0, 0x3f, 0xfa, 0xa3, 0x1d, 0x4, 0x1, 0xff,
    0xcc, 0x4b, 0xd6, 0x0, 0xff, 0xec, 0x8b, 0xee,
    0x39, 0x80, 0x7f, 0xf1, 0x92, 0x7a, 0xd0, 0x3,
    0xff, 0xbc, 0x71, 0x9f, 0x70, 0xc8, 0x42, 0x1,
    0x8, 0x89, 0x1e, 0x73, 0xed, 0x84, 0x3, 0xff,
    0x94,

    /* U+00D4 "Ô" */
    0x0, 0xff, 0xe8, 0xe, 0x7f, 0xfe, 0x40, 0xf,
    0xff, 0x60, 0xe1, 0x80, 0x7e, 0xb5, 0x0, 0xff,
    0xf5, 0x17, 0x90, 0x7, 0xfa, 0x9c, 0x3, 0xff,
    0xd0, 0x78, 0x20, 0x1f, 0xfc, 0x8, 0x80, 0x7,
    0xff, 0x99, 0x30, 0x40, 0x3f, 0xf8, 0x4f, 0x20,
    0x1f, 0xfe, 0x46, 0xb0, 0xf, 0xfe, 0x2b, 0x58,
    0x7, 0xff, 0x89, 0xe4, 0x3, 0xff, 0x8e, 0x98,
    0x20, 0x1f, 0xfd, 0xf9, 0x80, 0xf, 0xfe, 0x49,
    0xe0, 0x80, 0x7f, 0xf7, 0x69, 0x80, 0x3f, 0xf9,
    0x65, 0xe4, 0x1, 0xff, 0xdb, 0xb5, 0x0, 0xff,
    0xe6, 0x8e, 0x18, 0x7, 0xff, 0x60, 0x71, 0x0,
    0x3f, 0xf9, 0xe3, 0x88, 0x1, 0xff, 0xd6, 0x2c,
    0x30, 0xf, 0xfe, 0x11, 0x80, 0x7f, 0xf0, 0xed,
    0x40, 0x3f, 0xfa, 0xac, 0x40, 0x1f, 0xfc, 0x12,
    0xbc, 0xe6, 0x0, 0xff, 0xe1, 0x78, 0x7, 0xff,
    0x55, 0x14, 0x3, 0xfe, 0x1a, 0xd4, 0x1, 0x9d,
    0x50, 0xf, 0xf8, 0x6c, 0x3, 0xff, 0xad, 0x62,
    0x1, 0xf8, 0x63, 0x94, 0x3, 0x8a, 0xb5, 0x0,
    0x3f, 0xa8, 0x40, 0x3f, 0xfa, 0xc3, 0x40, 0x1f,
    0x3f, 0x38, 0x7, 0xf1, 0x5e, 0x18, 0x7, 0x99,
    0x0, 0x3f, 0xfb, 0x8, 0xc0, 0x19, 0xba, 0x0,
    0x3f, 0xf8, 0x27, 0x96, 0x40, 0x11, 0x48, 0x7,
    0xff, 0x6a, 0x48, 0x17, 0x64, 0x40, 0x3f, 0xf8,
    0x89, 0xb4, 0x41, 0xc0, 0x1f, 0xfd, 0xce, 0xca,
    0x20, 0xf, 0xfe, 0x42, 0xee, 0x18, 0x7, 0xff,
    0x70, 0xcc, 0x1, 0xff, 0xcc, 0x30, 0xf, 0xff,
    0xf8, 0x7, 0xff, 0x6c, 0x51, 0xe6, 0xf7, 0x5d,
    0xfd, 0xcd, 0xca, 0x85, 0x20, 0xf, 0xff, 0x21,
    0xce, 0xf5, 0xc3, 0x21, 0x10, 0x40, 0x44, 0x46,
    0xaf, 0x5b, 0xd4, 0xa0, 0x1f, 0xfd, 0xe1, 0x8e,
    0xc6, 0x20, 0xf, 0xfe, 0x28, 0xad, 0x7d, 0x20,
    0x7, 0xff, 0x64, 0xab, 0x9c, 0x40, 0x3f, 0xf9,
    0x8b, 0x78, 0xa0, 0x1f, 0xfd, 0x51, 0x9d, 0x50,
    0xf, 0xfe, 0x89, 0xd6, 0xa0, 0x7, 0xff, 0x49,
    0xb9, 0x80, 0x3f, 0xfa, 0xa5, 0x74, 0x20, 0x1f,
    0xfc, 0xe1, 0xb9, 0x0, 0xff, 0xec, 0xaf, 0xa0,
    0x7, 0xff, 0x30, 0xbd, 0x0, 0x3f, 0xfb, 0x63,
    0x6e, 0x1, 0xff, 0xca, 0x4d, 0x10, 0xf, 0xfe,
    0xf4, 0x48, 0x7, 0xff, 0x21, 0x2c, 0x3, 0xff,
    0xc2, 0xd4, 0x1, 0xff, 0xc6, 0x3b, 0x0, 0xff,
    0xf1, 0xac, 0x80, 0x7f, 0xf1, 0xb, 0x0, 0x3f,
    0xfc, 0xad, 0x0, 0x1f, 0xfc, 0x3f, 0x0, 0xff,
    0xf3, 0xba, 0x80, 0x7f, 0xf0, 0x68, 0x80, 0x3f,
    0xfd, 0x14, 0x40, 0x1f, 0xf2, 0xa8, 0x3, 0xff,
    0x92, 0xb3, 0x7b, 0xff, 0x76, 0x4b, 0x8, 0x7,
    0xff, 0x27, 0x80, 0x3f, 0xeb, 0x0, 0xff, 0xe3,
    0x95, 0x7d, 0x32, 0x10, 0x4, 0x26, 0xd3, 0xd8,
    0xa0, 0x1f, 0xfc, 0x73, 0x60, 0xf, 0xe9, 0x10,
    0xf, 0xfe, 0x28, 0xce, 0xa8, 0x7, 0xff, 0x4,
    0xeb, 0x4c, 0x3, 0xff, 0x8d, 0x2, 0x1, 0xf0,
    0xb0, 0x7, 0xff, 0x14, 0xfd, 0x80, 0x3f, 0xf8,
    0xa5, 0x8e, 0x1, 0xff, 0xc5, 0x19, 0x0, 0xfa,
    0x0, 0x3f, 0xf8, 0xa9, 0x82, 0x1, 0xff, 0xc8,
    0x89, 0x0, 0xff, 0xe2, 0xb8, 0x7, 0x85, 0x80,
    0x3f, 0xf8, 0x87, 0x60, 0x1f, 0xfc, 0xb6, 0x90,
    0xf, 0xfe, 0x2b, 0x80, 0x73, 0x0, 0x7f, 0xf1,
    0x7, 0x40, 0x3f, 0xf9, 0xac, 0xc0, 0xf, 0xfe,
    0x25, 0x0, 0x75, 0x80, 0x7f, 0xf1, 0x2c, 0x40,
    0x3f, 0xf9, 0xd2, 0x20, 0x1f, 0xfc, 0x32, 0x30,
    0x8, 0x8c, 0x3, 0xff, 0x86, 0x6a, 0x1, 0xff,
    0xd0, 0xb0, 0xf, 0xfe, 0x25, 0x0, 0x4a, 0x1,
    0xff, 0xc4, 0xf0, 0xf, 0xfe, 0x8a, 0x90, 0x7,
    0xff, 0xd, 0x0, 0x2c, 0x0, 0xff, 0xe1, 0x91,
    0x80, 0x7f, 0xf4, 0xac, 0x3, 0xff, 0x86, 0x42,
    0x0, 0x50, 0xf, 0xfe, 0x1d, 0x0, 0x7f, 0xf4,
    0xdc, 0x3, 0xff, 0x88, 0x80, 0x22, 0x0, 0xff,
    0xe1, 0xa0, 0x7, 0xff, 0x4c, 0x4c, 0x3, 0xff,
    0x87, 0xa0, 0xa0, 0x1f, 0xfc, 0x43, 0x0, 0xff,
    0xea, 0x20, 0x7, 0xff, 0xc, 0x80, 0x80, 0x3f,
    0xf8, 0x66, 0x1, 0xff, 0xd5, 0xd0, 0xf, 0xfe,
    0x1b, 0x80, 0x80, 0x7f, 0xf0, 0xd8, 0x3, 0xff,
    0xaa, 0xc0, 0x1f, 0xfc, 0x33, 0xf, 0x0, 0xff,
    0xe1, 0x90, 0x7, 0xff, 0x54, 0x40, 0x3f, 0xf8,
    0x62, 0x2, 0x1, 0xff, 0xe5, 0x30, 0xf, 0xfe,
    0xaf, 0x80, 0x7f, 0xf5, 0x44, 0x3, 0xff, 0x88,
    0x20, 0x1f, 0xfc, 0x4f, 0x0, 0xff, 0xea, 0x88,
    0x7, 0xff, 0x10, 0x44, 0x1, 0xff, 0xc3, 0x10,
    0xf, 0xff, 0x3f, 0x80, 0x7f, 0xf0, 0xcc, 0x3,
    0xff, 0xaa, 0x40, 0x1f, 0xfc, 0x31, 0x2, 0x0,
    0xff, 0xe1, 0xb0, 0x7, 0xff, 0x55, 0x80, 0x3f,
    0xf8, 0x66, 0xc, 0x1, 0xff, 0xc3, 0x30, 0xf,
    0xfe, 0xae, 0x80, 0x7f, 0xf0, 0xd8, 0x8, 0x3,
    0xff, 0x88, 0x60, 0x1f, 0xfd, 0x44, 0x0, 0xff,
    0xe1, 0x98, 0x8, 0x80, 0x3f, 0xf8, 0x76, 0x1,
    0xff, 0xd3, 0x13, 0x0, 0xff, 0xe1, 0xe8, 0x1,
    0x0, 0x3f, 0xf8, 0x6a, 0x1, 0xff, 0xd3, 0x70,
    0xf, 0xfe, 0x22, 0x0, 0x30, 0x3, 0xff, 0x86,
    0x48, 0x1, 0xff, 0xd2, 0xb0, 0xf, 0xfe, 0x19,
    0x8, 0x1, 0xc0, 0x3f, 0xf8, 0x90, 0x1, 0xff,
    0xd1, 0x52, 0x0, 0xff, 0xe1, 0xa0, 0x4, 0x28,
    0x1, 0xff, 0xc3, 0x35, 0x0, 0xff, 0xe8, 0x40,
    0x7, 0xff, 0x12, 0x80, 0x37, 0x0, 0x7f, 0xf1,
    0x2c, 0x40, 0x3f, 0xf9, 0xd2, 0x40, 0x1f, 0xfc,
    0x32, 0x30, 0xc, 0xa2, 0x1, 0xff, 0xc3, 0x1d,
    0x0, 0xff, 0xe6, 0xb3, 0x0, 0x3f, 0xf8, 0x94,
    0x1, 0xe9, 0x0, 0xff, 0xe2, 0x1e, 0x0, 0x7f,
    0xf2, 0xda, 0x40, 0x3f, 0xf8, 0xac, 0x1, 0xe7,
    0x10, 0xf, 0xfe, 0x21, 0xe9, 0x0, 0x7f, 0xf2,
    0x22, 0x40, 0x3f, 0xf8, 0xae, 0x20, 0x1f, 0x48,
    0x7, 0xff, 0x14, 0xb5, 0x80, 0x3f, 0xf8, 0xa5,
    0x8e, 0x1, 0xff, 0xc6, 0x90, 0xf, 0xce, 0x40,
    0x1f, 0xfc, 0x69, 0xd6, 0x0, 0xff, 0xe0, 0x9d,
    0x69, 0x80, 0x7f, 0xf1, 0xa4, 0x40, 0x3f, 0xb8,
    0x3, 0xff, 0x8e, 0x53, 0xf6, 0xe8, 0x42, 0x2,
    0x23, 0x69, 0xdc, 0x50, 0xf, 0xfe, 0x39, 0xb0,
    0x7, 0xf8, 0xdc, 0x3, 0xff, 0x92, 0x91, 0x7b,
    0xdf, 0xdc, 0xc9, 0x62, 0x0, 0xff, 0xe4, 0xf0,
    0x7, 0xff, 0x2, 0x10, 0x3, 0xff, 0xd1, 0x44,
    0x1, 0xff, 0xc1, 0xa2, 0x0, 0xff, 0xf3, 0x32,
    0x80, 0x7f, 0xf0, 0x87, 0xc4, 0x3, 0xff, 0xc8,
    0xb2, 0x1, 0xff, 0xc4, 0x2c, 0x10, 0xf, 0xff,
    0x12, 0x50, 0x7, 0xff, 0x18, 0xb0, 0x80, 0x3f,
    0xfc, 0xd, 0x60, 0x1f, 0xfc, 0x82, 0xc3, 0x0,
    0xff, 0xef, 0x3c, 0x80, 0x7f, 0xf2, 0x87, 0x1c,
    0x3, 0xff, 0xb6, 0x37, 0x0, 0x1f, 0xfc, 0xd8,
    0xb2, 0x0, 0xff, 0xec, 0x2f, 0xa0, 0x7, 0xff,
    0x3d, 0x36, 0x0, 0x3f, 0xfa, 0xa5, 0x74, 0x20,
    0x1f, 0xfd, 0x27, 0xe7, 0x0, 0xff, 0xe8, 0x94,
    0xea, 0x0, 0x7f, 0xf5, 0x46, 0x3a, 0x8, 0x3,
    0xff, 0x98, 0x97, 0xac, 0x1, 0xff, 0xd9, 0x17,
    0xdc, 0x73, 0x0, 0xff, 0xe3, 0x24, 0xf5, 0xa0,
    0x7, 0xff, 0x78, 0xe3, 0x3e, 0xe1, 0x90, 0x84,
    0x2, 0x11, 0x12, 0x3c, 0xe7, 0xdb, 0x8, 0x7,
    0xff, 0x28,

    /* U+00D5 "Õ" */
    0x0, 0xff, 0xe5, 0x14, 0x5f, 0x7f, 0xbb, 0x20,
    0xc0, 0x3f, 0xf8, 0x2a, 0x20, 0x1f, 0xfd, 0xd3,
    0xcd, 0x74, 0x10, 0x0, 0x9b, 0xe6, 0x14, 0x3,
    0xfc, 0x75, 0x82, 0x1, 0xff, 0xdb, 0x8c, 0x30,
    0xf, 0xf1, 0xd6, 0x18, 0x7, 0xcb, 0x80, 0x58,
    0x20, 0x1f, 0xfd, 0x9b, 0x70, 0xf, 0xfe, 0x11,
    0xe5, 0xa8, 0x80, 0xa5, 0xd0, 0x4, 0x5a, 0x20,
    0x1f, 0xfd, 0x7b, 0x40, 0xf, 0xfe, 0x2a, 0x57,
    0x7f, 0x5a, 0x0, 0x71, 0xe8, 0x80, 0x7f, 0xf5,
    0x65, 0x0, 0x3f, 0xfa, 0x67, 0xa0, 0x1f, 0xfd,
    0x44, 0x60, 0xf, 0xfe, 0xa9, 0xe0, 0x7, 0xff,
    0x4e, 0x80, 0x3f, 0xfa, 0xe6, 0xe0, 0x1f, 0xfd,
    0x22, 0x0, 0xff, 0xeb, 0x93, 0x80, 0x7f, 0xf4,
    0xb0, 0xc0, 0x3f, 0xfa, 0xdc, 0x1, 0xff, 0xd4,
    0xc3, 0x0, 0xff, 0xea, 0x49, 0x80, 0x7f, 0xf5,
    0x74, 0xc0, 0x3c, 0x4d, 0x10, 0x51, 0x0, 0xff,
    0xe3, 0x3b, 0x0, 0x7f, 0xf5, 0x87, 0x48, 0x2,
    0x1a, 0xd9, 0x77, 0x57, 0x48, 0x80, 0x7f, 0xf0,
    0xe2, 0x0, 0x1f, 0xfd, 0x81, 0xc2, 0x1, 0xc5,
    0x0, 0xf3, 0x73, 0x80, 0x7f, 0xf0, 0xa, 0xdc,
    0x3, 0xff, 0xb4, 0x38, 0x5a, 0x40, 0x1f, 0xd1,
    0xd0, 0x40, 0x1f, 0x1c, 0xea, 0x0, 0x7f, 0xf7,
    0x7, 0x4c, 0x3, 0xfe, 0x17, 0xdd, 0x5d, 0x4d,
    0x67, 0xe3, 0x0, 0x7f, 0xfb, 0xc9, 0x15, 0x94,
    0xc0, 0x3f, 0xff, 0xe0, 0x1f, 0xfd, 0xf1, 0x47,
    0x9b, 0xdd, 0x77, 0xf7, 0x37, 0x2a, 0x14, 0x80,
    0x3f, 0xfc, 0x87, 0x3b, 0xd7, 0xc, 0x84, 0x41,
    0x1, 0x11, 0x1a, 0xbd, 0x6f, 0x52, 0x80, 0x7f,
    0xf7, 0x86, 0x3b, 0x18, 0x80, 0x3f, 0xf8, 0xa2,
    0xb5, 0xf4, 0x80, 0x1f, 0xfd, 0x92, 0xae, 0x71,
    0x0, 0xff, 0xe6, 0x2d, 0xe2, 0x80, 0x7f, 0xf5,
    0x46, 0x75, 0x40, 0x3f, 0xfa, 0x27, 0x5a, 0x80,
    0x1f, 0xfd, 0x26, 0xe6, 0x0, 0xff, 0xea, 0x95,
    0xd0, 0x80, 0x7f, 0xf3, 0x86, 0xe4, 0x3, 0xff,
    0xb2, 0xbe, 0x80, 0x1f, 0xfc, 0xc2, 0xf4, 0x0,
    0xff, 0xed, 0x8d, 0xb8, 0x7, 0xff, 0x29, 0x34,
    0x40, 0x3f, 0xfb, 0xd1, 0x20, 0x1f, 0xfc, 0x84,
    0xb0, 0xf, 0xff, 0xb, 0x50, 0x7, 0xff, 0x18,
    0xec, 0x3, 0xff, 0xc6, 0xb2, 0x1, 0xff, 0xc4,
    0x2c, 0x0, 0xff, 0xf2, 0xb4, 0x0, 0x7f, 0xf0,
    0xfc, 0x3, 0xff, 0xce, 0xea, 0x1, 0xff, 0xc1,
    0xa2, 0x0, 0xff, 0xf4, 0x51, 0x0, 0x7f, 0xca,
    0xa0, 0xf, 0xfe, 0x4a, 0xcd, 0xef, 0xfd, 0xd9,
    0x2c, 0x20, 0x1f, 0xfc, 0x9e, 0x0, 0xff, 0xac,
    0x3, 0xff, 0x8e, 0x55, 0xf4, 0xc8, 0x40, 0x10,
    0x9b, 0x4f, 0x62, 0x80, 0x7f, 0xf1, 0xcd, 0x80,
    0x3f, 0xa4, 0x40, 0x3f, 0xf8, 0xa3, 0x3a, 0xa0,
    0x1f, 0xfc, 0x13, 0xad, 0x30, 0xf, 0xfe, 0x34,
    0x8, 0x7, 0xc2, 0xc0, 0x1f, 0xfc, 0x53, 0xf6,
    0x0, 0xff, 0xe2, 0x96, 0x38, 0x7, 0xff, 0x14,
    0x64, 0x3, 0xe8, 0x0, 0xff, 0xe2, 0xa6, 0x8,
    0x7, 0xff, 0x22, 0x24, 0x3, 0xff, 0x8a, 0xe0,
    0x1e, 0x16, 0x0, 0xff, 0xe2, 0x1d, 0x80, 0x7f,
    0xf2, 0xda, 0x40, 0x3f, 0xf8, 0xae, 0x1, 0xcc,
    0x1, 0xff, 0xc4, 0x1d, 0x0, 0xff, 0xe6, 0xb3,
    0x0, 0x3f, 0xf8, 0x94, 0x1, 0xd6, 0x1, 0xff,
    0xc4, 0xb1, 0x0, 0xff, 0xe7, 0x48, 0x80, 0x7f,
    0xf0, 0xc8, 0xc0, 0x22, 0x30, 0xf, 0xfe, 0x19,
    0xa8, 0x7, 0xff, 0x42, 0xc0, 0x3f, 0xf8, 0x94,
    0x1, 0x28, 0x7, 0xff, 0x13, 0xc0, 0x3f, 0xfa,
    0x2a, 0x40, 0x1f, 0xfc, 0x34, 0x0, 0xb0, 0x3,
    0xff, 0x86, 0x46, 0x1, 0xff, 0xd2, 0xb0, 0xf,
    0xfe, 0x19, 0x8, 0x1, 0x40, 0x3f, 0xf8, 0x74,
    0x1, 0xff, 0xd3, 0x70, 0xf, 0xfe, 0x22, 0x0,
    0x88, 0x3, 0xff, 0x86, 0x80, 0x1f, 0xfd, 0x31,
    0x30, 0xf, 0xfe, 0x1e, 0x82, 0x80, 0x7f, 0xf1,
    0xc, 0x3, 0xff, 0xa8, 0x80, 0x1f, 0xfc, 0x32,
    0x2, 0x0, 0xff, 0xe1, 0x98, 0x7, 0xff, 0x57,
    0x40, 0x3f, 0xf8, 0x6e, 0x2, 0x1, 0xff, 0xc3,
    0x60, 0xf, 0xfe, 0xab, 0x0, 0x7f, 0xf0, 0xcc,
    0x3c, 0x3, 0xff, 0x86, 0x40, 0x1f, 0xfd, 0x51,
    0x0, 0xff, 0xe1, 0x88, 0x8, 0x7, 0xff, 0x94,
    0xc0, 0x3f, 0xfa, 0xbe, 0x1, 0xff, 0xd5, 0x10,
    0xf, 0xfe, 0x20, 0x80, 0x7f, 0xf1, 0x3c, 0x3,
    0xff, 0xaa, 0x20, 0x1f, 0xfc, 0x41, 0x10, 0x7,
    0xff, 0xc, 0x40, 0x3f, 0xfc, 0xfe, 0x1, 0xff,
    0xc3, 0x30, 0xf, 0xfe, 0xa9, 0x0, 0x7f, 0xf0,
    0xc4, 0x8, 0x3, 0xff, 0x86, 0xc0, 0x1f, 0xfd,
    0x56, 0x0, 0xff, 0xe1, 0x98, 0x30, 0x7, 0xff,
    0xc, 0xc0, 0x3f, 0xfa, 0xba, 0x1, 0xff, 0xc3,
    0x60, 0x20, 0xf, 0xfe, 0x21, 0x80, 0x7f, 0xf5,
    0x10, 0x3, 0xff, 0x86, 0x60, 0x22, 0x0, 0xff,
    0xe1, 0xd8, 0x7, 0xff, 0x4c, 0x4c, 0x3, 0xff,
    0x87, 0xa0, 0x4, 0x0, 0xff, 0xe1, 0xa8, 0x7,
    0xff, 0x4d, 0xc0, 0x3f, 0xf8, 0x88, 0x0, 0xc0,
    0xf, 0xfe, 0x19, 0x20, 0x7, 0xff, 0x4a, 0xc0,
    0x3f, 0xf8, 0x64, 0x20, 0x7, 0x0, 0xff, 0xe2,
    0x40, 0x7, 0xff, 0x45, 0x48, 0x3, 0xff, 0x86,
    0x80, 0x10, 0xa0, 0x7, 0xff, 0xc, 0xd4, 0x3,
    0xff, 0xa1, 0x0, 0x1f, 0xfc, 0x4a, 0x0, 0xdc,
    0x1, 0xff, 0xc4, 0xb1, 0x0, 0xff, 0xe7, 0x49,
    0x0, 0x7f, 0xf0, 0xc8, 0xc0, 0x32, 0x88, 0x7,
    0xff, 0xc, 0x74, 0x3, 0xff, 0x9a, 0xcc, 0x0,
    0xff, 0xe2, 0x50, 0x7, 0xa4, 0x3, 0xff, 0x88,
    0x78, 0x1, 0xff, 0xcb, 0x69, 0x0, 0xff, 0xe2,
    0xb0, 0x7, 0x9c, 0x40, 0x3f, 0xf8, 0x87, 0xa4,
    0x1, 0xff, 0xc8, 0x89, 0x0, 0xff, 0xe2, 0xb8,
    0x80, 0x7d, 0x20, 0x1f, 0xfc, 0x52, 0xd6, 0x0,
    0xff, 0xe2, 0x96, 0x38, 0x7, 0xff, 0x1a, 0x40,
    0x3f, 0x39, 0x0, 0x7f, 0xf1, 0xa7, 0x58, 0x3,
    0xff, 0x82, 0x75, 0xa6, 0x1, 0xff, 0xc6, 0x91,
    0x0, 0xfe, 0xe0, 0xf, 0xfe, 0x39, 0x4f, 0xdb,
    0xa1, 0x8, 0x8, 0x8d, 0xa7, 0x71, 0x40, 0x3f,
    0xf8, 0xe6, 0xc0, 0x1f, 0xe3, 0x70, 0xf, 0xfe,
    0x4a, 0x45, 0xef, 0x7f, 0x73, 0x25, 0x88, 0x3,
    0xff, 0x93, 0xc0, 0x1f, 0xfc, 0x8, 0x40, 0xf,
    0xff, 0x45, 0x10, 0x7, 0xff, 0x6, 0x88, 0x3,
    0xff, 0xcc, 0xca, 0x1, 0xff, 0xc2, 0x1f, 0x10,
    0xf, 0xff, 0x22, 0xc8, 0x7, 0xff, 0x10, 0xb0,
    0x40, 0x3f, 0xfc, 0x49, 0x40, 0x1f, 0xfc, 0x62,
    0xc2, 0x0, 0xff, 0xf0, 0x35, 0x80, 0x7f, 0xf2,
    0xb, 0xc, 0x3, 0xff, 0xbc, 0xf2, 0x1, 0xff,
    0xca, 0x1c, 0x70, 0xf, 0xfe, 0xd8, 0xdc, 0x0,
    0x7f, 0xf3, 0x62, 0xc8, 0x3, 0xff, 0xb0, 0xbe,
    0x80, 0x1f, 0xfc, 0xf4, 0xd8, 0x0, 0xff, 0xea,
    0x95, 0xd0, 0x80, 0x7f, 0xf4, 0x9f, 0x9c, 0x3,
    0xff, 0xa2, 0x53, 0xa8, 0x1, 0xff, 0xd5, 0x18,
    0xe8, 0x20, 0xf, 0xfe, 0x62, 0x5e, 0xb0, 0x7,
    0xff, 0x64, 0x5f, 0x71, 0xcc, 0x3, 0xff, 0x8c,
    0x93, 0xd6, 0x80, 0x1f, 0xfd, 0xe3, 0x8c, 0xfb,
    0x86, 0x42, 0x10, 0x8, 0x44, 0x48, 0xf3, 0x9f,
    0x6c, 0x20, 0x1f, 0xfc, 0xa0,

    /* U+00D6 "Ö" */
    0x0, 0xff, 0xe5, 0x1a, 0x20, 0x80, 0x3f, 0xf8,
    0x86, 0x88, 0x10, 0xf, 0xfe, 0xe8, 0xcf, 0xe5,
    0xdb, 0x79, 0xc0, 0x3f, 0xe3, 0xbf, 0xcb, 0xb7,
    0x6b, 0x0, 0x7f, 0xf6, 0x93, 0x98, 0x3, 0x86,
    0x34, 0x80, 0x3f, 0x3e, 0x20, 0x7, 0x14, 0xd8,
    0x80, 0x7f, 0xf5, 0xd2, 0xc0, 0x3f, 0x8b, 0x4,
    0x3, 0xcf, 0x0, 0x1f, 0xc9, 0xa0, 0x1f, 0xfd,
    0x7a, 0x0, 0xff, 0x86, 0x80, 0x38, 0xa0, 0x3,
    0xfe, 0x38, 0x0, 0xff, 0xea, 0xb8, 0x80, 0x7f,
    0xf0, 0x10, 0xc0, 0x34, 0x0, 0x7f, 0xf0, 0x5c,
    0x40, 0x3f, 0xfa, 0x96, 0x1, 0xff, 0xc2, 0xb0,
    0xc, 0xa0, 0x1f, 0xfc, 0x24, 0x0, 0xff, 0xea,
    0x18, 0x7, 0xff, 0x9, 0x0, 0x23, 0x0, 0xff,
    0xe1, 0xe0, 0x7, 0xff, 0x4c, 0x40, 0x3f, 0xf8,
    0x62, 0x1, 0x30, 0x7, 0xff, 0xc, 0xc0, 0x3f,
    0xfc, 0xe2, 0x1, 0xff, 0xe3, 0x10, 0xf, 0xfe,
    0x1b, 0x0, 0x4c, 0x1, 0xff, 0xc3, 0x20, 0xf,
    0xfe, 0xa2, 0x0, 0x7f, 0xf0, 0xb0, 0x2, 0x21,
    0x0, 0xff, 0xe1, 0x60, 0x7, 0xff, 0x53, 0x80,
    0x3f, 0xf8, 0x4c, 0x1, 0x98, 0x3, 0xff, 0x82,
    0x48, 0x1, 0xff, 0xd4, 0x53, 0x0, 0xff, 0xe0,
    0x40, 0x80, 0x69, 0x10, 0xf, 0xfe, 0x4, 0x80,
    0x7f, 0xf5, 0xb4, 0x80, 0x3f, 0xc8, 0xe0, 0x1c,
    0x3a, 0x1, 0xff, 0x3a, 0x0, 0x7f, 0xf5, 0x87,
    0x10, 0x3, 0xf3, 0x58, 0x7, 0xc7, 0x84, 0x1,
    0xfa, 0x60, 0x3, 0xff, 0xb0, 0x37, 0x65, 0x10,
    0x1, 0x36, 0xc8, 0x7, 0xf1, 0xec, 0xa0, 0x80,
    0x9b, 0xf3, 0x0, 0x7f, 0xf6, 0xd2, 0xbb, 0xfd,
    0xb2, 0x40, 0x1f, 0xfc, 0x6, 0xbe, 0xfe, 0xc8,
    0x10, 0xf, 0xff, 0xf8, 0x7, 0xff, 0xfc, 0x3,
    0xff, 0xa6, 0x28, 0xf3, 0x7b, 0xae, 0xfe, 0xe6,
    0xe5, 0x42, 0x90, 0x7, 0xff, 0x90, 0xe7, 0x7a,
    0xe1, 0x90, 0x88, 0x20, 0x22, 0x23, 0x57, 0xad,
    0xea, 0x50, 0xf, 0xfe, 0xf0, 0xc7, 0x63, 0x10,
    0x7, 0xff, 0x14, 0x56, 0xbe, 0x90, 0x3, 0xff,
    0xb2, 0x55, 0xce, 0x20, 0x1f, 0xfc, 0xc5, 0xbc,
    0x50, 0xf, 0xfe, 0xa8, 0xce, 0xa8, 0x7, 0xff,
    0x44, 0xeb, 0x50, 0x3, 0xff, 0xa4, 0xdc, 0xc0,
    0x1f, 0xfd, 0x52, 0xba, 0x10, 0xf, 0xfe, 0x70,
    0xdc, 0x80, 0x7f, 0xf6, 0x57, 0xd0, 0x3, 0xff,
    0x98, 0x5e, 0x80, 0x1f, 0xfd, 0xb1, 0xb7, 0x0,
    0xff, 0xe5, 0x26, 0x88, 0x7, 0xff, 0x7a, 0x24,
    0x3, 0xff, 0x90, 0x96, 0x1, 0xff, 0xe1, 0x6a,
    0x0, 0xff, 0xe3, 0x1d, 0x80, 0x7f, 0xf8, 0xd6,
    0x40, 0x3f, 0xf8, 0x85, 0x80, 0x1f, 0xfe, 0x56,
    0x80, 0xf, 0xfe, 0x1f, 0x80, 0x7f, 0xf9, 0xdd,
    0x40, 0x3f, 0xf8, 0x34, 0x40, 0x1f, 0xfe, 0x8a,
    0x20, 0xf, 0xf9, 0x54, 0x1, 0xff, 0xc9, 0x59,
    0xbd, 0xff, 0xbb, 0x25, 0x84, 0x3, 0xff, 0x93,
    0xc0, 0x1f, 0xf5, 0x80, 0x7f, 0xf1, 0xca, 0xbe,
    0x99, 0x8, 0x2, 0x13, 0x69, 0xec, 0x50, 0xf,
    0xfe, 0x39, 0xb0, 0x7, 0xf4, 0x88, 0x7, 0xff,
    0x14, 0x67, 0x54, 0x3, 0xff, 0x82, 0x75, 0xa6,
    0x1, 0xff, 0xc6, 0x81, 0x0, 0xf8, 0x58, 0x3,
    0xff, 0x8a, 0x7e, 0xc0, 0x1f, 0xfc, 0x52, 0xc7,
    0x0, 0xff, 0xe2, 0x8c, 0x80, 0x7d, 0x0, 0x1f,
    0xfc, 0x54, 0xc1, 0x0, 0xff, 0xe4, 0x44, 0x80,
    0x7f, 0xf1, 0x5c, 0x3, 0xc2, 0xc0, 0x1f, 0xfc,
    0x43, 0xb0, 0xf, 0xfe, 0x5b, 0x48, 0x7, 0xff,
    0x15, 0xc0, 0x39, 0x80, 0x3f, 0xf8, 0x83, 0xa0,
    0x1f, 0xfc, 0xd6, 0x60, 0x7, 0xff, 0x12, 0x80,
    0x3a, 0xc0, 0x3f, 0xf8, 0x96, 0x20, 0x1f, 0xfc,
    0xe9, 0x10, 0xf, 0xfe, 0x19, 0x18, 0x4, 0x46,
    0x1, 0xff, 0xc3, 0x35, 0x0, 0xff, 0xe8, 0x58,
    0x7, 0xff, 0x12, 0x80, 0x25, 0x0, 0xff, 0xe2,
    0x78, 0x7, 0xff, 0x45, 0x48, 0x3, 0xff, 0x86,
    0x80, 0x16, 0x0, 0x7f, 0xf0, 0xc8, 0xc0, 0x3f,
    0xfa, 0x56, 0x1, 0xff, 0xc3, 0x21, 0x0, 0x28,
    0x7, 0xff, 0xe, 0x80, 0x3f, 0xfa, 0x6e, 0x1,
    0xff, 0xc4, 0x40, 0x11, 0x0, 0x7f, 0xf0, 0xd0,
    0x3, 0xff, 0xa6, 0x26, 0x1, 0xff, 0xc3, 0xd0,
    0x50, 0xf, 0xfe, 0x21, 0x80, 0x7f, 0xf5, 0x10,
    0x3, 0xff, 0x86, 0x40, 0x40, 0x1f, 0xfc, 0x33,
    0x0, 0xff, 0xea, 0xe8, 0x7, 0xff, 0xd, 0xc0,
    0x40, 0x3f, 0xf8, 0x6c, 0x1, 0xff, 0xd5, 0x60,
    0xf, 0xfe, 0x19, 0x87, 0x80, 0x7f, 0xf0, 0xc8,
    0x3, 0xff, 0xaa, 0x20, 0x1f, 0xfc, 0x31, 0x1,
    0x0, 0xff, 0xf2, 0x98, 0x7, 0xff, 0x57, 0xc0,
    0x3f, 0xfa, 0xa2, 0x1, 0xff, 0xc4, 0x10, 0xf,
    0xfe, 0x27, 0x80, 0x7f, 0xf5, 0x44, 0x3, 0xff,
    0x88, 0x22, 0x0, 0xff, 0xe1, 0x88, 0x7, 0xff,
    0x9f, 0xc0, 0x3f, 0xf8, 0x66, 0x1, 0xff, 0xd5,
    0x20, 0xf, 0xfe, 0x18, 0x81, 0x0, 0x7f, 0xf0,
    0xd8, 0x3, 0xff, 0xaa, 0xc0, 0x1f, 0xfc, 0x33,
    0x6, 0x0, 0xff, 0xe1, 0x98, 0x7, 0xff, 0x57,
    0x40, 0x3f, 0xf8, 0x6c, 0x4, 0x1, 0xff, 0xc4,
    0x30, 0xf, 0xfe, 0xa2, 0x0, 0x7f, 0xf0, 0xcc,
    0x4, 0x40, 0x1f, 0xfc, 0x3b, 0x0, 0xff, 0xe9,
    0x89, 0x80, 0x7f, 0xf0, 0xf4, 0x0, 0x80, 0x1f,
    0xfc, 0x35, 0x0, 0xff, 0xe9, 0xb8, 0x7, 0xff,
    0x11, 0x0, 0x18, 0x1, 0xff, 0xc3, 0x24, 0x0,
    0xff, 0xe9, 0x58, 0x7, 0xff, 0xc, 0x84, 0x0,
    0xe0, 0x1f, 0xfc, 0x48, 0x0, 0xff, 0xe8, 0xa9,
    0x0, 0x7f, 0xf0, 0xd0, 0x2, 0x14, 0x0, 0xff,
    0xe1, 0x9a, 0x80, 0x7f, 0xf4, 0x20, 0x3, 0xff,
    0x89, 0x40, 0x1b, 0x80, 0x3f, 0xf8, 0x96, 0x20,
    0x1f, 0xfc, 0xe9, 0x20, 0xf, 0xfe, 0x19, 0x18,
    0x6, 0x51, 0x0, 0xff, 0xe1, 0x8e, 0x80, 0x7f,
    0xf3, 0x59, 0x80, 0x1f, 0xfc, 0x4a, 0x0, 0xf4,
    0x80, 0x7f, 0xf1, 0xf, 0x0, 0x3f, 0xf9, 0x6d,
    0x20, 0x1f, 0xfc, 0x56, 0x0, 0xf3, 0x88, 0x7,
    0xff, 0x10, 0xf4, 0x80, 0x3f, 0xf9, 0x11, 0x20,
    0x1f, 0xfc, 0x57, 0x10, 0xf, 0xa4, 0x3, 0xff,
    0x8a, 0x5a, 0xc0, 0x1f, 0xfc, 0x52, 0xc7, 0x0,
    0xff, 0xe3, 0x48, 0x7, 0xe7, 0x20, 0xf, 0xfe,
    0x34, 0xeb, 0x0, 0x7f, 0xf0, 0x4e, 0xb4, 0xc0,
    0x3f, 0xf8, 0xd2, 0x20, 0x1f, 0xdc, 0x1, 0xff,
    0xc7, 0x29, 0xfb, 0x74, 0x21, 0x1, 0x11, 0xb4,
    0xee, 0x28, 0x7, 0xff, 0x1c, 0xd8, 0x3, 0xfc,
    0x6e, 0x1, 0xff, 0xc9, 0x48, 0xbd, 0xef, 0xee,
    0x64, 0xb1, 0x0, 0x7f, 0xf2, 0x78, 0x3, 0xff,
    0x81, 0x8, 0x1, 0xff, 0xe8, 0xa2, 0x0, 0xff,
    0xe0, 0xd1, 0x0, 0x7f, 0xf9, 0x99, 0x40, 0x3f,
    0xf8, 0x43, 0xe2, 0x1, 0xff, 0xe4, 0x59, 0x0,
    0xff, 0xe2, 0x16, 0x8, 0x7, 0xff, 0x89, 0x28,
    0x3, 0xff, 0x8c, 0x58, 0x40, 0x1f, 0xfe, 0x6,
    0xb0, 0xf, 0xfe, 0x41, 0x61, 0x80, 0x7f, 0xf7,
    0x9e, 0x40, 0x3f, 0xf9, 0x43, 0x8e, 0x1, 0xff,
    0xdb, 0x1b, 0x80, 0xf, 0xfe, 0x6c, 0x59, 0x0,
    0x7f, 0xf6, 0x17, 0xd0, 0x3, 0xff, 0x9e, 0x9b,
    0x0, 0x1f, 0xfd, 0x52, 0xba, 0x10, 0xf, 0xfe,
    0x93, 0xf3, 0x80, 0x7f, 0xf4, 0x4a, 0x75, 0x0,
    0x3f, 0xfa, 0xa3, 0x1d, 0x4, 0x1, 0xff, 0xcc,
    0x4b, 0xd6, 0x0, 0xff, 0xec, 0x8b, 0xee, 0x39,
    0x80, 0x7f, 0xf1, 0x92, 0x7a, 0xd0, 0x3, 0xff,
    0xbc, 0x71, 0x9f, 0x70, 0xc8, 0x42, 0x1, 0x8,
    0x89, 0x1e, 0x73, 0xed, 0x84, 0x3, 0xff, 0x94,

    /* U+00D7 "×" */
    0x0, 0xff, 0xeb, 0x38, 0x7, 0xff, 0x18, 0xac,
    0x3, 0xff, 0x95, 0x51, 0x80, 0x1f, 0xfc, 0x42,
    0xc4, 0xc0, 0xf, 0xfe, 0x45, 0x28, 0x1e, 0x0,
    0x7f, 0xf0, 0x8b, 0x4, 0xf, 0x0, 0x3f, 0xf8,
    0xd4, 0xa0, 0x11, 0xe0, 0x7, 0xff, 0x0, 0xb0,
    0x40, 0x23, 0xc0, 0xf, 0xfe, 0x25, 0x28, 0x7,
    0x1e, 0x0, 0x7f, 0x8b, 0x4, 0x3, 0x8f, 0x0,
    0x3f, 0xf8, 0x54, 0xa0, 0x1f, 0x1e, 0x0, 0x7e,
    0x2c, 0x10, 0xf, 0x8f, 0x0, 0x3f, 0xf8, 0x14,
    0xa0, 0x1f, 0xc7, 0x80, 0x1e, 0x2c, 0x10, 0xf,
    0xe3, 0xc0, 0xf, 0xf5, 0x28, 0x7, 0xfc, 0x78,
    0x1, 0x8b, 0x4, 0x3, 0xfe, 0x3c, 0x0, 0xfd,
    0x4a, 0x1, 0xff, 0xc1, 0x3c, 0x0, 0x16, 0x8,
    0x7, 0xff, 0x4, 0xf0, 0x3, 0xd4, 0xa0, 0x1f,
    0xfc, 0x33, 0x30, 0x7, 0xff, 0x18, 0xf0, 0x40,
    0x2a, 0x50, 0xf, 0xfe, 0x25, 0x98, 0x16, 0x8,
    0x7, 0xff, 0xc, 0xf4, 0x42, 0x94, 0x3, 0xff,
    0x89, 0x68, 0x1, 0x16, 0x8, 0x7, 0xff, 0xc,
    0xf6, 0xd4, 0x3, 0xff, 0x89, 0x68, 0x1, 0xc5,
    0x82, 0x1, 0xff, 0xc3, 0x34, 0x0, 0xff, 0xe2,
    0x5a, 0x0, 0x7c, 0x58, 0x20, 0x1f, 0xfd, 0x3b,
    0x40, 0xf, 0xe2, 0xc1, 0x0, 0xff, 0xe8, 0xda,
    0x0, 0x7f, 0xc5, 0x82, 0x1, 0xff, 0xcf, 0xb4,
    0x0, 0xff, 0xe0, 0x96, 0x8, 0x7, 0xff, 0x36,
    0xd0, 0x3, 0xff, 0x86, 0x58, 0x20, 0x1f, 0xfc,
    0xbb, 0x40, 0xf, 0xfe, 0x29, 0x60, 0x80, 0x7f,
    0xf2, 0x6d, 0x0, 0x3f, 0xf8, 0xe5, 0x82, 0x1,
    0xff, 0xc7, 0xb4, 0x0, 0xff, 0xe4, 0x96, 0x0,
    0x7f, 0xf1, 0xa9, 0x0, 0x3f, 0xf9, 0x72, 0x1,
    0xff, 0xc6, 0x81, 0x0, 0xff, 0xe5, 0x5a, 0x0,
    0x7f, 0xf1, 0x8b, 0x4, 0x3, 0xff, 0x91, 0x68,
    0x1, 0xff, 0xc8, 0x2c, 0x10, 0xf, 0xfe, 0x35,
    0xa0, 0x7, 0xff, 0x28, 0xb0, 0x40, 0x3f, 0xf8,
    0x96, 0x80, 0x1f, 0xfc, 0xc2, 0xc1, 0x0, 0xff,
    0xe1, 0x5a, 0x0, 0x7f, 0xf3, 0x8b, 0x4, 0x3,
    0xff, 0x81, 0x68, 0x1, 0xff, 0xd0, 0x2c, 0x10,
    0xf, 0xf5, 0xa0, 0x7, 0xff, 0x48, 0xb0, 0x40,
    0x3f, 0x5a, 0x0, 0x7f, 0xf1, 0x4, 0x3, 0xff,
    0x86, 0x58, 0x20, 0x1e, 0xb4, 0x0, 0xff, 0xe2,
    0x66, 0x4, 0x3, 0xff, 0x86, 0x58, 0x20, 0x1a,
    0xd0, 0x3, 0xff, 0x89, 0x86, 0x58, 0x20, 0x1f,
    0xfc, 0x32, 0xc1, 0x0, 0x5a, 0x0, 0x7f, 0xf1,
    0x30, 0xc0, 0x5, 0x82, 0x1, 0xff, 0xc3, 0x26,
    0x0, 0x8, 0x7, 0xff, 0x13, 0xc, 0x3, 0x16,
    0x8, 0x7, 0xff, 0x9, 0xdc, 0x0, 0xa5, 0x0,
    0xff, 0xe1, 0x61, 0x80, 0x78, 0xb0, 0x40, 0x3f,
    0xf8, 0xf, 0x0, 0x1a, 0x94, 0x3, 0xff, 0x81,
    0x86, 0x1, 0xf8, 0xbc, 0x80, 0x3f, 0xcf, 0x0,
    0x1e, 0xa5, 0x0, 0xff, 0x61, 0x80, 0x7f, 0x87,
    0x8, 0x3, 0xf3, 0xc0, 0x7, 0xea, 0x50, 0xf,
    0xd8, 0x60, 0x1f, 0xfc, 0x1, 0xc2, 0x0, 0xf3,
    0xc0, 0x7, 0xfa, 0x94, 0x3, 0xd8, 0x60, 0x1f,
    0xfc, 0x21, 0xc2, 0x0, 0xcf, 0x0, 0x1f, 0xfc,
    0xa, 0x50, 0xd, 0x86, 0x1, 0xff, 0xc4, 0x1c,
    0x20, 0x3, 0xc0, 0x7, 0xff, 0xa, 0x94, 0x1,
    0x86, 0x1, 0xff, 0xc6, 0x1c, 0x27, 0x80, 0xf,
    0xfe, 0x25, 0x36, 0x18, 0x7, 0xff, 0x20, 0x76,
    0x0, 0x3f, 0x80,

    /* U+00D8 "Ø" */
    0x0, 0xff, 0xf7, 0x12, 0x0, 0x7f, 0xfd, 0x8b,
    0x2d, 0x0, 0x3f, 0xfa, 0xc2, 0x8f, 0x37, 0xba,
    0xef, 0xf7, 0x6e, 0x54, 0x29, 0x0, 0x7f, 0xf0,
    0x4b, 0x4, 0x2d, 0x0, 0x3f, 0xfa, 0x47, 0x3b,
    0xd7, 0xc, 0x84, 0x41, 0x0, 0x9, 0x1a, 0xbd,
    0x6f, 0x52, 0x88, 0x7, 0xe2, 0xc1, 0x0, 0xad,
    0x0, 0x3f, 0xf9, 0xc3, 0x1d, 0x8c, 0x40, 0x1f,
    0xfc, 0x51, 0x5a, 0xea, 0x40, 0xe, 0x2c, 0x10,
    0xe, 0xb4, 0x0, 0xff, 0xe5, 0x95, 0x73, 0x88,
    0x7, 0xff, 0x31, 0x6f, 0x58, 0x0, 0x58, 0x20,
    0x1f, 0x5a, 0x80, 0x7f, 0xf2, 0x6, 0x75, 0x40,
    0x3f, 0xfa, 0x25, 0x3a, 0xd8, 0x20, 0x1f, 0xd4,
    0xa0, 0x1f, 0xfc, 0x66, 0xe6, 0x0, 0xff, 0xea,
    0x94, 0x88, 0x7, 0xfd, 0x4a, 0x1, 0xff, 0xc3,
    0x1a, 0x90, 0xf, 0xff, 0x35, 0x28, 0x7, 0xff,
    0x4, 0xbd, 0x40, 0x3f, 0xfd, 0x14, 0xa0, 0x1f,
    0xf2, 0x68, 0x80, 0x7f, 0xfa, 0x84, 0x3, 0xfc,
    0x96, 0x1, 0xff, 0xeb, 0xb4, 0x0, 0xfe, 0x3b,
    0x0, 0xff, 0xf5, 0xda, 0x0, 0x7f, 0x16, 0x0,
    0x7f, 0xfa, 0xed, 0x0, 0x3f, 0xde, 0x1, 0xff,
    0xeb, 0xb4, 0x0, 0xff, 0x51, 0x0, 0x7f, 0xfa,
    0xad, 0x0, 0x3f, 0xca, 0xa0, 0xf, 0xfe, 0x4a,
    0xc5, 0xef, 0xfd, 0xd9, 0x4c, 0x40, 0x1f, 0xfc,
    0x92, 0x40, 0xf, 0xfa, 0xc0, 0x3f, 0xf8, 0xe5,
    0x5f, 0x4e, 0x84, 0x1, 0x9, 0xac, 0xec, 0x80,
    0x7f, 0xf2, 0x9, 0xc0, 0x3f, 0xd2, 0x20, 0x1f,
    0xfc, 0x51, 0x9d, 0x50, 0xf, 0xfe, 0x1, 0x40,
    0x7, 0xff, 0x26, 0x4, 0x3, 0xf0, 0xb0, 0x7,
    0xff, 0x14, 0xfd, 0x80, 0x3f, 0xf8, 0x25, 0x82,
    0x1, 0xff, 0xca, 0x90, 0xf, 0xd0, 0x1, 0xff,
    0xc5, 0x4c, 0x10, 0xf, 0xfe, 0x9, 0x60, 0x80,
    0x7f, 0xf2, 0xdc, 0x40, 0x3c, 0x2c, 0x1, 0xff,
    0xc4, 0x3b, 0x0, 0xff, 0xe1, 0x16, 0x8, 0x7,
    0xff, 0x35, 0x80, 0x3c, 0xe0, 0x1f, 0xfc, 0x41,
    0xd0, 0xf, 0xfe, 0x10, 0xe0, 0x80, 0x7f, 0xf3,
    0xa8, 0x3, 0xd4, 0x1, 0xff, 0xc4, 0xb1, 0x0,
    0xff, 0xe0, 0x8e, 0x8, 0x7, 0xff, 0x3c, 0x8c,
    0x3, 0x11, 0x80, 0x7f, 0xf0, 0xcd, 0x40, 0x3f,
    0xf8, 0x23, 0x84, 0x1, 0xff, 0xd1, 0xa0, 0xc,
    0x80, 0x1f, 0xfc, 0x48, 0x0, 0xff, 0xe0, 0x8e,
    0x10, 0x7, 0xff, 0x49, 0x0, 0x36, 0x0, 0x7f,
    0xf0, 0xc9, 0x0, 0x3f, 0xf8, 0x3, 0x84, 0x1,
    0xff, 0xd3, 0x22, 0x0, 0x48, 0x1, 0xff, 0xc3,
    0xa0, 0xf, 0xfe, 0x0, 0xe1, 0x0, 0x7f, 0xf5,
    0x5c, 0x0, 0x22, 0x0, 0xff, 0xe1, 0xa0, 0x7,
    0xfc, 0x38, 0x40, 0x1f, 0xfc, 0x5a, 0x20, 0xf,
    0xfe, 0x1e, 0x80, 0x8, 0x3, 0xff, 0x88, 0x60,
    0x1f, 0xe1, 0xc2, 0x0, 0xff, 0xe2, 0xd2, 0xa0,
    0x7, 0xff, 0xc, 0xc0, 0xa, 0x1, 0xff, 0xc3,
    0x30, 0xf, 0xf0, 0xe1, 0x0, 0x7f, 0xf1, 0x69,
    0x43, 0xc0, 0x3f, 0xf8, 0x6c, 0x0, 0x10, 0xf,
    0xfe, 0x1b, 0x0, 0x7f, 0xe, 0x10, 0x7, 0xff,
    0x16, 0x94, 0x0, 0xa0, 0x1f, 0xfc, 0x32, 0x0,
    0x78, 0x7, 0xff, 0xc, 0x80, 0x3f, 0xe, 0x10,
    0x7, 0xff, 0x16, 0x54, 0x2, 0x10, 0xf, 0xfe,
    0x30, 0x80, 0x7f, 0xf2, 0xc7, 0x8, 0x3, 0xff,
    0x8b, 0x2c, 0x1, 0x8c, 0x3, 0xff, 0xad, 0xe0,
    0x1e, 0x1d, 0x20, 0xf, 0xfe, 0x2c, 0xb0, 0x7,
    0x8, 0x7, 0xff, 0x10, 0x40, 0x3f, 0xf8, 0xbe,
    0x1, 0xc3, 0xa6, 0x1, 0xff, 0xc5, 0x96, 0x0,
    0xf0, 0x80, 0x7f, 0xf1, 0x4, 0x4, 0x3, 0xff,
    0x86, 0x40, 0x18, 0x74, 0xc0, 0x3f, 0xf8, 0xb2,
    0xc0, 0x1f, 0xfc, 0xef, 0x0, 0xff, 0xe1, 0x88,
    0x6, 0xd3, 0x0, 0xff, 0xe2, 0xcb, 0x0, 0x7e,
    0x20, 0xf, 0xfe, 0x18, 0x80, 0x4, 0x3, 0xff,
    0x86, 0xc0, 0x16, 0x18, 0x7, 0xff, 0x16, 0x58,
    0x3, 0xf9, 0x80, 0x3f, 0xf8, 0x66, 0x0, 0x20,
    0xf, 0xfe, 0x19, 0x8, 0x61, 0x80, 0x7f, 0xf1,
    0x61, 0x80, 0x3f, 0xda, 0x1, 0xff, 0xc3, 0x70,
    0x2, 0x80, 0x7f, 0xf1, 0x13, 0xc, 0x3, 0xff,
    0x8b, 0xe, 0x1, 0xff, 0x20, 0x7, 0xff, 0xc,
    0x80, 0x2, 0x20, 0xf, 0xfe, 0x1d, 0x18, 0x7,
    0xff, 0x16, 0x1c, 0x3, 0xfe, 0x13, 0x0, 0xff,
    0xe1, 0xe8, 0x4, 0x80, 0x1f, 0xfd, 0x58, 0x70,
    0xf, 0xfe, 0x3, 0x80, 0x7f, 0xf1, 0x10, 0x2,
    0xc0, 0xf, 0xfe, 0xa4, 0x38, 0x7, 0xff, 0x6,
    0xc0, 0x3f, 0xf8, 0x64, 0x20, 0x13, 0x80, 0x7f,
    0xf4, 0xe1, 0xc0, 0x3f, 0xf8, 0x2a, 0x40, 0x1f,
    0xfc, 0x34, 0x0, 0xc2, 0x60, 0x1f, 0xfd, 0x18,
    0x70, 0xf, 0xfe, 0x14, 0x0, 0x7f, 0xf1, 0x28,
    0x3, 0xa8, 0x3, 0xff, 0xa1, 0xe, 0x1, 0xff,
    0xc2, 0x92, 0x0, 0xff, 0xe1, 0x91, 0x80, 0x73,
    0x8, 0x7, 0xff, 0x39, 0xdc, 0x1, 0xff, 0xc2,
    0x66, 0x0, 0x7f, 0xf1, 0x28, 0x3, 0xe6, 0x0,
    0xff, 0xe6, 0xbc, 0x0, 0x7f, 0xf0, 0x9a, 0x40,
    0x3f, 0xf8, 0xac, 0x1, 0xf4, 0x80, 0x7f, 0xf3,
    0x1e, 0x0, 0x3f, 0xf8, 0x51, 0x20, 0x1f, 0xfc,
    0x57, 0x10, 0xf, 0x85, 0xc0, 0x3f, 0xf9, 0x4f,
    0x0, 0x1f, 0xfc, 0x12, 0xc7, 0x0, 0xff, 0xe2,
    0x8c, 0x80, 0x7f, 0x40, 0x80, 0x7f, 0xf2, 0xe,
    0x0, 0x3f, 0xf8, 0x7, 0x5a, 0x60, 0x1f, 0xfc,
    0x68, 0x10, 0xf, 0xf5, 0x80, 0x7f, 0xf2, 0xf,
    0xed, 0xd0, 0x84, 0x4, 0x46, 0xd3, 0xb8, 0xa0,
    0x1f, 0xfc, 0x73, 0x60, 0xf, 0xfb, 0x80, 0x3f,
    0xf9, 0x49, 0x17, 0xbd, 0xfd, 0xcc, 0x96, 0x20,
    0xf, 0xfe, 0x4f, 0x0, 0x7f, 0xd6, 0x80, 0x1f,
    0xfe, 0xaa, 0x20, 0xf, 0xf5, 0xa0, 0x7, 0xff,
    0xa9, 0x94, 0x3, 0xfd, 0x68, 0x1, 0xff, 0xea,
    0x59, 0x0, 0xff, 0x5a, 0x0, 0x7f, 0xfa, 0x92,
    0x80, 0x3f, 0xd8, 0x80, 0x1f, 0xfe, 0xa6, 0xb0,
    0xf, 0xff, 0xb4, 0x48, 0x7, 0xff, 0x3, 0xc,
    0x3, 0xff, 0xce, 0x36, 0xe0, 0x1f, 0xfc, 0x2c,
    0x30, 0xf, 0xff, 0x2a, 0xfa, 0x0, 0x7f, 0xf1,
    0x30, 0xc0, 0x3f, 0xe7, 0x81, 0x0, 0xff, 0xea,
    0x15, 0xd0, 0x80, 0x7f, 0xf1, 0xb0, 0xc0, 0x3f,
    0x9e, 0x1f, 0x9c, 0x3, 0xff, 0xa2, 0x55, 0xa8,
    0x1, 0xff, 0xc9, 0xc3, 0x0, 0xf9, 0xe0, 0x2,
    0x8e, 0x93, 0x0, 0xff, 0xe6, 0x25, 0xea, 0x80,
    0x7f, 0xf3, 0x30, 0xc0, 0x39, 0xe0, 0x3, 0x85,
    0xb3, 0xa0, 0xc0, 0x3f, 0xf8, 0xc9, 0x3d, 0x68,
    0x1, 0xff, 0xcf, 0xc3, 0x0, 0x9e, 0x0, 0x3f,
    0x85, 0xf3, 0xee, 0x19, 0x8, 0x40, 0x21, 0x11,
    0x23, 0xce, 0x7d, 0xb0, 0x80, 0x7f, 0xf4, 0xb0,
    0xc1, 0xe0, 0x3, 0xff, 0x84, 0x8f, 0x37, 0xbd,
    0xff, 0x77, 0x36, 0xe1, 0x8c, 0x3, 0xff, 0xaf,
    0x93, 0x0, 0x1f, 0xfe, 0xd0,

    /* U+00D9 "Ù" */
    0x0, 0xff, 0xe4, 0xa0, 0x7, 0xff, 0xa0, 0xaf,
    0x4, 0x3, 0xff, 0xcd, 0xc0, 0x7e, 0x60, 0x1f,
    0xfe, 0x46, 0x30, 0x0, 0xe2, 0x80, 0x7f, 0xf8,
    0x86, 0x0, 0x3a, 0xa0, 0x3, 0xff, 0xc3, 0x62,
    0x1, 0xe7, 0xb0, 0xf, 0xfe, 0xfa, 0x28, 0x7,
    0xe4, 0xd2, 0x0, 0xff, 0xee, 0xc8, 0x7, 0xf8,
    0xb1, 0x0, 0x3f, 0xfb, 0x6e, 0x40, 0x1f, 0xf0,
    0xdb, 0x80, 0x7f, 0xf6, 0x4a, 0x0, 0x3f, 0xf8,
    0x51, 0x40, 0x1f, 0xfd, 0x89, 0x0, 0xff, 0xe2,
    0x2e, 0x8, 0x7, 0xff, 0x55, 0x50, 0x3, 0xff,
    0x8a, 0x7e, 0x60, 0x1f, 0xfd, 0x42, 0x10, 0xf,
    0xfe, 0x30, 0xe2, 0x80, 0x7f, 0xf4, 0xdf, 0xa4,
    0x80, 0x3f, 0xf8, 0xc4, 0x1, 0xff, 0xd5, 0x6d,
    0xb4, 0x0, 0xff, 0xe1, 0x93, 0x80, 0x7f, 0xf5,
    0xd2, 0xf5, 0x80, 0x3f, 0xf8, 0x32, 0x1, 0xff,
    0xda, 0x29, 0xe8, 0x10, 0xf, 0xe4, 0x40, 0x7,
    0xff, 0x70, 0x5f, 0xa4, 0x80, 0x3e, 0x90, 0xf,
    0xff, 0x3, 0x6d, 0xa0, 0x6, 0x62, 0x0, 0xff,
    0xf1, 0x25, 0xeb, 0x0, 0xc0, 0x7, 0xff, 0x94,
    0xa7, 0xb4, 0x40, 0x3f, 0xfc, 0xe2, 0x60, 0x1f,
    0xff, 0xf0, 0xf, 0xff, 0xf8, 0x7, 0xff, 0x55,
    0xbf, 0xff, 0xf8, 0x66, 0x1, 0xff, 0xc9, 0xff,
    0xff, 0xe1, 0xe8, 0x7, 0xff, 0xfc, 0x3, 0xff,
    0xfe, 0x1, 0xff, 0xff, 0x0, 0xff, 0xff, 0x80,
    0x7f, 0xff, 0xc0, 0x3f, 0xff, 0xe0, 0x1f, 0xff,
    0xf0, 0xf, 0xff, 0xf8, 0x7, 0xff, 0xfc, 0x3,
    0xff, 0xfe, 0x1, 0xff, 0xff, 0x0, 0xff, 0xff,
    0x80, 0x7f, 0xff, 0xc0, 0x3f, 0xff, 0xe0, 0x1f,
    0xff, 0xf0, 0xf, 0xff, 0xf8, 0x7, 0xff, 0xfc,
    0x3, 0xff, 0xfe, 0x1, 0xff, 0xff, 0x0, 0xff,
    0xff, 0x80, 0x7f, 0xff, 0xc0, 0x3f, 0xff, 0xe0,
    0x1f, 0xff, 0xf0, 0xf, 0xff, 0xf8, 0x7, 0xff,
    0xfc, 0x3, 0xff, 0xfe, 0x1, 0xff, 0xe3, 0x13,
    0x0, 0xff, 0xe1, 0xb8, 0x7, 0xff, 0x61, 0xc4,
    0x3, 0xff, 0x86, 0x20, 0x1f, 0xfc, 0x81, 0x0,
    0xff, 0xe1, 0x8b, 0x80, 0x7f, 0xf0, 0xcc, 0x3,
    0xff, 0x90, 0x40, 0x1f, 0xfc, 0x42, 0x0, 0xff,
    0xe1, 0xe0, 0x7, 0xff, 0x21, 0x40, 0x3f, 0xf8,
    0x64, 0x22, 0x0, 0xff, 0xe1, 0x20, 0x7, 0xff,
    0x23, 0x0, 0x3f, 0xf8, 0x7a, 0xa, 0x1, 0xff,
    0xc2, 0x15, 0x0, 0xff, 0xe3, 0x12, 0x80, 0x7f,
    0xf0, 0xdc, 0xc, 0x3, 0xff, 0x87, 0x0, 0x1f,
    0xfc, 0x68, 0x0, 0xff, 0xe1, 0x89, 0x5, 0x80,
    0x7f, 0xf0, 0xca, 0xc0, 0x3f, 0xf8, 0x8c, 0xa0,
    0x1f, 0xfc, 0x37, 0x0, 0x18, 0x80, 0x7f, 0xf0,
    0xd2, 0xc4, 0x3, 0xff, 0x82, 0xd2, 0x1, 0xff,
    0xc4, 0xd0, 0x9, 0x80, 0x3f, 0xf8, 0x89, 0xea,
    0x1, 0xfe, 0x2a, 0x90, 0xf, 0xfe, 0x20, 0xa0,
    0x5, 0x20, 0x1f, 0xfc, 0x51, 0xad, 0x84, 0x10,
    0x0, 0x93, 0x5e, 0xa8, 0x7, 0xff, 0x16, 0x40,
    0x30, 0xb0, 0x7, 0xff, 0x18, 0x9e, 0xfb, 0xfd,
    0xdb, 0x28, 0x1, 0xff, 0xc7, 0x60, 0xe, 0xb0,
    0xf, 0xff, 0x13, 0x88, 0x7, 0x14, 0x0, 0x7f,
    0xf8, 0xa, 0x0, 0x3e, 0x73, 0x0, 0xff, 0xef,
    0xf0, 0x7, 0xf7, 0x8, 0x7, 0xff, 0x75, 0xcc,
    0x3, 0xf8, 0xb4, 0x3, 0xff, 0xb8, 0xd0, 0x1,
    0xff, 0x1d, 0x0, 0x7f, 0xf6, 0x92, 0x40, 0x3f,
    0xf8, 0x2b, 0x60, 0x1f, 0xfd, 0x86, 0xb0, 0xf,
    0xfe, 0x1a, 0x68, 0x80, 0x7f, 0xf5, 0x62, 0x40,
    0x3f, 0xf8, 0xa5, 0xcc, 0x1, 0xff, 0xd2, 0x2c,
    0x70, 0xf, 0xfe, 0x44, 0xe1, 0x80, 0x7f, 0xf3,
    0xe3, 0x4c, 0x3, 0xff, 0x94, 0x79, 0x68, 0x1,
    0xff, 0xca, 0x18, 0xe7, 0x0, 0xff, 0xe7, 0x25,
    0xec, 0x18, 0x7, 0xff, 0x10, 0x56, 0xb9, 0xc4,
    0x3, 0xff, 0xa2, 0x4f, 0x9d, 0x70, 0xa6, 0x42,
    0x0, 0x11, 0x12, 0x3c, 0xe7, 0x52, 0x80, 0x7f,
    0xf1, 0x0,

    /* U+00DA "Ú" */
    0x0, 0xff, 0xff, 0x80, 0x7f, 0x4c, 0x80, 0x3f,
    0xfc, 0xc3, 0x6c, 0xc3, 0x0, 0xff, 0xf2, 0x16,
    0x20, 0x3, 0xc0, 0x3f, 0xfc, 0x6b, 0xa4, 0x1,
    0x1b, 0x0, 0x7f, 0xf8, 0x62, 0x80, 0x3d, 0x22,
    0x1, 0xff, 0xdf, 0xb7, 0x0, 0xfd, 0x60, 0x1f,
    0xfd, 0xd2, 0xd4, 0x0, 0xfe, 0x54, 0x0, 0xff,
    0xed, 0xa6, 0x90, 0x7, 0xfd, 0x20, 0x1f, 0xfd,
    0xa7, 0xb0, 0xf, 0xfe, 0x9, 0x38, 0x7, 0xff,
    0x62, 0xa0, 0x3, 0xff, 0x87, 0x4, 0x1, 0xff,
    0xd5, 0x2d, 0x50, 0xf, 0xfe, 0x2c, 0x80, 0x7f,
    0xf5, 0x13, 0x8, 0x3, 0xff, 0x8c, 0x88, 0x0,
    0xff, 0xe9, 0xd8, 0x80, 0x7f, 0xf1, 0x97, 0x10,
    0x3, 0xff, 0xa6, 0xe0, 0x1f, 0xfc, 0x56, 0xda,
    0x30, 0xf, 0xfe, 0xa4, 0x8, 0x7, 0xff, 0x4,
    0xa3, 0xe4, 0x80, 0x3f, 0xfa, 0xf6, 0x1, 0xff,
    0x1d, 0x6b, 0x80, 0x7f, 0xf6, 0x94, 0xc0, 0x3f,
    0x2e, 0x61, 0x40, 0x3f, 0xfb, 0xbe, 0x1, 0xc2,
    0xfd, 0x46, 0x1, 0xff, 0xdf, 0x36, 0x0, 0x14,
    0xf4, 0x8, 0x7, 0xff, 0x8a, 0x12, 0xf5, 0x80,
    0x3f, 0xfc, 0xa3, 0x68, 0x1, 0xff, 0xff, 0x0,
    0xff, 0xff, 0x80, 0x7f, 0xf8, 0x1b, 0xff, 0xff,
    0x86, 0x60, 0x1f, 0xfc, 0x9f, 0xff, 0xfe, 0x1e,
    0x80, 0x7f, 0xff, 0xc0, 0x3f, 0xff, 0xe0, 0x1f,
    0xff, 0xf0, 0xf, 0xff, 0xf8, 0x7, 0xff, 0xfc,
    0x3, 0xff, 0xfe, 0x1, 0xff, 0xff, 0x0, 0xff,
    0xff, 0x80, 0x7f, 0xff, 0xc0, 0x3f, 0xff, 0xe0,
    0x1f, 0xff, 0xf0, 0xf, 0xff, 0xf8, 0x7, 0xff,
    0xfc, 0x3, 0xff, 0xfe, 0x1, 0xff, 0xff, 0x0,
    0xff, 0xff, 0x80, 0x7f, 0xff, 0xc0, 0x3f, 0xff,
    0xe0, 0x1f, 0xff, 0xf0, 0xf, 0xff, 0xf8, 0x7,
    0xff, 0xfc, 0x3, 0xff, 0xfe, 0x1, 0xff, 0xff,
    0x0, 0xff, 0xff, 0x80, 0x7f, 0xff, 0xc0, 0x3f,
    0xff, 0xe0, 0x1f, 0xfe, 0x31, 0x30, 0xf, 0xfe,
    0x1b, 0x80, 0x7f, 0xf6, 0x1c, 0x40, 0x3f, 0xf8,
    0x62, 0x1, 0xff, 0xc8, 0x10, 0xf, 0xfe, 0x18,
    0xb8, 0x7, 0xff, 0xc, 0xc0, 0x3f, 0xf9, 0x4,
    0x1, 0xff, 0xc4, 0x20, 0xf, 0xfe, 0x1e, 0x0,
    0x7f, 0xf2, 0x14, 0x3, 0xff, 0x86, 0x42, 0x20,
    0xf, 0xfe, 0x12, 0x0, 0x7f, 0xf2, 0x30, 0x3,
    0xff, 0x87, 0xa0, 0xa0, 0x1f, 0xfc, 0x21, 0x50,
    0xf, 0xfe, 0x31, 0x28, 0x7, 0xff, 0xd, 0xc0,
    0xc0, 0x3f, 0xf8, 0x70, 0x1, 0xff, 0xc6, 0x80,
    0xf, 0xfe, 0x18, 0x90, 0x58, 0x7, 0xff, 0xc,
    0xac, 0x3, 0xff, 0x88, 0xca, 0x1, 0xff, 0xc3,
    0x70, 0x1, 0x88, 0x7, 0xff, 0xd, 0x2c, 0x40,
    0x3f, 0xf8, 0x2d, 0x20, 0x1f, 0xfc, 0x4d, 0x0,
    0x98, 0x3, 0xff, 0x88, 0x9e, 0xa0, 0x1f, 0xe2,
    0xa9, 0x0, 0xff, 0xe2, 0xa, 0x0, 0x52, 0x1,
    0xff, 0xc5, 0x1a, 0xd8, 0x41, 0x0, 0x9, 0x35,
    0xea, 0x80, 0x7f, 0xf1, 0x64, 0x3, 0xb, 0x0,
    0x7f, 0xf1, 0x89, 0xef, 0xbf, 0xdd, 0xb2, 0x80,
    0x1f, 0xfc, 0x76, 0x0, 0xeb, 0x0, 0xff, 0xf1,
    0x38, 0x80, 0x71, 0x40, 0x7, 0xff, 0x80, 0xa0,
    0x3, 0xe7, 0x30, 0xf, 0xfe, 0xff, 0x0, 0x7f,
    0x70, 0x80, 0x7f, 0xf7, 0x5c, 0xc0, 0x3f, 0x8b,
    0x40, 0x3f, 0xfb, 0x8d, 0x0, 0x1f, 0xf1, 0xd0,
    0x7, 0xff, 0x69, 0x24, 0x3, 0xff, 0x82, 0xb6,
    0x1, 0xff, 0xd8, 0x6b, 0x0, 0xff, 0xe1, 0xa6,
    0x88, 0x7, 0xff, 0x56, 0x24, 0x3, 0xff, 0x8a,
    0x5c, 0xc0, 0x1f, 0xfd, 0x22, 0xc7, 0x0, 0xff,
    0xe4, 0x4e, 0x18, 0x7, 0xff, 0x3e, 0x34, 0xc0,
    0x3f, 0xf9, 0x47, 0x96, 0x80, 0x1f, 0xfc, 0xa1,
    0x8e, 0x70, 0xf, 0xfe, 0x72, 0x5e, 0xc1, 0x80,
    0x7f, 0xf1, 0x5, 0x6b, 0x9c, 0x40, 0x3f, 0xfa,
    0x24, 0xf9, 0xd7, 0xa, 0x64, 0x20, 0x1, 0x11,
    0x23, 0xce, 0x75, 0x28, 0x7, 0xff, 0x10,

    /* U+00DB "Û" */
    0x0, 0xff, 0xe5, 0x37, 0xff, 0xe9, 0x0, 0xff,
    0xef, 0xbc, 0x80, 0x7e, 0x6a, 0x0, 0xff, 0xee,
    0xc4, 0x0, 0x3f, 0xcb, 0x60, 0x1f, 0xfd, 0xb9,
    0x70, 0xf, 0xfe, 0x2, 0x60, 0x7, 0xff, 0x66,
    0x98, 0x3, 0xff, 0x84, 0x78, 0x20, 0x1f, 0xfd,
    0x6b, 0x50, 0xf, 0xfe, 0x21, 0xe0, 0x80, 0x7f,
    0xf5, 0x2d, 0x0, 0x3f, 0xf8, 0xc5, 0x84, 0x1,
    0xff, 0xd1, 0x1c, 0x40, 0xf, 0xfe, 0x41, 0x61,
    0x0, 0x7f, 0xf3, 0xc7, 0xc, 0x3, 0xff, 0x94,
    0x38, 0x60, 0x1f, 0xfc, 0xd1, 0xc2, 0x0, 0xff,
    0xe6, 0xe, 0x18, 0x7, 0xff, 0x2c, 0xbc, 0x80,
    0x3f, 0xf9, 0xf8, 0x80, 0x1f, 0xfc, 0x92, 0xc1,
    0x0, 0xff, 0xe8, 0xda, 0x80, 0x7f, 0xf2, 0x30,
    0x40, 0x3f, 0xf8, 0x23, 0x36, 0x60, 0x1f, 0xfc,
    0x2a, 0x30, 0xf, 0xfe, 0x3b, 0x0, 0x7f, 0xf0,
    0x5f, 0x99, 0x32, 0x84, 0x3, 0xff, 0x80, 0x66,
    0x0, 0xff, 0xe3, 0xc1, 0x0, 0x7f, 0x9b, 0xa0,
    0x3, 0x2f, 0x40, 0x7, 0xfd, 0xc0, 0x1f, 0xfc,
    0x9e, 0x0, 0xfc, 0xbb, 0x22, 0x1, 0xf3, 0xf3,
    0x0, 0x7e, 0x92, 0x0, 0xff, 0xe4, 0x9b, 0x80,
    0x72, 0x65, 0x10, 0x7, 0xf8, 0x67, 0x54, 0x3,
    0x8d, 0x80, 0x3f, 0xf9, 0x70, 0x60, 0x3, 0xbb,
    0x18, 0x7, 0xff, 0x8, 0xab, 0xc, 0x2, 0xe0,
    0xf, 0xfe, 0x6f, 0x15, 0x62, 0x0, 0x7f, 0xf1,
    0x8f, 0x28, 0xa4, 0x80, 0x3f, 0xf9, 0xa5, 0xaa,
    0x1, 0xff, 0xca, 0x5d, 0x60, 0xf, 0xff, 0xf8,
    0x7, 0xff, 0xfc, 0x3, 0xff, 0x9a, 0xdf, 0xff,
    0xfc, 0x33, 0x0, 0xff, 0xe4, 0xff, 0xff, 0xf0,
    0xf4, 0x3, 0xff, 0xfe, 0x1, 0xff, 0xff, 0x0,
    0xff, 0xff, 0x80, 0x7f, 0xff, 0xc0, 0x3f, 0xff,
    0xe0, 0x1f, 0xff, 0xf0, 0xf, 0xff, 0xf8, 0x7,
    0xff, 0xfc, 0x3, 0xff, 0xfe, 0x1, 0xff, 0xff,
    0x0, 0xff, 0xff, 0x80, 0x7f, 0xff, 0xc0, 0x3f,
    0xff, 0xe0, 0x1f, 0xff, 0xf0, 0xf, 0xff, 0xf8,
    0x7, 0xff, 0xfc, 0x3, 0xff, 0xfe, 0x1, 0xff,
    0xff, 0x0, 0xff, 0xff, 0x80, 0x7f, 0xff, 0xc0,
    0x3f, 0xff, 0xe0, 0x1f, 0xff, 0xf0, 0xf, 0xff,
    0xf8, 0x7, 0xff, 0xfc, 0x3, 0xff, 0xfe, 0x1,
    0xff, 0xff, 0x0, 0xff, 0xf1, 0x89, 0x80, 0x7f,
    0xf0, 0xdc, 0x3, 0xff, 0xb0, 0xe2, 0x1, 0xff,
    0xc3, 0x10, 0xf, 0xfe, 0x40, 0x80, 0x7f, 0xf0,
    0xc5, 0xc0, 0x3f, 0xf8, 0x66, 0x1, 0xff, 0xc8,
    0x20, 0xf, 0xfe, 0x21, 0x0, 0x7f, 0xf0, 0xf0,
    0x3, 0xff, 0x90, 0xa0, 0x1f, 0xfc, 0x32, 0x11,
    0x0, 0x7f, 0xf0, 0x90, 0x3, 0xff, 0x91, 0x80,
    0x1f, 0xfc, 0x3d, 0x5, 0x0, 0xff, 0xe1, 0xa,
    0x80, 0x7f, 0xf1, 0x89, 0x40, 0x3f, 0xf8, 0x6e,
    0x6, 0x1, 0xff, 0xc3, 0x80, 0xf, 0xfe, 0x34,
    0x0, 0x7f, 0xf0, 0xc4, 0x82, 0xc0, 0x3f, 0xf8,
    0x65, 0x60, 0x1f, 0xfc, 0x46, 0x50, 0xf, 0xfe,
    0x1b, 0x80, 0xc, 0x40, 0x3f, 0xf8, 0x69, 0x62,
    0x1, 0xff, 0xc1, 0x69, 0x0, 0xff, 0xe2, 0x68,
    0x4, 0xc0, 0x1f, 0xfc, 0x44, 0xf5, 0x0, 0xff,
    0x15, 0x48, 0x7, 0xff, 0x10, 0x50, 0x2, 0x90,
    0xf, 0xfe, 0x28, 0xd6, 0xc2, 0x8, 0x0, 0x49,
    0xaf, 0x54, 0x3, 0xff, 0x8b, 0x20, 0x18, 0x58,
    0x3, 0xff, 0x8c, 0x4f, 0x7d, 0xfe, 0xed, 0x94,
    0x0, 0xff, 0xe3, 0xb0, 0x7, 0x58, 0x7, 0xff,
    0x89, 0xc4, 0x3, 0x8a, 0x0, 0x3f, 0xfc, 0x5,
    0x0, 0x1f, 0x39, 0x80, 0x7f, 0xf7, 0xf8, 0x3,
    0xfb, 0x84, 0x3, 0xff, 0xba, 0xe6, 0x1, 0xfc,
    0x5a, 0x1, 0xff, 0xdc, 0x68, 0x0, 0xff, 0x8e,
    0x80, 0x3f, 0xfb, 0x49, 0x20, 0x1f, 0xfc, 0x15,
    0xb0, 0xf, 0xfe, 0xc3, 0x58, 0x7, 0xff, 0xd,
    0x34, 0x40, 0x3f, 0xfa, 0xb1, 0x20, 0x1f, 0xfc,
    0x52, 0xe6, 0x0, 0xff, 0xe9, 0x16, 0x38, 0x7,
    0xff, 0x22, 0x70, 0xc0, 0x3f, 0xf9, 0xf1, 0xa6,
    0x1, 0xff, 0xca, 0x3c, 0xb4, 0x0, 0xff, 0xe5,
    0xc, 0x73, 0x80, 0x7f, 0xf3, 0x92, 0xf6, 0xc,
    0x3, 0xff, 0x88, 0x2b, 0x5c, 0xe2, 0x1, 0xff,
    0xd1, 0x27, 0xce, 0xb8, 0x53, 0x21, 0x0, 0x8,
    0x89, 0x1e, 0x73, 0xa9, 0x40, 0x3f, 0xf8, 0x80,

    /* U+00DC "Ü" */
    0x0, 0xff, 0xe1, 0x92, 0x20, 0xc0, 0x3f, 0xf8,
    0x84, 0x88, 0x30, 0xf, 0xfe, 0x83, 0x6e, 0xae,
    0xd9, 0xf6, 0x60, 0x1f, 0xf4, 0x76, 0xdd, 0xb3,
    0xe4, 0x40, 0x3f, 0xf9, 0x63, 0x92, 0x40, 0x1c,
    0x98, 0xc0, 0x1f, 0x8b, 0x5c, 0x40, 0x39, 0xb9,
    0x0, 0x3f, 0xf9, 0x5a, 0x60, 0x1f, 0xd2, 0xc0,
    0x1e, 0x1c, 0x20, 0xf, 0xeb, 0x30, 0xf, 0xfe,
    0x44, 0x18, 0x7, 0xfd, 0x24, 0x1, 0xd4, 0x20,
    0x1f, 0xf6, 0x80, 0x7f, 0xf1, 0xc5, 0xc0, 0x3f,
    0xf8, 0x30, 0x1, 0x91, 0x0, 0x1f, 0xfc, 0x1,
    0x70, 0xf, 0xfe, 0x33, 0x80, 0x7f, 0xf0, 0x94,
    0x3, 0x68, 0x7, 0xff, 0xa, 0xc0, 0x3f, 0xf8,
    0xde, 0x1, 0xff, 0xc3, 0x20, 0x9, 0x40, 0x3f,
    0xf8, 0x46, 0x1, 0xff, 0xc6, 0x20, 0xf, 0xfe,
    0x1b, 0x0, 0x44, 0x1, 0xff, 0xc3, 0x10, 0xf,
    0xfe, 0x28, 0x80, 0x7f, 0xf0, 0xdc, 0x2, 0x30,
    0xf, 0xfe, 0x18, 0x80, 0x7f, 0xf1, 0x48, 0x3,
    0xff, 0x86, 0x20, 0x13, 0x0, 0x7f, 0xf5, 0x70,
    0x3, 0xff, 0x84, 0x44, 0x0, 0xb0, 0x3, 0xff,
    0x84, 0xa0, 0x1f, 0xfc, 0x64, 0x10, 0xf, 0xfe,
    0xd, 0x0, 0x66, 0x0, 0xff, 0xe1, 0x70, 0x7,
    0xff, 0x1e, 0xc0, 0x3f, 0xf8, 0x4, 0xe0, 0x18,
    0x5c, 0x3, 0xff, 0x80, 0x88, 0x0, 0xff, 0xe3,
    0xab, 0x80, 0x7f, 0x87, 0xc0, 0x3d, 0x8, 0x1,
    0xfe, 0x2a, 0x0, 0xff, 0xe4, 0xc4, 0x0, 0x3f,
    0x16, 0x10, 0x7, 0xd6, 0xc0, 0x1f, 0x93, 0x4,
    0x3, 0xff, 0x94, 0xfc, 0xe6, 0x20, 0x29, 0x5a,
    0x40, 0x1f, 0xd3, 0x8c, 0x40, 0x2, 0x5b, 0xb0,
    0x80, 0x7f, 0xf3, 0x6, 0x33, 0xbf, 0xad, 0x40,
    0x3f, 0xf8, 0x7, 0x3b, 0xfe, 0xda, 0x40, 0xf,
    0xff, 0xf8, 0x7, 0xff, 0xfc, 0x3, 0xff, 0x9a,
    0x28, 0x9f, 0xfc, 0x30, 0xf, 0xfe, 0x52, 0x27,
    0xff, 0xc, 0xde, 0xef, 0xff, 0x86, 0x60, 0x1f,
    0xfc, 0x9b, 0xbf, 0xfe, 0x1f, 0x0, 0x7f, 0xff,
    0xc0, 0x3f, 0xff, 0xe0, 0x1f, 0xff, 0xf0, 0xf,
    0xff, 0xf8, 0x7, 0xff, 0xfc, 0x3, 0xff, 0xfe,
    0x1, 0xff, 0xff, 0x0, 0xff, 0xff, 0x80, 0x7f,
    0xff, 0xc0, 0x3f, 0xff, 0xe0, 0x1f, 0xff, 0xf0,
    0xf, 0xff, 0xf8, 0x7, 0xff, 0xfc, 0x3, 0xff,
    0xfe, 0x1, 0xff, 0xff, 0x0, 0xff, 0xff, 0x80,
    0x7f, 0xff, 0xc0, 0x3f, 0xff, 0xe0, 0x1f, 0xff,
    0xf0, 0xf, 0xff, 0xf8, 0x7, 0xff, 0xfc, 0x3,
    0xff, 0xfe, 0x1, 0xff, 0xff, 0x0, 0xff, 0xff,
    0x80, 0x7f, 0xff, 0xc0, 0x3f, 0xff, 0xe0, 0x1f,
    0xfe, 0x31, 0x30, 0xf, 0xfe, 0x1b, 0x80, 0x7f,
    0xf6, 0x1c, 0x40, 0x3f, 0xf8, 0x62, 0x1, 0xff,
    0xc8, 0x10, 0xf, 0xfe, 0x18, 0xb8, 0x7, 0xff,
    0xc, 0xc0, 0x3f, 0xf9, 0x4, 0x1, 0xff, 0xc3,
    0x32, 0x0, 0xff, 0xe1, 0xe0, 0x7, 0xff, 0x21,
    0x40, 0x3f, 0xf8, 0x7c, 0x22, 0x0, 0xff, 0xe1,
    0x20, 0x7, 0xff, 0x23, 0x40, 0x3f, 0xf8, 0x66,
    0xa, 0x1, 0xff, 0xc2, 0x16, 0x0, 0xff, 0xe3,
    0x12, 0x0, 0x7f, 0xf0, 0xd4, 0x30, 0x3, 0xff,
    0x87, 0x0, 0x1f, 0xfc, 0x68, 0x0, 0xff, 0xe1,
    0x88, 0x81, 0x40, 0x3f, 0xf8, 0x63, 0x60, 0x1f,
    0xfc, 0x46, 0x50, 0xf, 0xfe, 0x1b, 0x80, 0x8,
    0x80, 0x1f, 0xfc, 0x34, 0xb1, 0x0, 0xff, 0xe0,
    0xb4, 0x80, 0x7f, 0xf1, 0x34, 0x2, 0x50, 0xf,
    0xfe, 0x22, 0x7a, 0x80, 0x7f, 0x8a, 0xe4, 0x3,
    0xff, 0x88, 0x28, 0x1, 0x48, 0x7, 0xff, 0x14,
    0x6b, 0x61, 0x4, 0x0, 0x24, 0xd7, 0xa8, 0x1,
    0xff, 0xc5, 0x90, 0xc, 0x2c, 0x1, 0xff, 0xc6,
    0x27, 0xbe, 0xff, 0x76, 0xca, 0x0, 0x7f, 0xf1,
    0x85, 0xc0, 0x3a, 0x0, 0x3f, 0xfc, 0x52, 0x1,
    0xe1, 0x90, 0xf, 0xff, 0x1, 0x38, 0x7, 0xcc,
    0x60, 0x1f, 0xfd, 0xfe, 0x0, 0xfe, 0xe1, 0x0,
    0xff, 0xee, 0xc1, 0x80, 0x7f, 0x16, 0x80, 0x7f,
    0xf7, 0x19, 0xc0, 0x3f, 0xe3, 0xb0, 0xf, 0xfe,
    0xd2, 0xc8, 0x7, 0xff, 0x5, 0x2c, 0x40, 0x3f,
    0xfa, 0xed, 0x40, 0x1f, 0xfc, 0x34, 0xc2, 0x0,
    0xff, 0xea, 0xc4, 0x80, 0x7f, 0xf1, 0x4b, 0x58,
    0x3, 0xff, 0xa4, 0x58, 0xe0, 0x1f, 0xfc, 0x89,
    0xc3, 0x0, 0xff, 0xe7, 0xc6, 0x98, 0x7, 0xff,
    0x28, 0xf2, 0xd0, 0x3, 0xff, 0x94, 0x31, 0xee,
    0x1, 0xff, 0xce, 0x4b, 0xd8, 0x30, 0xf, 0xfe,
    0x20, 0xb5, 0x73, 0x80, 0x7f, 0xf4, 0x89, 0xf3,
    0xae, 0x14, 0xc8, 0x40, 0x2, 0x22, 0x47, 0x9c,
    0xe9, 0x50, 0xf, 0xfe, 0x20,

    /* U+00DD "Ý" */
    0x0, 0xff, 0xeb, 0x28, 0x7, 0xff, 0xb8, 0x6e,
    0x90, 0x3, 0xff, 0xd8, 0x7e, 0x81, 0x20, 0x1f,
    0xfe, 0xb5, 0xc1, 0x0, 0x14, 0x0, 0x7f, 0xfa,
    0x62, 0x80, 0x39, 0xc8, 0x3, 0xff, 0xcf, 0x6e,
    0x1, 0xf4, 0x80, 0x7f, 0xf9, 0x4b, 0x50, 0x3,
    0xf2, 0x28, 0x7, 0xff, 0x8d, 0x34, 0x80, 0x3f,
    0xd6, 0x1, 0xff, 0xe2, 0x7b, 0x0, 0xff, 0xe0,
    0xc, 0x80, 0x7f, 0xf8, 0x2a, 0x0, 0x3f, 0xf8,
    0x4c, 0x60, 0x1f, 0xfd, 0xd2, 0xd5, 0x0, 0xff,
    0xe2, 0x78, 0x7, 0xff, 0x71, 0x30, 0x80, 0x3f,
    0xf8, 0xa6, 0xc0, 0x1f, 0xfd, 0xa6, 0xb1, 0x0,
    0xff, 0xe3, 0x8, 0x7, 0xff, 0xb8, 0xeb, 0x98,
    0x3, 0xff, 0xb4, 0xc4, 0x1, 0xff, 0xc3, 0x5c,
    0xc2, 0x80, 0x7f, 0xf7, 0x64, 0x3, 0xff, 0x82,
    0xfb, 0x46, 0x1, 0xff, 0xdf, 0x45, 0x0, 0xfe,
    0x28, 0xf8, 0x20, 0xf, 0xff, 0x14, 0x0, 0x7c,
    0x75, 0xae, 0x1, 0xff, 0xe5, 0x27, 0x0, 0xcb,
    0x98, 0x50, 0xf, 0xff, 0x44, 0x8, 0x9f, 0xa8,
    0xc0, 0x3f, 0xfd, 0x79, 0xd0, 0x20, 0x1f, 0xfe,
    0xd2, 0x0, 0xff, 0xff, 0x80, 0x7f, 0xff, 0xc0,
    0x3f, 0xcf, 0x11, 0xff, 0xc4, 0x70, 0xf, 0xfe,
    0x5a, 0x44, 0x7f, 0xf1, 0x1c, 0x43, 0x9d, 0xff,
    0xf8, 0x90, 0xc0, 0x1f, 0xfc, 0xaa, 0x77, 0xff,
    0xe2, 0x68, 0x84, 0x8, 0x7, 0xff, 0x12, 0x0,
    0x3f, 0xf9, 0x30, 0x20, 0x1f, 0xfc, 0x4b, 0x0,
    0xc, 0x0, 0x7f, 0xf1, 0x6, 0x0, 0x3f, 0xf8,
    0xe2, 0xe0, 0x1f, 0xfc, 0x48, 0x10, 0x9, 0x88,
    0x3, 0xff, 0x88, 0xe2, 0x1, 0xff, 0xc6, 0xb0,
    0xf, 0xfe, 0x21, 0x38, 0x7, 0x70, 0x7, 0xff,
    0x16, 0x0, 0x3f, 0xf8, 0xa6, 0xa0, 0x1f, 0xfc,
    0x49, 0x0, 0xf1, 0xa8, 0x7, 0xff, 0x11, 0x8c,
    0x3, 0xff, 0x89, 0xe0, 0x1f, 0xfc, 0x44, 0x40,
    0x7, 0xd6, 0x1, 0xff, 0xc5, 0x80, 0xf, 0xfe,
    0x1a, 0x98, 0x7, 0xff, 0x12, 0x40, 0x3f, 0xc,
    0x0, 0x7f, 0xf1, 0x11, 0x0, 0x1f, 0xfc, 0x28,
    0x0, 0xff, 0xe2, 0x41, 0x0, 0x7f, 0x39, 0x0,
    0x7f, 0xf1, 0x24, 0x3, 0xff, 0x82, 0xe4, 0x1,
    0xff, 0xc3, 0x27, 0x0, 0xff, 0xa4, 0x3, 0xff,
    0x88, 0x4c, 0x1, 0xff, 0xc, 0x80, 0x7f, 0xf1,
    0x24, 0x3, 0xff, 0x80, 0x8a, 0x1, 0xff, 0xc4,
    0x80, 0xf, 0xfa, 0x44, 0x3, 0xff, 0x86, 0x88,
    0x0, 0xff, 0xe0, 0xd8, 0x7, 0xff, 0x10, 0x60,
    0x3, 0xf8, 0x9c, 0x3, 0xff, 0x89, 0x20, 0x1f,
    0xfc, 0x21, 0x80, 0xf, 0xfe, 0x23, 0x90, 0x7,
    0xe8, 0x0, 0xff, 0xe2, 0x41, 0x0, 0x7f, 0xf0,
    0xdc, 0x80, 0x3f, 0xf8, 0x90, 0x1, 0xf1, 0xa8,
    0x7, 0xff, 0xc, 0x9c, 0x3, 0xff, 0x8b, 0x20,
    0x1f, 0xfc, 0x45, 0x30, 0xf, 0x78, 0x7, 0xff,
    0x12, 0x40, 0x3f, 0xf8, 0xc8, 0x80, 0xf, 0xfe,
    0x27, 0x80, 0x72, 0x98, 0x7, 0xff, 0xd, 0x10,
    0x1, 0xff, 0xc7, 0x90, 0xf, 0xfe, 0x21, 0xa8,
    0x6, 0xb0, 0xf, 0xfe, 0x24, 0x80, 0x7f, 0xf2,
    0x9, 0xc0, 0x3f, 0xf8, 0x90, 0x1, 0x38, 0x80,
    0x7f, 0xf0, 0xdc, 0x80, 0x3f, 0xf9, 0x30, 0x20,
    0x1f, 0xfc, 0x32, 0x70, 0x18, 0x0, 0xff, 0xe1,
    0x94, 0x0, 0x7f, 0xf2, 0xec, 0x3, 0xff, 0x89,
    0x3, 0x0, 0x1f, 0xfc, 0x49, 0x0, 0xff, 0xe6,
    0x2a, 0x0, 0x7f, 0xf1, 0x29, 0x80, 0x3f, 0xf8,
    0x68, 0x80, 0xf, 0xfe, 0x6c, 0x80, 0x7f, 0xf1,
    0x10, 0x3, 0xff, 0x89, 0x20, 0x1f, 0xfc, 0xe2,
    0x70, 0xf, 0xfe, 0x9b, 0x90, 0x7, 0xff, 0x3e,
    0x4, 0x3, 0xff, 0xa2, 0x30, 0x1, 0xff, 0xd1,
    0xb0, 0xf, 0xfe, 0x8d, 0x80, 0x7f, 0xf4, 0x94,
    0xc0, 0x3f, 0xf9, 0xe8, 0xa0, 0x1f, 0xfd, 0x3e,
    0x0, 0xff, 0xe7, 0xc8, 0x7, 0xff, 0x50, 0x98,
    0x3, 0xff, 0x9a, 0xe4, 0x1, 0xff, 0xd5, 0x91,
    0x0, 0xff, 0xe5, 0x8c, 0x0, 0x7f, 0xf5, 0xe0,
    0x3, 0xff, 0x97, 0x60, 0x1f, 0xfd, 0x86, 0x30,
    0xf, 0xfe, 0x4a, 0x28, 0x7, 0xff, 0x67, 0xc0,
    0x3f, 0xf9, 0x32, 0x1, 0xff, 0xda, 0x36, 0x0,
    0xff, 0xe3, 0xb9, 0x0, 0x7f, 0xf6, 0xe0, 0x40,
    0x3f, 0xf8, 0xa3, 0x0, 0x1f, 0xfd, 0xc1, 0x80,
    0xf, 0xfe, 0x2d, 0x80, 0x7f, 0xf7, 0x98, 0xc0,
    0x3f, 0xf8, 0x68, 0xa0, 0x1f, 0xfd, 0xf8, 0x0,
    0xff, 0xe1, 0x98, 0x7, 0xff, 0x81, 0xc0, 0x3f,
    0xff, 0xe0, 0x1f, 0xff, 0xf0, 0xf, 0xff, 0xf8,
    0x7, 0xff, 0xfc, 0x3, 0xff, 0xfe, 0x1, 0xff,
    0xff, 0x0, 0xff, 0xff, 0x80, 0x7f, 0xff, 0xc0,
    0x3f, 0xff, 0xe0, 0x1f, 0xff, 0xf0, 0xf, 0xff,
    0xf8, 0x7, 0xff, 0xfc, 0x3, 0xff, 0xfe, 0x1,
    0xff, 0xff, 0x0, 0xff, 0xff, 0x80, 0x7f, 0xff,
    0xc0, 0x3f, 0xff, 0xe0, 0x1f, 0xff, 0xf0, 0xf,
    0xff, 0xf8, 0x7, 0xff, 0xfc, 0x0,

    /* U+00DE "Þ" */
    0x14, 0x4f, 0xfe, 0x18, 0x80, 0x7f, 0xf5, 0x5a,
    0xef, 0xff, 0x86, 0xa0, 0x1f, 0xff, 0xf0, 0xf,
    0xff, 0xf8, 0x7, 0xff, 0xfc, 0x3, 0xff, 0xfe,
    0x1, 0xff, 0xff, 0x0, 0xff, 0xff, 0x80, 0x7f,
    0xf9, 0x62, 0xef, 0xfe, 0xa9, 0x87, 0x42, 0x0,
    0xff, 0xea, 0x1a, 0x27, 0xfc, 0xac, 0xf1, 0x7b,
    0xd2, 0x80, 0x1f, 0xfe, 0x31, 0x6b, 0xd6, 0x0,
    0xff, 0xf2, 0x14, 0xea, 0x80, 0x7f, 0xf9, 0xa,
    0xa8, 0x1, 0xff, 0xe5, 0x5d, 0x20, 0xf, 0xff,
    0x21, 0x61, 0x0, 0x7f, 0xf9, 0x7, 0xc4, 0x3,
    0xff, 0xc8, 0x54, 0x1, 0xff, 0xe5, 0x47, 0x0,
    0xff, 0xf2, 0xc0, 0x80, 0x7f, 0xf9, 0x64, 0x3,
    0xff, 0x8d, 0x7f, 0xff, 0xdd, 0x6e, 0x20, 0x1f,
    0xfc, 0x57, 0x0, 0xff, 0xe8, 0xa, 0x47, 0x30,
    0x7, 0xff, 0x15, 0x40, 0x3f, 0xfa, 0x73, 0x20,
    0xf, 0xfe, 0x27, 0x80, 0x7f, 0xf5, 0x19, 0x80,
    0x1f, 0xfc, 0x34, 0x0, 0xff, 0xea, 0xc0, 0x7,
    0xff, 0xc, 0x44, 0x1, 0xff, 0xd4, 0x15, 0x0,
    0xff, 0xe1, 0x90, 0x7, 0xff, 0x57, 0x0, 0x3f,
    0xf8, 0x6e, 0x1, 0xff, 0xd5, 0x30, 0xf, 0xfe,
    0x18, 0x80, 0x7f, 0xf5, 0x44, 0x3, 0xff, 0xca,
    0x40, 0x1f, 0xfc, 0x31, 0x0, 0xff, 0xea, 0xf0,
    0x7, 0xff, 0x95, 0x40, 0x3f, 0xf8, 0x6c, 0x1,
    0xff, 0xd4, 0x52, 0x0, 0xff, 0xe1, 0x90, 0x7,
    0xff, 0x4c, 0xac, 0x3, 0xff, 0x86, 0x60, 0x1f,
    0xfd, 0x33, 0xc1, 0x0, 0xff, 0xe1, 0xd8, 0x7,
    0xff, 0x44, 0xeb, 0x4, 0x3, 0xff, 0x88, 0xa0,
    0x1f, 0xfc, 0x58, 0xbb, 0xfe, 0xce, 0xc5, 0x0,
    0xff, 0xe2, 0x99, 0x0, 0x7f, 0xf1, 0x4d, 0x13,
    0xf8, 0xc4, 0x3, 0xff, 0x8f, 0xe0, 0x1f, 0xfe,
    0x44, 0x30, 0xf, 0xff, 0x18, 0xd0, 0x7, 0xff,
    0x92, 0x84, 0x3, 0xff, 0xc7, 0x28, 0x1, 0xff,
    0xe3, 0x96, 0x0, 0xff, 0xf1, 0xd, 0xb0, 0x7,
    0xff, 0x89, 0x3d, 0x0, 0x3f, 0xfc, 0x27, 0x76,
    0x10, 0xf, 0xfe, 0xf8, 0xb6, 0x61, 0x0, 0x3f,
    0xfb, 0x62, 0x23, 0x68, 0xce, 0x93, 0x0, 0xff,
    0xe8, 0x5f, 0xff, 0xff, 0x3, 0xb9, 0x92, 0xe6,
    0x1, 0xff, 0xff, 0x0, 0xff, 0xff, 0x80, 0x7f,
    0xff, 0xc0, 0x3f, 0xff, 0xe0, 0x1f, 0xff, 0xf0,
    0xf, 0xff, 0xf8, 0x7, 0xff, 0xfc, 0x3, 0xff,
    0xb8,

    /* U+00DF "ß" */
    0x0, 0xff, 0xe1, 0x93, 0x4d, 0xef, 0x7f, 0xdd,
    0xb4, 0xe8, 0x1, 0xff, 0xd3, 0x28, 0xdd, 0x4b,
    0x21, 0x8, 0x4, 0x24, 0xb1, 0x7f, 0x68, 0x1,
    0xff, 0xce, 0x3a, 0xd7, 0x20, 0xf, 0xfe, 0x1a,
    0x5e, 0xa8, 0x7, 0xff, 0x2e, 0x31, 0x40, 0x3f,
    0xf9, 0x5, 0x56, 0x20, 0x1f, 0xfc, 0x72, 0xd7,
    0x0, 0xff, 0xe6, 0x27, 0x98, 0x7, 0xff, 0x14,
    0xf0, 0x80, 0x3f, 0xf9, 0xc3, 0x8a, 0x1, 0xff,
    0xc3, 0x3c, 0x10, 0xf, 0xfe, 0x8d, 0x20, 0x7,
    0xff, 0x4, 0xb4, 0x3, 0xff, 0xa9, 0x64, 0x1,
    0xff, 0xc0, 0xe1, 0x0, 0xff, 0xea, 0xf0, 0x7,
    0xfc, 0xe6, 0x1, 0xff, 0xd6, 0x36, 0x0, 0xfe,
    0x18, 0x0, 0xff, 0xec, 0x40, 0x7, 0xf4, 0x80,
    0x7f, 0xf6, 0x45, 0x80, 0x3f, 0x30, 0x7, 0xff,
    0x6a, 0x80, 0x3e, 0x51, 0x0, 0xff, 0xe1, 0x9d,
    0xff, 0xdd, 0x24, 0x1, 0xff, 0xc3, 0x31, 0x0,
    0xf7, 0x80, 0x7f, 0xf0, 0xe3, 0x10, 0x2, 0x16,
    0xd4, 0x0, 0xff, 0xe1, 0xa8, 0x7, 0x90, 0x3,
    0xff, 0x84, 0xae, 0x1, 0xfa, 0xc4, 0x3, 0xff,
    0x84, 0x60, 0x1c, 0x22, 0x0, 0xff, 0xe1, 0x58,
    0x7, 0xfa, 0x0, 0x3f, 0xf8, 0x5c, 0x1, 0xca,
    0x1, 0xff, 0xc2, 0x31, 0x0, 0xff, 0x20, 0x7,
    0xff, 0x20, 0x80, 0x3f, 0xf8, 0x48, 0x1, 0xff,
    0x10, 0x7, 0xff, 0x20, 0x40, 0x3f, 0xf8, 0x5e,
    0x1, 0xff, 0xce, 0x10, 0xf, 0xfe, 0xa1, 0x0,
    0x7f, 0xf0, 0xb8, 0x3, 0xbc, 0x3, 0xff, 0x9c,
    0xa0, 0x1f, 0xfc, 0x25, 0x0, 0xff, 0xe9, 0x8c,
    0x80, 0x7f, 0xf0, 0x8c, 0x3, 0xff, 0xa4, 0x3a,
    0x20, 0x1f, 0xfc, 0x15, 0x0, 0xff, 0xe8, 0x93,
    0xf9, 0x80, 0x7f, 0xf0, 0xb8, 0x3, 0xff, 0x9d,
    0xdf, 0xed, 0x81, 0x0, 0xff, 0xe1, 0x1a, 0x0,
    0x7f, 0xf3, 0x84, 0x3, 0xff, 0x8f, 0xc0, 0x1f,
    0xfe, 0x29, 0x20, 0xf, 0xff, 0xc, 0x30, 0x7,
    0xff, 0x84, 0x50, 0x3, 0xff, 0xc4, 0x39, 0x20,
    0x1f, 0xfe, 0x36, 0xd2, 0x0, 0xff, 0xf1, 0x16,
    0x98, 0x7, 0xff, 0x8f, 0x48, 0x3, 0xff, 0xc4,
    0x3e, 0x1, 0xff, 0xe3, 0x28, 0x0, 0xff, 0xf1,
    0xb8, 0x80, 0x7f, 0xf2, 0xbf, 0xf7, 0x5b, 0x0,
    0x7f, 0xf1, 0xa4, 0x3, 0xff, 0x9c, 0x29, 0x3c,
    0xa0, 0x1f, 0xfc, 0x47, 0x0, 0xff, 0xe8, 0x8d,
    0x38, 0x7, 0xff, 0x11, 0x0, 0x3f, 0xfa, 0x50,
    0xa0, 0x1f, 0xfc, 0x3d, 0x0, 0xff, 0xe9, 0xd8,
    0x7, 0xff, 0xd, 0x40, 0x3f, 0xfa, 0x62, 0xa0,
    0x1f, 0xfc, 0x23, 0x0, 0xff, 0xea, 0x78, 0x7,
    0xff, 0xc, 0x40, 0x3f, 0xfa, 0x62, 0x1, 0xff,
    0xc3, 0x30, 0xf, 0xfe, 0x9b, 0x80, 0x7f, 0xf0,
    0xc4, 0x3, 0xff, 0xa6, 0xe0, 0x1f, 0xfc, 0x31,
    0x0, 0xff, 0xe9, 0x98, 0x7, 0xff, 0xc, 0xc0,
    0x3f, 0xfa, 0x76, 0x1, 0xff, 0xc3, 0x10, 0xf,
    0xfe, 0x92, 0x18, 0x7, 0xff, 0x8, 0x80, 0x3f,
    0xfa, 0x43, 0x40, 0x1f, 0xfc, 0x34, 0x0, 0xff,
    0xe8, 0x9f, 0x88, 0x7, 0xff, 0xf, 0x0, 0x3f,
    0xf9, 0x23, 0x48, 0x0, 0x14, 0xac, 0x10, 0xf,
    0xfe, 0x22, 0x80, 0x7f, 0xf2, 0x5d, 0x6f, 0xfd,
    0xd6, 0xa0, 0x1f, 0xfc, 0x56, 0x0, 0xff, 0xe5,
    0x68, 0x7, 0xff, 0x32, 0x0, 0x3f, 0xf9, 0x22,
    0x80, 0x1f, 0xfc, 0xb6, 0x10, 0xf, 0xfe, 0x4b,
    0x80, 0x7f, 0xf2, 0xc6, 0x0, 0x3f, 0xf9, 0x54,
    0x1, 0xff, 0xcb, 0xa1, 0x0, 0xff, 0xe4, 0x91,
    0x80, 0x7f, 0xf2, 0xa1, 0x0, 0x3f, 0xf9, 0x4a,
    0x1, 0xff, 0xca, 0x67, 0x0, 0xff, 0xe5, 0xd0,
    0x7, 0xff, 0x25, 0xe4, 0x3, 0xff, 0x96, 0x44,
    0x0, 0xff, 0xe4, 0x4c, 0x0, 0x7f, 0xf3, 0x28,
    0x3, 0xff, 0x8e, 0x5a, 0xc0, 0x1f, 0xfc, 0xd2,
    0x0, 0xff, 0xe2, 0x8c, 0xe9, 0x0, 0x7f, 0xf3,
    0xaa, 0xcc, 0x3, 0xff, 0x82, 0x93, 0xcc, 0x1,
    0xff, 0x4e, 0xef, 0xff, 0x9, 0xc0, 0x9, 0x9b,
    0x2c, 0x64, 0x22, 0x23, 0x57, 0xbe, 0xb6, 0x0,
    0xff, 0xe0, 0x80,

    /* U+00E0 "à" */
    0x0, 0xff, 0xe4, 0x8, 0x7, 0xff, 0x88, 0x7d,
    0xc0, 0x3f, 0xfc, 0x36, 0x31, 0x40, 0x1f, 0xfd,
    0xf4, 0x50, 0x2, 0xe8, 0x80, 0x7f, 0xf7, 0x64,
    0x3, 0x17, 0x98, 0x7, 0xff, 0x6e, 0x8, 0x3,
    0x87, 0x18, 0x3, 0xff, 0xb2, 0x4e, 0x1, 0xfa,
    0x64, 0x1, 0xff, 0xd8, 0x90, 0xf, 0xf3, 0x60,
    0x80, 0x7f, 0xf5, 0x55, 0x0, 0x3f, 0xe3, 0xf3,
    0x0, 0xff, 0xe9, 0x8d, 0x80, 0x7f, 0xf0, 0x47,
    0x14, 0x3, 0xff, 0xa5, 0x2, 0x1, 0xff, 0xc3,
    0xa8, 0x0, 0xff, 0xe8, 0x1b, 0x0, 0x7f, 0xf1,
    0x5e, 0xc0, 0x3f, 0xf9, 0xf2, 0x1, 0xff, 0xc7,
    0x4d, 0x20, 0xf, 0xfe, 0x6d, 0x5a, 0x0, 0x7f,
    0xf1, 0x8a, 0x80, 0x3f, 0xf9, 0xc9, 0x7a, 0xc0,
    0x1f, 0xfc, 0x41, 0x90, 0xf, 0xfe, 0x81, 0x4f,
    0x40, 0x80, 0x7f, 0xf0, 0x60, 0x40, 0x3f, 0xfa,
    0x42, 0xfd, 0x46, 0x1, 0xfe, 0x26, 0x0, 0xff,
    0xeb, 0x2e, 0x61, 0x40, 0x3f, 0x48, 0x7, 0xff,
    0x64, 0xeb, 0x9c, 0x3, 0x95, 0x0, 0x3f, 0xfb,
    0x63, 0x1f, 0x24, 0x0, 0xb0, 0xf, 0xfe, 0xfb,
    0x6d, 0xc8, 0x80, 0x7f, 0xf8, 0x51, 0x80, 0x3f,
    0xff, 0xe0, 0x1f, 0xfe, 0xa3, 0x67, 0x89, 0x87,
    0x52, 0x0, 0xff, 0xeb, 0x8b, 0x67, 0xe4, 0xc3,
    0xb3, 0xc5, 0x6f, 0x51, 0x80, 0x4f, 0xff, 0xff,
    0xc2, 0x80, 0xf, 0xf8, 0x67, 0xa4, 0xc0, 0x3f,
    0xc2, 0xb9, 0x84, 0x0, 0xff, 0xe2, 0x8, 0x7,
    0xfa, 0x39, 0x80, 0x3f, 0xf8, 0x87, 0x73, 0xe0,
    0x1f, 0xfc, 0xb2, 0xc7, 0x0, 0xff, 0xe4, 0x33,
    0x80, 0x7f, 0xf2, 0x8b, 0xc, 0x3, 0xff, 0xc0,
    0x78, 0x20, 0x1f, 0xfe, 0x1, 0xd1, 0x0, 0xff,
    0xf0, 0xe8, 0x80, 0x7f, 0xf8, 0x5c, 0xc0, 0x3f,
    0xfc, 0x23, 0x0, 0x1f, 0xfe, 0x2b, 0x0, 0xff,
    0xf1, 0xa, 0x80, 0x7f, 0xf8, 0xa4, 0x3, 0xff,
    0xc6, 0xa0, 0x1f, 0xfc, 0x66, 0xbe, 0xfe, 0xd9,
    0x30, 0xf, 0xfe, 0x41, 0x10, 0x3, 0xff, 0x88,
    0x7b, 0x28, 0x20, 0x24, 0xd9, 0x20, 0x1f, 0xfc,
    0x75, 0x0, 0xff, 0xe2, 0x26, 0x10, 0x7, 0xe6,
    0xc0, 0xf, 0xfe, 0x36, 0x80, 0x7f, 0xf0, 0xca,
    0xc0, 0x3f, 0xe3, 0x90, 0xf, 0xfe, 0x2b, 0x80,
    0x7f, 0xf0, 0xe4, 0x3, 0xff, 0x82, 0xc6, 0x1,
    0xff, 0xc4, 0x20, 0xf, 0xfe, 0x11, 0x20, 0x7,
    0xff, 0xa, 0x80, 0x3f, 0xfa, 0x68, 0x1, 0xff,
    0xc3, 0x70, 0xf, 0xfe, 0x18, 0x80, 0x7f, 0xf0,
    0xf8, 0x3, 0xff, 0x86, 0x20, 0x1f, 0xfc, 0x33,
    0x0, 0xff, 0xe1, 0x90, 0x7, 0xff, 0x10, 0x40,
    0x3f, 0xf8, 0x46, 0x1, 0xff, 0xc3, 0x30, 0xf,
    0xff, 0x1f, 0x0, 0x7f, 0xf1, 0x4, 0x3, 0xff,
    0x84, 0x20, 0x1f, 0xfc, 0x34, 0x0, 0xff, 0xe1,
    0xa0, 0x7, 0xff, 0x10, 0x40, 0x3f, 0xf8, 0x46,
    0x40, 0x1f, 0xfc, 0x2d, 0x0, 0xff, 0xe2, 0x28,
    0x7, 0xff, 0xe, 0x0, 0x3f, 0xf8, 0x22, 0xc0,
    0x1f, 0xfc, 0x43, 0x0, 0xff, 0xe1, 0xaa, 0x80,
    0x3f, 0xf8, 0x1a, 0x1, 0xff, 0xc5, 0xc0, 0xf,
    0xfe, 0x25, 0x30, 0x7, 0xf0, 0xd9, 0x80, 0x7f,
    0xf1, 0x50, 0x3, 0xff, 0x8b, 0x36, 0x60, 0x1e,
    0x6f, 0x40, 0xf, 0xfe, 0x3a, 0x80, 0x7f, 0xf1,
    0x53, 0x3a, 0xea, 0x99, 0xf2, 0x20, 0x1f, 0xfc,
    0x8e, 0x0, 0xff, 0xe3, 0x8a, 0x2a, 0x8c, 0x3,
    0xff, 0x96, 0x84, 0x1, 0xff, 0xe3, 0x80, 0xf,
    0xff, 0x1a, 0xa0, 0x7, 0xff, 0x8e, 0x40, 0x3f,
    0xfc, 0x65, 0x40, 0x1f, 0xfe, 0x35, 0x70, 0xf,
    0xff, 0x1c, 0x38, 0x7, 0xff, 0x8e, 0x20, 0x1,
    0xff, 0xe3, 0x7c, 0x20, 0xf, 0xfe, 0x41, 0x28,
    0x7, 0xff, 0x30, 0xf6, 0x0, 0x3f, 0xf8, 0xcf,
    0xba, 0x0, 0xff, 0xe7, 0x3f, 0x41, 0x0, 0x7f,
    0xf0, 0x5f, 0xa0, 0x3, 0xff, 0xa2, 0x2f, 0xba,
    0x96, 0x31, 0x0, 0x85, 0x1e, 0xfe, 0x4, 0x0,
    0xff, 0xff, 0xfc, 0x29,

    /* U+00E1 "á" */
    0x0, 0xff, 0xe8, 0xaa, 0x80, 0x3f, 0xfc, 0x31,
    0x56, 0x20, 0x1f, 0xfd, 0xe1, 0xb7, 0x1, 0x80,
    0xf, 0xfe, 0xe9, 0x62, 0x0, 0x4c, 0x60, 0x1f,
    0xfd, 0xb5, 0xd2, 0x0, 0xee, 0x0, 0xff, 0xed,
    0x45, 0x0, 0x7c, 0x4e, 0x1, 0xff, 0xd8, 0xb7,
    0x0, 0xfe, 0x81, 0x0, 0xff, 0xea, 0x96, 0xa0,
    0x7, 0xfd, 0x60, 0x1f, 0xfd, 0x44, 0xc2, 0x0,
    0xff, 0xe0, 0x2a, 0x0, 0x7f, 0xf4, 0x9e, 0xc4,
    0x3, 0xff, 0x85, 0x20, 0x1f, 0xfd, 0x1a, 0x80,
    0xf, 0xfe, 0x21, 0x38, 0x7, 0xff, 0x38, 0x71,
    0x40, 0x3f, 0xf8, 0xd0, 0x40, 0x1f, 0xfc, 0xc1,
    0xf3, 0x0, 0xff, 0xe3, 0xc, 0x18, 0x7, 0xff,
    0x30, 0x54, 0x3, 0xff, 0x8a, 0x75, 0xce, 0x20,
    0x1f, 0xfc, 0xd9, 0x0, 0xff, 0xe1, 0xa5, 0xe2,
    0x80, 0x7f, 0xf4, 0x9, 0xc0, 0x3f, 0xf8, 0xd,
    0xb6, 0x80, 0x1f, 0xfd, 0x38, 0x10, 0xf, 0xc3,
    0x1d, 0x24, 0x1, 0xff, 0xd6, 0x80, 0xf, 0x1d,
    0x73, 0x88, 0x7, 0xff, 0x61, 0x8c, 0x2, 0x5c,
    0xc2, 0x80, 0x7f, 0xf7, 0x3c, 0x5f, 0xa8, 0xc0,
    0x3f, 0xfb, 0xc7, 0xd0, 0x20, 0x1f, 0xff, 0xf0,
    0xf, 0xff, 0xa1, 0xb3, 0xc4, 0xc3, 0xa9, 0x0,
    0x7f, 0xf5, 0xc5, 0xb3, 0xf2, 0x61, 0xd9, 0xe2,
    0xb7, 0xa8, 0xc0, 0x27, 0xff, 0xff, 0xe1, 0x40,
    0x7, 0xfc, 0x33, 0xd2, 0x60, 0x1f, 0xe1, 0x5c,
    0xc2, 0x0, 0x7f, 0xf1, 0x4, 0x3, 0xfd, 0x1c,
    0xc0, 0x1f, 0xfc, 0x43, 0xb9, 0xf0, 0xf, 0xfe,
    0x59, 0x63, 0x80, 0x7f, 0xf2, 0x19, 0xc0, 0x3f,
    0xf9, 0x45, 0x86, 0x1, 0xff, 0xe0, 0x3c, 0x10,
    0xf, 0xff, 0x0, 0xe8, 0x80, 0x7f, 0xf8, 0x74,
    0x40, 0x3f, 0xfc, 0x2e, 0x60, 0x1f, 0xfe, 0x11,
    0x80, 0xf, 0xff, 0x15, 0x80, 0x7f, 0xf8, 0x85,
    0x40, 0x3f, 0xfc, 0x52, 0x1, 0xff, 0xe3, 0x50,
    0xf, 0xfe, 0x33, 0x5f, 0x7f, 0x6c, 0x98, 0x7,
    0xff, 0x20, 0x88, 0x1, 0xff, 0xc4, 0x3d, 0x94,
    0x10, 0x12, 0x6c, 0x90, 0xf, 0xfe, 0x3a, 0x80,
    0x7f, 0xf1, 0x13, 0x8, 0x3, 0xf3, 0x60, 0x7,
    0xff, 0x1b, 0x40, 0x3f, 0xf8, 0x65, 0x60, 0x1f,
    0xf1, 0xc8, 0x7, 0xff, 0x15, 0xc0, 0x3f, 0xf8,
    0x72, 0x1, 0xff, 0xc1, 0x63, 0x0, 0xff, 0xe2,
    0x10, 0x7, 0xff, 0x8, 0x90, 0x3, 0xff, 0x85,
    0x40, 0x1f, 0xfd, 0x34, 0x0, 0xff, 0xe1, 0xb8,
    0x7, 0xff, 0xc, 0x40, 0x3f, 0xf8, 0x7c, 0x1,
    0xff, 0xc3, 0x10, 0xf, 0xfe, 0x19, 0x80, 0x7f,
    0xf0, 0xc8, 0x3, 0xff, 0x88, 0x20, 0x1f, 0xfc,
    0x23, 0x0, 0xff, 0xe1, 0x98, 0x7, 0xff, 0x8f,
    0x80, 0x3f, 0xf8, 0x82, 0x1, 0xff, 0xc2, 0x10,
    0xf, 0xfe, 0x1a, 0x0, 0x7f, 0xf0, 0xd0, 0x3,
    0xff, 0x88, 0x20, 0x1f, 0xfc, 0x23, 0x20, 0xf,
    0xfe, 0x16, 0x80, 0x7f, 0xf1, 0x14, 0x3, 0xff,
    0x87, 0x0, 0x1f, 0xfc, 0x11, 0x60, 0xf, 0xfe,
    0x21, 0x80, 0x7f, 0xf0, 0xd5, 0x40, 0x1f, 0xfc,
    0xd, 0x0, 0xff, 0xe2, 0xe0, 0x7, 0xff, 0x12,
    0x98, 0x3, 0xf8, 0x6c, 0xc0, 0x3f, 0xf8, 0xa8,
    0x1, 0xff, 0xc5, 0x9b, 0x30, 0xf, 0x37, 0xa0,
    0x7, 0xff, 0x1d, 0x40, 0x3f, 0xf8, 0xa9, 0x9d,
    0x75, 0x4c, 0xf9, 0x10, 0xf, 0xfe, 0x47, 0x0,
    0x7f, 0xf1, 0xc5, 0x15, 0x46, 0x1, 0xff, 0xcb,
    0x42, 0x0, 0xff, 0xf1, 0xc0, 0x7, 0xff, 0x8d,
    0x50, 0x3, 0xff, 0xc7, 0x20, 0x1f, 0xfe, 0x32,
    0xa0, 0xf, 0xff, 0x1a, 0xb8, 0x7, 0xff, 0x8e,
    0x1c, 0x3, 0xff, 0xc7, 0x10, 0x0, 0xff, 0xf1,
    0xbe, 0x10, 0x7, 0xff, 0x20, 0x94, 0x3, 0xff,
    0x98, 0x7b, 0x0, 0x1f, 0xfc, 0x67, 0xdd, 0x0,
    0x7f, 0xf3, 0x9f, 0xa0, 0x80, 0x3f, 0xf8, 0x2f,
    0xd0, 0x1, 0xff, 0xd1, 0x17, 0xdd, 0x4b, 0x18,
    0x80, 0x42, 0x8f, 0x7f, 0x2, 0x0, 0x7f, 0xff,
    0xfe, 0x14, 0x80,

    /* U+00E2 "â" */
    0x0, 0xff, 0xe4, 0x8b, 0xc4, 0x7c, 0x60, 0x1f,
    0xfd, 0x91, 0xc8, 0x77, 0xfb, 0x10, 0x3, 0xff,
    0xae, 0x58, 0x40, 0x1f, 0xd6, 0xa0, 0x1f, 0xfd,
    0x52, 0xc2, 0x0, 0xff, 0xa9, 0x80, 0x3f, 0xfa,
    0x67, 0x82, 0x1, 0xff, 0xc1, 0x97, 0x0, 0xff,
    0xe8, 0xa6, 0x8, 0x7, 0xff, 0xe, 0x20, 0x1,
    0xff, 0xcf, 0x4b, 0x0, 0xff, 0xe3, 0x3c, 0x80,
    0x7f, 0xf3, 0x56, 0xc0, 0x3f, 0xf9, 0xd, 0x40,
    0x1f, 0xfc, 0xb6, 0xa0, 0xf, 0xfe, 0x52, 0xd8,
    0x7, 0xff, 0x25, 0xe4, 0x3, 0xff, 0x98, 0x96,
    0x1, 0xff, 0xc7, 0x88, 0x0, 0x7f, 0xf3, 0x93,
    0x4, 0x3, 0xff, 0x89, 0x2e, 0x1, 0xff, 0xd0,
    0x3c, 0x10, 0xf, 0xfe, 0x15, 0x30, 0x7, 0xff,
    0x8, 0x94, 0x3, 0xff, 0x84, 0x58, 0x40, 0x1f,
    0xfc, 0x11, 0x0, 0xff, 0xe0, 0x8c, 0xed, 0x62,
    0x0, 0x7f, 0xf0, 0x4c, 0xc0, 0x1f, 0xfc, 0x1a,
    0x0, 0xff, 0x86, 0x39, 0x80, 0x7, 0x76, 0x30,
    0xf, 0xfa, 0xc4, 0x3, 0xff, 0x82, 0x32, 0x1,
    0xfc, 0xfc, 0xe0, 0x1e, 0x4c, 0xa1, 0x0, 0xfc,
    0x8a, 0x1, 0xff, 0xc3, 0x64, 0x0, 0xf3, 0x74,
    0x0, 0x7f, 0x97, 0xa0, 0x40, 0x38, 0x68, 0x3,
    0xff, 0x8b, 0x42, 0x1, 0x2e, 0xc8, 0x80, 0x7f,
    0xf0, 0x5f, 0xdc, 0x3, 0x58, 0x80, 0x7f, 0xf1,
    0x46, 0xc1, 0x32, 0x88, 0x3, 0xff, 0x88, 0x31,
    0xca, 0x8, 0xa0, 0x1f, 0xfc, 0x75, 0xcb, 0x30,
    0xf, 0xfe, 0x40, 0xd6, 0xd0, 0x7, 0xff, 0x24,
    0xc0, 0x3f, 0xf9, 0x84, 0x20, 0x1f, 0xff, 0xd3,
    0x67, 0x89, 0x87, 0x52, 0x0, 0xff, 0xeb, 0x8b,
    0x67, 0xe4, 0xc3, 0xb3, 0xc5, 0x6f, 0x51, 0x80,
    0x4f, 0xff, 0xff, 0xc2, 0x80, 0xf, 0xf8, 0x67,
    0xa4, 0xc0, 0x3f, 0xc2, 0xb9, 0x84, 0x0, 0xff,
    0xe2, 0x8, 0x7, 0xfa, 0x39, 0x80, 0x3f, 0xf8,
    0x87, 0x73, 0xe0, 0x1f, 0xfc, 0xb2, 0xc7, 0x0,
    0xff, 0xe4, 0x33, 0x80, 0x7f, 0xf2, 0x8b, 0xc,
    0x3, 0xff, 0xc0, 0x78, 0x20, 0x1f, 0xfe, 0x1,
    0xd1, 0x0, 0xff, 0xf0, 0xe8, 0x80, 0x7f, 0xf8,
    0x5c, 0xc0, 0x3f, 0xfc, 0x23, 0x0, 0x1f, 0xfe,
    0x2b, 0x0, 0xff, 0xf1, 0xa, 0x80, 0x7f, 0xf8,
    0xa4, 0x3, 0xff, 0xc6, 0xa0, 0x1f, 0xfc, 0x66,
    0xbe, 0xfe, 0xd9, 0x30, 0xf, 0xfe, 0x41, 0x10,
    0x3, 0xff, 0x88, 0x7b, 0x28, 0x20, 0x24, 0xd9,
    0x20, 0x1f, 0xfc, 0x75, 0x0, 0xff, 0xe2, 0x26,
    0x10, 0x7, 0xe6, 0xc0, 0xf, 0xfe, 0x36, 0x80,
    0x7f, 0xf0, 0xca, 0xc0, 0x3f, 0xe3, 0x90, 0xf,
    0xfe, 0x2b, 0x80, 0x7f, 0xf0, 0xe4, 0x3, 0xff,
    0x82, 0xc6, 0x1, 0xff, 0xc4, 0x20, 0xf, 0xfe,
    0x11, 0x20, 0x7, 0xff, 0xa, 0x80, 0x3f, 0xfa,
    0x68, 0x1, 0xff, 0xc3, 0x70, 0xf, 0xfe, 0x18,
    0x80, 0x7f, 0xf0, 0xf8, 0x3, 0xff, 0x86, 0x20,
    0x1f, 0xfc, 0x33, 0x0, 0xff, 0xe1, 0x90, 0x7,
    0xff, 0x10, 0x40, 0x3f, 0xf8, 0x46, 0x1, 0xff,
    0xc3, 0x30, 0xf, 0xff, 0x1f, 0x0, 0x7f, 0xf1,
    0x4, 0x3, 0xff, 0x84, 0x20, 0x1f, 0xfc, 0x34,
    0x0, 0xff, 0xe1, 0xa0, 0x7, 0xff, 0x10, 0x40,
    0x3f, 0xf8, 0x46, 0x40, 0x1f, 0xfc, 0x2d, 0x0,
    0xff, 0xe2, 0x28, 0x7, 0xff, 0xe, 0x0, 0x3f,
    0xf8, 0x22, 0xc0, 0x1f, 0xfc, 0x43, 0x0, 0xff,
    0xe1, 0xaa, 0x80, 0x3f, 0xf8, 0x1a, 0x1, 0xff,
    0xc5, 0xc0, 0xf, 0xfe, 0x25, 0x30, 0x7, 0xf0,
    0xd9, 0x80, 0x7f, 0xf1, 0x50, 0x3, 0xff, 0x8b,
    0x36, 0x60, 0x1e, 0x6f, 0x40, 0xf, 0xfe, 0x3a,
    0x80, 0x7f, 0xf1, 0x53, 0x3a, 0xea, 0x99, 0xf2,
    0x20, 0x1f, 0xfc, 0x8e, 0x0, 0xff, 0xe3, 0x8a,
    0x2a, 0x8c, 0x3, 0xff, 0x96, 0x84, 0x1, 0xff,
    0xe3, 0x80, 0xf, 0xff, 0x1a, 0xa0, 0x7, 0xff,
    0x8e, 0x40, 0x3f, 0xfc, 0x65, 0x40, 0x1f, 0xfe,
    0x35, 0x70, 0xf, 0xff, 0x1c, 0x38, 0x7, 0xff,
    0x8e, 0x20, 0x1, 0xff, 0xe3, 0x7c, 0x20, 0xf,
    0xfe, 0x41, 0x28, 0x7, 0xff, 0x30, 0xf6, 0x0,
    0x3f, 0xf8, 0xcf, 0xba, 0x0, 0xff, 0xe7, 0x3f,
    0x41, 0x0, 0x7f, 0xf0, 0x5f, 0xa0, 0x3, 0xff,
    0xa2, 0x2f, 0xba, 0x96, 0x31, 0x0, 0x85, 0x1e,
    0xfe, 0x4, 0x0, 0xff, 0xff, 0xfc, 0x29,

    /* U+00E3 "ã" */
    0x0, 0xff, 0xe2, 0x9a, 0xb2, 0xa0, 0x80, 0x7f,
    0xf6, 0xdb, 0x3f, 0x2a, 0x6a, 0xfb, 0x1c, 0x3,
    0xff, 0x80, 0xb6, 0x1, 0xff, 0xc9, 0x5e, 0x93,
    0x0, 0xf8, 0xe3, 0x9c, 0x3, 0xf8, 0xe9, 0x2c,
    0x3, 0xff, 0x8f, 0x54, 0x10, 0xf, 0xf8, 0x63,
    0x98, 0x3, 0xcd, 0x80, 0x4, 0xb0, 0xf, 0xfe,
    0x2d, 0xa8, 0x7, 0xff, 0xc, 0x67, 0xa5, 0xdd,
    0x3d, 0x20, 0x19, 0x2c, 0x3, 0xff, 0x87, 0x48,
    0x1, 0xff, 0xc6, 0x16, 0x88, 0x30, 0x80, 0x79,
    0x2c, 0x3, 0xff, 0x82, 0xca, 0x1, 0xff, 0xd4,
    0x4b, 0x0, 0xff, 0x8a, 0x40, 0x3f, 0xfa, 0xc9,
    0x40, 0x1f, 0xeb, 0x0, 0xff, 0xec, 0x8, 0x7,
    0xfa, 0x8, 0x3, 0xff, 0xaf, 0x20, 0x1f, 0xe1,
    0xc2, 0x0, 0xff, 0xea, 0xd1, 0x0, 0x7f, 0xc3,
    0x84, 0x1, 0xff, 0xd3, 0x65, 0x0, 0xff, 0xe0,
    0x8e, 0x8, 0x7, 0x2d, 0xf7, 0xf5, 0x18, 0x7,
    0xff, 0x15, 0xa4, 0x3, 0xff, 0x86, 0x38, 0x20,
    0x1, 0xca, 0x41, 0x1, 0x5c, 0xa2, 0x0, 0xff,
    0xe1, 0x44, 0x80, 0x7f, 0xf1, 0x4b, 0x4, 0x30,
    0xc0, 0x3e, 0x5d, 0x92, 0x0, 0xff, 0x26, 0xb8,
    0x7, 0xff, 0x1c, 0xb2, 0xc8, 0x3, 0xfc, 0xdb,
    0x6c, 0x62, 0x0, 0x14, 0x8d, 0xb2, 0x0, 0xff,
    0xe4, 0x92, 0x0, 0x7f, 0xf0, 0x52, 0x73, 0xbf,
    0xdd, 0x6e, 0x40, 0x1f, 0xff, 0xf0, 0xf, 0xff,
    0x21, 0xb3, 0xc4, 0xc3, 0xa9, 0x0, 0x7f, 0xf5,
    0xc5, 0xb3, 0xf2, 0x61, 0xd9, 0xe2, 0xb7, 0xa8,
    0xc0, 0x27, 0xff, 0xff, 0xe1, 0x40, 0x7, 0xfc,
    0x33, 0xd2, 0x60, 0x1f, 0xe1, 0x5c, 0xc2, 0x0,
    0x7f, 0xf1, 0x4, 0x3, 0xfd, 0x1c, 0xc0, 0x1f,
    0xfc, 0x43, 0xb9, 0xf0, 0xf, 0xfe, 0x59, 0x63,
    0x80, 0x7f, 0xf2, 0x19, 0xc0, 0x3f, 0xf9, 0x45,
    0x86, 0x1, 0xff, 0xe0, 0x3c, 0x10, 0xf, 0xff,
    0x0, 0xe8, 0x80, 0x7f, 0xf8, 0x74, 0x40, 0x3f,
    0xfc, 0x2e, 0x60, 0x1f, 0xfe, 0x11, 0x80, 0xf,
    0xff, 0x15, 0x80, 0x7f, 0xf8, 0x85, 0x40, 0x3f,
    0xfc, 0x52, 0x1, 0xff, 0xe3, 0x50, 0xf, 0xfe,
    0x33, 0x5f, 0x7f, 0x6c, 0x98, 0x7, 0xff, 0x20,
    0x88, 0x1, 0xff, 0xc4, 0x3d, 0x94, 0x10, 0x12,
    0x6c, 0x90, 0xf, 0xfe, 0x3a, 0x80, 0x7f, 0xf1,
    0x13, 0x8, 0x3, 0xf3, 0x60, 0x7, 0xff, 0x1b,
    0x40, 0x3f, 0xf8, 0x65, 0x60, 0x1f, 0xf1, 0xc8,
    0x7, 0xff, 0x15, 0xc0, 0x3f, 0xf8, 0x72, 0x1,
    0xff, 0xc1, 0x63, 0x0, 0xff, 0xe2, 0x10, 0x7,
    0xff, 0x8, 0x90, 0x3, 0xff, 0x85, 0x40, 0x1f,
    0xfd, 0x34, 0x0, 0xff, 0xe1, 0xb8, 0x7, 0xff,
    0xc, 0x40, 0x3f, 0xf8, 0x7c, 0x1, 0xff, 0xc3,
    0x10, 0xf, 0xfe, 0x19, 0x80, 0x7f, 0xf0, 0xc8,
    0x3, 0xff, 0x88, 0x20, 0x1f, 0xfc, 0x23, 0x0,
    0xff, 0xe1, 0x98, 0x7, 0xff, 0x8f, 0x80, 0x3f,
    0xf8, 0x82, 0x1, 0xff, 0xc2, 0x10, 0xf, 0xfe,
    0x1a, 0x0, 0x7f, 0xf0, 0xd0, 0x3, 0xff, 0x88,
    0x20, 0x1f, 0xfc, 0x23, 0x20, 0xf, 0xfe, 0x16,
    0x80, 0x7f, 0xf1, 0x14, 0x3, 0xff, 0x87, 0x0,
    0x1f, 0xfc, 0x11, 0x60, 0xf, 0xfe, 0x21, 0x80,
    0x7f, 0xf0, 0xd5, 0x40, 0x1f, 0xfc, 0xd, 0x0,
    0xff, 0xe2, 0xe0, 0x7, 0xff, 0x12, 0x98, 0x3,
    0xf8, 0x6c, 0xc0, 0x3f, 0xf8, 0xa8, 0x1, 0xff,
    0xc5, 0x9b, 0x30, 0xf, 0x37, 0xa0, 0x7, 0xff,
    0x1d, 0x40, 0x3f, 0xf8, 0xa9, 0x9d, 0x75, 0x4c,
    0xf9, 0x10, 0xf, 0xfe, 0x47, 0x0, 0x7f, 0xf1,
    0xc5, 0x15, 0x46, 0x1, 0xff, 0xcb, 0x42, 0x0,
    0xff, 0xf1, 0xc0, 0x7, 0xff, 0x8d, 0x50, 0x3,
    0xff, 0xc7, 0x20, 0x1f, 0xfe, 0x32, 0xa0, 0xf,
    0xff, 0x1a, 0xb8, 0x7, 0xff, 0x8e, 0x1c, 0x3,
    0xff, 0xc7, 0x10, 0x0, 0xff, 0xf1, 0xbe, 0x10,
    0x7, 0xff, 0x20, 0x94, 0x3, 0xff, 0x98, 0x7b,
    0x0, 0x1f, 0xfc, 0x67, 0xdd, 0x0, 0x7f, 0xf3,
    0x9f, 0xa0, 0x80, 0x3f, 0xf8, 0x2f, 0xd0, 0x1,
    0xff, 0xd1, 0x17, 0xdd, 0x4b, 0x18, 0x80, 0x42,
    0x8f, 0x7f, 0x2, 0x0, 0x7f, 0xff, 0xfe, 0x14,
    0x80,

    /* U+00E4 "ä" */
    0x0, 0xff, 0xe0, 0xc, 0x67, 0x7f, 0x5b, 0x0,
    0x7f, 0xf0, 0xa, 0x77, 0xfd, 0xd4, 0x80, 0x1f,
    0xfc, 0x76, 0xe7, 0x31, 0x1, 0x49, 0xd3, 0x0,
    0xfe, 0x9d, 0x62, 0x0, 0xa, 0xde, 0x8, 0x7,
    0xff, 0x12, 0x24, 0x3, 0xf1, 0x61, 0x80, 0x7d,
    0x6c, 0x1, 0xf8, 0xf0, 0x40, 0x3f, 0xf8, 0x48,
    0xe0, 0x1f, 0xf6, 0x88, 0x7, 0x42, 0x0, 0x7f,
    0x8b, 0x40, 0x3f, 0xf8, 0x52, 0x1, 0xff, 0xc0,
    0x19, 0x0, 0xc2, 0xe0, 0x1f, 0xfc, 0x3, 0x50,
    0xf, 0xfe, 0x2, 0x10, 0x7, 0xff, 0x5, 0x80,
    0x33, 0x0, 0x7f, 0xf0, 0xb8, 0x3, 0xff, 0x81,
    0x80, 0x1f, 0xfc, 0x21, 0x20, 0xb, 0x0, 0x3f,
    0xf8, 0x48, 0x1, 0xff, 0xc0, 0x10, 0xf, 0xfe,
    0x1b, 0x0, 0x4c, 0x1, 0xff, 0xc3, 0x10, 0xf,
    0xf8, 0xc0, 0x3f, 0xfc, 0x64, 0x1, 0xff, 0xc3,
    0x70, 0x8, 0x40, 0x3f, 0xf8, 0x62, 0x1, 0xff,
    0x68, 0x7, 0xff, 0xc, 0xc0, 0x24, 0x0, 0xff,
    0xe1, 0x18, 0x7, 0xff, 0x1, 0x0, 0x3f, 0xf8,
    0x4a, 0x1, 0xac, 0x3, 0xff, 0x85, 0x60, 0x1f,
    0xfc, 0x1, 0x70, 0xf, 0xfe, 0xc, 0x80, 0x63,
    0x40, 0xf, 0xfe, 0x0, 0xb8, 0x7, 0xff, 0x6,
    0xc, 0x3, 0xfe, 0x83, 0x0, 0xea, 0x10, 0xf,
    0xfa, 0x80, 0x3f, 0xf8, 0x7a, 0x60, 0x1f, 0xd0,
    0xe0, 0x1e, 0x1c, 0x20, 0xf, 0xea, 0x40, 0xf,
    0xfe, 0x18, 0xe4, 0x90, 0x7, 0x26, 0x38, 0x7,
    0xe2, 0xd7, 0x10, 0xe, 0x5d, 0x50, 0xf, 0xfe,
    0x33, 0x6e, 0xae, 0xd9, 0xf6, 0x60, 0x1f, 0xf4,
    0x76, 0xdd, 0xb3, 0xe8, 0x80, 0x3f, 0xf9, 0x24,
    0x88, 0x30, 0xf, 0xfe, 0x21, 0x22, 0xc, 0x3,
    0xff, 0xfe, 0x1, 0xff, 0xe4, 0x36, 0x78, 0x98,
    0x75, 0x20, 0xf, 0xfe, 0xb8, 0xb6, 0x7e, 0x4c,
    0x3b, 0x3c, 0x56, 0xf5, 0x18, 0x4, 0xff, 0xff,
    0xfc, 0x28, 0x0, 0xff, 0x86, 0x7a, 0x4c, 0x3,
    0xfc, 0x2b, 0x98, 0x40, 0xf, 0xfe, 0x20, 0x80,
    0x7f, 0xa3, 0x98, 0x3, 0xff, 0x88, 0x77, 0x3e,
    0x1, 0xff, 0xcb, 0x2c, 0x70, 0xf, 0xfe, 0x43,
    0x38, 0x7, 0xff, 0x28, 0xb0, 0xc0, 0x3f, 0xfc,
    0x7, 0x82, 0x1, 0xff, 0xe0, 0x1d, 0x10, 0xf,
    0xff, 0xe, 0x88, 0x7, 0xff, 0x85, 0xcc, 0x3,
    0xff, 0xc2, 0x30, 0x1, 0xff, 0xe2, 0xb0, 0xf,
    0xff, 0x10, 0xa8, 0x7, 0xff, 0x8a, 0x40, 0x3f,
    0xfc, 0x6a, 0x1, 0xff, 0xc6, 0x6b, 0xef, 0xed,
    0x93, 0x0, 0xff, 0xe4, 0x11, 0x0, 0x3f, 0xf8,
    0x87, 0xb2, 0x82, 0x2, 0x4d, 0x92, 0x1, 0xff,
    0xc7, 0x50, 0xf, 0xfe, 0x22, 0x61, 0x0, 0x7e,
    0x6c, 0x0, 0xff, 0xe3, 0x68, 0x7, 0xff, 0xc,
    0xac, 0x3, 0xfe, 0x39, 0x0, 0xff, 0xe2, 0xb8,
    0x7, 0xff, 0xe, 0x40, 0x3f, 0xf8, 0x2c, 0x60,
    0x1f, 0xfc, 0x42, 0x0, 0xff, 0xe1, 0x12, 0x0,
    0x7f, 0xf0, 0xa8, 0x3, 0xff, 0xa6, 0x80, 0x1f,
    0xfc, 0x37, 0x0, 0xff, 0xe1, 0x88, 0x7, 0xff,
    0xf, 0x80, 0x3f, 0xf8, 0x62, 0x1, 0xff, 0xc3,
    0x30, 0xf, 0xfe, 0x19, 0x0, 0x7f, 0xf1, 0x4,
    0x3, 0xff, 0x84, 0x60, 0x1f, 0xfc, 0x33, 0x0,
    0xff, 0xf1, 0xf0, 0x7, 0xff, 0x10, 0x40, 0x3f,
    0xf8, 0x42, 0x1, 0xff, 0xc3, 0x40, 0xf, 0xfe,
    0x1a, 0x0, 0x7f, 0xf1, 0x4, 0x3, 0xff, 0x84,
    0x64, 0x1, 0xff, 0xc2, 0xd0, 0xf, 0xfe, 0x22,
    0x80, 0x7f, 0xf0, 0xe0, 0x3, 0xff, 0x82, 0x2c,
    0x1, 0xff, 0xc4, 0x30, 0xf, 0xfe, 0x1a, 0xa8,
    0x3, 0xff, 0x81, 0xa0, 0x1f, 0xfc, 0x5c, 0x0,
    0xff, 0xe2, 0x53, 0x0, 0x7f, 0xd, 0x98, 0x7,
    0xff, 0x15, 0x0, 0x3f, 0xf8, 0xb3, 0x66, 0x1,
    0xe6, 0xf4, 0x0, 0xff, 0xe3, 0xa8, 0x7, 0xff,
    0x15, 0x33, 0xae, 0xa9, 0x9f, 0x22, 0x1, 0xff,
    0xc8, 0xe0, 0xf, 0xfe, 0x38, 0xa2, 0xa8, 0xc0,
    0x3f, 0xf9, 0x68, 0x40, 0x1f, 0xfe, 0x38, 0x0,
    0xff, 0xf1, 0xaa, 0x0, 0x7f, 0xf8, 0xe4, 0x3,
    0xff, 0xc6, 0x54, 0x1, 0xff, 0xe3, 0x57, 0x0,
    0xff, 0xf1, 0xc3, 0x80, 0x7f, 0xf8, 0xe2, 0x0,
    0x1f, 0xfe, 0x37, 0xc2, 0x0, 0xff, 0xe4, 0x12,
    0x80, 0x7f, 0xf3, 0xf, 0x60, 0x3, 0xff, 0x8c,
    0xfb, 0xa0, 0xf, 0xfe, 0x73, 0xf4, 0x10, 0x7,
    0xff, 0x5, 0xfa, 0x0, 0x3f, 0xfa, 0x22, 0xfb,
    0xa9, 0x63, 0x10, 0x8, 0x51, 0xef, 0xe0, 0x40,
    0xf, 0xff, 0xff, 0xc2, 0x90,

    /* U+00E5 "å" */
    0x0, 0xff, 0xe5, 0x13, 0x4d, 0x5d, 0x42, 0x0,
    0x7f, 0xf6, 0x93, 0x36, 0x59, 0x51, 0x5e, 0xf9,
    0xc0, 0x3f, 0xfa, 0xc3, 0x76, 0x30, 0xf, 0xc3,
    0x1a, 0x60, 0x1f, 0xfd, 0x31, 0xc4, 0x0, 0xff,
    0xe0, 0x16, 0x28, 0x7, 0xff, 0x44, 0x70, 0x80,
    0x3f, 0xf8, 0x74, 0x80, 0x1f, 0xfd, 0xb, 0x20,
    0xf, 0xfe, 0x2d, 0x8, 0x7, 0xff, 0x39, 0x14,
    0x3, 0xff, 0x8c, 0x30, 0x1, 0xff, 0xce, 0xf0,
    0xf, 0xfe, 0x43, 0x8, 0x7, 0xff, 0x30, 0x50,
    0x3, 0xf4, 0xf7, 0xe1, 0x80, 0x7e, 0x60, 0xf,
    0xfe, 0x62, 0x0, 0x7e, 0xc6, 0x10, 0x3c, 0x20,
    0xf, 0xb0, 0x3, 0xff, 0x98, 0x40, 0x1f, 0x29,
    0x80, 0x74, 0x80, 0x7c, 0xa0, 0x1f, 0xfc, 0xce,
    0x0, 0xfb, 0x40, 0x3c, 0xa0, 0x1f, 0x8, 0x7,
    0xff, 0xf3, 0x80, 0x3e, 0xd0, 0xf, 0x20, 0x7,
    0xc2, 0x1, 0xff, 0xcc, 0x20, 0xf, 0x94, 0xc0,
    0x3a, 0x0, 0x3e, 0x50, 0xf, 0xfe, 0x62, 0x0,
    0x7e, 0xc6, 0x10, 0x3c, 0x20, 0xf, 0xb0, 0x3,
    0xff, 0x98, 0x26, 0x1, 0xfa, 0x7b, 0xf0, 0xc0,
    0x3f, 0x30, 0x7, 0xff, 0x36, 0x0, 0x3f, 0xf9,
    0xa, 0x20, 0x1f, 0xfc, 0xd4, 0x40, 0x7, 0xff,
    0x18, 0x6c, 0x3, 0xff, 0x9f, 0x42, 0x1, 0xff,
    0xc5, 0xa1, 0x0, 0xff, 0xe7, 0x8e, 0x8, 0x7,
    0xff, 0xe, 0x90, 0x3, 0xff, 0xa2, 0x5e, 0x80,
    0x1f, 0xfc, 0x1, 0xb5, 0x0, 0xff, 0xe9, 0x8d,
    0xd1, 0x0, 0x7e, 0x17, 0xe4, 0x0, 0xff, 0xeb,
    0x2e, 0xea, 0x59, 0x51, 0x5e, 0xfa, 0x0, 0x3f,
    0xfb, 0x44, 0xd3, 0x57, 0x50, 0x80, 0x1f, 0xff,
    0xf0, 0xf, 0xc6, 0xcf, 0x13, 0xe, 0xa4, 0x1,
    0xff, 0xd7, 0x16, 0xcf, 0xc9, 0x87, 0x67, 0x8a,
    0xde, 0xa3, 0x0, 0x9f, 0xff, 0xff, 0x85, 0x0,
    0x1f, 0xf0, 0xcf, 0x49, 0x80, 0x7f, 0x85, 0x73,
    0x8, 0x1, 0xff, 0xc4, 0x10, 0xf, 0xf4, 0x73,
    0x0, 0x7f, 0xf1, 0xe, 0xe7, 0xc0, 0x3f, 0xf9,
    0x65, 0x8e, 0x1, 0xff, 0xc8, 0x67, 0x0, 0xff,
    0xe5, 0x16, 0x18, 0x7, 0xff, 0x80, 0xf0, 0x40,
    0x3f, 0xfc, 0x3, 0xa2, 0x1, 0xff, 0xe1, 0xd1,
    0x0, 0xff, 0xf0, 0xb9, 0x80, 0x7f, 0xf8, 0x46,
    0x0, 0x3f, 0xfc, 0x56, 0x1, 0xff, 0xe2, 0x15,
    0x0, 0xff, 0xf1, 0x48, 0x7, 0xff, 0x8d, 0x40,
    0x3f, 0xf8, 0xcd, 0x7d, 0xfd, 0xb2, 0x60, 0x1f,
    0xfc, 0x82, 0x20, 0x7, 0xff, 0x10, 0xf6, 0x50,
    0x40, 0x49, 0xb2, 0x40, 0x3f, 0xf8, 0xea, 0x1,
    0xff, 0xc4, 0x4c, 0x20, 0xf, 0xcd, 0x80, 0x1f,
    0xfc, 0x6d, 0x0, 0xff, 0xe1, 0x95, 0x80, 0x7f,
    0xc7, 0x20, 0x1f, 0xfc, 0x57, 0x0, 0xff, 0xe1,
    0xc8, 0x7, 0xff, 0x5, 0x8c, 0x3, 0xff, 0x88,
    0x40, 0x1f, 0xfc, 0x22, 0x40, 0xf, 0xfe, 0x15,
    0x0, 0x7f, 0xf4, 0xd0, 0x3, 0xff, 0x86, 0xe0,
    0x1f, 0xfc, 0x31, 0x0, 0xff, 0xe1, 0xf0, 0x7,
    0xff, 0xc, 0x40, 0x3f, 0xf8, 0x66, 0x1, 0xff,
    0xc3, 0x20, 0xf, 0xfe, 0x20, 0x80, 0x7f, 0xf0,
    0x8c, 0x3, 0xff, 0x86, 0x60, 0x1f, 0xfe, 0x3e,
    0x0, 0xff, 0xe2, 0x8, 0x7, 0xff, 0x8, 0x40,
    0x3f, 0xf8, 0x68, 0x1, 0xff, 0xc3, 0x40, 0xf,
    0xfe, 0x20, 0x80, 0x7f, 0xf0, 0x8c, 0x80, 0x3f,
    0xf8, 0x5a, 0x1, 0xff, 0xc4, 0x50, 0xf, 0xfe,
    0x1c, 0x0, 0x7f, 0xf0, 0x45, 0x80, 0x3f, 0xf8,
    0x86, 0x1, 0xff, 0xc3, 0x55, 0x0, 0x7f, 0xf0,
    0x34, 0x3, 0xff, 0x8b, 0x80, 0x1f, 0xfc, 0x4a,
    0x60, 0xf, 0xe1, 0xb3, 0x0, 0xff, 0xe2, 0xa0,
    0x7, 0xff, 0x16, 0x6c, 0xc0, 0x3c, 0xde, 0x80,
    0x1f, 0xfc, 0x75, 0x0, 0xff, 0xe2, 0xa6, 0x75,
    0xd5, 0x33, 0xe4, 0x40, 0x3f, 0xf9, 0x1c, 0x1,
    0xff, 0xc7, 0x14, 0x55, 0x18, 0x7, 0xff, 0x2d,
    0x8, 0x3, 0xff, 0xc7, 0x0, 0x1f, 0xfe, 0x35,
    0x40, 0xf, 0xff, 0x1c, 0x80, 0x7f, 0xf8, 0xca,
    0x80, 0x3f, 0xfc, 0x6a, 0xe0, 0x1f, 0xfe, 0x38,
    0x70, 0xf, 0xff, 0x1c, 0x40, 0x3, 0xff, 0xc6,
    0xf8, 0x40, 0x1f, 0xfc, 0x82, 0x50, 0xf, 0xfe,
    0x61, 0xec, 0x0, 0x7f, 0xf1, 0x9f, 0x74, 0x1,
    0xff, 0xce, 0x7e, 0x82, 0x0, 0xff, 0xe0, 0xbf,
    0x40, 0x7, 0xff, 0x44, 0x5f, 0x75, 0x2c, 0x62,
    0x1, 0xa, 0x3d, 0xfc, 0x8, 0x1, 0xff, 0xff,
    0xf8, 0x52,

    /* U+00E6 "æ" */
    0x0, 0xff, 0xe1, 0x93, 0x4e, 0x77, 0xfd, 0xb7,
    0x8, 0x1, 0xff, 0xcc, 0x25, 0x8b, 0xde, 0xff,
    0x76, 0xe4, 0xb1, 0x80, 0x7f, 0xf4, 0x5f, 0x75,
    0x2c, 0x62, 0x1, 0x12, 0x3d, 0xf3, 0x88, 0x1,
    0xff, 0xff, 0xf8, 0x50, 0x51, 0xba, 0xa7, 0x42,
    0x10, 0x0, 0x91, 0xb4, 0xe7, 0x49, 0x80, 0x7f,
    0xf3, 0x1f, 0xa0, 0x80, 0x3f, 0xf8, 0x3, 0x1c,
    0xe0, 0x1f, 0xfc, 0x47, 0xd7, 0x20, 0xf, 0xfe,
    0x10, 0xb6, 0x59, 0x80, 0x7f, 0xf2, 0xb, 0x60,
    0x40, 0x3f, 0xf8, 0xb1, 0x7e, 0x1, 0xff, 0xd7,
    0x4c, 0xa1, 0x0, 0xff, 0xe2, 0xb6, 0x90, 0x7,
    0xff, 0x21, 0x1c, 0x3, 0xff, 0xb2, 0xbe, 0x80,
    0x1f, 0xfc, 0x37, 0x90, 0xf, 0xff, 0x90, 0xdb,
    0x0, 0x7f, 0xf0, 0x5e, 0x0, 0x3f, 0xfe, 0xb2,
    0xe0, 0x1f, 0xf2, 0x40, 0x7, 0xff, 0xde, 0x14,
    0x3, 0xf8, 0x68, 0x3, 0xff, 0xf3, 0x46, 0x1,
    0xfa, 0xc4, 0x3, 0xff, 0xf5, 0xc0, 0x1f, 0x22,
    0x80, 0x7f, 0xfe, 0xca, 0x0, 0x3d, 0x0, 0x1f,
    0xfe, 0x63, 0x9d, 0xff, 0x76, 0x38, 0x80, 0x7f,
    0xf0, 0x9c, 0x40, 0x31, 0x98, 0x3, 0xff, 0xc8,
    0x35, 0x8c, 0x40, 0x1, 0x38, 0xe5, 0x0, 0xff,
    0xe1, 0x40, 0x6, 0x90, 0xf, 0xfe, 0x40, 0x91,
    0x0, 0x3f, 0xf9, 0xa3, 0x8a, 0x1, 0xfd, 0x4a,
    0x1, 0xff, 0xc1, 0x60, 0xc, 0x80, 0x1f, 0xfc,
    0x51, 0x9e, 0xe6, 0xeb, 0xf1, 0x80, 0x3f, 0xf9,
    0x54, 0x40, 0x1f, 0xf5, 0x8, 0x7, 0xff, 0x5,
    0x40, 0x6, 0x20, 0x1f, 0xfc, 0x46, 0xe6, 0x10,
    0xc, 0x73, 0x82, 0x1, 0xff, 0xc7, 0x44, 0x0,
    0x7f, 0xf0, 0x60, 0x3, 0xff, 0x83, 0xc0, 0xb,
    0x0, 0xff, 0xe2, 0x3c, 0x80, 0x7f, 0x1f, 0x88,
    0x7, 0xff, 0x1a, 0x0, 0x3f, 0xf8, 0x4c, 0x1,
    0xff, 0xc1, 0x40, 0x1, 0x0, 0x7f, 0xf0, 0xce,
    0x0, 0x3f, 0xe1, 0xa0, 0xf, 0xfe, 0x29, 0x18,
    0x7, 0xff, 0xd, 0x0, 0x3f, 0xf8, 0x24, 0xe,
    0x1, 0xff, 0xc3, 0xf0, 0xf, 0xfe, 0xa, 0x20,
    0x3, 0xff, 0x88, 0x5f, 0xff, 0xfc, 0x44, 0x0,
    0xff, 0xe0, 0xb8, 0x10, 0x7, 0xff, 0x8, 0x8c,
    0x3, 0xff, 0x85, 0xc0, 0x1f, 0xfe, 0x33, 0x0,
    0xff, 0xe2, 0x28, 0x7, 0xff, 0xd, 0x0, 0x3f,
    0xfc, 0x62, 0x20, 0xf, 0xfe, 0x1f, 0x0, 0x7f,
    0xf0, 0xc4, 0x3, 0xff, 0xc7, 0xe6, 0x1, 0xff,
    0xc3, 0x30, 0xf, 0xfe, 0x20, 0x80, 0x7f, 0xf8,
    0xcc, 0x3, 0xff, 0x86, 0x60, 0x1f, 0xfc, 0x41,
    0x0, 0xff, 0xf1, 0x78, 0x80, 0x7f, 0xf0, 0xf8,
    0x3, 0xff, 0xe6, 0x20, 0x1f, 0xfc, 0x44, 0x0,
    0xff, 0xe1, 0xa0, 0x7, 0xff, 0x8c, 0x80, 0x80,
    0x3f, 0xf8, 0x46, 0x40, 0x1f, 0xfc, 0x2e, 0x0,
    0xff, 0xf1, 0xa8, 0x30, 0x7, 0xff, 0xe, 0x40,
    0x3f, 0xf8, 0x24, 0xa0, 0x1f, 0xfc, 0x52, 0x2f,
    0xfe, 0x89, 0x88, 0x18, 0x7, 0xff, 0xd, 0x1c,
    0x3, 0xff, 0x81, 0xe0, 0x1f, 0xfc, 0x51, 0xdd,
    0xff, 0xe8, 0xe0, 0x3, 0x0, 0x3f, 0xf8, 0x91,
    0x0, 0xf, 0xe1, 0xd2, 0x0, 0xff, 0xe2, 0x8b,
    0x0, 0x7f, 0xf4, 0xd0, 0x40, 0x3f, 0xf8, 0x8f,
    0x88, 0x1, 0xc5, 0x1c, 0x40, 0x1f, 0xfc, 0x79,
    0x20, 0xf, 0xfe, 0x22, 0xe8, 0x80, 0x7f, 0xf0,
    0x10, 0x3, 0xff, 0x8a, 0x77, 0xf9, 0x79, 0xda,
    0xe0, 0x1f, 0xfc, 0xaf, 0x10, 0xf, 0xfe, 0x13,
    0xd1, 0x60, 0x80, 0x7f, 0xd2, 0x1, 0xff, 0xc8,
    0x34, 0x31, 0x0, 0xff, 0xe6, 0x17, 0xa8, 0x7,
    0xfc, 0x99, 0x0, 0x2, 0xc1, 0x0, 0xff, 0x19,
    0x80, 0x3f, 0xfc, 0x83, 0x5b, 0x8, 0x20, 0x11,
    0x24, 0x6d, 0x98, 0x6, 0x2f, 0x20, 0xf, 0xf4,
    0x0, 0x7f, 0xf9, 0x89, 0xef, 0xbf, 0xed, 0xb7,
    0x20, 0xf, 0x87, 0x8, 0x3, 0xf9, 0x14, 0x3,
    0xff, 0xf0, 0x38, 0x40, 0x1f, 0xd6, 0x20, 0x1f,
    0xff, 0x81, 0xc2, 0x0, 0xfc, 0x34, 0x1, 0xff,
    0xf9, 0x1c, 0x10, 0xf, 0xc9, 0x0, 0x1f, 0xff,
    0x96, 0x10, 0xf, 0xe7, 0x80, 0xf, 0xff, 0xbc,
    0x40, 0x3, 0xfe, 0x79, 0x0, 0xff, 0xfa, 0xdb,
    0x80, 0x7f, 0xf0, 0x5b, 0x48, 0x3, 0xff, 0x90,
    0x6a, 0x1, 0xff, 0xdb, 0x5e, 0x40, 0xf, 0xfe,
    0x19, 0x6c, 0x8, 0x7, 0xff, 0x15, 0xf3, 0x40,
    0x3f, 0xfb, 0x29, 0x74, 0x20, 0x1f, 0xfc, 0x67,
    0xe8, 0x20, 0xf, 0xfe, 0xb, 0xf4, 0x0, 0x7f,
    0xf1, 0x1b, 0xe5, 0x0, 0x3f, 0xf8, 0x82, 0xf9,
    0x68, 0x1, 0xff, 0xca, 0x7d, 0xd4, 0xb1, 0x88,
    0x4, 0x28, 0xf7, 0xf0, 0x20, 0x7, 0xff, 0xff,
    0xe1, 0x48, 0x35, 0xfd, 0xc3, 0x19, 0x8, 0x4,
    0x24, 0x8d, 0x3b, 0xd0, 0x60, 0x1f, 0xf0,

    /* U+00E7 "ç" */
    0x0, 0xff, 0xe3, 0x23, 0xd6, 0x6f, 0x7f, 0xbb,
    0x6e, 0x58, 0x80, 0x3f, 0xf9, 0xcb, 0x5f, 0x70,
    0xa6, 0x42, 0x0, 0x12, 0x46, 0x9d, 0xd4, 0x10,
    0x7, 0xff, 0x20, 0x5f, 0xa9, 0x40, 0x3f, 0xf8,
    0x64, 0xfb, 0x66, 0x1, 0xff, 0xc5, 0x6e, 0x81,
    0x0, 0xff, 0xe4, 0x26, 0x48, 0x80, 0x7f, 0xf0,
    0x4b, 0x24, 0x3, 0xff, 0x9a, 0xde, 0x60, 0x1f,
    0xf2, 0x69, 0x80, 0x7f, 0xf3, 0xc7, 0x18, 0x3,
    0xf9, 0xec, 0x3, 0xff, 0xa7, 0x2c, 0x1, 0xf3,
    0x40, 0x7, 0xff, 0x50, 0xdc, 0x3, 0xcb, 0x20,
    0x1f, 0xfd, 0x43, 0xd1, 0x0, 0xe2, 0xa0, 0xf,
    0xfe, 0xa1, 0xe8, 0x80, 0x7b, 0x80, 0x3f, 0xfa,
    0x87, 0x82, 0x1, 0xe7, 0x30, 0xf, 0xfe, 0x99,
    0xe0, 0x7, 0xc3, 0x20, 0x1f, 0xfd, 0x33, 0xc0,
    0xf, 0xd2, 0x20, 0x1f, 0xfc, 0x72, 0x44, 0x10,
    0x7, 0xc7, 0x80, 0x1f, 0xcc, 0x1, 0xff, 0xc5,
    0x3a, 0xfd, 0xbb, 0x6f, 0xda, 0x80, 0x47, 0x80,
    0x1f, 0xc8, 0x20, 0x1f, 0xfc, 0x48, 0xc5, 0x0,
    0xf2, 0x56, 0x11, 0xe0, 0x7, 0xfb, 0x40, 0x3f,
    0xf8, 0x94, 0xe0, 0x1f, 0xe3, 0xcc, 0x0, 0x7f,
    0xc8, 0x1, 0xff, 0xc3, 0x75, 0x0, 0xff, 0xe0,
    0x8, 0x7, 0xff, 0x0, 0x80, 0x3f, 0xf8, 0x43,
    0x20, 0x1f, 0xfc, 0xd3, 0x0, 0xff, 0xe1, 0xb8,
    0x80, 0x7f, 0xf3, 0x5c, 0x3, 0xff, 0x87, 0x80,
    0x1f, 0xfc, 0xe1, 0x0, 0xff, 0xe1, 0xb0, 0x7,
    0xff, 0x38, 0xc0, 0x3f, 0xf8, 0x62, 0x1, 0xff,
    0xce, 0x30, 0xf, 0xfe, 0x18, 0x80, 0x7f, 0xf3,
    0x84, 0x3, 0xff, 0x86, 0xc0, 0x1f, 0xfc, 0xe7,
    0x0, 0xff, 0xe1, 0xf8, 0x7, 0xff, 0x38, 0x80,
    0x3f, 0xf8, 0x6a, 0x20, 0x1f, 0xfc, 0xd1, 0x10,
    0x7, 0xff, 0xe, 0x40, 0x3f, 0xf9, 0xc8, 0x1,
    0xff, 0xc3, 0x75, 0x0, 0xff, 0xe0, 0xb, 0x0,
    0x7f, 0xde, 0x1, 0xff, 0xc4, 0xa7, 0x0, 0xff,
    0x1f, 0xcb, 0x80, 0x7f, 0x94, 0x3, 0xff, 0x8b,
    0x18, 0x80, 0x1e, 0x39, 0xc1, 0x8, 0x70, 0xf,
    0xf2, 0x80, 0x7f, 0xf1, 0x4e, 0xff, 0x2a, 0x99,
    0xd8, 0xc0, 0x1a, 0x1c, 0x3, 0xfa, 0x0, 0x3f,
    0xf9, 0x6, 0xaa, 0x31, 0x0, 0xfa, 0x20, 0x1,
    0xf8, 0x98, 0x3, 0xff, 0xa8, 0xf0, 0x1, 0xfa,
    0x4, 0x3, 0xff, 0xa8, 0xf0, 0x1, 0xf0, 0xd0,
    0x7, 0xff, 0x55, 0xe0, 0x3, 0xe4, 0x70, 0xf,
    0xfe, 0xab, 0xc0, 0x7, 0xd0, 0xc0, 0x1f, 0xfd,
    0x57, 0x80, 0xf, 0xa5, 0x40, 0x3f, 0xfa, 0xbe,
    0x1, 0xfa, 0xa0, 0x3, 0xff, 0xa7, 0x4e, 0x1,
    0xfc, 0xf6, 0x20, 0x1f, 0xfc, 0xf2, 0xd5, 0x0,
    0xff, 0x93, 0x9c, 0x3, 0xff, 0x9a, 0xfa, 0x40,
    0x1f, 0xfc, 0x28, 0xd6, 0x0, 0xff, 0xe4, 0xae,
    0xc0, 0x7, 0xff, 0x14, 0xa7, 0xa0, 0xc0, 0x3f,
    0xf8, 0x62, 0xfb, 0x44, 0x1, 0xff, 0xc8, 0x17,
    0xce, 0xa0, 0xf, 0xc2, 0x8d, 0x3b, 0xd0, 0x40,
    0x1f, 0xfc, 0xd1, 0x40, 0xf, 0x97, 0xae, 0x58,
    0x80, 0x3f, 0xfa, 0x2e, 0x1, 0xf6, 0x80, 0x7f,
    0xf5, 0xb4, 0x3, 0xe8, 0xf9, 0x20, 0xf, 0xfe,
    0x9a, 0x0, 0x7f, 0x36, 0xb8, 0x7, 0xff, 0x45,
    0x40, 0x3f, 0xf8, 0x11, 0x20, 0x1f, 0xfd, 0xf,
    0x0, 0xff, 0xe0, 0xb2, 0x80, 0x7f, 0xf3, 0xd4,
    0x3, 0xff, 0x85, 0x0, 0x1f, 0xfc, 0xfa, 0xaa,
    0xc, 0x3, 0xfc, 0x46, 0x1, 0xff, 0xce, 0x55,
    0x9f, 0x14, 0x3, 0xfc, 0xa0, 0x1f, 0xfc, 0xb9,
    0x20, 0xf, 0x10, 0x7, 0xf8, 0x40, 0x3f, 0xf9,
    0x54, 0xdb, 0x6c, 0x64, 0x6e, 0xe0, 0xf, 0xf0,
    0x80, 0x7f, 0xf2, 0x59, 0x40, 0x9, 0x39, 0xb9,
    0x0, 0x1f, 0xf2, 0x80, 0x7f, 0xf2, 0xe, 0x40,
    0x3f, 0xf8, 0xe6, 0x60, 0xf, 0xfe, 0x47, 0x0,
    0x7f, 0xf2, 0x3c, 0x3, 0xff, 0x91, 0x44, 0x1,
    0xff, 0xc7, 0x93, 0x0, 0xff, 0xe4, 0x4a, 0x0,
    0x7f, 0xf1, 0x46, 0xd8, 0x3, 0xff, 0x92, 0x77,
    0x8c, 0x1, 0xff, 0xc1, 0x17, 0xe4, 0x0, 0xff,
    0xe6, 0x1c, 0xfd, 0x32, 0x10, 0x4, 0x24, 0x8f,
    0x7d, 0x0, 0x1f, 0xfc, 0x20,

    /* U+00E8 "è" */
    0x0, 0xff, 0xe3, 0x18, 0x7, 0xff, 0x84, 0xb2,
    0xc0, 0x3f, 0xfc, 0x12, 0x9, 0xa4, 0x1, 0xff,
    0xdd, 0x54, 0x0, 0x16, 0xa0, 0x7, 0xff, 0x72,
    0xc0, 0x3a, 0xdc, 0x3, 0xff, 0xb5, 0x22, 0x1,
    0xe8, 0xa0, 0xf, 0xfe, 0xc1, 0xb0, 0x7, 0xe5,
    0xc1, 0x0, 0xff, 0xeb, 0x78, 0x7, 0xf8, 0xfc,
    0xc0, 0x3f, 0xfa, 0x8c, 0x60, 0x1f, 0xf0, 0xe3,
    0x0, 0x7f, 0xf4, 0x86, 0x40, 0x3f, 0xf8, 0x53,
    0x20, 0xf, 0xfe, 0x8d, 0x80, 0x7f, 0xf1, 0x1a,
    0xc4, 0x3, 0xff, 0x9c, 0x8a, 0x1, 0xff, 0xc5,
    0x4c, 0x20, 0xf, 0xfe, 0x69, 0x80, 0x7f, 0xf1,
    0xcb, 0x54, 0x3, 0xff, 0x98, 0xfd, 0x2, 0x1,
    0xff, 0xc6, 0xd0, 0xf, 0xfe, 0x68, 0xbf, 0x51,
    0x80, 0x7f, 0xf0, 0xc6, 0x0, 0x3f, 0xfa, 0xb,
    0x98, 0x50, 0xf, 0xfe, 0xd, 0x80, 0x7f, 0xf4,
    0xce, 0xb5, 0x80, 0x3f, 0xc6, 0xa0, 0x1f, 0xfd,
    0x52, 0x9f, 0x81, 0x0, 0xfb, 0xc0, 0x3f, 0xfb,
    0x2f, 0xd4, 0x60, 0x19, 0x8c, 0x3, 0xff, 0xb6,
    0xb9, 0x85, 0x0, 0x40, 0x7, 0xff, 0x78, 0xeb,
    0xac, 0x40, 0x3f, 0xfc, 0x2, 0x80, 0x1f, 0xff,
    0xf0, 0xf, 0xff, 0x49, 0x34, 0x5e, 0xf7, 0xfb,
    0xb7, 0x25, 0x88, 0x3, 0xff, 0xa4, 0x51, 0xba,
    0x97, 0x42, 0x10, 0x0, 0x91, 0xb4, 0xee, 0xa0,
    0x80, 0x3f, 0xf9, 0xa7, 0x7a, 0xe4, 0x1, 0xff,
    0xc2, 0x27, 0xda, 0x20, 0xf, 0xfe, 0x48, 0xd6,
    0x20, 0x7, 0xff, 0x21, 0x76, 0x0, 0x3f, 0xf8,
    0xeb, 0xea, 0x1, 0xff, 0xcc, 0x7d, 0x20, 0xf,
    0xfe, 0x24, 0x50, 0x80, 0x7f, 0xf3, 0x8b, 0x50,
    0x3, 0xff, 0x85, 0x6e, 0x1, 0xff, 0xd2, 0xb5,
    0x0, 0xff, 0xe0, 0x52, 0x0, 0x7f, 0xf5, 0x28,
    0xc0, 0x3f, 0xd0, 0xa0, 0x1f, 0xfd, 0x6d, 0x10,
    0xf, 0xc8, 0xe0, 0x1f, 0xfd, 0x71, 0xa0, 0xf,
    0x86, 0x80, 0x3f, 0xfb, 0x28, 0xc0, 0x1e, 0x81,
    0x0, 0xff, 0xe1, 0xa5, 0x6f, 0xfb, 0xad, 0x80,
    0x3f, 0xf8, 0x70, 0x1, 0xc4, 0xc0, 0x1f, 0xfc,
    0x21, 0xcb, 0x52, 0x0, 0xa, 0x4f, 0x18, 0x7,
    0xff, 0x4, 0x5c, 0x3, 0x58, 0x7, 0xff, 0x8,
    0xbc, 0xc0, 0x3f, 0xe, 0x18, 0x7, 0xff, 0x6,
    0x40, 0x33, 0x0, 0x7f, 0xf0, 0xbc, 0x40, 0x3f,
    0xed, 0x0, 0xff, 0xe0, 0x89, 0x80, 0x14, 0x3,
    0xff, 0x84, 0xe4, 0x1, 0xff, 0xc0, 0x16, 0x0,
    0xff, 0xe0, 0xd8, 0x3, 0xc0, 0x3f, 0xf8, 0x52,
    0x1, 0xff, 0xc2, 0xb0, 0xf, 0xfe, 0xa, 0x80,
    0x1c, 0x3, 0xff, 0x82, 0x82, 0x1, 0xff, 0xc2,
    0x22, 0x0, 0x7f, 0xf0, 0x8, 0x4, 0x80, 0x3f,
    0xf8, 0x29, 0xff, 0xff, 0xc4, 0x20, 0xf, 0xfe,
    0x9, 0x10, 0x3, 0xff, 0xc2, 0xce, 0x1, 0xff,
    0xe1, 0x11, 0x0, 0x7f, 0xf8, 0x4c, 0xc0, 0x1f,
    0xfe, 0x23, 0x0, 0xff, 0xf0, 0x98, 0x80, 0x7f,
    0xf8, 0x45, 0xc0, 0x3f, 0xfc, 0x2c, 0x40, 0x1f,
    0xfe, 0x12, 0x11, 0x0, 0x7f, 0xf0, 0x44, 0x8b,
    0xff, 0xa2, 0xa0, 0x5, 0x0, 0xff, 0xe0, 0x9e,
    0xef, 0xff, 0x46, 0x80, 0x1a, 0x1, 0xff, 0xc1,
    0x24, 0x0, 0xff, 0xe9, 0xb8, 0x7, 0xff, 0xa,
    0x44, 0x3, 0xff, 0x88, 0xd4, 0x1, 0xff, 0xc0,
    0x14, 0x0, 0xff, 0xe0, 0x96, 0x80, 0x7f, 0xf0,
    0xe6, 0x4b, 0x60, 0x1f, 0xfc, 0x8, 0x0, 0xff,
    0xe1, 0x1e, 0xa0, 0x7, 0xfc, 0xbc, 0xc0, 0x4,
    0xb0, 0xf, 0xf8, 0xd0, 0x3, 0xff, 0x84, 0x57,
    0x8e, 0x62, 0x0, 0x12, 0x59, 0xea, 0x10, 0xc,
    0x98, 0x1, 0xff, 0x48, 0x7, 0xff, 0x10, 0xe3,
    0x3b, 0xfd, 0xdb, 0x4c, 0x20, 0x1f, 0x1e, 0x8,
    0x7, 0xf1, 0x48, 0x7, 0xff, 0x58, 0xf4, 0x40,
    0x3f, 0x99, 0x40, 0x3f, 0xfa, 0xc7, 0x82, 0x1,
    0xfd, 0x48, 0x1, 0xff, 0xd6, 0x2c, 0x0, 0xff,
    0x5a, 0x0, 0x7f, 0xf5, 0xac, 0x3, 0xfe, 0xb6,
    0x0, 0xff, 0xea, 0x53, 0x0, 0x7f, 0xf0, 0x26,
    0x84, 0x3, 0xff, 0xa0, 0x38, 0xa0, 0x1f, 0xfc,
    0x25, 0xf6, 0x0, 0xff, 0xe7, 0x37, 0x18, 0x7,
    0xff, 0x10, 0x67, 0x58, 0x3, 0xff, 0x94, 0xb9,
    0x20, 0x1f, 0xfc, 0x82, 0x9e, 0x84, 0x0, 0xff,
    0xe2, 0x14, 0x6d, 0x18, 0x7, 0xff, 0x2c, 0x5e,
    0xfe, 0xe1, 0x4c, 0x84, 0x2, 0x12, 0x47, 0xae,
    0xd7, 0x20, 0xf, 0xf8,

    /* U+00E9 "é" */
    0x0, 0xff, 0xff, 0x3c, 0x80, 0x7f, 0xf8, 0x2a,
    0x18, 0xc0, 0x3f, 0xfb, 0xa5, 0xaa, 0x0, 0xf0,
    0xf, 0xfe, 0xe2, 0x61, 0x0, 0x46, 0xc0, 0x1f,
    0xfd, 0xa7, 0xb1, 0x0, 0xe8, 0x10, 0xf, 0xfe,
    0xc5, 0x40, 0x7, 0xc3, 0x0, 0x1f, 0xfd, 0x61,
    0xc5, 0x0, 0xfe, 0x63, 0x0, 0xff, 0xea, 0x1f,
    0x98, 0x7, 0xfd, 0xc0, 0x1f, 0xfd, 0x36, 0xc1,
    0x0, 0xff, 0xe0, 0x13, 0x80, 0x7f, 0xf4, 0x66,
    0x40, 0x1f, 0xfc, 0x38, 0x10, 0xf, 0xfe, 0x70,
    0xe3, 0x0, 0x7f, 0xf1, 0x6c, 0x3, 0xff, 0x9a,
    0x7e, 0x60, 0x1f, 0xfc, 0x65, 0x40, 0xf, 0xfe,
    0x66, 0x8, 0x7, 0xff, 0x18, 0xe9, 0x0, 0x3f,
    0xf9, 0x8e, 0x1, 0xff, 0xc5, 0x5c, 0xc2, 0x80,
    0x7f, 0xf3, 0x60, 0x40, 0x3f, 0xf8, 0x22, 0xfd,
    0x46, 0x1, 0xff, 0xd0, 0x80, 0xf, 0xf8, 0xa7,
    0xa0, 0x40, 0x3f, 0xfa, 0x4c, 0x60, 0x1f, 0x92,
    0xf5, 0x80, 0x3f, 0xfa, 0xde, 0x1, 0xe6, 0xdb,
    0x40, 0xf, 0xfe, 0xc1, 0xa8, 0x0, 0x5f, 0xa4,
    0x80, 0x3f, 0xfb, 0x76, 0x73, 0xd0, 0x20, 0x1f,
    0xfd, 0xd1, 0xc6, 0x0, 0xff, 0xff, 0x80, 0x7f,
    0xfd, 0x9, 0xa2, 0xf7, 0xbf, 0xdd, 0xb9, 0x2c,
    0x40, 0x1f, 0xfd, 0x22, 0x8d, 0xd4, 0xba, 0x10,
    0x80, 0x4, 0x8d, 0xa7, 0x75, 0x4, 0x1, 0xff,
    0xcd, 0x3b, 0xd7, 0x20, 0xf, 0xfe, 0x11, 0x3e,
    0xd1, 0x0, 0x7f, 0xf2, 0x46, 0xb1, 0x0, 0x3f,
    0xf9, 0xb, 0xb0, 0x1, 0xff, 0xc7, 0x5f, 0x50,
    0xf, 0xfe, 0x63, 0xe9, 0x0, 0x7f, 0xf1, 0x22,
    0x84, 0x3, 0xff, 0x9c, 0x5a, 0x80, 0x1f, 0xfc,
    0x2b, 0x70, 0xf, 0xfe, 0x95, 0xa8, 0x7, 0xff,
    0x2, 0x90, 0x3, 0xff, 0xa9, 0x46, 0x1, 0xfe,
    0x85, 0x0, 0xff, 0xeb, 0x68, 0x80, 0x7e, 0x47,
    0x0, 0xff, 0xeb, 0x8d, 0x0, 0x7c, 0x34, 0x1,
    0xff, 0xd9, 0x46, 0x0, 0xf4, 0x8, 0x7, 0xff,
    0xd, 0x2b, 0x7f, 0xdd, 0x6c, 0x1, 0xff, 0xc3,
    0x80, 0xe, 0x26, 0x0, 0xff, 0xe1, 0xe, 0x5a,
    0x90, 0x0, 0x52, 0x78, 0xc0, 0x3f, 0xf8, 0x22,
    0xe0, 0x1a, 0xc0, 0x3f, 0xf8, 0x45, 0xe6, 0x1,
    0xf8, 0x70, 0xc0, 0x3f, 0xf8, 0x32, 0x1, 0x98,
    0x3, 0xff, 0x85, 0xe2, 0x1, 0xff, 0x68, 0x7,
    0xff, 0x4, 0x4c, 0x0, 0xa0, 0x1f, 0xfc, 0x27,
    0x20, 0xf, 0xfe, 0x0, 0xb0, 0x7, 0xff, 0x6,
    0xc0, 0x1e, 0x1, 0xff, 0xc2, 0x90, 0xf, 0xfe,
    0x15, 0x80, 0x7f, 0xf0, 0x54, 0x0, 0xe0, 0x1f,
    0xfc, 0x14, 0x10, 0xf, 0xfe, 0x11, 0x10, 0x3,
    0xff, 0x80, 0x40, 0x24, 0x1, 0xff, 0xc1, 0x4f,
    0xff, 0xfe, 0x21, 0x0, 0x7f, 0xf0, 0x48, 0x80,
    0x1f, 0xfe, 0x16, 0x70, 0xf, 0xff, 0x8, 0x88,
    0x3, 0xff, 0xc2, 0x66, 0x0, 0xff, 0xf1, 0x18,
    0x7, 0xff, 0x84, 0xc4, 0x3, 0xff, 0xc2, 0x2e,
    0x1, 0xff, 0xe1, 0x62, 0x0, 0xff, 0xf0, 0x90,
    0x88, 0x3, 0xff, 0x82, 0x24, 0x5f, 0xfd, 0x15,
    0x0, 0x28, 0x7, 0xff, 0x4, 0xf7, 0x7f, 0xfa,
    0x34, 0x0, 0xd0, 0xf, 0xfe, 0x9, 0x20, 0x7,
    0xff, 0x4d, 0xc0, 0x3f, 0xf8, 0x52, 0x20, 0x1f,
    0xfc, 0x46, 0xa0, 0xf, 0xfe, 0x0, 0xa0, 0x7,
    0xff, 0x4, 0xb4, 0x3, 0xff, 0x87, 0x32, 0x5b,
    0x0, 0xff, 0xe0, 0x40, 0x7, 0xff, 0x8, 0xf5,
    0x0, 0x3f, 0xe5, 0xe6, 0x0, 0x25, 0x80, 0x7f,
    0xc6, 0x80, 0x1f, 0xfc, 0x22, 0xbc, 0x73, 0x10,
    0x0, 0x92, 0xcf, 0x50, 0x80, 0x64, 0xc0, 0xf,
    0xfa, 0x40, 0x3f, 0xf8, 0x87, 0x19, 0xdf, 0xee,
    0xda, 0x61, 0x0, 0xf8, 0xf0, 0x40, 0x3f, 0x8a,
    0x40, 0x3f, 0xfa, 0xc7, 0xa2, 0x1, 0xfc, 0xca,
    0x1, 0xff, 0xd6, 0x3c, 0x10, 0xf, 0xea, 0x40,
    0xf, 0xfe, 0xb1, 0x60, 0x7, 0xfa, 0xd0, 0x3,
    0xff, 0xad, 0x60, 0x1f, 0xf5, 0xb0, 0x7, 0xff,
    0x52, 0x98, 0x3, 0xff, 0x81, 0x34, 0x20, 0x1f,
    0xfd, 0x1, 0xc5, 0x0, 0xff, 0xe1, 0x2f, 0xb0,
    0x7, 0xff, 0x39, 0xb8, 0xc0, 0x3f, 0xf8, 0x83,
    0x3a, 0xc0, 0x1f, 0xfc, 0xa5, 0xc9, 0x0, 0xff,
    0xe4, 0x14, 0xf4, 0x20, 0x7, 0xff, 0x10, 0xa3,
    0x68, 0xc0, 0x3f, 0xf9, 0x62, 0xf7, 0xf7, 0xa,
    0x64, 0x20, 0x10, 0x92, 0x3d, 0x76, 0xb9, 0x0,
    0x7f, 0xc0,

    /* U+00EA "ê" */
    0x0, 0xff, 0xe3, 0x8b, 0xc4, 0x7c, 0x60, 0x1f,
    0xfd, 0x81, 0xc8, 0x77, 0xfb, 0x10, 0x3, 0xff,
    0xac, 0x5e, 0x40, 0x1f, 0xd6, 0xa0, 0x1f, 0xfd,
    0x43, 0xc1, 0x0, 0xff, 0xa9, 0x80, 0x3f, 0xfa,
    0x49, 0x82, 0x1, 0xff, 0xc1, 0x97, 0x0, 0xff,
    0xe8, 0x25, 0x80, 0x7f, 0xf1, 0x22, 0x0, 0x1f,
    0xfc, 0xe6, 0xb0, 0xf, 0xfe, 0x33, 0xc8, 0x7,
    0xff, 0x31, 0xe4, 0x3, 0xff, 0x90, 0xd4, 0x1,
    0xff, 0xca, 0x88, 0x0, 0x7f, 0xf2, 0x96, 0xc0,
    0x3f, 0xf9, 0x12, 0xe0, 0x1f, 0xfc, 0xc4, 0xc1,
    0x0, 0xff, 0xe2, 0xd3, 0x0, 0x7f, 0xf3, 0x8f,
    0x4, 0x3, 0xff, 0x87, 0x6a, 0x1, 0xff, 0xd0,
    0x2c, 0x20, 0xf, 0xfe, 0xe, 0x20, 0x7, 0xff,
    0x9, 0x1c, 0x3, 0xff, 0x84, 0x58, 0x40, 0x1f,
    0xfc, 0x7, 0x0, 0xff, 0xe0, 0x9d, 0xda, 0x39,
    0x80, 0x3f, 0xf8, 0x44, 0x1, 0xff, 0xc0, 0xa1,
    0x0, 0xff, 0x15, 0x62, 0x0, 0x6, 0x75, 0x0,
    0x3f, 0xea, 0x0, 0xff, 0xe0, 0x8d, 0x80, 0x7e,
    0x19, 0xd5, 0x0, 0xf1, 0x5e, 0x18, 0x7, 0xe6,
    0x40, 0xf, 0xfe, 0x12, 0xa8, 0x3, 0xd1, 0xcc,
    0x1, 0xfe, 0x3c, 0xa2, 0x0, 0xe2, 0x90, 0xf,
    0xfe, 0x25, 0x88, 0x4, 0xfc, 0xe0, 0x1f, 0xfc,
    0x25, 0xd9, 0x10, 0xb, 0x80, 0x3f, 0xf8, 0xa3,
    0x40, 0xdd, 0x2, 0x1, 0xff, 0xc5, 0x6e, 0x80,
    0x73, 0x0, 0xff, 0xe3, 0x27, 0x48, 0x80, 0x7f,
    0xf2, 0x5f, 0xa0, 0x3, 0xff, 0x90, 0x20, 0x1f,
    0xfc, 0xc1, 0x0, 0xff, 0xff, 0x13, 0x45, 0xef,
    0x7f, 0xbb, 0x72, 0x58, 0x80, 0x3f, 0xfa, 0x45,
    0x1b, 0xa9, 0x74, 0x21, 0x0, 0x9, 0x1b, 0x4e,
    0xea, 0x8, 0x3, 0xff, 0x9a, 0x77, 0xae, 0x40,
    0x1f, 0xfc, 0x22, 0x7d, 0xa2, 0x0, 0xff, 0xe4,
    0x8d, 0x62, 0x0, 0x7f, 0xf2, 0x17, 0x60, 0x3,
    0xff, 0x8e, 0xbe, 0xa0, 0x1f, 0xfc, 0xc7, 0xd2,
    0x0, 0xff, 0xe2, 0x45, 0x8, 0x7, 0xff, 0x38,
    0xb5, 0x0, 0x3f, 0xf8, 0x56, 0xe0, 0x1f, 0xfd,
    0x2b, 0x50, 0xf, 0xfe, 0x5, 0x20, 0x7, 0xff,
    0x52, 0x8c, 0x3, 0xfd, 0xa, 0x1, 0xff, 0xd6,
    0xd1, 0x0, 0xfc, 0x8e, 0x1, 0xff, 0xd7, 0x1a,
    0x0, 0xf8, 0x68, 0x3, 0xff, 0xb2, 0x8c, 0x1,
    0xe8, 0x10, 0xf, 0xfe, 0x1a, 0x56, 0xff, 0xba,
    0xd8, 0x3, 0xff, 0x87, 0x0, 0x1c, 0x4c, 0x1,
    0xff, 0xc2, 0x1c, 0xb5, 0x20, 0x0, 0xa4, 0xf1,
    0x80, 0x7f, 0xf0, 0x45, 0xc0, 0x35, 0x80, 0x7f,
    0xf0, 0x8b, 0xcc, 0x3, 0xf0, 0xe1, 0x80, 0x7f,
    0xf0, 0x64, 0x3, 0x30, 0x7, 0xff, 0xb, 0xc4,
    0x3, 0xfe, 0xd0, 0xf, 0xfe, 0x8, 0x98, 0x1,
    0x40, 0x3f, 0xf8, 0x4e, 0x40, 0x1f, 0xfc, 0x1,
    0x60, 0xf, 0xfe, 0xd, 0x80, 0x3c, 0x3, 0xff,
    0x85, 0x20, 0x1f, 0xfc, 0x2b, 0x0, 0xff, 0xe0,
    0xa8, 0x1, 0xc0, 0x3f, 0xf8, 0x28, 0x20, 0x1f,
    0xfc, 0x22, 0x20, 0x7, 0xff, 0x0, 0x80, 0x48,
    0x3, 0xff, 0x82, 0x9f, 0xff, 0xfc, 0x42, 0x0,
    0xff, 0xe0, 0x91, 0x0, 0x3f, 0xfc, 0x2c, 0xe0,
    0x1f, 0xfe, 0x11, 0x10, 0x7, 0xff, 0x84, 0xcc,
    0x1, 0xff, 0xe2, 0x30, 0xf, 0xff, 0x9, 0x88,
    0x7, 0xff, 0x84, 0x5c, 0x3, 0xff, 0xc2, 0xc4,
    0x1, 0xff, 0xe1, 0x21, 0x10, 0x7, 0xff, 0x4,
    0x48, 0xbf, 0xfa, 0x2a, 0x0, 0x50, 0xf, 0xfe,
    0x9, 0xee, 0xff, 0xf4, 0x68, 0x1, 0xa0, 0x1f,
    0xfc, 0x12, 0x40, 0xf, 0xfe, 0x9b, 0x80, 0x7f,
    0xf0, 0xa4, 0x40, 0x3f, 0xf8, 0x8d, 0x40, 0x1f,
    0xfc, 0x1, 0x40, 0xf, 0xfe, 0x9, 0x68, 0x7,
    0xff, 0xe, 0x64, 0xb6, 0x1, 0xff, 0xc0, 0x80,
    0xf, 0xfe, 0x11, 0xea, 0x0, 0x7f, 0xcb, 0xcc,
    0x0, 0x4b, 0x0, 0xff, 0x8d, 0x0, 0x3f, 0xf8,
    0x45, 0x78, 0xe6, 0x20, 0x1, 0x25, 0x9e, 0xa1,
    0x0, 0xc9, 0x80, 0x1f, 0xf4, 0x80, 0x7f, 0xf1,
    0xe, 0x33, 0xbf, 0xdd, 0xb4, 0xc2, 0x1, 0xf1,
    0xe0, 0x80, 0x7f, 0x14, 0x80, 0x7f, 0xf5, 0x8f,
    0x44, 0x3, 0xf9, 0x94, 0x3, 0xff, 0xac, 0x78,
    0x20, 0x1f, 0xd4, 0x80, 0x1f, 0xfd, 0x62, 0xc0,
    0xf, 0xf5, 0xa0, 0x7, 0xff, 0x5a, 0xc0, 0x3f,
    0xeb, 0x60, 0xf, 0xfe, 0xa5, 0x30, 0x7, 0xff,
    0x2, 0x68, 0x40, 0x3f, 0xfa, 0x3, 0x8a, 0x1,
    0xff, 0xc2, 0x5f, 0x60, 0xf, 0xfe, 0x73, 0x71,
    0x80, 0x7f, 0xf1, 0x6, 0x75, 0x80, 0x3f, 0xf9,
    0x4b, 0x92, 0x1, 0xff, 0xc8, 0x29, 0xe8, 0x40,
    0xf, 0xfe, 0x21, 0x46, 0xd1, 0x80, 0x7f, 0xf2,
    0xc5, 0xef, 0xee, 0x14, 0xc8, 0x40, 0x21, 0x24,
    0x7a, 0xed, 0x72, 0x0, 0xff, 0x80,

    /* U+00EB "ë" */
    0x0, 0xff, 0xc, 0x67, 0x7f, 0x5b, 0x0, 0x7f,
    0xf0, 0xe, 0x77, 0xfd, 0xb4, 0x80, 0x1f, 0xfc,
    0x67, 0xe7, 0x31, 0x1, 0x49, 0xd2, 0x0, 0xfe,
    0x9c, 0x62, 0x0, 0x12, 0xdd, 0x84, 0x3, 0xff,
    0x87, 0x10, 0x0, 0xfc, 0x5a, 0x60, 0x1f, 0x5b,
    0x0, 0x7e, 0x4c, 0x10, 0xf, 0xfe, 0xa, 0xb8,
    0x7, 0xfd, 0xc0, 0x1e, 0x84, 0x0, 0xff, 0x15,
    0x0, 0x7f, 0xf0, 0x60, 0x3, 0xff, 0x80, 0x4e,
    0x1, 0x85, 0xc0, 0x3f, 0xf8, 0x8, 0x80, 0xf,
    0xf9, 0x8, 0x3, 0xff, 0x83, 0x20, 0x19, 0x80,
    0x3f, 0xf8, 0x5e, 0x1, 0xff, 0x60, 0x7, 0xff,
    0x8, 0x48, 0x2, 0xc0, 0xf, 0xfe, 0x12, 0x0,
    0x7f, 0xc4, 0x1, 0xff, 0xc3, 0x60, 0x9, 0x80,
    0x3f, 0xf8, 0x62, 0x1, 0xff, 0xed, 0x30, 0xf,
    0xfe, 0x1b, 0x80, 0x42, 0x1, 0xff, 0xc3, 0x10,
    0xf, 0xf7, 0x80, 0x7f, 0xf0, 0xcc, 0x2, 0x50,
    0xf, 0xfe, 0x11, 0x80, 0x7f, 0xce, 0x1, 0xff,
    0xc2, 0x50, 0xd, 0x40, 0x1f, 0xfc, 0x2b, 0x0,
    0xff, 0x85, 0xc0, 0x3f, 0xf8, 0x30, 0x1, 0x8d,
    0x0, 0x3f, 0xf8, 0x2, 0xe0, 0x1f, 0xfc, 0x8,
    0x30, 0xf, 0xfa, 0x48, 0x3, 0xa8, 0x40, 0x3f,
    0xea, 0x0, 0xff, 0xe1, 0x69, 0x80, 0x7f, 0x43,
    0x0, 0x78, 0x70, 0x80, 0x3f, 0xad, 0x0, 0x3f,
    0xf8, 0x43, 0x92, 0x40, 0x1c, 0x98, 0xe0, 0x1f,
    0x8b, 0x5c, 0x40, 0x39, 0xb9, 0x0, 0x3f, 0xf8,
    0xad, 0xba, 0xbb, 0x67, 0xd9, 0x80, 0x7f, 0xd1,
    0xdb, 0x76, 0xcf, 0x91, 0x0, 0xff, 0xe4, 0x12,
    0x20, 0xc0, 0x3f, 0xf8, 0x84, 0x88, 0x30, 0xf,
    0xff, 0xf8, 0x7, 0xff, 0x8c, 0x9a, 0x2f, 0x7b,
    0xfd, 0xdb, 0x92, 0xc4, 0x1, 0xff, 0xd2, 0x28,
    0xdd, 0x4b, 0xa1, 0x8, 0x0, 0x48, 0xda, 0x77,
    0x50, 0x40, 0x1f, 0xfc, 0xd3, 0xbd, 0x72, 0x0,
    0xff, 0xe1, 0x13, 0xed, 0x10, 0x7, 0xff, 0x24,
    0x6b, 0x10, 0x3, 0xff, 0x90, 0xbb, 0x0, 0x1f,
    0xfc, 0x75, 0xf5, 0x0, 0xff, 0xe6, 0x3e, 0x90,
    0x7, 0xff, 0x12, 0x28, 0x40, 0x3f, 0xf9, 0xc5,
    0xa8, 0x1, 0xff, 0xc2, 0xb7, 0x0, 0xff, 0xe9,
    0x5a, 0x80, 0x7f, 0xf0, 0x29, 0x0, 0x3f, 0xfa,
    0x94, 0x60, 0x1f, 0xe8, 0x50, 0xf, 0xfe, 0xb6,
    0x88, 0x7, 0xe4, 0x70, 0xf, 0xfe, 0xb8, 0xd0,
    0x7, 0xc3, 0x40, 0x1f, 0xfd, 0x94, 0x60, 0xf,
    0x40, 0x80, 0x7f, 0xf0, 0xd2, 0xb7, 0xfd, 0xd6,
    0xc0, 0x1f, 0xfc, 0x38, 0x0, 0xe2, 0x60, 0xf,
    0xfe, 0x10, 0xe5, 0xa9, 0x0, 0x5, 0x27, 0x8c,
    0x3, 0xff, 0x82, 0x2e, 0x1, 0xac, 0x3, 0xff,
    0x84, 0x5e, 0x60, 0x1f, 0x87, 0xc, 0x3, 0xff,
    0x83, 0x20, 0x19, 0x80, 0x3f, 0xf8, 0x5e, 0x20,
    0x1f, 0xf6, 0x80, 0x7f, 0xf0, 0x44, 0xc0, 0xa,
    0x1, 0xff, 0xc2, 0x72, 0x0, 0xff, 0xe0, 0xb,
    0x0, 0x7f, 0xf0, 0x6c, 0x1, 0xe0, 0x1f, 0xfc,
    0x29, 0x0, 0xff, 0xe1, 0x58, 0x7, 0xff, 0x5,
    0x40, 0xe, 0x1, 0xff, 0xc1, 0x41, 0x0, 0xff,
    0xe1, 0x11, 0x0, 0x3f, 0xf8, 0x4, 0x2, 0x40,
    0x1f, 0xfc, 0x14, 0xff, 0xff, 0xe2, 0x10, 0x7,
    0xff, 0x4, 0x88, 0x1, 0xff, 0xe1, 0x67, 0x0,
    0xff, 0xf0, 0x88, 0x80, 0x3f, 0xfc, 0x26, 0x60,
    0xf, 0xff, 0x11, 0x80, 0x7f, 0xf8, 0x4c, 0x40,
    0x3f, 0xfc, 0x22, 0xe0, 0x1f, 0xfe, 0x16, 0x20,
    0xf, 0xff, 0x9, 0x8, 0x80, 0x3f, 0xf8, 0x22,
    0x45, 0xff, 0xd1, 0x50, 0x2, 0x80, 0x7f, 0xf0,
    0x4f, 0x77, 0xff, 0xa3, 0x40, 0xd, 0x0, 0xff,
    0xe0, 0x92, 0x0, 0x7f, 0xf4, 0xdc, 0x3, 0xff,
    0x85, 0x22, 0x1, 0xff, 0xc4, 0x6a, 0x0, 0xff,
    0xe0, 0xa, 0x0, 0x7f, 0xf0, 0x4b, 0x44, 0x3,
    0xff, 0x85, 0x32, 0x5b, 0x0, 0xff, 0xe0, 0x40,
    0x7, 0xff, 0x8, 0xf1, 0x0, 0x3f, 0xe6, 0xe6,
    0x0, 0x25, 0x80, 0x7f, 0xc6, 0xa0, 0x1f, 0xfc,
    0x22, 0xbc, 0x74, 0x10, 0x0, 0x9a, 0xd7, 0x48,
    0x80, 0x64, 0xc0, 0xf, 0xfa, 0x0, 0x3f, 0xf8,
    0x87, 0x17, 0xdf, 0xee, 0xca, 0x51, 0x0, 0xf8,
    0xf0, 0x40, 0x3f, 0x8a, 0x40, 0x3f, 0xfa, 0xc7,
    0x82, 0x1, 0xfc, 0xca, 0x1, 0xff, 0xd6, 0x2c,
    0x10, 0xf, 0xea, 0x40, 0xf, 0xfe, 0xb1, 0x60,
    0x7, 0xfa, 0xd0, 0x3, 0xff, 0xad, 0x0, 0x1f,
    0xf5, 0xb0, 0x7, 0xff, 0x52, 0x94, 0x3, 0xff,
    0x81, 0x34, 0x20, 0x1f, 0xfd, 0x1, 0xc5, 0x0,
    0xff, 0xe1, 0x2f, 0xb0, 0x7, 0xff, 0x39, 0xb8,
    0xc0, 0x3f, 0xf8, 0x83, 0x3a, 0xc0, 0x1f, 0xfc,
    0xa5, 0xd9, 0x0, 0xff, 0xe4, 0x14, 0xf4, 0xa0,
    0x7, 0xff, 0x10, 0xa3, 0x68, 0x80, 0x3f, 0xf9,
    0x62, 0xd7, 0xf7, 0xc, 0x64, 0x20, 0x1, 0x11,
    0xab, 0xd7, 0x6b, 0x90, 0x7, 0xfc,

    /* U+00EC "ì" */
    0x0, 0xf9, 0x0, 0x3f, 0xf9, 0x27, 0x74, 0x1,
    0xff, 0xc8, 0xe0, 0x5c, 0x10, 0xf, 0xfe, 0x2b,
    0x90, 0x0, 0xfc, 0xc0, 0x3f, 0xf8, 0x63, 0x0,
    0x18, 0x71, 0x80, 0x3f, 0xf8, 0x54, 0x1, 0xf4,
    0xc8, 0x3, 0xff, 0x80, 0x88, 0x0, 0xfc, 0xd6,
    0x20, 0x1f, 0xea, 0x0, 0xff, 0x26, 0x10, 0x7,
    0xe8, 0x10, 0xf, 0xf8, 0xb5, 0x40, 0x3c, 0x4e,
    0x1, 0xff, 0xc2, 0xa8, 0x0, 0xee, 0x0, 0xff,
    0xe2, 0x3d, 0x0, 0x4c, 0x60, 0x1f, 0xfc, 0x55,
    0xd2, 0xe, 0x0, 0xff, 0xe3, 0x96, 0x24, 0x73,
    0x88, 0x7, 0xff, 0x14, 0x48, 0x6, 0x3a, 0x48,
    0x3, 0xff, 0x86, 0x4c, 0x1, 0x9b, 0x6d, 0x0,
    0x3f, 0xf8, 0x3c, 0x1, 0xf2, 0x5e, 0xb0, 0x7,
    0xf9, 0x4c, 0x3, 0xf8, 0xa7, 0xa0, 0x40, 0x3e,
    0xb0, 0xf, 0xfe, 0x0, 0xbf, 0x51, 0x80, 0x67,
    0x10, 0xf, 0xfe, 0x1a, 0xe6, 0x10, 0x6, 0x0,
    0x3f, 0xf8, 0xc7, 0x7b, 0xa0, 0xf, 0xfe, 0x49,
    0x18, 0x7, 0xff, 0xfc, 0x2, 0x7f, 0xff, 0xfe,
    0x15, 0x80, 0x7d, 0xe0, 0x1f, 0xfc, 0x27, 0x0,
    0xff, 0xff, 0x80, 0x7f, 0xff, 0xc0, 0x3f, 0xff,
    0xe0, 0x1f, 0xff, 0xf0, 0xf, 0xff, 0xf8, 0x7,
    0xff, 0xfc, 0x3, 0xff, 0xfe, 0x1, 0xff, 0xff,
    0x0, 0xff, 0xff, 0x80, 0x7f, 0xff, 0xc0, 0x3f,
    0xff, 0xe0, 0x1f, 0xff, 0xf0, 0xf, 0xff, 0x8,

    /* U+00ED "í" */
    0x0, 0xff, 0xed, 0xcb, 0x80, 0x7f, 0xf2, 0x7,
    0x1a, 0x4, 0x3, 0xff, 0x8c, 0x7e, 0x60, 0xa,
    0x0, 0xff, 0xe2, 0xae, 0x8, 0x4, 0x88, 0x0,
    0xff, 0xe1, 0xc5, 0x0, 0x7a, 0x40, 0x3f, 0xf8,
    0x23, 0x6e, 0x1, 0xf1, 0x40, 0x7, 0xfc, 0x58,
    0x80, 0x1f, 0xce, 0x40, 0x1f, 0xcb, 0xa4, 0x1,
    0xff, 0x48, 0x7, 0xe8, 0xa0, 0xf, 0xfe, 0xa,
    0x28, 0x7, 0xad, 0xc0, 0x3f, 0xf8, 0x76, 0x1,
    0x8b, 0x50, 0x3, 0xff, 0x88, 0x32, 0x0, 0x4c,
    0x20, 0xf, 0xfe, 0x33, 0x10, 0xd8, 0x80, 0x7f,
    0xf1, 0x92, 0xc8, 0x54, 0x3, 0xff, 0x8a, 0xdb,
    0x68, 0x0, 0xb0, 0xf, 0xfe, 0x10, 0xc7, 0x49,
    0x0, 0x61, 0x80, 0xf, 0xf8, 0xeb, 0x9c, 0x40,
    0x3e, 0x72, 0x0, 0xfc, 0xb9, 0x85, 0x0, 0xff,
    0xa0, 0x3, 0xcf, 0xb4, 0x60, 0x1f, 0xfc, 0x15,
    0x40, 0x1, 0x47, 0xc1, 0x0, 0x7f, 0xf1, 0x24,
    0xeb, 0x5c, 0x3, 0xff, 0x8e, 0x58, 0xa0, 0x1f,
    0xff, 0xf0, 0xf, 0xfe, 0x33, 0xff, 0xff, 0xf0,
    0xac, 0x3, 0xf7, 0x80, 0x7f, 0xf0, 0x9c, 0x3,
    0xff, 0xfe, 0x1, 0xff, 0xff, 0x0, 0xff, 0xff,
    0x80, 0x7f, 0xff, 0xc0, 0x3f, 0xff, 0xe0, 0x1f,
    0xff, 0xf0, 0xf, 0xff, 0xf8, 0x7, 0xff, 0xfc,
    0x3, 0xff, 0xfe, 0x1, 0xff, 0xff, 0x0, 0xff,
    0xff, 0x80, 0x7f, 0xff, 0xc0, 0x3f, 0xff, 0xe0,
    0x1f, 0xfc, 0x10,

    /* U+00EE "î" */
    0x0, 0xff, 0xe0, 0x8b, 0xc4, 0x7c, 0x60, 0x1f,
    0xfc, 0xd2, 0xc8, 0x77, 0xfb, 0xc, 0x3, 0xff,
    0x96, 0x58, 0x40, 0x1f, 0xd8, 0x80, 0x1f, 0xfc,
    0x93, 0xc1, 0x0, 0xff, 0xad, 0x40, 0x3f, 0xf8,
    0xe9, 0x82, 0x1, 0xff, 0xc1, 0xa6, 0x0, 0xff,
    0xe2, 0xad, 0x80, 0x7f, 0xf1, 0x26, 0x0, 0x3f,
    0xf8, 0x6d, 0x40, 0x1f, 0xfc, 0x67, 0x90, 0xf,
    0xfe, 0xb, 0xc8, 0x7, 0xff, 0x21, 0xa8, 0x3,
    0xfe, 0x88, 0x0, 0x7f, 0xf2, 0x96, 0xc0, 0x3f,
    0xa5, 0xc0, 0x3f, 0xf9, 0x89, 0x80, 0x1f, 0x53,
    0x0, 0x7f, 0xf3, 0x8f, 0x44, 0x3, 0x5a, 0x80,
    0x7f, 0xf4, 0xb, 0x8, 0x1, 0x88, 0x1, 0xff,
    0xc2, 0x46, 0x0, 0xff, 0xe1, 0x16, 0x10, 0x38,
    0x7, 0xff, 0x4, 0xf2, 0xe7, 0x94, 0x3, 0xff,
    0x82, 0x64, 0x14, 0x20, 0x1f, 0xe2, 0xac, 0x30,
    0x0, 0xd6, 0xa0, 0x7, 0xfd, 0xc0, 0x1, 0xb0,
    0xf, 0xc3, 0x3a, 0xa0, 0x1e, 0x2b, 0xc3, 0x0,
    0xfc, 0xe6, 0x1, 0x2a, 0x0, 0x70, 0xc7, 0x30,
    0x7, 0xf8, 0xf2, 0x88, 0x3, 0x8a, 0x0, 0x3a,
    0x84, 0x2, 0x7f, 0x70, 0xf, 0xfe, 0x12, 0xec,
    0x88, 0x5, 0xc0, 0x1e, 0x1b, 0x6, 0xe8, 0x10,
    0xf, 0xfe, 0x2b, 0x74, 0x3, 0x98, 0x7, 0xcb,
    0xd2, 0x20, 0x1f, 0xfc, 0x97, 0xe8, 0x0, 0xfe,
    0x10, 0xf, 0xfe, 0x60, 0x80, 0x7f, 0xff, 0xc0,
    0x3f, 0xf8, 0xf, 0xff, 0xff, 0xc2, 0xb0, 0xf,
    0xfe, 0x47, 0x80, 0x7f, 0xf0, 0x9c, 0x3, 0xff,
    0xfe, 0x1, 0xff, 0xff, 0x0, 0xff, 0xff, 0x80,
    0x7f, 0xff, 0xc0, 0x3f, 0xff, 0xe0, 0x1f, 0xff,
    0xf0, 0xf, 0xff, 0xf8, 0x7, 0xff, 0xfc, 0x3,
    0xff, 0xfe, 0x1, 0xff, 0xff, 0x0, 0xff, 0xff,
    0x80, 0x7f, 0xff, 0xc0, 0x3f, 0xff, 0xe0, 0x1f,
    0xff, 0xf0, 0xf, 0xff, 0xf8, 0x7, 0xff, 0xfc,
    0x3, 0xff, 0xfe, 0x1, 0xff, 0xff, 0x0, 0xff,
    0xff, 0x80, 0x7f, 0xfc, 0x40,

    /* U+00EF "ï" */
    0x0, 0xc3, 0x19, 0xdf, 0xd6, 0xa0, 0x1f, 0xfc,
    0x3, 0x9d, 0xff, 0x6d, 0x20, 0x7, 0xe7, 0xe7,
    0x31, 0x1, 0x4a, 0xd2, 0x0, 0xfe, 0x9c, 0x62,
    0x0, 0x12, 0xdd, 0x84, 0x3, 0xa2, 0x0, 0x1f,
    0x8b, 0x8, 0x3, 0xeb, 0x60, 0xf, 0xc9, 0x82,
    0x1, 0x2b, 0x80, 0x7f, 0x87, 0xc0, 0x3d, 0x8,
    0x1, 0xfe, 0x2a, 0x0, 0xac, 0x3, 0xff, 0x80,
    0x4e, 0x1, 0x89, 0xc0, 0x3f, 0xf8, 0x8, 0x80,
    0x41, 0x0, 0xff, 0xe0, 0xd0, 0x6, 0xa0, 0xf,
    0xfe, 0x17, 0x6, 0x0, 0x7f, 0xf0, 0x88, 0x80,
    0x12, 0x0, 0x7f, 0xf0, 0x90, 0x8, 0x3, 0xff,
    0x86, 0x20, 0x10, 0x80, 0x7f, 0xf0, 0x84, 0x4,
    0x3, 0xff, 0x86, 0xe0, 0x11, 0x80, 0x7f, 0xf1,
    0x8, 0x3, 0xff, 0x86, 0xc0, 0x11, 0x0, 0x7f,
    0xf1, 0x3c, 0x3, 0xff, 0x86, 0x40, 0x12, 0x80,
    0x7f, 0xf0, 0x8c, 0x1c, 0x3, 0xff, 0x84, 0xa0,
    0x1b, 0x40, 0x3f, 0xf8, 0x54, 0x2, 0xc0, 0x1f,
    0xfc, 0x18, 0x0, 0xc8, 0x60, 0x1f, 0xfc, 0x1,
    0x60, 0x4, 0x90, 0x7, 0xfd, 0x24, 0x1, 0xdc,
    0x20, 0x1f, 0xf6, 0x80, 0x6c, 0x30, 0xf, 0xe8,
    0x60, 0xf, 0x16, 0x8, 0x7, 0xf5, 0x98, 0x6,
    0x1c, 0x92, 0x0, 0xe4, 0xc7, 0x0, 0xfc, 0x5e,
    0xe2, 0x1, 0xcd, 0xc8, 0x1, 0xf3, 0x6e, 0xae,
    0xd9, 0xf6, 0x60, 0x1f, 0xe1, 0x8e, 0xdb, 0xb6,
    0x7c, 0x88, 0x7, 0xf8, 0x91, 0x6, 0x1, 0xff,
    0xc4, 0x24, 0x41, 0x80, 0x7f, 0xff, 0xc0, 0x3f,
    0xfd, 0x2f, 0xff, 0xff, 0xc2, 0xb0, 0xf, 0xfe,
    0x4f, 0x80, 0x7f, 0xf0, 0x9c, 0x3, 0xff, 0xfe,
    0x1, 0xff, 0xff, 0x0, 0xff, 0xff, 0x80, 0x7f,
    0xff, 0xc0, 0x3f, 0xff, 0xe0, 0x1f, 0xff, 0xf0,
    0xf, 0xff, 0xf8, 0x7, 0xff, 0xfc, 0x3, 0xff,
    0xfe, 0x1, 0xff, 0xff, 0x0, 0xff, 0xff, 0x80,
    0x7f, 0xff, 0xc0, 0x3f, 0xff, 0xe0, 0x1f, 0xff,
    0xf0, 0xf, 0xff, 0xf8, 0x7, 0xff, 0xfc, 0x3,
    0xff, 0xfe, 0x1, 0xff, 0xff, 0x0, 0xff, 0xff,
    0x80, 0x7f, 0xff, 0xc0, 0x3f, 0xfa, 0x0,

    /* U+00F0 "ð" */
    0x0, 0xf9, 0x3f, 0xff, 0xf8, 0xa8, 0x1, 0xfe,
    0x28, 0xd0, 0xf, 0xfe, 0x2a, 0x38, 0x7, 0xff,
    0x12, 0x84, 0x3, 0xc2, 0xd9, 0xae, 0x4a, 0x1,
    0xff, 0xc5, 0x83, 0x0, 0xff, 0xe1, 0x8d, 0x0,
    0x65, 0xbe, 0x93, 0x0, 0xa4, 0x3, 0xff, 0x8d,
    0xc0, 0x1f, 0xfc, 0x44, 0x63, 0x9e, 0xa4, 0x0,
    0xf1, 0x90, 0x7, 0xff, 0x14, 0xa4, 0x3, 0xff,
    0x89, 0x38, 0xc2, 0x1, 0xfd, 0x40, 0x1f, 0xfc,
    0x66, 0x50, 0xf, 0xfe, 0x83, 0x0, 0x7f, 0xf1,
    0xe8, 0x40, 0x3f, 0xf9, 0xe2, 0xa0, 0x1f, 0xfc,
    0x7d, 0x0, 0xff, 0xe8, 0x78, 0x7, 0xff, 0x1c,
    0xe0, 0x3, 0xff, 0x9a, 0xb7, 0x40, 0x1f, 0xfc,
    0x75, 0xc0, 0xf, 0xfe, 0x51, 0xcf, 0x52, 0x0,
    0x7f, 0xf1, 0x52, 0xbe, 0x90, 0x3, 0xff, 0x8e,
    0x4f, 0xb8, 0xc2, 0x1, 0xff, 0xc4, 0x39, 0xeb,
    0x50, 0xf, 0xfe, 0x49, 0x6c, 0x10, 0x7, 0xff,
    0x15, 0xf7, 0x18, 0x40, 0x3f, 0xf9, 0x65, 0x0,
    0x1f, 0xfc, 0x7d, 0x20, 0xf, 0xfe, 0x7b, 0x98,
    0x7, 0xff, 0x1b, 0x80, 0x3f, 0xfa, 0x3c, 0x1,
    0xff, 0xc6, 0x41, 0x0, 0xff, 0xe8, 0x14, 0x80,
    0x7f, 0xf1, 0x98, 0x3, 0xfe, 0x39, 0x40, 0xf,
    0xfe, 0x1b, 0x20, 0x7, 0xff, 0x16, 0x40, 0x3f,
    0x14, 0x6e, 0x35, 0x8, 0x7, 0xff, 0xe, 0x84,
    0x3, 0xff, 0x88, 0x28, 0x1, 0x85, 0xb3, 0x5c,
    0x80, 0x3, 0xa0, 0x1f, 0xfc, 0x31, 0xb0, 0xf,
    0xfe, 0x2f, 0x0, 0x12, 0xba, 0x4c, 0x3, 0xc7,
    0x0, 0x1f, 0xfc, 0x35, 0x50, 0x7, 0xff, 0x11,
    0x67, 0xad, 0x40, 0x3e, 0x35, 0x60, 0xf, 0xfe,
    0x2d, 0x88, 0x7, 0xff, 0x11, 0x84, 0x3, 0x8a,
    0x37, 0xf2, 0xa6, 0x0, 0x3f, 0xf8, 0x83, 0x40,
    0x1f, 0xfc, 0x95, 0xcd, 0x72, 0x0, 0xff, 0xe5,
    0x23, 0x0, 0x7f, 0xf1, 0x8f, 0x68, 0xc0, 0x3f,
    0xf9, 0xd2, 0x40, 0x1f, 0xfc, 0x48, 0xc2, 0x0,
    0xff, 0xe8, 0xf0, 0x7, 0xff, 0x8, 0x71, 0xc0,
    0x3f, 0xfa, 0x66, 0xe0, 0x1f, 0xfc, 0x2, 0xc3,
    0x0, 0xff, 0xea, 0xc1, 0x0, 0x7f, 0x87, 0xc8,
    0x3, 0xff, 0xaf, 0xc0, 0x1f, 0xed, 0x20, 0xf,
    0xfe, 0xc1, 0xb0, 0x7, 0xe8, 0x30, 0xf, 0xfe,
    0xd4, 0x0, 0x7c, 0x6e, 0x1, 0xff, 0xdb, 0x17,
    0x0, 0xf7, 0x80, 0x7f, 0xf7, 0x64, 0x3, 0x90,
    0xc0, 0x3f, 0xf8, 0x82, 0xf9, 0xdf, 0xd8, 0xe2,
    0x1, 0xff, 0xc4, 0x15, 0x0, 0xde, 0x1, 0xff,
    0xc4, 0x7e, 0x83, 0x10, 0x13, 0x8e, 0x60, 0xf,
    0xfe, 0x27, 0x0, 0x42, 0x80, 0x1f, 0xfc, 0x39,
    0x80, 0xf, 0xe9, 0x80, 0xf, 0xfe, 0x1a, 0x0,
    0x4e, 0x1, 0xff, 0xc3, 0x76, 0x0, 0xff, 0x9d,
    0x80, 0x3f, 0xf8, 0x6a, 0x0, 0xf0, 0xf, 0xfe,
    0x10, 0xc0, 0x7, 0xff, 0x6, 0x44, 0x3, 0xff,
    0x85, 0xa0, 0x4, 0x0, 0xff, 0xe1, 0x48, 0x7,
    0xff, 0xd, 0x80, 0x3f, 0xf8, 0x48, 0x0, 0x20,
    0xf, 0xfe, 0x12, 0x80, 0x7f, 0xf0, 0xec, 0x3,
    0xff, 0x84, 0x40, 0x1f, 0xfc, 0x52, 0x0, 0xff,
    0xe1, 0x98, 0x7, 0xff, 0x8, 0x40, 0x40, 0x3f,
    0xf8, 0x42, 0x1, 0xff, 0xd4, 0x13, 0x0, 0xff,
    0xe1, 0x8, 0x7, 0xff, 0x54, 0xc0, 0x3f, 0xfa,
    0x62, 0x1, 0xff, 0xc3, 0x11, 0x0, 0x7f, 0xf0,
    0xd0, 0x3, 0xff, 0x86, 0xa0, 0x1f, 0xfc, 0x51,
    0x0, 0xff, 0xe1, 0x68, 0x7, 0xff, 0xf, 0x80,
    0x3f, 0xf8, 0x44, 0x0, 0x50, 0xf, 0xfe, 0x13,
    0x8, 0x7, 0xff, 0x4, 0x94, 0x3, 0xff, 0x84,
    0xe0, 0x3, 0x0, 0xff, 0xe1, 0xd0, 0x7, 0xff,
    0x7, 0x80, 0x3f, 0xf8, 0x7a, 0x0, 0xb0, 0xf,
    0xfe, 0x1a, 0x50, 0x7, 0xfd, 0x46, 0x1, 0xff,
    0xc3, 0x40, 0x1, 0x90, 0x7, 0xff, 0xd, 0x70,
    0xc0, 0x3e, 0x3c, 0x50, 0xf, 0xfe, 0x19, 0x18,
    0x4, 0xa0, 0x1f, 0xfc, 0x43, 0xcc, 0x3a, 0xa2,
    0xbe, 0x60, 0xc0, 0x3f, 0xf8, 0x8a, 0x1, 0xa4,
    0x3, 0xff, 0x8c, 0x71, 0x57, 0x50, 0x60, 0x1f,
    0xfc, 0x69, 0x0, 0xc2, 0xe0, 0x1f, 0xfd, 0xd7,
    0x10, 0xe, 0x81, 0x0, 0xff, 0xed, 0x8c, 0x0,
    0x7d, 0xa0, 0x1f, 0xfd, 0xbd, 0x0, 0xfc, 0x70,
    0x1, 0xff, 0xd9, 0x83, 0x0, 0xfe, 0x76, 0x0,
    0xff, 0xeb, 0xb3, 0x80, 0x7f, 0xd2, 0xc0, 0x1f,
    0xfd, 0x55, 0x90, 0xf, 0xfe, 0xc, 0xc0, 0x7,
    0xff, 0x4e, 0x28, 0x3, 0xff, 0x86, 0xf6, 0x20,
    0x1f, 0xfc, 0xf1, 0xb7, 0x0, 0xff, 0xe2, 0xa7,
    0xb0, 0x7, 0xff, 0x35, 0xbd, 0x0, 0x3f, 0xf8,
    0xe3, 0x3a, 0xa0, 0x1f, 0xfc, 0x95, 0xd9, 0x10,
    0xf, 0xfe, 0x51, 0x57, 0x41, 0x80, 0x7f, 0xf0,
    0xce, 0x3a, 0x88, 0x3, 0xff, 0x9c, 0x2f, 0x9d,
    0x4e, 0x84, 0x20, 0x10, 0x92, 0x3d, 0x76, 0x38,
    0x80, 0x7f, 0xf0, 0x80,

    /* U+00F1 "ñ" */
    0x0, 0xff, 0xe0, 0x12, 0x33, 0x10, 0xc0, 0x3f,
    0xfa, 0xe7, 0x3d, 0xb7, 0x32, 0xbc, 0xe9, 0x30,
    0xf, 0xfe, 0x6, 0x20, 0x7, 0xff, 0x10, 0x6b,
    0x18, 0x40, 0x3c, 0x2d, 0x96, 0x60, 0x1f, 0xd4,
    0x76, 0x80, 0x1f, 0xfc, 0x23, 0xf5, 0x0, 0xff,
    0xe0, 0x26, 0x51, 0x0, 0x71, 0x5a, 0x80, 0x2d,
    0x0, 0x3f, 0xf8, 0x9, 0x82, 0x1, 0xff, 0xc3,
    0x5d, 0xb7, 0x68, 0xbd, 0x40, 0xd, 0x68, 0x1,
    0xfe, 0x2b, 0x0, 0xff, 0xe3, 0xa4, 0x4b, 0xa0,
    0x7, 0xd6, 0x80, 0x1f, 0xde, 0x1, 0xff, 0xd5,
    0xb4, 0x0, 0xfa, 0x48, 0x3, 0xff, 0xad, 0x66,
    0x1, 0xc2, 0xc0, 0x1f, 0xfd, 0xe1, 0x90, 0xf,
    0xfe, 0xbb, 0x18, 0x7, 0x9a, 0x0, 0x3f, 0xfa,
    0xa5, 0x20, 0x1f, 0x9e, 0x0, 0x3f, 0xfa, 0x63,
    0xe0, 0x1f, 0xe7, 0x70, 0x7, 0x14, 0x6f, 0xfb,
    0x1c, 0x3, 0xff, 0x8a, 0x3a, 0x40, 0x1f, 0xf4,
    0x38, 0x4, 0xda, 0xe4, 0x0, 0x38, 0xe6, 0x0,
    0xff, 0xe1, 0x1e, 0x18, 0x7, 0xff, 0x6, 0x1c,
    0x1a, 0x40, 0x3e, 0x19, 0xd5, 0x0, 0xff, 0xc,
    0x61, 0x0, 0x7f, 0xf0, 0xe2, 0x64, 0x1, 0xfe,
    0x2a, 0xe9, 0x42, 0x0, 0x9, 0xb5, 0x73, 0x80,
    0x7f, 0xf1, 0x98, 0x3, 0xff, 0x82, 0x2d, 0x7b,
    0xfe, 0xec, 0x95, 0x0, 0xff, 0xff, 0x80, 0x7f,
    0xf8, 0x49, 0x67, 0x37, 0xbf, 0xdb, 0x70, 0x60,
    0x1f, 0xf3, 0xff, 0xff, 0xf0, 0xac, 0x2, 0x5c,
    0xda, 0x63, 0x21, 0x0, 0x12, 0x3e, 0x73, 0x80,
    0x7f, 0x78, 0x7, 0xff, 0x9, 0xc1, 0x3a, 0x8c,
    0x3, 0xff, 0x80, 0x31, 0xca, 0x1, 0xff, 0xca,
    0x1a, 0xb1, 0x0, 0xff, 0xe2, 0xd, 0x50, 0x3,
    0xff, 0x92, 0x4a, 0x1, 0xff, 0xc8, 0x5c, 0x10,
    0xf, 0xfe, 0xf1, 0xe8, 0x7, 0xff, 0x7c, 0xe4,
    0x3, 0xff, 0xbe, 0xc8, 0x1, 0xff, 0xdf, 0x90,
    0xf, 0xfe, 0xf9, 0x28, 0x7, 0xff, 0x7f, 0x80,
    0x3f, 0xfb, 0xe8, 0x20, 0x1f, 0xfd, 0xf5, 0x0,
    0xff, 0xe3, 0xad, 0x66, 0x29, 0x80, 0x3f, 0xf8,
    0xc6, 0x1, 0xff, 0xc5, 0x1c, 0xa5, 0x33, 0x2c,
    0xe9, 0x80, 0x7f, 0xf1, 0x38, 0x3, 0xff, 0x88,
    0x38, 0x60, 0x1e, 0x2d, 0x20, 0xf, 0xfe, 0x19,
    0x80, 0x7f, 0xf1, 0x24, 0x80, 0x3f, 0xc, 0x80,
    0x7f, 0xf0, 0xc4, 0x3, 0xff, 0x88, 0xc0, 0x1f,
    0xe4, 0x10, 0xf, 0xfe, 0x90, 0x88, 0x3, 0xfe,
    0x50, 0xf, 0xfe, 0x91, 0x0, 0x7f, 0xf0, 0x4,
    0x3, 0xff, 0xbe, 0x60, 0x1f, 0xff, 0xf0, 0xf,
    0xff, 0xf8, 0x7, 0xff, 0xfc, 0x3, 0xff, 0xfe,
    0x1, 0xff, 0xff, 0x0, 0xff, 0xff, 0x80, 0x7f,
    0xff, 0xc0, 0x3f, 0xff, 0xe0, 0x1f, 0xff, 0xf0,
    0xf, 0xff, 0xf8, 0x7, 0xff, 0xfc, 0x3, 0xff,
    0xfe, 0x1, 0xff, 0xff, 0x0, 0xff, 0xf4, 0x0,

    /* U+00F2 "ò" */
    0x0, 0xff, 0xe3, 0x9, 0x0, 0x7f, 0xf8, 0xef,
    0x50, 0x3, 0xff, 0xc2, 0x8a, 0x16, 0xe0, 0x1f,
    0xfe, 0x9, 0x0, 0xa2, 0x80, 0x3f, 0xfb, 0xd0,
    0x40, 0x19, 0x70, 0x40, 0x3f, 0xfb, 0x64, 0xe0,
    0x1e, 0x3f, 0x30, 0xf, 0xfe, 0xd7, 0x0, 0x7e,
    0x1c, 0x60, 0xf, 0xfe, 0xc3, 0x18, 0x7, 0xfa,
    0x64, 0x1, 0xff, 0xd6, 0x18, 0x0, 0xff, 0xe0,
    0x35, 0x88, 0x7, 0xff, 0x52, 0x4, 0x3, 0xff,
    0x82, 0x98, 0x40, 0x1f, 0xfd, 0x23, 0x60, 0xf,
    0xfe, 0x19, 0x6a, 0x80, 0x7f, 0xf4, 0x78, 0x3,
    0xff, 0x8d, 0x50, 0x1, 0xff, 0xcf, 0x20, 0xf,
    0xfe, 0x43, 0xd8, 0x7, 0xff, 0x38, 0xb6, 0xd0,
    0x3, 0xff, 0x8c, 0xa0, 0x1f, 0xfd, 0x4, 0xbd,
    0x60, 0xf, 0xfe, 0x25, 0x80, 0x7f, 0xf4, 0x8a,
    0x7a, 0x4, 0x3, 0xff, 0x80, 0x6a, 0x1, 0xff,
    0xd4, 0x17, 0xea, 0x30, 0xf, 0xf7, 0x80, 0x7f,
    0xf6, 0x17, 0x30, 0xa0, 0x1f, 0x29, 0x80, 0x7f,
    0xf6, 0x8e, 0xb5, 0x80, 0x3a, 0xc0, 0x3f, 0xfb,
    0xa5, 0x3f, 0x4, 0x10, 0x20, 0x1f, 0xfe, 0x7,
    0xda, 0x70, 0xf, 0xff, 0x1a, 0x80, 0x7f, 0xff,
    0xc0, 0x3f, 0xfd, 0xe2, 0xb1, 0x5b, 0xdf, 0xf7,
    0x6d, 0xc2, 0x90, 0x7, 0xff, 0x4c, 0x5f, 0x3a,
    0x9d, 0x48, 0x40, 0x21, 0x24, 0x7a, 0xdd, 0x41,
    0x0, 0x7f, 0xf3, 0x8a, 0xba, 0xc, 0x3, 0xff,
    0x86, 0x4f, 0xb6, 0x60, 0x1f, 0xfc, 0xb9, 0xd5,
    0x0, 0xff, 0xe4, 0xa6, 0x58, 0x80, 0x7f, 0xf1,
    0xd3, 0x98, 0x3, 0xff, 0x9a, 0x9c, 0xc0, 0x1f,
    0xfc, 0x57, 0xb1, 0x0, 0xff, 0xe8, 0x4d, 0x0,
    0x7f, 0xf0, 0xea, 0x0, 0x3f, 0xfa, 0x6b, 0x80,
    0x1f, 0xfc, 0x19, 0x50, 0xf, 0xfe, 0xa9, 0xe0,
    0x7, 0xfc, 0xec, 0x1, 0xff, 0xd7, 0x3b, 0x0,
    0xfe, 0x38, 0x0, 0xff, 0xec, 0xa3, 0x80, 0x7e,
    0xd0, 0xf, 0xfe, 0xdc, 0x18, 0x7, 0xa0, 0x40,
    0x3f, 0xfb, 0x9e, 0x1, 0xc2, 0xe0, 0x1f, 0xfd,
    0xd3, 0x40, 0xd, 0x0, 0x1f, 0xfc, 0x71, 0x34,
    0x31, 0x0, 0xff, 0xe3, 0xc8, 0x6, 0x60, 0xf,
    0xfe, 0x2a, 0x67, 0x65, 0xe7, 0x6b, 0x80, 0x7f,
    0xf1, 0x48, 0xc0, 0xa, 0x1, 0xff, 0xc5, 0xab,
    0x30, 0xe, 0x28, 0xd2, 0x0, 0xff, 0xe2, 0x58,
    0x3, 0xc0, 0x3f, 0xf8, 0x96, 0xa0, 0x1f, 0xc5,
    0x82, 0x1, 0xff, 0xc3, 0x50, 0x3, 0x80, 0x7f,
    0xf0, 0xdd, 0x0, 0x3f, 0xe1, 0xa0, 0xf, 0xfe,
    0x19, 0x8, 0x88, 0x3, 0xff, 0x84, 0x30, 0x1,
    0xff, 0xc1, 0x44, 0x0, 0x7f, 0xf0, 0xd4, 0x80,
    0x3f, 0xf8, 0x6e, 0x1, 0xff, 0xc3, 0xd0, 0xf,
    0xfe, 0x19, 0x38, 0x7, 0xff, 0xf, 0x0, 0x3f,
    0xf8, 0x68, 0x1, 0xff, 0xc3, 0xe1, 0x0, 0xff,
    0xe1, 0xb0, 0x7, 0xff, 0xc, 0x80, 0x3f, 0xf8,
    0x62, 0x60, 0x1f, 0xfc, 0x31, 0x0, 0xff, 0xea,
    0x18, 0x7, 0xff, 0xc, 0x40, 0x3f, 0xfa, 0x62,
    0x20, 0xf, 0xfe, 0x1b, 0x0, 0x7f, 0xf0, 0xc8,
    0x3, 0xff, 0x87, 0xee, 0x1, 0xff, 0xc3, 0xc0,
    0xf, 0xfe, 0x1a, 0x0, 0x7f, 0xf0, 0xc4, 0xc0,
    0x3f, 0xf8, 0x6e, 0x1, 0xff, 0xc3, 0xd0, 0xf,
    0xfe, 0x1a, 0x81, 0x0, 0x7f, 0xf0, 0x85, 0x80,
    0x3f, 0xf8, 0x26, 0x80, 0x1f, 0xfc, 0x33, 0x7,
    0x0, 0xff, 0xe1, 0xc9, 0x0, 0x7f, 0xc3, 0xa0,
    0x1f, 0xfc, 0x32, 0x0, 0x70, 0x7, 0xff, 0x13,
    0xc, 0x3, 0xf8, 0x70, 0x40, 0x3f, 0xf8, 0x6a,
    0x0, 0x41, 0x0, 0xff, 0xe1, 0x8e, 0x49, 0x0,
    0x70, 0xbf, 0x10, 0x7, 0xff, 0x12, 0x80, 0x27,
    0x0, 0xff, 0xe2, 0xb6, 0xea, 0xea, 0x99, 0xd0,
    0x1, 0xff, 0xc5, 0x32, 0x0, 0xa0, 0x3, 0xff,
    0x8e, 0x48, 0xaa, 0x30, 0xf, 0xfe, 0x3c, 0x0,
    0x61, 0x70, 0xf, 0xfe, 0xe9, 0xa0, 0x7, 0x41,
    0x0, 0x7f, 0xf7, 0x38, 0x3, 0xee, 0x0, 0xff,
    0xed, 0xc1, 0x0, 0x7c, 0x70, 0x1, 0xff, 0xd9,
    0x47, 0x0, 0xfe, 0x77, 0x0, 0x7f, 0xf5, 0xce,
    0xc0, 0x3f, 0xe8, 0x60, 0xf, 0xfe, 0xa9, 0xe8,
    0x7, 0xff, 0x6, 0x64, 0x1, 0xff, 0xd3, 0x5c,
    0x10, 0xf, 0xfe, 0x13, 0x58, 0x80, 0x7f, 0xf4,
    0x22, 0x80, 0x3f, 0xf8, 0xa9, 0xce, 0x1, 0xff,
    0xcd, 0x4d, 0x70, 0xf, 0xfe, 0x44, 0x6b, 0x0,
    0x7f, 0xf2, 0x52, 0xec, 0x40, 0x1f, 0xfc, 0xa2,
    0x9e, 0x83, 0x0, 0xff, 0xe1, 0x93, 0xe5, 0xa0,
    0x7, 0xff, 0x38, 0x5f, 0x3a, 0x9d, 0x48, 0x40,
    0x21, 0x24, 0x69, 0xdd, 0x41, 0x80, 0x7f, 0xf0,
    0x80,

    /* U+00F3 "ó" */
    0x0, 0xff, 0xff, 0x81, 0xe8, 0x80, 0x7f, 0xf8,
    0x57, 0xa, 0xc0, 0x3f, 0xfc, 0x11, 0x40, 0x5,
    0x30, 0xf, 0xfe, 0xe8, 0xdb, 0x80, 0x6e, 0x0,
    0xff, 0xee, 0x16, 0x20, 0x7, 0x13, 0x80, 0x7f,
    0xf6, 0x93, 0x48, 0x3, 0xe8, 0x10, 0xf, 0xfe,
    0xc3, 0xd8, 0x7, 0xfa, 0xc0, 0x3f, 0xfa, 0xf5,
    0x0, 0x1f, 0xf2, 0xa0, 0x7, 0xff, 0x50, 0xb5,
    0x40, 0x3f, 0xf8, 0x32, 0x1, 0xff, 0xd3, 0x4c,
    0x20, 0xf, 0xfe, 0x11, 0x40, 0x7, 0xff, 0x45,
    0xec, 0x40, 0x3f, 0xf8, 0x8e, 0x40, 0x1f, 0xfc,
    0xfa, 0x80, 0xf, 0xfe, 0x3c, 0x80, 0x7f, 0xf3,
    0xa1, 0x40, 0x3f, 0xf8, 0xc2, 0xf4, 0x1, 0xff,
    0xce, 0xa0, 0xf, 0xfe, 0x29, 0x4f, 0x40, 0x80,
    0x7f, 0xf3, 0x89, 0xc0, 0x3f, 0xf8, 0x49, 0x7a,
    0xc0, 0x1f, 0xfd, 0x28, 0x10, 0xf, 0xf9, 0xb6,
    0xd0, 0x3, 0xff, 0xab, 0x60, 0x1f, 0x86, 0x3a,
    0x48, 0x3, 0xff, 0xae, 0xa6, 0x1, 0xc7, 0x5c,
    0xe2, 0x1, 0xff, 0xda, 0xf0, 0x9, 0x73, 0xa,
    0x1, 0xff, 0xdd, 0x37, 0x6d, 0xa3, 0x0, 0xff,
    0xf0, 0x44, 0x90, 0x7, 0xff, 0xfc, 0x3, 0xff,
    0xf2, 0x2b, 0x15, 0xbd, 0xff, 0x76, 0xdc, 0x29,
    0x0, 0x7f, 0xf4, 0xc5, 0xf3, 0xa9, 0xd4, 0x84,
    0x2, 0x12, 0x47, 0xad, 0xd4, 0x10, 0x7, 0xff,
    0x38, 0xab, 0xa0, 0xc0, 0x3f, 0xf8, 0x64, 0xfb,
    0x66, 0x1, 0xff, 0xcb, 0x9d, 0x50, 0xf, 0xfe,
    0x4a, 0x65, 0x88, 0x7, 0xff, 0x1d, 0x39, 0x80,
    0x3f, 0xf9, 0xa9, 0xcc, 0x1, 0xff, 0xc5, 0x7b,
    0x10, 0xf, 0xfe, 0x84, 0xd0, 0x7, 0xff, 0xe,
    0xa0, 0x3, 0xff, 0xa6, 0xb8, 0x1, 0xff, 0xc1,
    0x95, 0x0, 0xff, 0xea, 0x9e, 0x0, 0x7f, 0xce,
    0xc0, 0x1f, 0xfd, 0x73, 0xb0, 0xf, 0xe3, 0x80,
    0xf, 0xfe, 0xca, 0x38, 0x7, 0xed, 0x0, 0xff,
    0xed, 0xc1, 0x80, 0x7a, 0x4, 0x3, 0xff, 0xb9,
    0xe0, 0x1c, 0x2e, 0x1, 0xff, 0xdd, 0x34, 0x0,
    0xd0, 0x1, 0xff, 0xc7, 0x13, 0x43, 0x10, 0xf,
    0xfe, 0x3c, 0x80, 0x66, 0x0, 0xff, 0xe2, 0xa6,
    0x76, 0x5e, 0x76, 0xb8, 0x7, 0xff, 0x14, 0x8c,
    0x0, 0xa0, 0x1f, 0xfc, 0x5a, 0xb3, 0x0, 0xe2,
    0x8d, 0x20, 0xf, 0xfe, 0x25, 0x80, 0x3c, 0x3,
    0xff, 0x89, 0x6a, 0x1, 0xfc, 0x58, 0x20, 0x1f,
    0xfc, 0x35, 0x0, 0x38, 0x7, 0xff, 0xd, 0xd0,
    0x3, 0xfe, 0x1a, 0x0, 0xff, 0xe1, 0x90, 0x88,
    0x80, 0x3f, 0xf8, 0x43, 0x0, 0x1f, 0xfc, 0x14,
    0x40, 0x7, 0xff, 0xd, 0x48, 0x3, 0xff, 0x86,
    0xe0, 0x1f, 0xfc, 0x3d, 0x0, 0xff, 0xe1, 0x93,
    0x80, 0x7f, 0xf0, 0xf0, 0x3, 0xff, 0x86, 0x80,
    0x1f, 0xfc, 0x3e, 0x10, 0xf, 0xfe, 0x1b, 0x0,
    0x7f, 0xf0, 0xc8, 0x3, 0xff, 0x86, 0x26, 0x1,
    0xff, 0xc3, 0x10, 0xf, 0xfe, 0xa1, 0x80, 0x7f,
    0xf0, 0xc4, 0x3, 0xff, 0xa6, 0x22, 0x0, 0xff,
    0xe1, 0xb0, 0x7, 0xff, 0xc, 0x80, 0x3f, 0xf8,
    0x7e, 0xe0, 0x1f, 0xfc, 0x3c, 0x0, 0xff, 0xe1,
    0xa0, 0x7, 0xff, 0xc, 0x4c, 0x3, 0xff, 0x86,
    0xe0, 0x1f, 0xfc, 0x3d, 0x0, 0xff, 0xe1, 0xa8,
    0x10, 0x7, 0xff, 0x8, 0x58, 0x3, 0xff, 0x82,
    0x68, 0x1, 0xff, 0xc3, 0x30, 0x70, 0xf, 0xfe,
    0x1c, 0x90, 0x7, 0xfc, 0x3a, 0x1, 0xff, 0xc3,
    0x20, 0x7, 0x0, 0x7f, 0xf1, 0x30, 0xc0, 0x3f,
    0x87, 0x4, 0x3, 0xff, 0x86, 0xa0, 0x4, 0x10,
    0xf, 0xfe, 0x18, 0xe4, 0x90, 0x7, 0xb, 0xf1,
    0x0, 0x7f, 0xf1, 0x28, 0x2, 0x70, 0xf, 0xfe,
    0x2b, 0x6e, 0xae, 0xa9, 0x9d, 0x0, 0x1f, 0xfc,
    0x53, 0x20, 0xa, 0x0, 0x3f, 0xf8, 0xe4, 0x8a,
    0xa3, 0x0, 0xff, 0xe3, 0xc0, 0x6, 0x17, 0x0,
    0xff, 0xee, 0x9a, 0x0, 0x74, 0x10, 0x7, 0xff,
    0x73, 0x80, 0x3e, 0xe0, 0xf, 0xfe, 0xdc, 0x10,
    0x7, 0xc7, 0x0, 0x1f, 0xfd, 0x94, 0x70, 0xf,
    0xe7, 0x70, 0x7, 0xff, 0x5c, 0xec, 0x3, 0xfe,
    0x86, 0x0, 0xff, 0xea, 0x9e, 0x80, 0x7f, 0xf0,
    0x66, 0x40, 0x1f, 0xfd, 0x35, 0xc1, 0x0, 0xff,
    0xe1, 0x35, 0x88, 0x7, 0xff, 0x42, 0x28, 0x3,
    0xff, 0x8a, 0x9c, 0xe0, 0x1f, 0xfc, 0xd4, 0xd7,
    0x0, 0xff, 0xe4, 0x46, 0xb0, 0x7, 0xff, 0x25,
    0x2e, 0xc4, 0x1, 0xff, 0xca, 0x29, 0xe8, 0x30,
    0xf, 0xfe, 0x19, 0x3e, 0x5a, 0x0, 0x7f, 0xf3,
    0x85, 0xf3, 0xa9, 0xd4, 0x84, 0x2, 0x12, 0x46,
    0x9d, 0xd4, 0x18, 0x7, 0xff, 0x8,

    /* U+00F4 "ô" */
    0x0, 0xff, 0xe4, 0x2c, 0x47, 0xcc, 0x1, 0xff,
    0xdb, 0x8a, 0x77, 0xfa, 0x68, 0x3, 0xff, 0xb3,
    0x2e, 0x1, 0xfc, 0xb6, 0x1, 0xff, 0xd7, 0xa6,
    0x0, 0xff, 0x93, 0x0, 0x3f, 0xfa, 0xb6, 0xa0,
    0x1f, 0xfc, 0x13, 0xc1, 0x0, 0xff, 0xe8, 0x8e,
    0x20, 0x7, 0xff, 0xc, 0xf0, 0x40, 0x3f, 0xf9,
    0xe3, 0x86, 0x1, 0xff, 0xc5, 0x2f, 0x20, 0xf,
    0xfe, 0x69, 0x61, 0x0, 0x7f, 0xf1, 0xc7, 0xc,
    0x3, 0xff, 0x96, 0x78, 0x40, 0x1f, 0xfc, 0x91,
    0xc4, 0x0, 0xff, 0xe4, 0x9e, 0x8, 0x7, 0xff,
    0x32, 0xd4, 0x3, 0xff, 0x8e, 0x98, 0x1, 0xff,
    0xcf, 0xa6, 0x0, 0xff, 0xe2, 0xad, 0x80, 0x7f,
    0xf4, 0x65, 0xc0, 0x3f, 0xf8, 0x6d, 0x40, 0x1f,
    0xfc, 0x21, 0x82, 0x0, 0xff, 0xe1, 0x44, 0x0,
    0x3f, 0xf8, 0x44, 0x1, 0xff, 0xc2, 0x8e, 0x7d,
    0xa1, 0x0, 0xff, 0xe0, 0xe8, 0x7, 0xff, 0x9,
    0x18, 0x3, 0xfe, 0x7e, 0x70, 0x9, 0x7a, 0x4,
    0x3, 0xfc, 0x8a, 0x1, 0xff, 0xc3, 0x92, 0x0,
    0xfc, 0xdd, 0x2, 0x1, 0xe7, 0xe7, 0x0, 0xfc,
    0x34, 0x1, 0xff, 0xc5, 0xe0, 0xf, 0x26, 0xc8,
    0x80, 0x7f, 0xa3, 0x98, 0x3, 0xd6, 0x20, 0x1f,
    0xfc, 0x53, 0x70, 0x8, 0xf2, 0xc8, 0x3, 0xff,
    0x82, 0x33, 0xa8, 0x1, 0x2a, 0x80, 0x3f, 0xf8,
    0xf0, 0x44, 0xbc, 0x30, 0xf, 0xfe, 0x29, 0x5e,
    0x18, 0xd8, 0x7, 0xff, 0x27, 0x35, 0x0, 0x3f,
    0xf9, 0x27, 0x9e, 0x20, 0x1f, 0xfc, 0x91, 0x0,
    0xff, 0xe6, 0x88, 0x7, 0xff, 0xfc, 0x0, 0x2b,
    0x15, 0xbd, 0xff, 0x76, 0xdc, 0x29, 0x0, 0x7f,
    0xf4, 0xc5, 0xf3, 0xa9, 0xd4, 0x84, 0x2, 0x12,
    0x47, 0xad, 0xd4, 0x10, 0x7, 0xff, 0x38, 0xab,
    0xa0, 0xc0, 0x3f, 0xf8, 0x64, 0xfb, 0x66, 0x1,
    0xff, 0xcb, 0x9d, 0x50, 0xf, 0xfe, 0x4a, 0x65,
    0x88, 0x7, 0xff, 0x1d, 0x39, 0x80, 0x3f, 0xf9,
    0xa9, 0xcc, 0x1, 0xff, 0xc5, 0x7b, 0x10, 0xf,
    0xfe, 0x84, 0xd0, 0x7, 0xff, 0xe, 0xa0, 0x3,
    0xff, 0xa6, 0xb8, 0x1, 0xff, 0xc1, 0x95, 0x0,
    0xff, 0xea, 0x9e, 0x0, 0x7f, 0xce, 0xc0, 0x1f,
    0xfd, 0x73, 0xb0, 0xf, 0xe3, 0x80, 0xf, 0xfe,
    0xca, 0x38, 0x7, 0xed, 0x0, 0xff, 0xed, 0xc1,
    0x80, 0x7a, 0x4, 0x3, 0xff, 0xb9, 0xe0, 0x1c,
    0x2e, 0x1, 0xff, 0xdd, 0x34, 0x0, 0xd0, 0x1,
    0xff, 0xc7, 0x13, 0x43, 0x10, 0xf, 0xfe, 0x3c,
    0x80, 0x66, 0x0, 0xff, 0xe2, 0xa6, 0x76, 0x5e,
    0x76, 0xb8, 0x7, 0xff, 0x14, 0x8c, 0x0, 0xa0,
    0x1f, 0xfc, 0x5a, 0xb3, 0x0, 0xe2, 0x8d, 0x20,
    0xf, 0xfe, 0x25, 0x80, 0x3c, 0x3, 0xff, 0x89,
    0x6a, 0x1, 0xfc, 0x58, 0x20, 0x1f, 0xfc, 0x35,
    0x0, 0x38, 0x7, 0xff, 0xd, 0xd0, 0x3, 0xfe,
    0x1a, 0x0, 0xff, 0xe1, 0x90, 0x88, 0x80, 0x3f,
    0xf8, 0x43, 0x0, 0x1f, 0xfc, 0x14, 0x40, 0x7,
    0xff, 0xd, 0x48, 0x3, 0xff, 0x86, 0xe0, 0x1f,
    0xfc, 0x3d, 0x0, 0xff, 0xe1, 0x93, 0x80, 0x7f,
    0xf0, 0xf0, 0x3, 0xff, 0x86, 0x80, 0x1f, 0xfc,
    0x3e, 0x10, 0xf, 0xfe, 0x1b, 0x0, 0x7f, 0xf0,
    0xc8, 0x3, 0xff, 0x86, 0x26, 0x1, 0xff, 0xc3,
    0x10, 0xf, 0xfe, 0xa1, 0x80, 0x7f, 0xf0, 0xc4,
    0x3, 0xff, 0xa6, 0x22, 0x0, 0xff, 0xe1, 0xb0,
    0x7, 0xff, 0xc, 0x80, 0x3f, 0xf8, 0x7e, 0xe0,
    0x1f, 0xfc, 0x3c, 0x0, 0xff, 0xe1, 0xa0, 0x7,
    0xff, 0xc, 0x4c, 0x3, 0xff, 0x86, 0xe0, 0x1f,
    0xfc, 0x3d, 0x0, 0xff, 0xe1, 0xa8, 0x10, 0x7,
    0xff, 0x8, 0x58, 0x3, 0xff, 0x82, 0x68, 0x1,
    0xff, 0xc3, 0x30, 0x70, 0xf, 0xfe, 0x1c, 0x90,
    0x7, 0xfc, 0x3a, 0x1, 0xff, 0xc3, 0x20, 0x7,
    0x0, 0x7f, 0xf1, 0x30, 0xc0, 0x3f, 0x87, 0x4,
    0x3, 0xff, 0x86, 0xa0, 0x4, 0x10, 0xf, 0xfe,
    0x18, 0xe4, 0x90, 0x7, 0xb, 0xf1, 0x0, 0x7f,
    0xf1, 0x28, 0x2, 0x70, 0xf, 0xfe, 0x2b, 0x6e,
    0xae, 0xa9, 0x9d, 0x0, 0x1f, 0xfc, 0x53, 0x20,
    0xa, 0x0, 0x3f, 0xf8, 0xe4, 0x8a, 0xa3, 0x0,
    0xff, 0xe3, 0xc0, 0x6, 0x17, 0x0, 0xff, 0xee,
    0x9a, 0x0, 0x74, 0x10, 0x7, 0xff, 0x73, 0x80,
    0x3e, 0xe0, 0xf, 0xfe, 0xdc, 0x10, 0x7, 0xc7,
    0x0, 0x1f, 0xfd, 0x94, 0x70, 0xf, 0xe7, 0x70,
    0x7, 0xff, 0x5c, 0xec, 0x3, 0xfe, 0x86, 0x0,
    0xff, 0xea, 0x9e, 0x80, 0x7f, 0xf0, 0x66, 0x40,
    0x1f, 0xfd, 0x35, 0xc1, 0x0, 0xff, 0xe1, 0x35,
    0x88, 0x7, 0xff, 0x42, 0x28, 0x3, 0xff, 0x8a,
    0x9c, 0xe0, 0x1f, 0xfc, 0xd4, 0xd7, 0x0, 0xff,
    0xe4, 0x46, 0xb0, 0x7, 0xff, 0x25, 0x2e, 0xc4,
    0x1, 0xff, 0xca, 0x29, 0xe8, 0x30, 0xf, 0xfe,
    0x19, 0x3e, 0x5a, 0x0, 0x7f, 0xf3, 0x85, 0xf3,
    0xa9, 0xd4, 0x84, 0x2, 0x12, 0x46, 0x9d, 0xd4,
    0x18, 0x7, 0xff, 0x8,

    /* U+00F5 "õ" */
    0x0, 0xff, 0xe1, 0x92, 0xb3, 0x10, 0x80, 0x3f,
    0xfb, 0x87, 0x5f, 0xb5, 0x32, 0xbd, 0xe9, 0x20,
    0xf, 0xfe, 0x6, 0x98, 0x7, 0xff, 0x24, 0xaf,
    0x14, 0x3, 0xe1, 0x6d, 0xa2, 0x0, 0xfe, 0xb2,
    0xc3, 0x0, 0xff, 0xe3, 0xa6, 0x20, 0x7, 0xff,
    0x1, 0x76, 0x44, 0x3, 0x8b, 0x10, 0x1, 0x86,
    0x1, 0xff, 0xc5, 0x5b, 0x10, 0xf, 0xfe, 0x1b,
    0x75, 0xbb, 0x46, 0x69, 0x80, 0x6c, 0x30, 0xf,
    0xfe, 0x19, 0xd0, 0x7, 0xff, 0x1d, 0x22, 0x5c,
    0xc0, 0x3e, 0xc3, 0x0, 0xff, 0xe0, 0x8e, 0x80,
    0x7f, 0xf5, 0x70, 0xc0, 0x3f, 0xf8, 0x14, 0x20,
    0x1f, 0xfd, 0x6d, 0x30, 0xf, 0xf1, 0xa0, 0x7,
    0xff, 0x5c, 0x44, 0x1, 0xfe, 0x37, 0x0, 0xff,
    0xeb, 0xb9, 0x0, 0x7f, 0xd0, 0xe0, 0x1f, 0xfd,
    0x53, 0x80, 0xf, 0xfe, 0xc, 0x30, 0x7, 0xff,
    0x4c, 0x74, 0x3, 0xff, 0x87, 0x2c, 0x1, 0xc5,
    0x3b, 0xfd, 0x6c, 0x1, 0xff, 0xc5, 0x1c, 0x10,
    0xf, 0xfe, 0x24, 0xb0, 0x4, 0xfa, 0xc4, 0x2,
    0x93, 0xca, 0x1, 0xff, 0xc2, 0x3f, 0x20, 0xf,
    0xfe, 0x34, 0xa8, 0x3c, 0x0, 0x7c, 0x35, 0xaa,
    0x1, 0xfe, 0x19, 0xc1, 0x0, 0xff, 0xe4, 0x54,
    0xc0, 0x7, 0xf8, 0xab, 0xa1, 0x8, 0x0, 0x26,
    0xd7, 0xcc, 0x1, 0xff, 0xcb, 0x60, 0xf, 0xfe,
    0x8, 0xbd, 0xef, 0xfb, 0xb2, 0x50, 0x3, 0xff,
    0xfe, 0x1, 0xff, 0xe9, 0x15, 0x8a, 0xde, 0xff,
    0xbb, 0x6e, 0x14, 0x80, 0x3f, 0xfa, 0x62, 0xf9,
    0xd4, 0xea, 0x42, 0x1, 0x9, 0x23, 0xd6, 0xea,
    0x8, 0x3, 0xff, 0x9c, 0x55, 0xd0, 0x60, 0x1f,
    0xfc, 0x32, 0x7d, 0xb3, 0x0, 0xff, 0xe5, 0xce,
    0xa8, 0x7, 0xff, 0x25, 0x32, 0xc4, 0x3, 0xff,
    0x8e, 0x9c, 0xc0, 0x1f, 0xfc, 0xd4, 0xe6, 0x0,
    0xff, 0xe2, 0xbd, 0x88, 0x7, 0xff, 0x42, 0x68,
    0x3, 0xff, 0x87, 0x50, 0x1, 0xff, 0xd3, 0x5c,
    0x0, 0xff, 0xe0, 0xca, 0x80, 0x7f, 0xf5, 0x4f,
    0x0, 0x3f, 0xe7, 0x60, 0xf, 0xfe, 0xb9, 0xd8,
    0x7, 0xf1, 0xc0, 0x7, 0xff, 0x65, 0x1c, 0x3,
    0xf6, 0x80, 0x7f, 0xf6, 0xe0, 0xc0, 0x3d, 0x2,
    0x1, 0xff, 0xdc, 0xf0, 0xe, 0x17, 0x0, 0xff,
    0xee, 0x9a, 0x0, 0x68, 0x0, 0xff, 0xe3, 0x89,
    0xa1, 0x88, 0x7, 0xff, 0x1e, 0x40, 0x33, 0x0,
    0x7f, 0xf1, 0x53, 0x3b, 0x2f, 0x3b, 0x5c, 0x3,
    0xff, 0x8a, 0x46, 0x0, 0x50, 0xf, 0xfe, 0x2d,
    0x59, 0x80, 0x71, 0x46, 0x90, 0x7, 0xff, 0x12,
    0xc0, 0x1e, 0x1, 0xff, 0xc4, 0xb5, 0x0, 0xfe,
    0x2c, 0x10, 0xf, 0xfe, 0x1a, 0x80, 0x1c, 0x3,
    0xff, 0x86, 0xe8, 0x1, 0xff, 0xd, 0x0, 0x7f,
    0xf0, 0xc8, 0x44, 0x40, 0x1f, 0xfc, 0x21, 0x80,
    0xf, 0xfe, 0xa, 0x20, 0x3, 0xff, 0x86, 0xa4,
    0x1, 0xff, 0xc3, 0x70, 0xf, 0xfe, 0x1e, 0x80,
    0x7f, 0xf0, 0xc9, 0xc0, 0x3f, 0xf8, 0x78, 0x1,
    0xff, 0xc3, 0x40, 0xf, 0xfe, 0x1f, 0x8, 0x7,
    0xff, 0xd, 0x80, 0x3f, 0xf8, 0x64, 0x1, 0xff,
    0xc3, 0x13, 0x0, 0xff, 0xe1, 0x88, 0x7, 0xff,
    0x50, 0xc0, 0x3f, 0xf8, 0x62, 0x1, 0xff, 0xd3,
    0x11, 0x0, 0x7f, 0xf0, 0xd8, 0x3, 0xff, 0x86,
    0x40, 0x1f, 0xfc, 0x3f, 0x70, 0xf, 0xfe, 0x1e,
    0x0, 0x7f, 0xf0, 0xd0, 0x3, 0xff, 0x86, 0x26,
    0x1, 0xff, 0xc3, 0x70, 0xf, 0xfe, 0x1e, 0x80,
    0x7f, 0xf0, 0xd4, 0x8, 0x3, 0xff, 0x84, 0x2c,
    0x1, 0xff, 0xc1, 0x34, 0x0, 0xff, 0xe1, 0x98,
    0x38, 0x7, 0xff, 0xe, 0x48, 0x3, 0xfe, 0x1d,
    0x0, 0xff, 0xe1, 0x90, 0x3, 0x80, 0x3f, 0xf8,
    0x98, 0x60, 0x1f, 0xc3, 0x82, 0x1, 0xff, 0xc3,
    0x50, 0x2, 0x8, 0x7, 0xff, 0xc, 0x72, 0x48,
    0x3, 0x85, 0xf8, 0x80, 0x3f, 0xf8, 0x94, 0x1,
    0x38, 0x7, 0xff, 0x15, 0xb7, 0x57, 0x54, 0xce,
    0x80, 0xf, 0xfe, 0x29, 0x90, 0x5, 0x0, 0x1f,
    0xfc, 0x72, 0x45, 0x51, 0x80, 0x7f, 0xf1, 0xe0,
    0x3, 0xb, 0x80, 0x7f, 0xf7, 0x4d, 0x0, 0x3a,
    0x8, 0x3, 0xff, 0xb9, 0xc0, 0x1f, 0x70, 0x7,
    0xff, 0x6e, 0x8, 0x3, 0xe3, 0x80, 0xf, 0xfe,
    0xca, 0x38, 0x7, 0xf3, 0xb8, 0x3, 0xff, 0xae,
    0x76, 0x1, 0xff, 0x43, 0x0, 0x7f, 0xf5, 0x4f,
    0x40, 0x3f, 0xf8, 0x33, 0x20, 0xf, 0xfe, 0x9a,
    0xe0, 0x80, 0x7f, 0xf0, 0x9a, 0xc4, 0x3, 0xff,
    0xa1, 0x14, 0x1, 0xff, 0xc5, 0x4e, 0x70, 0xf,
    0xfe, 0x6a, 0x6b, 0x80, 0x7f, 0xf2, 0x23, 0x58,
    0x3, 0xff, 0x92, 0x97, 0x62, 0x0, 0xff, 0xe5,
    0x14, 0xf4, 0x18, 0x7, 0xff, 0xc, 0x9f, 0x2d,
    0x0, 0x3f, 0xf9, 0xc2, 0xf9, 0xd4, 0xea, 0x42,
    0x1, 0x9, 0x23, 0x4e, 0xea, 0xc, 0x3, 0xff,
    0x84,

    /* U+00F6 "ö" */
    0x0, 0xff, 0x96, 0xbb, 0xfb, 0x20, 0x80, 0x3f,
    0xf8, 0xd, 0x7d, 0xfd, 0x8e, 0x20, 0x1f, 0xfc,
    0x72, 0xda, 0x51, 0x1, 0x37, 0xd7, 0x0, 0xfe,
    0x4e, 0x94, 0x10, 0x13, 0x8f, 0x50, 0xf, 0xfe,
    0x29, 0x61, 0x0, 0x7e, 0x89, 0x0, 0xf9, 0x2c,
    0x40, 0x3e, 0x1a, 0x60, 0xf, 0xfe, 0x27, 0x88,
    0x7, 0xf9, 0x98, 0x1, 0xc5, 0x60, 0x1f, 0xf4,
    0x98, 0x7, 0xff, 0x9, 0xc8, 0x3, 0xff, 0x81,
    0x0, 0x1d, 0x0, 0x1f, 0xfc, 0x18, 0x0, 0xff,
    0xe1, 0x50, 0x7, 0xff, 0x4, 0x54, 0x3, 0x28,
    0x7, 0xff, 0x5, 0x8, 0x3, 0xff, 0x80, 0x24,
    0x1, 0xff, 0xc2, 0xc0, 0x9, 0x0, 0x3f, 0xf8,
    0x68, 0x1, 0xff, 0xc0, 0x20, 0xf, 0xfe, 0x19,
    0x0, 0x44, 0x1, 0xff, 0xc3, 0xe0, 0xf, 0xff,
    0x88, 0x80, 0x7f, 0xf0, 0xc4, 0x2, 0x30, 0xf,
    0xfe, 0x1f, 0x80, 0x7f, 0xf0, 0x8, 0x40, 0x3f,
    0xf8, 0x58, 0x1, 0x38, 0x7, 0xff, 0xd, 0x0,
    0x3f, 0xf8, 0x2e, 0x1, 0xff, 0xc2, 0x70, 0x8,
    0x8c, 0x3, 0xff, 0x82, 0x26, 0x1, 0xff, 0xc1,
    0xb0, 0xf, 0xfe, 0xb, 0x8, 0x6, 0x80, 0xf,
    0xfe, 0xc, 0x0, 0x7f, 0xf0, 0x8a, 0x40, 0x3f,
    0xe2, 0x90, 0xe, 0x46, 0x0, 0xff, 0x95, 0x80,
    0x3f, 0xf8, 0x6d, 0x20, 0x1f, 0xc7, 0x80, 0x1f,
    0x4b, 0x0, 0x7f, 0x2d, 0x0, 0x7f, 0xf1, 0x5b,
    0x54, 0x3, 0x8a, 0x30, 0x40, 0x3f, 0x4d, 0x98,
    0x7, 0x1d, 0x50, 0x3, 0xff, 0x8e, 0x55, 0xf9,
    0x76, 0xdd, 0x38, 0x7, 0xfc, 0x99, 0xd9, 0x76,
    0xec, 0x50, 0xf, 0xfe, 0x59, 0xa2, 0x8, 0x3,
    0xff, 0x86, 0x26, 0x88, 0x10, 0xf, 0xff, 0xf8,
    0x7, 0xff, 0xa0, 0x56, 0x2b, 0x7b, 0xfe, 0xed,
    0xb8, 0x52, 0x0, 0xff, 0xe9, 0x8b, 0xe7, 0x53,
    0xa9, 0x8, 0x4, 0x24, 0x8f, 0x5b, 0xa8, 0x20,
    0xf, 0xfe, 0x71, 0x57, 0x41, 0x80, 0x7f, 0xf0,
    0xc9, 0xf6, 0xcc, 0x3, 0xff, 0x97, 0x3a, 0xa0,
    0x1f, 0xfc, 0x94, 0xcb, 0x10, 0xf, 0xfe, 0x3a,
    0x73, 0x0, 0x7f, 0xf3, 0x53, 0x98, 0x3, 0xff,
    0x8a, 0xf6, 0x20, 0x1f, 0xfd, 0x9, 0xa0, 0xf,
    0xfe, 0x1d, 0x40, 0x7, 0xff, 0x4d, 0x70, 0x3,
    0xff, 0x83, 0x2a, 0x1, 0xff, 0xd5, 0x3c, 0x0,
    0xff, 0x9d, 0x80, 0x3f, 0xfa, 0xe7, 0x60, 0x1f,
    0xc7, 0x0, 0x1f, 0xfd, 0x94, 0x70, 0xf, 0xda,
    0x1, 0xff, 0xdb, 0x83, 0x0, 0xf4, 0x8, 0x7,
    0xff, 0x73, 0xc0, 0x38, 0x5c, 0x3, 0xff, 0xba,
    0x68, 0x1, 0xa0, 0x3, 0xff, 0x8e, 0x26, 0x86,
    0x20, 0x1f, 0xfc, 0x79, 0x0, 0xcc, 0x1, 0xff,
    0xc5, 0x4c, 0xec, 0xbc, 0xed, 0x70, 0xf, 0xfe,
    0x29, 0x18, 0x1, 0x40, 0x3f, 0xf8, 0xb5, 0x66,
    0x1, 0xc5, 0x1a, 0x40, 0x1f, 0xfc, 0x4b, 0x0,
    0x78, 0x7, 0xff, 0x12, 0xd4, 0x3, 0xf8, 0xb0,
    0x40, 0x3f, 0xf8, 0x6a, 0x0, 0x70, 0xf, 0xfe,
    0x1b, 0xa0, 0x7, 0xfc, 0x34, 0x1, 0xff, 0xc3,
    0x21, 0x11, 0x0, 0x7f, 0xf0, 0x86, 0x0, 0x3f,
    0xf8, 0x28, 0x80, 0xf, 0xfe, 0x1a, 0x90, 0x7,
    0xff, 0xd, 0xc0, 0x3f, 0xf8, 0x7a, 0x1, 0xff,
    0xc3, 0x27, 0x0, 0xff, 0xe1, 0xe0, 0x7, 0xff,
    0xd, 0x0, 0x3f, 0xf8, 0x7c, 0x20, 0x1f, 0xfc,
    0x36, 0x0, 0xff, 0xe1, 0x90, 0x7, 0xff, 0xc,
    0x4c, 0x3, 0xff, 0x86, 0x20, 0x1f, 0xfd, 0x43,
    0x0, 0xff, 0xe1, 0x88, 0x7, 0xff, 0x4c, 0x44,
    0x1, 0xff, 0xc3, 0x60, 0xf, 0xfe, 0x19, 0x0,
    0x7f, 0xf0, 0xfd, 0xc0, 0x3f, 0xf8, 0x78, 0x1,
    0xff, 0xc3, 0x40, 0xf, 0xfe, 0x18, 0x98, 0x7,
    0xff, 0xd, 0xc0, 0x3f, 0xf8, 0x7a, 0x1, 0xff,
    0xc3, 0x50, 0x20, 0xf, 0xfe, 0x10, 0xb0, 0x7,
    0xff, 0x4, 0xd0, 0x3, 0xff, 0x86, 0x60, 0xe0,
    0x1f, 0xfc, 0x39, 0x20, 0xf, 0xf8, 0x74, 0x3,
    0xff, 0x86, 0x40, 0xe, 0x0, 0xff, 0xe2, 0x61,
    0x80, 0x7f, 0xe, 0x8, 0x7, 0xff, 0xd, 0x40,
    0x8, 0x20, 0x1f, 0xfc, 0x31, 0xc9, 0x20, 0xe,
    0x17, 0xe2, 0x0, 0xff, 0xe2, 0x50, 0x4, 0xe0,
    0x1f, 0xfc, 0x56, 0xdd, 0x5d, 0x53, 0x3a, 0x0,
    0x3f, 0xf8, 0xa6, 0x40, 0x14, 0x0, 0x7f, 0xf1,
    0xc9, 0x15, 0x46, 0x1, 0xff, 0xc7, 0x80, 0xc,
    0x2e, 0x1, 0xff, 0xdd, 0x34, 0x0, 0xe8, 0x20,
    0xf, 0xfe, 0xe7, 0x0, 0x7d, 0xc0, 0x1f, 0xfd,
    0xb8, 0x20, 0xf, 0x8e, 0x0, 0x3f, 0xfb, 0x28,
    0xe0, 0x1f, 0xce, 0xe0, 0xf, 0xfe, 0xb9, 0xd8,
    0x7, 0xfd, 0xc, 0x1, 0xff, 0xd5, 0x3d, 0x0,
    0xff, 0xe0, 0xcc, 0x80, 0x3f, 0xfa, 0x6b, 0x82,
    0x1, 0xff, 0xc2, 0x6b, 0x10, 0xf, 0xfe, 0x84,
    0x50, 0x7, 0xff, 0x15, 0x39, 0xc0, 0x3f, 0xf9,
    0xa9, 0xae, 0x1, 0xff, 0xc8, 0x8d, 0x60, 0xf,
    0xfe, 0x4a, 0x5d, 0x88, 0x3, 0xff, 0x94, 0x53,
    0xd0, 0x60, 0x1f, 0xfc, 0x32, 0x7c, 0xb4, 0x0,
    0xff, 0xe7, 0xb, 0xe7, 0x53, 0xa9, 0x8, 0x4,
    0x24, 0x8d, 0x3b, 0xa8, 0x30, 0xf, 0xfe, 0x10,

    /* U+00F7 "÷" */
    0x0, 0xff, 0xe3, 0x13, 0xcc, 0x9d, 0x0, 0x3f,
    0xfa, 0xe5, 0x7b, 0xc, 0xc8, 0xbd, 0x50, 0xf,
    0xfe, 0xa1, 0xe2, 0x0, 0x78, 0xa9, 0xc0, 0x3f,
    0xfa, 0x43, 0xa2, 0x1, 0xfd, 0xa, 0x1, 0xff,
    0xd1, 0x81, 0x0, 0xff, 0xac, 0x3, 0xff, 0xa2,
    0xc0, 0x1f, 0xfc, 0x1, 0x50, 0xf, 0xfe, 0x7a,
    0x0, 0x7f, 0xf0, 0xbc, 0x3, 0xff, 0x9e, 0x40,
    0x1f, 0xfc, 0x26, 0x0, 0xff, 0xe7, 0x88, 0x7,
    0xff, 0x78, 0x40, 0x3f, 0xf8, 0x4e, 0x1, 0xff,
    0xcf, 0x40, 0xf, 0xfe, 0x11, 0x80, 0x7f, 0xf3,
    0xc8, 0x80, 0x1f, 0xfc, 0x1a, 0x0, 0xff, 0xe8,
    0x48, 0x7, 0xff, 0x1, 0x48, 0x3, 0xff, 0xa0,
    0x8e, 0x1, 0xfe, 0x2a, 0x0, 0xff, 0xe9, 0x44,
    0x0, 0x3f, 0x26, 0x0, 0x7f, 0xf5, 0x1f, 0x5c,
    0x80, 0x2, 0xb7, 0x61, 0x0, 0xff, 0xea, 0x94,
    0x6f, 0xfb, 0xa9, 0x0, 0x3f, 0xff, 0xe0, 0x1f,
    0xfd, 0x1d, 0xff, 0xff, 0xee, 0x88, 0x7, 0xff,
    0xfc, 0x3, 0xff, 0xfe, 0x1, 0xff, 0xff, 0x0,
    0xff, 0xff, 0x80, 0x7f, 0xff, 0xc0, 0x3f, 0xff,
    0xe0, 0x1f, 0xfc, 0xb8, 0x99, 0xff, 0xee, 0x8a,
    0xb3, 0x7f, 0xf7, 0x40, 0x3f, 0xfe, 0x44, 0xf3,
    0x28, 0x40, 0xf, 0xfe, 0xb9, 0x5e, 0xc3, 0x31,
    0xef, 0x94, 0x3, 0xff, 0xa8, 0x78, 0x80, 0x1e,
    0x1a, 0x70, 0xf, 0xfe, 0x90, 0xe8, 0x80, 0x7f,
    0x42, 0x80, 0x7f, 0xf4, 0x60, 0x40, 0x3f, 0xeb,
    0x0, 0xff, 0xe8, 0xb0, 0x7, 0xff, 0x0, 0x54,
    0x3, 0xff, 0x9e, 0x80, 0x1f, 0xfc, 0x2f, 0x0,
    0xff, 0xe7, 0x90, 0x7, 0xff, 0x9, 0x80, 0x3f,
    0xf9, 0xe2, 0x1, 0xff, 0xde, 0x20, 0xf, 0xfe,
    0x13, 0x80, 0x7f, 0xf3, 0xdc, 0x3, 0xff, 0x85,
    0x80, 0x1f, 0xfc, 0xf2, 0x30, 0xf, 0xfe, 0xa,
    0x80, 0x7f, 0xf4, 0x20, 0x3, 0xff, 0x80, 0xc4,
    0x1, 0xff, 0xd0, 0x47, 0x0, 0xff, 0x14, 0x80,
    0x7f, 0xf4, 0xa2, 0x0, 0x1f, 0x93, 0x0, 0x3f,
    0xfa, 0x8f, 0xae, 0x40, 0x1, 0x5b, 0xb0, 0x80,
    0x7f, 0xf1, 0x0,

    /* U+00F8 "ø" */
    0x0, 0xff, 0xef, 0x18, 0x7, 0xff, 0x8e, 0x71,
    0x80, 0x3f, 0xf9, 0x42, 0xb1, 0x5b, 0xdf, 0xf7,
    0x6d, 0xc2, 0x90, 0x7, 0xea, 0x60, 0x96, 0x0,
    0xff, 0xe3, 0xb, 0xe7, 0x53, 0xa9, 0x8, 0x4,
    0x24, 0x8f, 0x5b, 0xa8, 0x20, 0xd, 0x4a, 0x1,
    0x4b, 0x0, 0x7f, 0xf0, 0xca, 0xba, 0xc, 0x3,
    0xff, 0x86, 0x4f, 0xb6, 0x81, 0x4a, 0x1, 0xd2,
    0xc0, 0x1f, 0xfc, 0x19, 0xd5, 0x0, 0xff, 0xe4,
    0xa5, 0xf2, 0x80, 0x7d, 0x2c, 0x1, 0xfe, 0x4e,
    0x60, 0xf, 0xfe, 0x68, 0x80, 0x7f, 0x4a, 0x80,
    0x7e, 0x7b, 0x10, 0xf, 0xfe, 0xc0, 0xb8, 0x7,
    0xd5, 0x0, 0x1f, 0xfd, 0x91, 0xc2, 0x0, 0xf4,
    0xa8, 0x7, 0xff, 0x64, 0xbc, 0x80, 0x3d, 0xc,
    0x1, 0xff, 0xd9, 0x2c, 0x10, 0xf, 0x23, 0x80,
    0x7f, 0xf6, 0x94, 0x40, 0x3c, 0x34, 0x1, 0xff,
    0xdb, 0x72, 0x0, 0xf4, 0x8, 0x7, 0xff, 0x14,
    0xd5, 0x94, 0xc0, 0x3f, 0xf8, 0xdc, 0x1, 0xc2,
    0xc0, 0x1f, 0xfc, 0x33, 0xbf, 0xca, 0x9a, 0xcf,
    0x30, 0xf, 0xfe, 0x21, 0xa0, 0x6, 0x80, 0xf,
    0xfe, 0x1d, 0x62, 0x0, 0x7a, 0x8c, 0x3, 0xff,
    0x8b, 0xe0, 0x19, 0x80, 0x3f, 0xf8, 0x23, 0x8a,
    0x1, 0xf5, 0x28, 0x7, 0xff, 0x19, 0x8, 0x0,
    0xa0, 0x1f, 0xfc, 0x2a, 0x30, 0xf, 0xa9, 0x40,
    0x3f, 0xf9, 0x14, 0x0, 0xf0, 0xf, 0xfe, 0xb,
    0x20, 0x7, 0xd4, 0xa0, 0x1f, 0xfc, 0x95, 0x0,
    0x38, 0x7, 0xff, 0x6, 0xc0, 0x3e, 0xa5, 0x0,
    0xff, 0xe5, 0x10, 0x88, 0x80, 0x3f, 0xf8, 0x8,
    0x40, 0x1e, 0xa5, 0x0, 0xff, 0xe6, 0x29, 0x0,
    0x7f, 0xf0, 0x70, 0x3, 0xd4, 0xa0, 0x1f, 0xe1,
    0x80, 0xf, 0xfe, 0x9, 0x38, 0x7, 0xff, 0x4,
    0xc0, 0x3a, 0x94, 0x3, 0xfc, 0x38, 0xa0, 0x1f,
    0xfc, 0x1e, 0x10, 0xf, 0xfe, 0xb, 0x80, 0x6a,
    0x50, 0xf, 0xf0, 0xe1, 0x18, 0x7, 0xff, 0x4,
    0x4c, 0x3, 0xff, 0x82, 0x20, 0x15, 0x28, 0x7,
    0xf8, 0x70, 0x80, 0x40, 0x3f, 0xfa, 0x2, 0x0,
    0xa5, 0x0, 0xff, 0xe, 0x10, 0x0, 0x40, 0x3f,
    0xf8, 0x22, 0x60, 0x1f, 0xfc, 0x17, 0xa, 0x50,
    0xf, 0xf1, 0x61, 0x0, 0x46, 0x1, 0xff, 0xc1,
    0xf6, 0x0, 0xff, 0xe0, 0x9d, 0xa8, 0x7, 0xf8,
    0xb0, 0x80, 0x32, 0x0, 0x7f, 0xf0, 0x44, 0x80,
    0x3f, 0xf8, 0x30, 0x80, 0x1f, 0xe2, 0xc1, 0x0,
    0xec, 0x0, 0xff, 0xe0, 0xa8, 0x90, 0x7, 0xff,
    0x2c, 0xb0, 0x40, 0x38, 0x54, 0x3, 0xff, 0x82,
    0x60, 0x80, 0x1f, 0xfc, 0xa2, 0xc1, 0x0, 0xf4,
    0x80, 0x7f, 0xf0, 0x48, 0x1, 0x80, 0x1f, 0xfc,
    0x92, 0xc1, 0x0, 0xf2, 0x38, 0x7, 0xff, 0x6,
    0x80, 0xa, 0x20, 0x1f, 0xfc, 0x72, 0xc1, 0x0,
    0xf1, 0xd0, 0x7, 0xff, 0x9, 0x40, 0x29, 0x0,
    0xff, 0xe3, 0x16, 0x8, 0x7, 0x97, 0x4, 0x3,
    0xff, 0x82, 0x84, 0x1, 0x30, 0x7, 0xff, 0x1b,
    0x84, 0x3, 0xa, 0xe5, 0x0, 0x7f, 0xf0, 0xe0,
    0x3, 0xb, 0x80, 0x7f, 0xf1, 0x73, 0x72, 0xf3,
    0x7a, 0x8c, 0x3, 0xff, 0x86, 0x86, 0x1, 0xd0,
    0x40, 0x1f, 0xfc, 0x52, 0x34, 0x32, 0x0, 0xff,
    0xe3, 0x48, 0x7, 0xd2, 0x1, 0xff, 0xdb, 0xa2,
    0x0, 0xfb, 0x80, 0x3f, 0xfb, 0x4c, 0xa0, 0x1f,
    0x52, 0x80, 0x7f, 0xf6, 0x52, 0x40, 0x3e, 0xa5,
    0x0, 0xff, 0xec, 0xa5, 0x80, 0x7d, 0x4a, 0x1,
    0xff, 0xd9, 0x6b, 0x0, 0xf8, 0x94, 0x3, 0xff,
    0xb0, 0x35, 0x20, 0x1f, 0x8b, 0x0, 0x3f, 0x84,
    0x3, 0xff, 0x9a, 0xbe, 0xa0, 0x1f, 0xe3, 0xc0,
    0xf, 0x87, 0x39, 0x80, 0x3f, 0xf9, 0x2b, 0x94,
    0x20, 0x1f, 0xfc, 0x3, 0xc0, 0xe, 0x1c, 0x21,
    0x9e, 0x94, 0x0, 0xff, 0xe1, 0x93, 0xed, 0x18,
    0x7, 0xff, 0xc, 0xf0, 0x2, 0x1c, 0x20, 0x8,
    0x5a, 0xfa, 0xe1, 0x4c, 0x40, 0x21, 0x24, 0x7a,
    0xdd, 0x41, 0x0, 0x7f, 0xf1, 0x8f, 0x0, 0x70,
    0x80, 0x3e, 0x14, 0x7a, 0xce, 0xff, 0xbb, 0x6e,
    0x14, 0x80, 0x3f, 0xf9, 0x47, 0x98, 0x20, 0xf,
    0xfe, 0xe0,

    /* U+00F9 "ù" */
    0x0, 0xff, 0xe1, 0xa0, 0x7, 0xff, 0x74, 0xaf,
    0x4, 0x3, 0xff, 0xb7, 0x20, 0x7e, 0x60, 0x1f,
    0xfd, 0x95, 0x40, 0x0, 0xe3, 0x0, 0x7f, 0xf5,
    0xc6, 0xc0, 0x3a, 0x64, 0x1, 0xff, 0xd6, 0x81,
    0x0, 0xf3, 0x58, 0x80, 0x7f, 0xf4, 0xcd, 0x80,
    0x3f, 0x26, 0x10, 0x7, 0xff, 0x4b, 0xc0, 0x3f,
    0xc5, 0xaa, 0x1, 0xff, 0xd0, 0x73, 0x0, 0xff,
    0xe0, 0x54, 0x0, 0x7f, 0xf3, 0x86, 0x0, 0x3f,
    0xf8, 0x4f, 0x40, 0x1f, 0xfc, 0xdb, 0x0, 0xff,
    0xe2, 0x2e, 0x90, 0x7, 0xff, 0x29, 0x14, 0x3,
    0xff, 0x8a, 0x58, 0x80, 0x1f, 0xfc, 0x92, 0x10,
    0xf, 0xfe, 0x30, 0xdb, 0x0, 0x7f, 0xf2, 0x1b,
    0xa4, 0x80, 0x3f, 0xf8, 0xdc, 0x1, 0xff, 0xca,
    0x6d, 0xb4, 0x0, 0xff, 0xe1, 0x8c, 0x0, 0x7f,
    0xf3, 0x12, 0xf5, 0x80, 0x3f, 0xf8, 0x36, 0x1,
    0xff, 0xcf, 0x29, 0xe8, 0x10, 0xf, 0xe3, 0x50,
    0xf, 0xfe, 0x88, 0xbf, 0x51, 0x80, 0x7d, 0xe0,
    0x1f, 0xfd, 0x55, 0xcc, 0x28, 0x6, 0x63, 0x0,
    0xff, 0xeb, 0x9d, 0x6b, 0x0, 0x20, 0x3, 0xff,
    0xb4, 0x53, 0xf8, 0x20, 0x1f, 0xfd, 0xd3, 0x0,
    0xff, 0xff, 0x80, 0x7f, 0xfe, 0xab, 0xff, 0xff,
    0x85, 0x40, 0x1f, 0xe4, 0xff, 0xff, 0xe1, 0x88,
    0x7, 0xff, 0xfc, 0x3, 0xff, 0xfe, 0x1, 0xff,
    0xff, 0x0, 0xff, 0xff, 0x80, 0x7f, 0xff, 0xc0,
    0x3f, 0xff, 0xe0, 0x1f, 0xff, 0xf0, 0xf, 0xff,
    0xf8, 0x7, 0xff, 0xfc, 0x3, 0xff, 0xfe, 0x1,
    0xff, 0xff, 0x0, 0xff, 0xff, 0x80, 0x7f, 0xff,
    0xc0, 0x3f, 0xfd, 0x82, 0x60, 0x1f, 0xfc, 0x21,
    0x0, 0xff, 0xe7, 0x88, 0x7, 0xff, 0x9, 0x80,
    0x3f, 0xc4, 0x1, 0xff, 0xc4, 0xf0, 0xf, 0xfe,
    0x11, 0x10, 0x3, 0xfb, 0x40, 0x3f, 0xf8, 0x42,
    0x4, 0x1, 0xff, 0xc3, 0x80, 0xf, 0xc8, 0x80,
    0xf, 0xfe, 0x12, 0x82, 0x0, 0x7f, 0xf0, 0xd6,
    0x0, 0x3c, 0x94, 0x1, 0xff, 0xc3, 0x30, 0x11,
    0x0, 0x7f, 0xf0, 0xdf, 0x61, 0x51, 0xae, 0xc2,
    0x1, 0xff, 0xc3, 0xc0, 0x3, 0x0, 0x7f, 0xf1,
    0x9, 0xea, 0xe5, 0x0, 0x3f, 0xf8, 0x82, 0x80,
    0xa, 0x0, 0xff, 0xed, 0x38, 0x4, 0x4a, 0x1,
    0xff, 0xd9, 0xb0, 0xd, 0x0, 0x1f, 0xfd, 0x86,
    0x20, 0xc, 0x50, 0x1, 0xff, 0xd6, 0x18, 0x0,
    0xf3, 0x98, 0x7, 0xff, 0x56, 0x84, 0x3, 0xed,
    0x20, 0xf, 0xfe, 0x9c, 0xa0, 0x7, 0xe1, 0xc2,
    0x0, 0xff, 0xe8, 0xcb, 0x0, 0x7f, 0x87, 0x50,
    0x3, 0xff, 0x9f, 0x6c, 0x1, 0xff, 0xc1, 0xb9,
    0x0, 0xff, 0xe6, 0x26, 0xa0, 0x7, 0xff, 0xd,
    0xb9, 0x80, 0x3f, 0xf9, 0x5, 0x56, 0x40, 0x1f,
    0xfc, 0x51, 0x9e, 0x82, 0x0, 0xff, 0xe1, 0xad,
    0xea, 0x80, 0x7f, 0xf2, 0x45, 0xf7, 0xa5, 0x90,
    0x84, 0x2, 0x13, 0x58, 0xbf, 0xa4, 0x0, 0xff,
    0xe0, 0x0,

    /* U+00FA "ú" */
    0x0, 0xff, 0xfb, 0xc5, 0x0, 0x7f, 0xf6, 0xc6,
    0xdd, 0x50, 0x3, 0xff, 0xb2, 0x58, 0x80, 0x9,
    0x0, 0xff, 0xec, 0x2e, 0x90, 0x4, 0x4e, 0x1,
    0xff, 0xd6, 0x8a, 0x0, 0xf4, 0x10, 0x7, 0xff,
    0x52, 0x9c, 0x3, 0xf4, 0x80, 0x7f, 0xf4, 0x8b,
    0x54, 0x3, 0xf9, 0x14, 0x3, 0xff, 0xa0, 0x98,
    0x40, 0x1f, 0xf5, 0x80, 0x7f, 0xf3, 0xde, 0xc4,
    0x3, 0xff, 0x80, 0x30, 0x1, 0xff, 0xcd, 0xa8,
    0x0, 0xff, 0xe1, 0xb9, 0x0, 0x7f, 0xf2, 0x87,
    0x14, 0x3, 0xff, 0x8b, 0xc0, 0x1f, 0xfc, 0x93,
    0xf3, 0x0, 0xff, 0xe3, 0x1a, 0x0, 0x7f, 0xf2,
    0x34, 0x40, 0x3f, 0xf8, 0xc9, 0x68, 0x1, 0xff,
    0xc8, 0x90, 0xf, 0xfe, 0x2b, 0x6d, 0xa0, 0x7,
    0xff, 0x25, 0xc8, 0x3, 0xff, 0x82, 0x31, 0xd2,
    0x40, 0x1f, 0xfc, 0xc9, 0x0, 0xff, 0x8e, 0xb9,
    0xc4, 0x3, 0xff, 0x9c, 0x88, 0x0, 0xfc, 0xb9,
    0x85, 0x0, 0xff, 0xe9, 0x48, 0x7, 0x9f, 0x68,
    0xc0, 0x3f, 0xfa, 0x84, 0xe0, 0x2, 0x8f, 0x82,
    0x0, 0xff, 0xeb, 0xc2, 0x56, 0xb8, 0x7, 0xff,
    0x6e, 0xd4, 0x3, 0xff, 0xfe, 0x1, 0xff, 0xff,
    0x0, 0xf5, 0x7f, 0xff, 0xf0, 0xa8, 0x3, 0xfc,
    0x9f, 0xff, 0xfc, 0x31, 0x0, 0xff, 0xff, 0x80,
    0x7f, 0xff, 0xc0, 0x3f, 0xff, 0xe0, 0x1f, 0xff,
    0xf0, 0xf, 0xff, 0xf8, 0x7, 0xff, 0xfc, 0x3,
    0xff, 0xfe, 0x1, 0xff, 0xff, 0x0, 0xff, 0xff,
    0x80, 0x7f, 0xff, 0xc0, 0x3f, 0xff, 0xe0, 0x1f,
    0xff, 0xf0, 0xf, 0xff, 0xf8, 0x7, 0xff, 0xb0,
    0x4c, 0x3, 0xff, 0x84, 0x20, 0x1f, 0xfc, 0xf1,
    0x0, 0xff, 0xe1, 0x30, 0x7, 0xf8, 0x80, 0x3f,
    0xf8, 0x9e, 0x1, 0xff, 0xc2, 0x22, 0x0, 0x7f,
    0x68, 0x7, 0xff, 0x8, 0x40, 0x80, 0x3f, 0xf8,
    0x70, 0x1, 0xf9, 0x10, 0x1, 0xff, 0xc2, 0x50,
    0x40, 0xf, 0xfe, 0x1a, 0xc0, 0x7, 0x92, 0x80,
    0x3f, 0xf8, 0x66, 0x2, 0x20, 0xf, 0xfe, 0x1b,
    0xec, 0x2a, 0x35, 0xd8, 0x40, 0x3f, 0xf8, 0x78,
    0x0, 0x60, 0xf, 0xfe, 0x21, 0x3d, 0x5c, 0xa0,
    0x7, 0xff, 0x10, 0x50, 0x1, 0x40, 0x1f, 0xfd,
    0xa7, 0x0, 0x89, 0x40, 0x3f, 0xfb, 0x36, 0x1,
    0xa0, 0x3, 0xff, 0xb0, 0xc4, 0x1, 0x8a, 0x0,
    0x3f, 0xfa, 0xc3, 0x0, 0x1e, 0x73, 0x0, 0xff,
    0xea, 0xd0, 0x80, 0x7d, 0xa4, 0x1, 0xff, 0xd3,
    0x94, 0x0, 0xfc, 0x38, 0x40, 0x1f, 0xfd, 0x19,
    0x60, 0xf, 0xf0, 0xea, 0x0, 0x7f, 0xf3, 0xed,
    0x80, 0x3f, 0xf8, 0x37, 0x20, 0x1f, 0xfc, 0xc4,
    0xd4, 0x0, 0xff, 0xe1, 0xb7, 0x30, 0x7, 0xff,
    0x20, 0xaa, 0xc8, 0x3, 0xff, 0x8a, 0x33, 0xd0,
    0x40, 0x1f, 0xfc, 0x35, 0xbd, 0x50, 0xf, 0xfe,
    0x48, 0xbe, 0xf4, 0xb2, 0x10, 0x80, 0x42, 0x6b,
    0x17, 0xf4, 0x80, 0x1f, 0xfc, 0x0,

    /* U+00FB "û" */
    0x0, 0xff, 0xe2, 0xbc, 0x47, 0xc8, 0x1, 0xff,
    0xd4, 0x1c, 0x87, 0x7f, 0xad, 0x40, 0x3f, 0xfa,
    0x43, 0x86, 0x1, 0xfd, 0x4c, 0x1, 0xff, 0xd0,
    0x2c, 0x20, 0xf, 0xfa, 0x60, 0x3, 0xff, 0x9c,
    0x78, 0x40, 0x1f, 0xfc, 0x17, 0x90, 0xf, 0xfe,
    0x61, 0xe0, 0x80, 0x7f, 0xf0, 0xda, 0x80, 0x3f,
    0xf9, 0x49, 0x80, 0x1f, 0xfc, 0x65, 0xb0, 0xf,
    0xfe, 0x42, 0xd8, 0x7, 0xff, 0x21, 0x30, 0x40,
    0x3f, 0xf8, 0xaf, 0x40, 0x1f, 0xfc, 0xa3, 0xc1,
    0x0, 0xff, 0xe1, 0xc4, 0x0, 0x3f, 0xf9, 0x85,
    0x84, 0x1, 0xff, 0xc1, 0x97, 0x0, 0xff, 0xe7,
    0x16, 0x10, 0x7, 0xfd, 0x4c, 0x1, 0xff, 0xd0,
    0x1d, 0x30, 0xf, 0xeb, 0x50, 0xf, 0xfe, 0x12,
    0x40, 0x80, 0x7f, 0xf0, 0xb0, 0xc0, 0x3f, 0x18,
    0x7, 0xff, 0x4, 0xee, 0xcf, 0xce, 0x1, 0xff,
    0xc1, 0x12, 0x0, 0xfd, 0x4, 0x1, 0xfe, 0x2a,
    0xc4, 0x0, 0xa3, 0x98, 0x3, 0xfe, 0xb1, 0x0,
    0xfe, 0xe0, 0xf, 0xc3, 0x3a, 0xa0, 0x1e, 0x19,
    0xd5, 0x0, 0xfc, 0xaa, 0x0, 0xff, 0x1b, 0x80,
    0x7a, 0x39, 0x80, 0x3f, 0xc5, 0x58, 0x80, 0x1c,
    0x36, 0x1, 0xff, 0xc0, 0x83, 0x0, 0x9b, 0x9c,
    0x3, 0xff, 0x84, 0x77, 0x63, 0x0, 0xac, 0x40,
    0x3f, 0xf8, 0x3c, 0xb, 0xb2, 0x20, 0x1f, 0xfc,
    0x54, 0xca, 0x25, 0x50, 0x7, 0xff, 0x8, 0xba,
    0x88, 0x3, 0xff, 0x92, 0xbb, 0x40, 0x1f, 0xfc,
    0x41, 0x0, 0xff, 0xff, 0x80, 0x7f, 0xf8, 0x6b,
    0xff, 0xff, 0x85, 0x40, 0x1f, 0xe4, 0xff, 0xff,
    0xe1, 0x88, 0x7, 0xff, 0xfc, 0x3, 0xff, 0xfe,
    0x1, 0xff, 0xff, 0x0, 0xff, 0xff, 0x80, 0x7f,
    0xff, 0xc0, 0x3f, 0xff, 0xe0, 0x1f, 0xff, 0xf0,
    0xf, 0xff, 0xf8, 0x7, 0xff, 0xfc, 0x3, 0xff,
    0xfe, 0x1, 0xff, 0xff, 0x0, 0xff, 0xff, 0x80,
    0x7f, 0xff, 0xc0, 0x3f, 0xfd, 0x82, 0x60, 0x1f,
    0xfc, 0x21, 0x0, 0xff, 0xe7, 0x88, 0x7, 0xff,
    0x9, 0x80, 0x3f, 0xc4, 0x1, 0xff, 0xc4, 0xf0,
    0xf, 0xfe, 0x11, 0x10, 0x3, 0xfb, 0x40, 0x3f,
    0xf8, 0x42, 0x4, 0x1, 0xff, 0xc3, 0x80, 0xf,
    0xc8, 0x80, 0xf, 0xfe, 0x12, 0x82, 0x0, 0x7f,
    0xf0, 0xd6, 0x0, 0x3c, 0x94, 0x1, 0xff, 0xc3,
    0x30, 0x11, 0x0, 0x7f, 0xf0, 0xdf, 0x61, 0x51,
    0xae, 0xc2, 0x1, 0xff, 0xc3, 0xc0, 0x3, 0x0,
    0x7f, 0xf1, 0x9, 0xea, 0xe5, 0x0, 0x3f, 0xf8,
    0x82, 0x80, 0xa, 0x0, 0xff, 0xed, 0x38, 0x4,
    0x4a, 0x1, 0xff, 0xd9, 0xb0, 0xd, 0x0, 0x1f,
    0xfd, 0x86, 0x20, 0xc, 0x50, 0x1, 0xff, 0xd6,
    0x18, 0x0, 0xf3, 0x98, 0x7, 0xff, 0x56, 0x84,
    0x3, 0xed, 0x20, 0xf, 0xfe, 0x9c, 0xa0, 0x7,
    0xe1, 0xc2, 0x0, 0xff, 0xe8, 0xcb, 0x0, 0x7f,
    0x87, 0x50, 0x3, 0xff, 0x9f, 0x6c, 0x1, 0xff,
    0xc1, 0xb9, 0x0, 0xff, 0xe6, 0x26, 0xa0, 0x7,
    0xff, 0xd, 0xb9, 0x80, 0x3f, 0xf9, 0x5, 0x56,
    0x40, 0x1f, 0xfc, 0x51, 0x9e, 0x82, 0x0, 0xff,
    0xe1, 0xad, 0xea, 0x80, 0x7f, 0xf2, 0x45, 0xf7,
    0xa5, 0x90, 0x84, 0x2, 0x13, 0x58, 0xbf, 0xa4,
    0x0, 0xff, 0xe0, 0x0,

    /* U+00FC "ü" */
    0x0, 0xf8, 0x63, 0x3b, 0xfa, 0xd8, 0x3, 0xff,
    0x80, 0x53, 0xbf, 0xee, 0xa4, 0x0, 0xff, 0xe1,
    0x37, 0x39, 0x88, 0xa, 0x4e, 0x98, 0x7, 0xf4,
    0xeb, 0x10, 0x0, 0x56, 0xf0, 0x40, 0x3f, 0xe7,
    0x90, 0xf, 0xc5, 0x86, 0x1, 0xf5, 0xb0, 0x7,
    0xe3, 0xf1, 0x0, 0xfe, 0x48, 0x0, 0xff, 0xb4,
    0x40, 0x39, 0xd0, 0x3, 0xfc, 0x3a, 0x1, 0xfd,
    0x20, 0x1f, 0xfc, 0x1, 0x90, 0xc, 0x30, 0x1,
    0xff, 0xc0, 0x35, 0x0, 0xf8, 0xc8, 0x3, 0xff,
    0x82, 0xc0, 0x19, 0x80, 0x3f, 0xf8, 0x5c, 0x1,
    0xf2, 0x0, 0x7f, 0xf0, 0x84, 0xc0, 0x2c, 0x0,
    0xff, 0xe1, 0x20, 0x7, 0xdc, 0x1, 0xff, 0xc3,
    0x70, 0x9, 0xc0, 0x3f, 0xf8, 0x62, 0x1, 0xe3,
    0x0, 0xff, 0xe1, 0x88, 0x4, 0x20, 0x1f, 0xfc,
    0xa2, 0x0, 0xff, 0xe1, 0xb0, 0x4, 0xc0, 0x1f,
    0xfc, 0x31, 0x0, 0xf6, 0x80, 0x7f, 0xf0, 0xcc,
    0x2, 0x30, 0xf, 0xfe, 0x11, 0x0, 0x7c, 0xa0,
    0x1f, 0xfc, 0x24, 0x0, 0xd6, 0x1, 0xff, 0xc2,
    0xa0, 0xf, 0xce, 0x1, 0xff, 0xc1, 0x80, 0xc,
    0x68, 0x1, 0xff, 0xc0, 0x16, 0x0, 0xfd, 0x6,
    0x1, 0xff, 0x41, 0x80, 0x75, 0x8, 0x7, 0xfd,
    0x42, 0x1, 0xfd, 0xa8, 0x1, 0xfd, 0xe, 0x1,
    0xe1, 0xc2, 0x0, 0xfe, 0xa4, 0x0, 0xff, 0xd,
    0xc9, 0x0, 0x72, 0x63, 0x80, 0x7e, 0x2d, 0x71,
    0x0, 0xe5, 0xd5, 0x0, 0xff, 0xe0, 0xb6, 0xf5,
    0xdb, 0x3e, 0xcc, 0x3, 0xfe, 0x8e, 0xdb, 0xb6,
    0x7d, 0x10, 0x7, 0xff, 0x10, 0x51, 0x6, 0x1,
    0xff, 0xc4, 0x24, 0x41, 0x80, 0x7f, 0xff, 0xc0,
    0x3f, 0xfe, 0x93, 0xdd, 0xff, 0xc2, 0x90, 0xf,
    0xf1, 0xf7, 0x7f, 0xf0, 0xc0, 0xc4, 0x7f, 0xf8,
    0x46, 0x1, 0xfe, 0x71, 0x1f, 0xfe, 0x20, 0x7,
    0xff, 0xfc, 0x3, 0xff, 0xfe, 0x1, 0xff, 0xff,
    0x0, 0xff, 0xff, 0x80, 0x7f, 0xff, 0xc0, 0x3f,
    0xff, 0xe0, 0x1f, 0xff, 0xf0, 0xf, 0xff, 0xf8,
    0x7, 0xff, 0xfc, 0x3, 0xff, 0xfe, 0x1, 0xff,
    0xff, 0x0, 0xff, 0xff, 0x80, 0x7f, 0xff, 0xc0,
    0x3f, 0xf8, 0x22, 0x1, 0xff, 0xc3, 0x10, 0xf,
    0xfe, 0x79, 0x80, 0x7f, 0xf0, 0x98, 0x3, 0xfc,
    0x40, 0x1f, 0xfc, 0x4e, 0x0, 0xff, 0xe1, 0x10,
    0x80, 0x7f, 0x68, 0x7, 0xff, 0x8, 0x40, 0x80,
    0x3f, 0xf8, 0x76, 0x1, 0xf9, 0x10, 0x1, 0xff,
    0xc2, 0x50, 0x70, 0xf, 0xfe, 0x1a, 0xc0, 0x7,
    0x92, 0x80, 0x3f, 0xf8, 0x66, 0x4, 0x20, 0x1f,
    0xfc, 0x37, 0xd8, 0x54, 0x6b, 0xb0, 0x80, 0x7f,
    0xf0, 0xf0, 0x0, 0xc0, 0x1f, 0xfc, 0x42, 0x7a,
    0xb9, 0x40, 0xf, 0xfe, 0x2a, 0x0, 0x28, 0x3,
    0xff, 0xb4, 0xc0, 0x11, 0x20, 0x7, 0xff, 0x66,
    0xc0, 0x34, 0x80, 0x7f, 0xf6, 0x18, 0x80, 0x31,
    0x38, 0x7, 0xff, 0x58, 0x60, 0x3, 0xd0, 0x60,
    0x1f, 0xfd, 0x5a, 0x10, 0xf, 0xb4, 0x80, 0x3f,
    0xfa, 0x72, 0x80, 0x1f, 0x87, 0x8, 0x3, 0xff,
    0xa3, 0xc, 0x1, 0xfe, 0x1c, 0x40, 0xf, 0xfe,
    0x7d, 0xb8, 0x7, 0xff, 0x0, 0x6e, 0x0, 0x3f,
    0xf9, 0x89, 0xa8, 0x1, 0xff, 0xc3, 0x7e, 0x60,
    0xf, 0xfe, 0x41, 0x55, 0x90, 0x7, 0xff, 0x14,
    0x67, 0xa0, 0x80, 0x3f, 0xf8, 0x6b, 0x7a, 0xa0,
    0x1f, 0xfc, 0x91, 0x7d, 0xe9, 0x64, 0x21, 0x0,
    0x84, 0xd6, 0x2f, 0xe9, 0x0, 0x3f, 0xf8, 0x0,

    /* U+00FD "ý" */
    0x0, 0xff, 0xe7, 0x88, 0x7, 0xff, 0x88, 0xb1,
    0x40, 0x3f, 0xfc, 0xb, 0xa5, 0x60, 0x1f, 0xfd,
    0xf8, 0xa0, 0x0, 0xc8, 0x7, 0xff, 0x76, 0xdc,
    0x3, 0x31, 0x80, 0x7f, 0xf6, 0x8b, 0x50, 0x3,
    0xde, 0x1, 0xff, 0xd9, 0x4c, 0x20, 0xf, 0x8d,
    0x80, 0x3f, 0xfa, 0xef, 0x62, 0x1, 0xfd, 0x2,
    0x1, 0xff, 0xd5, 0xa8, 0x0, 0xff, 0x86, 0xc0,
    0x3f, 0xfa, 0x63, 0x8a, 0x1, 0xff, 0xc1, 0x54,
    0x0, 0xff, 0xe8, 0x9f, 0x98, 0x7, 0xff, 0xe,
    0x40, 0x3f, 0xfa, 0xd, 0x82, 0x1, 0xff, 0xc4,
    0x27, 0x0, 0xff, 0xe7, 0x4c, 0x80, 0x3f, 0xf8,
    0xf2, 0x1, 0xff, 0xcd, 0x46, 0x0, 0xff, 0xe3,
    0x14, 0x70, 0x7, 0xff, 0x35, 0x10, 0x1, 0xff,
    0xc4, 0x3a, 0xd7, 0x0, 0xff, 0xe7, 0xc8, 0x7,
    0xff, 0x9, 0x73, 0xa, 0x1, 0xff, 0xd1, 0x26,
    0x0, 0xff, 0xb, 0xf5, 0x18, 0x7, 0xff, 0x52,
    0x4, 0x3, 0xe2, 0x9e, 0x81, 0x0, 0xff, 0xeb,
    0xc, 0x0, 0x72, 0x5e, 0xb0, 0x7, 0xff, 0x69,
    0x88, 0x0, 0xdb, 0x68, 0x1, 0xff, 0xdd, 0x98,
    0xe9, 0x20, 0xf, 0xfe, 0xfa, 0x38, 0x80, 0x7f,
    0xff, 0xc0, 0x3f, 0xfc, 0xc2, 0x3f, 0xfc, 0x40,
    0xf, 0xfe, 0x18, 0x8f, 0xff, 0x16, 0xfb, 0xbf,
    0xf8, 0x74, 0x1, 0xff, 0xc2, 0xfe, 0xef, 0xfe,
    0x1a, 0x70, 0x7, 0xff, 0xd, 0x0, 0x3f, 0xf8,
    0x28, 0x20, 0x1f, 0xfc, 0x21, 0x54, 0x20, 0xf,
    0xfe, 0x10, 0x98, 0x7, 0xff, 0x3, 0x0, 0x3f,
    0xf8, 0x6c, 0x0, 0xa0, 0xf, 0xfe, 0x1d, 0x80,
    0x7f, 0xf0, 0x14, 0x3, 0xff, 0x87, 0x40, 0x6,
    0x0, 0xff, 0xe1, 0xa8, 0x7, 0xfc, 0x44, 0x0,
    0xff, 0xe1, 0x21, 0x0, 0x5, 0x40, 0x3f, 0xf8,
    0x44, 0x40, 0xf, 0xf2, 0x80, 0x7f, 0xf0, 0xfc,
    0x3, 0x70, 0x7, 0xff, 0xd, 0x0, 0x3f, 0xd8,
    0x1, 0xff, 0xc2, 0x14, 0x0, 0xc8, 0x40, 0x1f,
    0xfc, 0x2d, 0x0, 0xfe, 0x14, 0x0, 0xff, 0xe1,
    0x48, 0x7, 0xa8, 0x3, 0xff, 0x84, 0x80, 0x1f,
    0xc8, 0x1, 0xff, 0xc3, 0x60, 0xf, 0x30, 0x7,
    0xff, 0xd, 0x40, 0x3f, 0x78, 0x7, 0xff, 0x9,
    0x44, 0x3, 0xc2, 0xa0, 0x1f, 0xfc, 0x2f, 0x0,
    0xfc, 0x80, 0x1f, 0xfc, 0x29, 0x0, 0xfd, 0x20,
    0x1f, 0xfc, 0x24, 0x0, 0xf8, 0xc4, 0x3, 0xff,
    0x82, 0x46, 0x1, 0xf8, 0xc8, 0x3, 0xff, 0x82,
    0x26, 0x1, 0xeb, 0x0, 0xff, 0xe1, 0x58, 0x7,
    0xfa, 0x80, 0x3f, 0xf8, 0x56, 0x1, 0xe5, 0x0,
    0xff, 0xe1, 0x30, 0x7, 0xf9, 0x80, 0x3f, 0xf8,
    0x4a, 0x1, 0xc4, 0x40, 0xf, 0xfe, 0xb, 0x0,
    0x7f, 0xc2, 0xa0, 0x1f, 0xfc, 0x12, 0x20, 0x6,
    0x50, 0xf, 0xfe, 0x15, 0x0, 0x7f, 0xf0, 0x24,
    0x3, 0xff, 0x84, 0x80, 0x1b, 0x0, 0x3f, 0xf8,
    0x26, 0x60, 0xf, 0xfe, 0x1, 0x90, 0x7, 0xff,
    0x7, 0x40, 0x32, 0x0, 0x7f, 0xf0, 0x64, 0x3,
    0xff, 0x85, 0x60, 0x1f, 0xfc, 0x14, 0x0, 0x94,
    0x3, 0xff, 0x82, 0x2a, 0x1, 0xff, 0xc2, 0x70,
    0xf, 0xfe, 0x12, 0x80, 0x3c, 0x3, 0xff, 0x82,
    0xc0, 0x1f, 0xfc, 0x31, 0x50, 0xf, 0xfe, 0xf,
    0x80, 0x10, 0x3, 0xff, 0x83, 0x40, 0x1f, 0xfc,
    0x49, 0x0, 0xff, 0xe0, 0xa0, 0x18, 0x80, 0x7f,
    0xf0, 0x10, 0x80, 0x3f, 0xf8, 0x86, 0x40, 0x1f,
    0xfc, 0x1, 0x3b, 0x0, 0xff, 0xe0, 0xf0, 0x7,
    0xff, 0x1a, 0xc0, 0x3f, 0xf8, 0x36, 0xa0, 0x1f,
    0xfc, 0x1, 0x50, 0xf, 0xfe, 0x33, 0x80, 0x7f,
    0xf0, 0x58, 0x80, 0x3f, 0xf8, 0x12, 0x1, 0xff,
    0xc7, 0x16, 0x0, 0xff, 0xe0, 0x8, 0x7, 0xff,
    0x5, 0x80, 0x3f, 0xf9, 0x14, 0x1, 0xff, 0xcd,
    0x51, 0x0, 0xff, 0xe4, 0x19, 0x0, 0x7f, 0xf3,
    0x38, 0x3, 0xff, 0x95, 0x60, 0x1f, 0xfc, 0xb2,
    0x40, 0xf, 0xfe, 0x53, 0x0, 0x7f, 0xf2, 0xec,
    0x3, 0xff, 0x98, 0xc0, 0x1f, 0xfc, 0xa7, 0x0,
    0xff, 0xe6, 0x50, 0x7, 0xff, 0x25, 0x84, 0x3,
    0xff, 0x98, 0x66, 0x0, 0xff, 0xe4, 0x50, 0x7,
    0xff, 0x3a, 0x80, 0x3f, 0xf8, 0xe6, 0x60, 0xf,
    0xfe, 0x73, 0x0, 0x7f, 0xf1, 0xe8, 0x3, 0xff,
    0xa0, 0xc0, 0x1f, 0xfc, 0x51, 0x60, 0xf, 0xfe,
    0x85, 0x0, 0x7f, 0xf1, 0x58, 0x3, 0xff, 0xa2,
    0x66, 0x0, 0xff, 0xe2, 0x50, 0x7, 0xff, 0x4a,
    0x80, 0x3f, 0xf8, 0x68, 0x40, 0x1f, 0xfd, 0x26,
    0x0, 0xff, 0xe1, 0xf0, 0x7, 0xff, 0x51, 0x40,
    0x3f, 0xf8, 0x22, 0xa0, 0x1f, 0xfd, 0x44, 0x0,
    0xff, 0xe0, 0xb0, 0x7, 0xff, 0x51, 0x84, 0x3,
    0xff, 0x83, 0x20, 0x1f, 0xfd, 0x4b, 0x0, 0xff,
    0xe0, 0xa8, 0x80, 0x7f, 0xf4, 0xd4, 0x80, 0x3f,
    0xf8, 0x3c, 0x1, 0xff, 0xd4, 0x90, 0xf, 0xfe,
    0x9, 0x20, 0x7, 0xff, 0x4c, 0xcc, 0x1, 0xff,
    0xc1, 0xa0, 0xf, 0xfe, 0xa4, 0x0, 0x7f, 0xf0,
    0x98, 0x3, 0xff, 0xa6, 0x48, 0x1, 0xff, 0xc1,
    0x51, 0x0, 0xff, 0xe9, 0xd8, 0x7, 0xff, 0xa,
    0x40, 0x3f, 0xfa, 0x62, 0xc0, 0x1f, 0xfc, 0x12,
    0x30, 0xf, 0xfe, 0x9c, 0x80, 0x7f, 0xf0, 0xac,
    0x3, 0xff, 0xa8, 0xc0, 0x1f, 0xfc, 0x26, 0x0,
    0xff, 0xe9, 0xb8, 0x80, 0x7f, 0xf0, 0x58, 0x3,
    0xff, 0xa9, 0x20, 0x1f, 0xfc, 0x2a, 0x0, 0xff,
    0xe9, 0xa8, 0x80, 0x7f, 0xf0, 0x4c, 0xc0, 0x1f,
    0xfd, 0x39, 0x0, 0xff, 0xe1, 0x48, 0x7, 0xff,
    0x4d, 0xc, 0x3, 0xff, 0x82, 0x2a, 0x1, 0xff,
    0xd3, 0xf0, 0xf, 0xfe, 0x13, 0x0, 0x7f, 0xf4,
    0xcd, 0x0, 0x3f, 0xf8, 0x54, 0x1, 0xff, 0xd3,
    0x90, 0xf, 0xfe, 0x12, 0x10, 0x7, 0xff, 0x30,

    /* U+00FE "þ" */
    0x8f, 0xff, 0xfe, 0x16, 0x0, 0x7f, 0xff, 0xc0,
    0x3f, 0xff, 0xe0, 0x1f, 0xff, 0xf0, 0xf, 0xff,
    0xf8, 0x7, 0xff, 0xfc, 0x3, 0xff, 0xfe, 0x1,
    0xff, 0xff, 0x0, 0xff, 0xff, 0x80, 0x7f, 0xff,
    0xc0, 0x3f, 0xff, 0xe0, 0x1f, 0xff, 0xf0, 0xf,
    0xff, 0xf8, 0x7, 0xff, 0xd8, 0xd9, 0xe6, 0x50,
    0xea, 0x40, 0x1f, 0xfd, 0x85, 0xbf, 0xc9, 0x86,
    0x63, 0xc5, 0x6f, 0xda, 0x80, 0x7f, 0xf4, 0xdf,
    0xa9, 0x0, 0x3f, 0xe4, 0xaf, 0x81, 0x0, 0xff,
    0xe7, 0x16, 0xc0, 0x80, 0x7f, 0xf1, 0x1f, 0x98,
    0x3, 0xff, 0x9a, 0x24, 0x1, 0xff, 0xc8, 0x9b,
    0x10, 0xf, 0xff, 0x12, 0x79, 0x0, 0x7f, 0xf8,
    0x87, 0x8, 0x3, 0xff, 0xc4, 0x38, 0x20, 0x1f,
    0xfe, 0x21, 0xd0, 0xf, 0xff, 0x19, 0xb8, 0x7,
    0xff, 0x8e, 0x8, 0x3, 0xff, 0xc7, 0x0, 0x1f,
    0xfe, 0x35, 0x10, 0xf, 0xff, 0x1c, 0x80, 0x7f,
    0xf2, 0x4a, 0x33, 0xbf, 0xad, 0x80, 0x3f, 0xf8,
    0xcc, 0x1, 0xff, 0xc8, 0x9d, 0x73, 0x10, 0x14,
    0x9e, 0x40, 0xf, 0xfe, 0x20, 0x98, 0x7, 0xff,
    0x1b, 0x18, 0x3, 0xf0, 0xda, 0x80, 0x7f, 0xf1,
    0x2c, 0x3, 0xff, 0x8b, 0x26, 0x1, 0xff, 0x51,
    0x80, 0x7f, 0xf0, 0xcc, 0x3, 0xff, 0x88, 0x4c,
    0x1, 0xff, 0xc1, 0xf0, 0xf, 0xfe, 0x1b, 0x0,
    0x7f, 0xf1, 0x2c, 0x3, 0xff, 0x84, 0x66, 0x0,
    0xff, 0xe1, 0x10, 0x7, 0xff, 0x11, 0x0, 0x3f,
    0xf8, 0x68, 0x1, 0xff, 0xc3, 0x10, 0xf, 0xfe,
    0x19, 0x0, 0x7f, 0xf0, 0xf4, 0x3, 0xff, 0x86,
    0x60, 0x1f, 0xfd, 0x31, 0x0, 0xff, 0xe1, 0x88,
    0x7, 0xff, 0x4c, 0x40, 0x3f, 0xf8, 0x62, 0x1,
    0xff, 0xc3, 0x10, 0xf, 0xfe, 0x19, 0x0, 0x7f,
    0xf0, 0xcc, 0x3, 0xff, 0x86, 0x80, 0x1f, 0xfc,
    0x3c, 0x0, 0xff, 0xe9, 0xf8, 0x7, 0xff, 0x8,
    0x50, 0x3, 0xff, 0x86, 0x20, 0x1f, 0xfc, 0x35,
    0x30, 0xf, 0xfe, 0xc, 0x0, 0x7f, 0xf0, 0xcc,
    0x3, 0xff, 0x8b, 0xc0, 0x1f, 0xfc, 0x5, 0x60,
    0xf, 0xfe, 0x1a, 0x80, 0x7f, 0xf1, 0x4b, 0x4,
    0x3, 0xf9, 0x68, 0x3, 0xff, 0x89, 0x80, 0x1f,
    0xfc, 0x63, 0xf7, 0x10, 0xe, 0x3a, 0xa0, 0x7,
    0xff, 0x15, 0x40, 0x3f, 0xf8, 0xe3, 0x1d, 0x95,
    0x4b, 0xec, 0x50, 0xf, 0xfe, 0x2a, 0x0, 0x7f,
    0xf2, 0xcd, 0x54, 0x82, 0x1, 0xff, 0xc7, 0xf0,
    0xf, 0xff, 0x11, 0x20, 0x7, 0xff, 0x8a, 0x0,
    0x3f, 0xfc, 0x48, 0xa0, 0x1f, 0xfe, 0x29, 0x0,
    0xff, 0xf1, 0x59, 0x0, 0x7f, 0xf8, 0x61, 0x0,
    0x3f, 0xfc, 0x30, 0xe0, 0x1f, 0xfe, 0x1a, 0x70,
    0xf, 0xff, 0x1, 0xea, 0x80, 0x7f, 0xf2, 0xdd,
    0xc0, 0x1f, 0xfc, 0x61, 0x9c, 0x20, 0xf, 0xfe,
    0x67, 0xc7, 0x38, 0x80, 0x7f, 0xf0, 0x4e, 0x79,
    0x80, 0x3f, 0xfa, 0x3, 0x1d, 0x90, 0xa4, 0x20,
    0x1, 0x24, 0x7a, 0xec, 0x60, 0xf, 0xfe, 0xa9,
    0xbd, 0x6f, 0x7f, 0xbb, 0x6e, 0x14, 0x40, 0x3f,
    0xff, 0xe0, 0x1f, 0xff, 0xf0, 0xf, 0xff, 0xf8,
    0x7, 0xff, 0xfc, 0x3, 0xff, 0xfe, 0x1, 0xff,
    0xff, 0x0, 0xff, 0xff, 0x80, 0x7f, 0xff, 0xc0,
    0x3f, 0xff, 0xe0, 0x1f, 0xff, 0xf0, 0xf, 0xfe,
    0xac, 0xe6, 0x7f, 0xf0, 0x98, 0x3, 0xff, 0xa8,

    /* U+00FF "ÿ" */
    0x0, 0xff, 0x1c, 0xef, 0xfb, 0x64, 0xc0, 0x3f,
    0xf8, 0xb, 0x5d, 0xfd, 0xb0, 0x40, 0x1f, 0xfc,
    0x7a, 0xc6, 0x20, 0x1, 0x36, 0x50, 0x7, 0xf1,
    0x65, 0x28, 0x80, 0x93, 0xec, 0x0, 0x7f, 0xf1,
    0x71, 0x40, 0x3f, 0x2e, 0x0, 0x7c, 0x58, 0x60,
    0x1f, 0x9e, 0x40, 0x3f, 0xf8, 0x74, 0x60, 0x1f,
    0xe3, 0x90, 0xf, 0x78, 0x80, 0x7f, 0x99, 0x80,
    0x1f, 0xfc, 0x13, 0x50, 0xf, 0xfe, 0x3, 0x10,
    0x6, 0x62, 0x0, 0xff, 0xe0, 0x40, 0x7, 0xff,
    0x6, 0x80, 0x3f, 0xf8, 0x56, 0x1, 0xa8, 0x3,
    0xff, 0x82, 0x2a, 0x1, 0xff, 0xc0, 0x40, 0xf,
    0xfe, 0x12, 0x0, 0x63, 0x0, 0xff, 0xe1, 0x78,
    0x7, 0xff, 0x0, 0x80, 0x3f, 0xf8, 0x44, 0x1,
    0x10, 0x7, 0xff, 0xc, 0x40, 0x3f, 0xfa, 0x62,
    0x1, 0xff, 0xc3, 0x70, 0xf, 0xfe, 0x0, 0x80,
    0x7f, 0xf0, 0x84, 0x2, 0x20, 0xf, 0xfe, 0x1b,
    0x0, 0x7f, 0xf0, 0x14, 0x3, 0xff, 0x84, 0x80,
    0x10, 0x88, 0x3, 0xff, 0x85, 0xa0, 0x1f, 0xfc,
    0xe, 0x0, 0xff, 0xe1, 0x78, 0x6, 0x70, 0xf,
    0xfe, 0x12, 0x80, 0x7f, 0xf0, 0x14, 0x80, 0x3f,
    0xf8, 0x4, 0xa0, 0x1a, 0x0, 0x3f, 0xf8, 0x2a,
    0x40, 0x1f, 0xfc, 0x1e, 0x0, 0xff, 0xe0, 0x78,
    0x7, 0xd, 0x0, 0x7f, 0xc5, 0x40, 0x1f, 0xfc,
    0x23, 0xc1, 0x0, 0xfc, 0x38, 0x40, 0x1e, 0x59,
    0x0, 0xfe, 0x2c, 0x0, 0xff, 0xe2, 0x1f, 0xb0,
    0x80, 0x61, 0x6f, 0x30, 0xf, 0xcd, 0xaa, 0x1,
    0xc3, 0x1a, 0x20, 0x1f, 0xfc, 0x51, 0x9e, 0xcb,
    0xb6, 0x74, 0x88, 0x7, 0xf8, 0xab, 0xf2, 0xed,
    0xbc, 0xe0, 0x1f, 0xfc, 0xa3, 0x44, 0x18, 0x7,
    0xff, 0x10, 0xd1, 0x4, 0x1, 0xff, 0xff, 0x0,
    0xff, 0xff, 0x80, 0x7a, 0xff, 0xff, 0xf8, 0x72,
    0x1, 0xff, 0xc2, 0xef, 0xff, 0xfe, 0x1b, 0x78,
    0x7, 0xff, 0xd, 0xc0, 0x3f, 0xf8, 0x26, 0x20,
    0x1f, 0xfc, 0x36, 0x41, 0x0, 0xff, 0xe1, 0x9,
    0x80, 0x7f, 0xf0, 0x2c, 0x3, 0xff, 0x86, 0xc0,
    0x6, 0x0, 0xff, 0xe1, 0xd8, 0x7, 0xff, 0x1,
    0x40, 0x3f, 0xf8, 0x76, 0x0, 0x90, 0xf, 0xfe,
    0x1a, 0x0, 0x7f, 0xc2, 0x40, 0x1f, 0xfc, 0x23,
    0x20, 0x0, 0xa0, 0x7, 0xff, 0x8, 0xc4, 0x3,
    0xfc, 0xe0, 0x1f, 0xfc, 0x39, 0x0, 0xde, 0x1,
    0xff, 0xc3, 0x70, 0xf, 0xf6, 0x80, 0x7f, 0xf0,
    0x85, 0x40, 0x32, 0x8, 0x7, 0xff, 0xb, 0x40,
    0x3f, 0xc8, 0x1, 0xff, 0xc2, 0x60, 0xf, 0x48,
    0x7, 0xff, 0x9, 0x0, 0x3f, 0x94, 0x3, 0xff,
    0x87, 0x40, 0x1e, 0x60, 0xf, 0xfe, 0x1a, 0x0,
    0x7e, 0xc0, 0xf, 0xfe, 0x12, 0x10, 0x7, 0x85,
    0x0, 0x3f, 0xf8, 0x5a, 0x1, 0xf9, 0xc0, 0x3f,
    0xf8, 0x5e, 0x1, 0xfb, 0xc0, 0x3f, 0xf8, 0x4e,
    0x1, 0xf1, 0x88, 0x7, 0xff, 0x4, 0x90, 0x3,
    0xf2, 0x8, 0x7, 0xff, 0x4, 0x4c, 0x3, 0xd6,
    0x1, 0xff, 0xc2, 0xa0, 0xf, 0xf4, 0x80, 0x7f,
    0xf0, 0x90, 0x3, 0xc8, 0x1, 0xff, 0xc2, 0x60,
    0xf, 0xf3, 0x0, 0x7f, 0xf0, 0xac, 0x3, 0x84,
    0xc0, 0x3f, 0xf8, 0x2a, 0x20, 0x1f, 0xe1, 0x50,
    0xf, 0xfe, 0x9, 0x88, 0x6, 0x70, 0xf, 0xfe,
    0x14, 0x80, 0x7f, 0xf0, 0x38, 0x3, 0xff, 0x84,
    0xe0, 0x1b, 0x40, 0x3f, 0xf8, 0x24, 0x60, 0x1f,
    0xfc, 0x4, 0x20, 0xf, 0xfe, 0xe, 0x80, 0x64,
    0x0, 0xff, 0xe0, 0xd8, 0x7, 0xff, 0xa, 0x80,
    0x3f, 0xf8, 0x28, 0x1, 0x20, 0x7, 0xff, 0x9,
    0x80, 0x3f, 0xf8, 0x4c, 0x1, 0xff, 0xc2, 0x40,
    0x6, 0x80, 0x7f, 0xf0, 0x58, 0x3, 0xff, 0x86,
    0x2a, 0x1, 0xff, 0xc1, 0xd0, 0x3, 0x80, 0x7f,
    0xf0, 0x6c, 0x3, 0xff, 0x89, 0xc0, 0x1f, 0xfc,
    0x17, 0x3, 0x10, 0xf, 0xfe, 0x1, 0x90, 0x7,
    0xff, 0x11, 0x8, 0x3, 0xff, 0x80, 0x27, 0x60,
    0x1f, 0xfc, 0x19, 0x0, 0xff, 0xe3, 0x50, 0x7,
    0xff, 0x5, 0x10, 0x1, 0xff, 0xc0, 0x15, 0x0,
    0xff, 0xe3, 0x30, 0x7, 0xff, 0x6, 0x8c, 0x3,
    0xff, 0x80, 0xc0, 0x1f, 0xfc, 0x71, 0x50, 0xf,
    0xfe, 0x1, 0x0, 0x7f, 0xf0, 0x68, 0x3, 0xff,
    0x91, 0xc0, 0x1f, 0xfc, 0xd4, 0x20, 0xf, 0xfe,
    0x42, 0x10, 0x7, 0xff, 0x33, 0xc0, 0x3f, 0xf9,
    0x54, 0x1, 0xff, 0xcb, 0x14, 0x0, 0xff, 0xe5,
    0x30, 0x7, 0xff, 0x2e, 0x40, 0x3f, 0xf9, 0x62,
    0xa0, 0x1f, 0xfc, 0xa6, 0x0, 0xff, 0xe6, 0x70,
    0x7, 0xff, 0x25, 0x44, 0x3, 0xff, 0x98, 0x84,
    0x1, 0xff, 0xc8, 0x90, 0xf, 0xfe, 0x75, 0x0,
    0x7f, 0xf1, 0xc8, 0xc0, 0x3f, 0xf9, 0xcc, 0x1,
    0xff, 0xc7, 0xb0, 0xf, 0xfe, 0x78, 0xa8, 0x7,
    0xff, 0x19, 0x80, 0x3f, 0xfa, 0x12, 0x1, 0xff,
    0xc5, 0x60, 0xf, 0xfe, 0x89, 0x90, 0x7, 0xff,
    0x12, 0x80, 0x3f, 0xfa, 0x54, 0x1, 0xff, 0xc3,
    0x33, 0x0, 0x7f, 0xf4, 0x98, 0x3, 0xff, 0x87,
    0x20, 0x1f, 0xfd, 0x31, 0x50, 0xf, 0xfe, 0x8,
    0xa8, 0x7, 0xff, 0x51, 0x0, 0x3f, 0xf8, 0x2c,
    0x1, 0xff, 0xd4, 0x51, 0x0, 0xff, 0xe0, 0xd0,
    0x7, 0xff, 0x52, 0x40, 0x3f, 0xf8, 0x28, 0x40,
    0x1f, 0xfd, 0x34, 0x30, 0xf, 0xfe, 0xf, 0x0,
    0x7f, 0xf5, 0x3c, 0x3, 0xff, 0x82, 0x2a, 0x1,
    0xff, 0xd3, 0x34, 0x0, 0xff, 0xe0, 0xb0, 0x7,
    0xff, 0x52, 0x40, 0x3f, 0xf8, 0x52, 0x1, 0xff,
    0xd3, 0x15, 0x0, 0xff, 0xe0, 0xa8, 0x80, 0x7f,
    0xf4, 0xe4, 0x3, 0xff, 0x85, 0xc0, 0x1f, 0xfd,
    0x31, 0x70, 0xf, 0xfe, 0x9, 0x20, 0x7, 0xff,
    0x4d, 0x80, 0x3f, 0xf8, 0x54, 0x1, 0xff, 0xd4,
    0x90, 0xf, 0xfe, 0x13, 0x0, 0x7f, 0xf4, 0xd8,
    0x40, 0x3f, 0xf8, 0x2a, 0x20, 0x1f, 0xfd, 0x3b,
    0x0, 0xff, 0xe1, 0x48, 0x7, 0xff, 0x4d, 0x8,
    0x3, 0xff, 0x82, 0x46, 0x1, 0xff, 0xd3, 0x80,
    0xf, 0xfe, 0x15, 0x80, 0x7f, 0xf4, 0xcc, 0xc0,
    0x1f, 0xfc, 0x26, 0x0, 0xff, 0xe9, 0xc8, 0x7,
    0xff, 0x9, 0x80, 0x3f, 0xfa, 0x64, 0xa0, 0x1f,
    0xfc, 0x2a, 0x0, 0xff, 0xe9, 0xd8, 0x7, 0xff,
    0x8, 0xcc, 0x1, 0xff, 0xd3, 0x8e, 0xef, 0xfe,
    0x16, 0x0, 0x7f, 0xf3, 0x40
};


/*---------------------
 *  GLYPH DESCRIPTION
 *--------------------*/

static const lv_font_fmt_txt_glyph_dsc_t glyph_dsc[] = {
    {.bitmap_index = 0, .adv_w = 0, .box_w = 0, .box_h = 0, .ofs_x = 0, .ofs_y = 0} /* id = 0 reserved */,
    {.bitmap_index = 0, .adv_w = 260, .box_w = 0, .box_h = 0, .ofs_x = 0, .ofs_y = 0},
    {.bitmap_index = 0, .adv_w = 418, .box_w = 18, .box_h = 65, .ofs_x = 4, .ofs_y = -1},
    {.bitmap_index = 309, .adv_w = 663, .box_w = 34, .box_h = 28, .ofs_x = 4, .ofs_y = 36},
    {.bitmap_index = 570, .adv_w = 948, .box_w = 55, .box_h = 63, .ofs_x = 2, .ofs_y = -1},
    {.bitmap_index = 1170, .adv_w = 863, .box_w = 49, .box_h = 80, .ofs_x = 2, .ofs_y = -9},
    {.bitmap_index = 1834, .adv_w = 983, .box_w = 57, .box_h = 64, .ofs_x = 2, .ofs_y = -1},
    {.bitmap_index = 2696, .adv_w = 987, .box_w = 60, .box_h = 64, .ofs_x = 2, .ofs_y = -1},
    {.bitmap_index = 3372, .adv_w = 358, .box_w = 15, .box_h = 28, .ofs_x = 4, .ofs_y = 36},
    {.bitmap_index = 3495, .adv_w = 444, .box_w = 25, .box_h = 79, .ofs_x = 2, .ofs_y = -12},
    {.bitmap_index = 3986, .adv_w = 444, .box_w = 26, .box_h = 79, .ofs_x = 0, .ofs_y = -12},
    {.bitmap_index = 4501, .adv_w = 689, .box_w = 39, .box_h = 40, .ofs_x = 2, .ofs_y = 26},
    {.bitmap_index = 4867, .adv_w = 804, .box_w = 43, .box_h = 44, .ofs_x = 4, .ofs_y = 7},
    {.bitmap_index = 4988, .adv_w = 404, .box_w = 18, .box_h = 32, .ofs_x = 4, .ofs_y = -15},
    {.bitmap_index = 5158, .adv_w = 652, .box_w = 33, .box_h = 14, .ofs_x = 4, .ofs_y = 16},
    {.bitmap_index = 5185, .adv_w = 428, .box_w = 19, .box_h = 18, .ofs_x = 4, .ofs_y = -1},
    {.bitmap_index = 5286, .adv_w = 529, .box_w = 34, .box_h = 73, .ofs_x = 0, .ofs_y = -5},
    {.bitmap_index = 5821, .adv_w = 945, .box_w = 55, .box_h = 64, .ofs_x = 2, .ofs_y = -1},
    {.bitmap_index = 6513, .adv_w = 549, .box_w = 28, .box_h = 63, .ofs_x = 1, .ofs_y = 0},
    {.bitmap_index = 6598, .adv_w = 811, .box_w = 48, .box_h = 64, .ofs_x = 1, .ofs_y = 0},
    {.bitmap_index = 7103, .adv_w = 801, .box_w = 48, .box_h = 64, .ofs_x = 0, .ofs_y = -1},
    {.bitmap_index = 7578, .adv_w = 863, .box_w = 52, .box_h = 63, .ofs_x = 1, .ofs_y = 0},
    {.bitmap_index = 7969, .adv_w = 800, .box_w = 48, .box_h = 64, .ofs_x = 0, .ofs_y = -1},
    {.bitmap_index = 8477, .adv_w = 815, .box_w = 49, .box_h = 63, .ofs_x = 1, .ofs_y = -1},
    {.bitmap_index = 9071, .adv_w = 746, .box_w = 45, .box_h = 63, .ofs_x = 1, .ofs_y = 0},
    {.bitmap_index = 9486, .adv_w = 801, .box_w = 46, .box_h = 64, .ofs_x = 2, .ofs_y = -1},
    {.bitmap_index = 10135, .adv_w = 815, .box_w = 49, .box_h = 64, .ofs_x = 1, .ofs_y = 0},
    {.bitmap_index = 10749, .adv_w = 422, .box_w = 18, .box_h = 43, .ofs_x = 4, .ofs_y = -1},
    {.bitmap_index = 10952, .adv_w = 403, .box_w = 19, .box_h = 57, .ofs_x = 3, .ofs_y = -15},
    {.bitmap_index = 11236, .adv_w = 804, .box_w = 43, .box_h = 45, .ofs_x = 4, .ofs_y = 7},
    {.bitmap_index = 11528, .adv_w = 804, .box_w = 43, .box_h = 34, .ofs_x = 4, .ofs_y = 12},
    {.bitmap_index = 11605, .adv_w = 804, .box_w = 43, .box_h = 45, .ofs_x = 4, .ofs_y = 7},
    {.bitmap_index = 11899, .adv_w = 698, .box_w = 41, .box_h = 66, .ofs_x = 1, .ofs_y = -1},
    {.bitmap_index = 12394, .adv_w = 1079, .box_w = 62, .box_h = 61, .ofs_x = 3, .ofs_y = -10},
    {.bitmap_index = 13202, .adv_w = 1045, .box_w = 65, .box_h = 63, .ofs_x = 0, .ofs_y = 0},
    {.bitmap_index = 13872, .adv_w = 915, .box_w = 50, .box_h = 62, .ofs_x = 5, .ofs_y = 0},
    {.bitmap_index = 14262, .adv_w = 974, .box_w = 58, .box_h = 65, .ofs_x = 2, .ofs_y = -1},
    {.bitmap_index = 14873, .adv_w = 1071, .box_w = 60, .box_h = 62, .ofs_x = 5, .ofs_y = 0},
    {.bitmap_index = 15309, .adv_w = 883, .box_w = 47, .box_h = 63, .ofs_x = 5, .ofs_y = 0},
    {.bitmap_index = 15466, .adv_w = 848, .box_w = 46, .box_h = 63, .ofs_x = 5, .ofs_y = -1},
    {.bitmap_index = 15620, .adv_w = 1114, .box_w = 66, .box_h = 65, .ofs_x = 2, .ofs_y = -1},
    {.bitmap_index = 16331, .adv_w = 1041, .box_w = 55, .box_h = 63, .ofs_x = 5, .ofs_y = 0},
    {.bitmap_index = 16509, .adv_w = 429, .box_w = 17, .box_h = 63, .ofs_x = 5, .ofs_y = 0},
    {.bitmap_index = 16561, .adv_w = 774, .box_w = 44, .box_h = 63, .ofs_x = 0, .ofs_y = -1},
    {.bitmap_index = 16844, .adv_w = 1015, .box_w = 58, .box_h = 63, .ofs_x = 5, .ofs_y = 0},
    {.bitmap_index = 17354, .adv_w = 798, .box_w = 44, .box_h = 63, .ofs_x = 5, .ofs_y = 0},
    {.bitmap_index = 17490, .adv_w = 1219, .box_w = 66, .box_h = 63, .ofs_x = 5, .ofs_y = 0},
    {.bitmap_index = 17930, .adv_w = 1053, .box_w = 56, .box_h = 63, .ofs_x = 5, .ofs_y = 0},
    {.bitmap_index = 18241, .adv_w = 1143, .box_w = 68, .box_h = 65, .ofs_x = 2, .ofs_y = -1},
    {.bitmap_index = 19019, .adv_w = 901, .box_w = 50, .box_h = 63, .ofs_x = 5, .ofs_y = -1},
    {.bitmap_index = 19341, .adv_w = 1153, .box_w = 71, .box_h = 70, .ofs_x = 2, .ofs_y = -6},
    {.bitmap_index = 20263, .adv_w = 934, .box_w = 53, .box_h = 62, .ofs_x = 5, .ofs_y = 0},
    {.bitmap_index = 20702, .adv_w = 839, .box_w = 50, .box_h = 64, .ofs_x = 0, .ofs_y = -1},
    {.bitmap_index = 21337, .adv_w = 914, .box_w = 55, .box_h = 63, .ofs_x = 1, .ofs_y = 0},
    {.bitmap_index = 21501, .adv_w = 997, .box_w = 54, .box_h = 63, .ofs_x = 4, .ofs_y = -1},
    {.bitmap_index = 21863, .adv_w = 1017, .box_w = 63, .box_h = 63, .ofs_x = 0, .ofs_y = 0},
    {.bitmap_index = 22594, .adv_w = 1425, .box_w = 87, .box_h = 63, .ofs_x = 1, .ofs_y = 0},
    {.bitmap_index = 23751, .adv_w = 1019, .box_w = 63, .box_h = 63, .ofs_x = 0, .ofs_y = 0},
    {.bitmap_index = 24509, .adv_w = 977, .box_w = 61, .box_h = 63, .ofs_x = 0, .ofs_y = 0},
    {.bitmap_index = 25010, .adv_w = 869, .box_w = 50, .box_h = 63, .ofs_x = 2, .ofs_y = 0},
    {.bitmap_index = 25387, .adv_w = 496, .box_w = 24, .box_h = 72, .ofs_x = 5, .ofs_y = -8},
    {.bitmap_index = 25477, .adv_w = 529, .box_w = 34, .box_h = 73, .ofs_x = 0, .ofs_y = -5},
    {.bitmap_index = 26007, .adv_w = 496, .box_w = 24, .box_h = 72, .ofs_x = 2, .ofs_y = -8},
    {.bitmap_index = 26095, .adv_w = 667, .box_w = 38, .box_h = 25, .ofs_x = 2, .ofs_y = 40},
    {.bitmap_index = 26323, .adv_w = 728, .box_w = 46, .box_h = 12, .ofs_x = 0, .ofs_y = -15},
    {.bitmap_index = 26352, .adv_w = 476, .box_w = 24, .box_h = 21, .ofs_x = 3, .ofs_y = 47},
    {.bitmap_index = 26489, .adv_w = 849, .box_w = 48, .box_h = 45, .ofs_x = 1, .ofs_y = -1},
    {.bitmap_index = 26860, .adv_w = 849, .box_w = 48, .box_h = 65, .ofs_x = 4, .ofs_y = -1},
    {.bitmap_index = 27264, .adv_w = 705, .box_w = 43, .box_h = 45, .ofs_x = 1, .ofs_y = -1},
    {.bitmap_index = 27668, .adv_w = 849, .box_w = 48, .box_h = 65, .ofs_x = 1, .ofs_y = -1},
    {.bitmap_index = 28073, .adv_w = 780, .box_w = 47, .box_h = 45, .ofs_x = 1, .ofs_y = -1},
    {.bitmap_index = 28501, .adv_w = 636, .box_w = 44, .box_h = 65, .ofs_x = 0, .ofs_y = 0},
    {.bitmap_index = 28795, .adv_w = 828, .box_w = 47, .box_h = 64, .ofs_x = 1, .ofs_y = -19},
    {.bitmap_index = 29357, .adv_w = 821, .box_w = 44, .box_h = 65, .ofs_x = 4, .ofs_y = -1},
    {.bitmap_index = 29601, .adv_w = 387, .box_w = 17, .box_h = 64, .ofs_x = 4, .ofs_y = 0},
    {.bitmap_index = 29738, .adv_w = 406, .box_w = 34, .box_h = 84, .ofs_x = -12, .ofs_y = -20},
    {.bitmap_index = 30084, .adv_w = 793, .box_w = 46, .box_h = 65, .ofs_x = 4, .ofs_y = -1},
    {.bitmap_index = 30467, .adv_w = 389, .box_w = 16, .box_h = 65, .ofs_x = 4, .ofs_y = -1},
    {.bitmap_index = 30519, .adv_w = 1238, .box_w = 70, .box_h = 44, .ofs_x = 4, .ofs_y = 0},
    {.bitmap_index = 30837, .adv_w = 821, .box_w = 44, .box_h = 44, .ofs_x = 4, .ofs_y = 0},
    {.bitmap_index = 31038, .adv_w = 819, .box_w = 49, .box_h = 45, .ofs_x = 1, .ofs_y = -1},
    {.bitmap_index = 31494, .adv_w = 849, .box_w = 48, .box_h = 62, .ofs_x = 4, .ofs_y = -18},
    {.bitmap_index = 31901, .adv_w = 849, .box_w = 48, .box_h = 62, .ofs_x = 1, .ofs_y = -18},
    {.bitmap_index = 32311, .adv_w = 638, .box_w = 36, .box_h = 44, .ofs_x = 4, .ofs_y = 0},
    {.bitmap_index = 32478, .adv_w = 663, .box_w = 41, .box_h = 46, .ofs_x = 0, .ofs_y = -1},
    {.bitmap_index = 32899, .adv_w = 577, .box_w = 36, .box_h = 61, .ofs_x = 0, .ofs_y = 0},
    {.bitmap_index = 33028, .adv_w = 774, .box_w = 43, .box_h = 44, .ofs_x = 3, .ofs_y = -1},
    {.bitmap_index = 33256, .adv_w = 774, .box_w = 50, .box_h = 43, .ofs_x = -1, .ofs_y = 0},
    {.bitmap_index = 33725, .adv_w = 1126, .box_w = 71, .box_h = 43, .ofs_x = 0, .ofs_y = 0},
    {.bitmap_index = 34438, .adv_w = 774, .box_w = 49, .box_h = 43, .ofs_x = 0, .ofs_y = 0},
    {.bitmap_index = 34899, .adv_w = 762, .box_w = 48, .box_h = 62, .ofs_x = 0, .ofs_y = -18},
    {.bitmap_index = 35503, .adv_w = 697, .box_w = 41, .box_h = 43, .ofs_x = 1, .ofs_y = 0},
    {.bitmap_index = 35733, .adv_w = 491, .box_w = 27, .box_h = 72, .ofs_x = 1, .ofs_y = -8},
    {.bitmap_index = 36127, .adv_w = 434, .box_w = 15, .box_h = 80, .ofs_x = 6, .ofs_y = -11},
    {.bitmap_index = 36186, .adv_w = 491, .box_w = 27, .box_h = 72, .ofs_x = 2, .ofs_y = -8},
    {.bitmap_index = 36591, .adv_w = 804, .box_w = 47, .box_h = 18, .ofs_x = 2, .ofs_y = 23},
    {.bitmap_index = 36788, .adv_w = 260, .box_w = 0, .box_h = 0, .ofs_x = 0, .ofs_y = 0},
    {.bitmap_index = 36788, .adv_w = 417, .box_w = 18, .box_h = 62, .ofs_x = 4, .ofs_y = -18},
    {.bitmap_index = 37084, .adv_w = 719, .box_w = 42, .box_h = 61, .ofs_x = 2, .ofs_y = 1},
    {.bitmap_index = 37505, .adv_w = 891, .box_w = 49, .box_h = 65, .ofs_x = 4, .ofs_y = -1},
    {.bitmap_index = 37847, .adv_w = 846, .box_w = 45, .box_h = 46, .ofs_x = 4, .ofs_y = 8},
    {.bitmap_index = 38295, .adv_w = 966, .box_w = 54, .box_h = 63, .ofs_x = 3, .ofs_y = 0},
    {.bitmap_index = 38762, .adv_w = 434, .box_w = 15, .box_h = 80, .ofs_x = 6, .ofs_y = -11},
    {.bitmap_index = 38836, .adv_w = 774, .box_w = 44, .box_h = 74, .ofs_x = 2, .ofs_y = -11},
    {.bitmap_index = 39536, .adv_w = 722, .box_w = 37, .box_h = 17, .ofs_x = 4, .ofs_y = 48},
    {.bitmap_index = 39726, .adv_w = 1132, .box_w = 65, .box_h = 65, .ofs_x = 3, .ofs_y = -1},
    {.bitmap_index = 40743, .adv_w = 513, .box_w = 30, .box_h = 28, .ofs_x = 0, .ofs_y = 35},
    {.bitmap_index = 40926, .adv_w = 742, .box_w = 44, .box_h = 32, .ofs_x = 1, .ofs_y = 6},
    {.bitmap_index = 41338, .adv_w = 804, .box_w = 43, .box_h = 27, .ofs_x = 4, .ofs_y = 14},
    {.bitmap_index = 41402, .adv_w = 760, .box_w = 41, .box_h = 40, .ofs_x = 3, .ofs_y = 23},
    {.bitmap_index = 41917, .adv_w = 659, .box_w = 35, .box_h = 11, .ofs_x = 3, .ofs_y = 51},
    {.bitmap_index = 41937, .adv_w = 559, .box_w = 31, .box_h = 30, .ofs_x = 2, .ofs_y = 34},
    {.bitmap_index = 42171, .adv_w = 804, .box_w = 43, .box_h = 45, .ofs_x = 4, .ofs_y = 7},
    {.bitmap_index = 42309, .adv_w = 477, .box_w = 27, .box_h = 33, .ofs_x = 1, .ofs_y = 31},
    {.bitmap_index = 42517, .adv_w = 466, .box_w = 27, .box_h = 32, .ofs_x = 0, .ofs_y = 30},
    {.bitmap_index = 42710, .adv_w = 476, .box_w = 24, .box_h = 21, .ofs_x = 3, .ofs_y = 47},
    {.bitmap_index = 42843, .adv_w = 848, .box_w = 43, .box_h = 61, .ofs_x = 6, .ofs_y = -17},
    {.bitmap_index = 43069, .adv_w = 1011, .box_w = 59, .box_h = 71, .ofs_x = 2, .ofs_y = -9},
    {.bitmap_index = 43417, .adv_w = 280, .box_w = 18, .box_h = 18, .ofs_x = 0, .ofs_y = 24},
    {.bitmap_index = 43514, .adv_w = 448, .box_w = 24, .box_h = 20, .ofs_x = 2, .ofs_y = -19},
    {.bitmap_index = 43653, .adv_w = 373, .box_w = 17, .box_h = 31, .ofs_x = 1, .ofs_y = 31},
    {.bitmap_index = 43686, .adv_w = 494, .box_w = 31, .box_h = 27, .ofs_x = 0, .ofs_y = 36},
    {.bitmap_index = 43907, .adv_w = 742, .box_w = 44, .box_h = 32, .ofs_x = 1, .ofs_y = 6},
    {.bitmap_index = 44318, .adv_w = 981, .box_w = 59, .box_h = 65, .ofs_x = 1, .ofs_y = -1},
    {.bitmap_index = 44930, .adv_w = 980, .box_w = 58, .box_h = 65, .ofs_x = 1, .ofs_y = -1},
    {.bitmap_index = 45602, .adv_w = 976, .box_w = 58, .box_h = 65, .ofs_x = 1, .ofs_y = -1},
    {.bitmap_index = 46369, .adv_w = 691, .box_w = 40, .box_h = 63, .ofs_x = 2, .ofs_y = -19},
    {.bitmap_index = 46854, .adv_w = 1045, .box_w = 65, .box_h = 88, .ofs_x = 0, .ofs_y = 0},
    {.bitmap_index = 47690, .adv_w = 1045, .box_w = 65, .box_h = 87, .ofs_x = 0, .ofs_y = 0},
    {.bitmap_index = 48525, .adv_w = 1045, .box_w = 65, .box_h = 85, .ofs_x = 0, .ofs_y = 0},
    {.bitmap_index = 49409, .adv_w = 1045, .box_w = 65, .box_h = 82, .ofs_x = 0, .ofs_y = 0},
    {.bitmap_index = 50274, .adv_w = 1045, .box_w = 65, .box_h = 84, .ofs_x = 0, .ofs_y = 0},
    {.bitmap_index = 51190, .adv_w = 1045, .box_w = 65, .box_h = 81, .ofs_x = 0, .ofs_y = 0},
    {.bitmap_index = 52034, .adv_w = 1408, .box_w = 85, .box_h = 63, .ofs_x = 0, .ofs_y = 0},
    {.bitmap_index = 52516, .adv_w = 974, .box_w = 58, .box_h = 83, .ofs_x = 2, .ofs_y = -19},
    {.bitmap_index = 53286, .adv_w = 883, .box_w = 47, .box_h = 87, .ofs_x = 5, .ofs_y = 0},
    {.bitmap_index = 53606, .adv_w = 883, .box_w = 47, .box_h = 87, .ofs_x = 5, .ofs_y = 0},
    {.bitmap_index = 53927, .adv_w = 883, .box_w = 47, .box_h = 85, .ofs_x = 5, .ofs_y = 0},
    {.bitmap_index = 54293, .adv_w = 883, .box_w = 47, .box_h = 84, .ofs_x = 5, .ofs_y = 0},
    {.bitmap_index = 54688, .adv_w = 429, .box_w = 24, .box_h = 87, .ofs_x = 0, .ofs_y = 0},
    {.bitmap_index = 54902, .adv_w = 429, .box_w = 23, .box_h = 87, .ofs_x = 2, .ofs_y = 0},
    {.bitmap_index = 55108, .adv_w = 429, .box_w = 35, .box_h = 85, .ofs_x = -4, .ofs_y = 0},
    {.bitmap_index = 55393, .adv_w = 429, .box_w = 37, .box_h = 84, .ofs_x = -5, .ofs_y = 0},
    {.bitmap_index = 55709, .adv_w = 1100, .box_w = 66, .box_h = 62, .ofs_x = 1, .ofs_y = 0},
    {.bitmap_index = 56162, .adv_w = 1053, .box_w = 56, .box_h = 82, .ofs_x = 5, .ofs_y = 0},
    {.bitmap_index = 56671, .adv_w = 1143, .box_w = 68, .box_h = 89, .ofs_x = 2, .ofs_y = -1},
    {.bitmap_index = 57614, .adv_w = 1143, .box_w = 68, .box_h = 88, .ofs_x = 2, .ofs_y = -1},
    {.bitmap_index = 58551, .adv_w = 1143, .box_w = 68, .box_h = 86, .ofs_x = 2, .ofs_y = -1},
    {.bitmap_index = 59537, .adv_w = 1143, .box_w = 68, .box_h = 83, .ofs_x = 2, .ofs_y = -1},
    {.bitmap_index = 60510, .adv_w = 1143, .box_w = 68, .box_h = 85, .ofs_x = 2, .ofs_y = -1},
    {.bitmap_index = 61526, .adv_w = 804, .box_w = 44, .box_h = 43, .ofs_x = 3, .ofs_y = 8},
    {.bitmap_index = 61985, .adv_w = 1143, .box_w = 69, .box_h = 69, .ofs_x = 1, .ofs_y = -3},
    {.bitmap_index = 62910, .adv_w = 997, .box_w = 54, .box_h = 88, .ofs_x = 4, .ofs_y = -1},
    {.bitmap_index = 63440, .adv_w = 997, .box_w = 54, .box_h = 88, .ofs_x = 4, .ofs_y = -1},
    {.bitmap_index = 63967, .adv_w = 997, .box_w = 54, .box_h = 86, .ofs_x = 4, .ofs_y = -1},
    {.bitmap_index = 64543, .adv_w = 997, .box_w = 54, .box_h = 85, .ofs_x = 4, .ofs_y = -1},
    {.bitmap_index = 65164, .adv_w = 977, .box_w = 61, .box_h = 87, .ofs_x = 0, .ofs_y = 0},
    {.bitmap_index = 65826, .adv_w = 901, .box_w = 50, .box_h = 63, .ofs_x = 5, .ofs_y = 0},
    {.bitmap_index = 66147, .adv_w = 842, .box_w = 48, .box_h = 66, .ofs_x = 4, .ofs_y = -2},
    {.bitmap_index = 66694, .adv_w = 849, .box_w = 48, .box_h = 69, .ofs_x = 1, .ofs_y = -1},
    {.bitmap_index = 67226, .adv_w = 849, .box_w = 48, .box_h = 68, .ofs_x = 1, .ofs_y = -1},
    {.bitmap_index = 67757, .adv_w = 849, .box_w = 48, .box_h = 67, .ofs_x = 1, .ofs_y = -1},
    {.bitmap_index = 68340, .adv_w = 849, .box_w = 48, .box_h = 64, .ofs_x = 1, .ofs_y = -1},
    {.bitmap_index = 68901, .adv_w = 849, .box_w = 48, .box_h = 65, .ofs_x = 1, .ofs_y = -1},
    {.bitmap_index = 69506, .adv_w = 849, .box_w = 48, .box_h = 71, .ofs_x = 1, .ofs_y = -1},
    {.bitmap_index = 70100, .adv_w = 1326, .box_w = 81, .box_h = 45, .ofs_x = 1, .ofs_y = -1},
    {.bitmap_index = 70739, .adv_w = 705, .box_w = 43, .box_h = 63, .ofs_x = 1, .ofs_y = -19},
    {.bitmap_index = 71296, .adv_w = 780, .box_w = 47, .box_h = 69, .ofs_x = 1, .ofs_y = -1},
    {.bitmap_index = 71884, .adv_w = 780, .box_w = 47, .box_h = 69, .ofs_x = 1, .ofs_y = -1},
    {.bitmap_index = 72470, .adv_w = 780, .box_w = 47, .box_h = 67, .ofs_x = 1, .ofs_y = -1},
    {.bitmap_index = 73108, .adv_w = 780, .box_w = 47, .box_h = 65, .ofs_x = 1, .ofs_y = -1},
    {.bitmap_index = 73762, .adv_w = 389, .box_w = 23, .box_h = 68, .ofs_x = -1, .ofs_y = 0},
    {.bitmap_index = 73954, .adv_w = 389, .box_w = 24, .box_h = 68, .ofs_x = 0, .ofs_y = 0},
    {.bitmap_index = 74149, .adv_w = 389, .box_w = 36, .box_h = 66, .ofs_x = -6, .ofs_y = 0},
    {.bitmap_index = 74418, .adv_w = 389, .box_w = 37, .box_h = 64, .ofs_x = -6, .ofs_y = 0},
    {.bitmap_index = 74705, .adv_w = 815, .box_w = 49, .box_h = 63, .ofs_x = 1, .ofs_y = -1},
    {.bitmap_index = 75357, .adv_w = 821, .box_w = 44, .box_h = 63, .ofs_x = 4, .ofs_y = 0},
    {.bitmap_index = 75741, .adv_w = 819, .box_w = 49, .box_h = 69, .ofs_x = 1, .ofs_y = -1},
    {.bitmap_index = 76358, .adv_w = 819, .box_w = 49, .box_h = 69, .ofs_x = 1, .ofs_y = -1},
    {.bitmap_index = 76972, .adv_w = 819, .box_w = 49, .box_h = 67, .ofs_x = 1, .ofs_y = -1},
    {.bitmap_index = 77640, .adv_w = 819, .box_w = 49, .box_h = 64, .ofs_x = 1, .ofs_y = -1},
    {.bitmap_index = 78289, .adv_w = 819, .box_w = 49, .box_h = 65, .ofs_x = 1, .ofs_y = -1},
    {.bitmap_index = 78977, .adv_w = 804, .box_w = 43, .box_h = 50, .ofs_x = 4, .ofs_y = 5},
    {.bitmap_index = 79260, .adv_w = 819, .box_w = 49, .box_h = 49, .ofs_x = 1, .ofs_y = -3},
    {.bitmap_index = 79814, .adv_w = 774, .box_w = 43, .box_h = 69, .ofs_x = 3, .ofs_y = -1},
    {.bitmap_index = 80208, .adv_w = 774, .box_w = 43, .box_h = 69, .ofs_x = 3, .ofs_y = -1},
    {.bitmap_index = 80598, .adv_w = 774, .box_w = 43, .box_h = 67, .ofs_x = 3, .ofs_y = -1},
    {.bitmap_index = 81034, .adv_w = 774, .box_w = 43, .box_h = 65, .ofs_x = 3, .ofs_y = -1},
    {.bitmap_index = 81498, .adv_w = 762, .box_w = 48, .box_h = 86, .ofs_x = 0, .ofs_y = -18},
    {.bitmap_index = 82266, .adv_w = 849, .box_w = 48, .box_h = 83, .ofs_x = 4, .ofs_y = -19},
    {.bitmap_index = 82714, .adv_w = 762, .box_w = 48, .box_h = 83, .ofs_x = 0, .ofs_y = -19}
};

/*---------------------
 *  CHARACTER MAPPING
 *--------------------*/



/*Collect the unicode lists and glyph_id offsets*/
static const lv_font_fmt_txt_cmap_t cmaps[] =
{
    {
        .range_start = 32, .range_length = 95, .glyph_id_start = 1,
        .unicode_list = NULL, .glyph_id_ofs_list = NULL, .list_length = 0, .type = LV_FONT_FMT_TXT_CMAP_FORMAT0_TINY
    },
    {
        .range_start = 160, .range_length = 13, .glyph_id_start = 96,
        .unicode_list = NULL, .glyph_id_ofs_list = NULL, .list_length = 0, .type = LV_FONT_FMT_TXT_CMAP_FORMAT0_TINY
    },
    {
        .range_start = 174, .range_length = 82, .glyph_id_start = 109,
        .unicode_list = NULL, .glyph_id_ofs_list = NULL, .list_length = 0, .type = LV_FONT_FMT_TXT_CMAP_FORMAT0_TINY
    }
};



/*--------------------
 *  ALL CUSTOM DATA
 *--------------------*/

#if LVGL_VERSION_MAJOR == 8
/*Store all the custom data of the font*/
static  lv_font_fmt_txt_glyph_cache_t cache;
#endif

#if LVGL_VERSION_MAJOR >= 8
static const lv_font_fmt_txt_dsc_t font_dsc = {
#else
static lv_font_fmt_txt_dsc_t font_dsc = {
#endif
    .glyph_bitmap = glyph_bitmap,
    .glyph_dsc = glyph_dsc,
    .cmaps = cmaps,
    .kern_dsc = NULL,
    .kern_scale = 0,
    .cmap_num = 3,
    .bpp = 4,
    .kern_classes = 0,
    .bitmap_format = 1,
#if LVGL_VERSION_MAJOR == 8
    .cache = &cache
#endif
};



/*-----------------
 *  PUBLIC FONT
 *----------------*/

/*Initialize a public general font descriptor*/
#if LVGL_VERSION_MAJOR >= 8
const lv_font_t fv_outfit_88 = {
#else
lv_font_t fv_outfit_88 = {
#endif
    .get_glyph_dsc = lv_font_get_glyph_dsc_fmt_txt,    /*Function pointer to get glyph's data*/
    .get_glyph_bitmap = lv_font_get_bitmap_fmt_txt,    /*Function pointer to get glyph's bitmap*/
    .line_height = 108,          /*The maximum line height required by the font*/
    .base_line = 20,             /*Baseline measured from the bottom of the line*/
#if !(LVGL_VERSION_MAJOR == 6 && LVGL_VERSION_MINOR == 0)
    .subpx = LV_FONT_SUBPX_NONE,
#endif
#if LV_VERSION_CHECK(7, 4, 0) || LVGL_VERSION_MAJOR >= 8
    .underline_position = -9,
    .underline_thickness = 4,
#endif
    .dsc = &font_dsc,          /*The custom font data. Will be accessed by `get_glyph_bitmap/dsc` */
#if LV_VERSION_CHECK(8, 2, 0) || LVGL_VERSION_MAJOR >= 9
    .fallback = NULL,
#endif
    .user_data = NULL,
};



#endif /*#if FV_OUTFIT_88*/

