/*******************************************************************************
 * Size: 64 px
 * Bpp: 4
 * Opts: --font ..\..\components\flightview_views\fonts\source_ttf\Outfit-Bold.ttf --range 0x20-0x7E,0xA0-0xFF --size 64 --format lvgl --bpp 4 --lv-font-name fv_outfit_64 --lv-include lvgl.h --no-kerning -o ..\..\components\flightview_views\fonts\fv_outfit_64.c
 ******************************************************************************/

#ifdef LV_LVGL_H_INCLUDE_SIMPLE
#include "lvgl.h"
#else
#include "lvgl.h"
#endif

#ifndef FV_OUTFIT_64
#define FV_OUTFIT_64 1
#endif

#if FV_OUTFIT_64

/*-----------------
 *    BITMAPS
 *----------------*/

/*Store the image of the glyphs*/
static LV_ATTRIBUTE_LARGE_CONST const uint8_t glyph_bitmap[] = {
    /* U+0020 " " */

    /* U+0021 "!" */
    0x3f, 0xff, 0xf2, 0x88, 0x7, 0xf8, 0x4c, 0x3,
    0xfc, 0xe2, 0x1, 0xfe, 0x10, 0xf, 0xf8, 0xc0,
    0x40, 0x3f, 0x84, 0x3, 0xff, 0x82, 0x60, 0x1f,
    0xf0, 0x80, 0x7e, 0x10, 0x3, 0x80, 0x7e, 0x30,
    0x0, 0x80, 0x7e, 0x10, 0x1, 0x80, 0x7e, 0x70,
    0x0, 0x80, 0x7e, 0x10, 0xf, 0xf8, 0xc0, 0x1e,
    0x1, 0xff, 0x8, 0x7, 0xe1, 0x0, 0x18, 0x7,
    0xef, 0x0, 0x8, 0x7, 0xe1, 0x0, 0x38, 0x7,
    0xe3, 0x0, 0xff, 0x84, 0x0, 0x20, 0x1f, 0x9c,
    0x0, 0x60, 0x1f, 0xf0, 0x80, 0x7e, 0x10, 0xf,
    0xf8, 0xc0, 0x21, 0x0, 0xf8, 0x40, 0x23, 0x0,
    0xff, 0xe3, 0x8, 0x6, 0x10, 0xf, 0x18, 0x6,
    0x70, 0xf, 0xf8, 0x40, 0x3c, 0x20, 0x1a, 0xf7,
    0x7e, 0x0, 0xc2, 0x45, 0xe1, 0x0, 0xff, 0xef,
    0x1a, 0xa8, 0xc0, 0x3c, 0x9b, 0x95, 0x4c, 0xd3,
    0x0, 0x92, 0xc8, 0x3, 0x16, 0x20, 0xd, 0x0,
    0x7e, 0xa1, 0x61, 0x0, 0xfc, 0x2d, 0x80, 0x1f,
    0xec, 0x70, 0xf, 0xf3, 0x38, 0x7, 0xf8, 0x70,
    0x3, 0xfc, 0x8c, 0x1, 0xfe, 0xa1, 0x90, 0xf,
    0xd2, 0x40, 0xd4, 0x20, 0x18, 0x69, 0x80, 0x25,
    0xeb, 0x88, 0x5f, 0x28, 0x0,

    /* U+0022 "\"" */
    0x9f, 0xff, 0xd8, 0x1, 0x4f, 0xff, 0xec, 0xe0,
    0xf, 0xce, 0x1, 0x70, 0x7, 0xe7, 0x10, 0xf,
    0xc4, 0x1, 0x8, 0x7, 0xe2, 0x20, 0x7, 0xe1,
    0x0, 0x88, 0x3, 0xf0, 0xb8, 0x7, 0xee, 0x0,
    0x9c, 0x3, 0xf7, 0x10, 0x7, 0xe3, 0x0, 0x88,
    0x3, 0xf1, 0x88, 0x7, 0xe6, 0x0, 0x84, 0x3,
    0xf3, 0x0, 0x80, 0x7c, 0x20, 0x18, 0x40, 0x3e,
    0x10, 0x30, 0xf, 0x88, 0x3, 0x18, 0x7, 0xc4,
    0xc, 0x1, 0xff, 0xc0, 0x60, 0xf, 0xe1, 0x0,
    0xf1, 0x0, 0x70, 0x80, 0x78, 0x80, 0x4, 0x1,
    0xe6, 0x0, 0xe2, 0x0, 0xf0, 0x80, 0x3c, 0x3,
    0xc2, 0x1, 0xde, 0x1, 0xe6, 0x0, 0x10, 0x7,
    0x88, 0x3, 0x88, 0x3, 0xc6, 0x0, 0x60, 0xf,
    0x78, 0x7, 0x8, 0x7, 0xb8, 0x0, 0x20, 0x1e,
    0x20, 0xe, 0x60, 0xf, 0x8, 0x0, 0x80, 0x3c,
    0x20, 0x1c, 0x60, 0x1e, 0x20, 0xf, 0xe6, 0x0,
    0xe1, 0x0, 0xf3, 0x80, 0x44, 0x1, 0xc6, 0x1,
    0xe1, 0x0, 0xe2, 0x0, 0xb3, 0xbb, 0x84, 0x3,
    0xdf, 0xdd, 0xc2, 0x0,

    /* U+0023 "#" */
    0x0, 0xff, 0x8e, 0x23, 0xe3, 0x0, 0xf4, 0x47,
    0xce, 0x1, 0xff, 0xc4, 0xa7, 0x7f, 0x98, 0x3,
    0x8d, 0xdf, 0xeb, 0x0, 0xff, 0xe2, 0x28, 0x7,
    0xce, 0x1, 0xcc, 0x1, 0xf3, 0x0, 0x7f, 0xf1,
    0x8, 0x3, 0xe2, 0x0, 0xed, 0x0, 0xfb, 0x40,
    0x3f, 0xf8, 0x62, 0x20, 0xf, 0x10, 0x7, 0x88,
    0x3, 0xe2, 0x0, 0xff, 0xe1, 0x90, 0x7, 0xcc,
    0x1, 0xe7, 0x0, 0xf9, 0xc0, 0x3f, 0xf8, 0x6a,
    0x1, 0xf1, 0x80, 0x78, 0x80, 0x3e, 0x20, 0xf,
    0xfe, 0x1f, 0x0, 0x7d, 0xc0, 0x1c, 0x40, 0x1f,
    0x10, 0x7, 0xff, 0x10, 0xc0, 0x3e, 0x50, 0xe,
    0x60, 0xf, 0x9c, 0x3, 0xff, 0x88, 0xc0, 0x1f,
    0x10, 0x7, 0x18, 0x7, 0xda, 0x1, 0xff, 0xc4,
    0x20, 0xf, 0x8, 0x80, 0x3b, 0x80, 0x3e, 0x20,
    0xf, 0xfe, 0x19, 0x0, 0x7c, 0x40, 0x1e, 0x50,
    0xf, 0x9c, 0x3, 0xff, 0x86, 0xe0, 0x1f, 0x28,
    0x7, 0x88, 0x3, 0xe2, 0x0, 0xfd, 0x3f, 0xfe,
    0xa0, 0xf, 0x9b, 0xff, 0xc2, 0x1, 0xf7, 0xff,
    0x88, 0x3, 0xff, 0xfe, 0x1, 0xff, 0xff, 0x0,
    0xff, 0xf1, 0x88, 0x7, 0xff, 0x5c, 0xc0, 0x11,
    0xff, 0xca, 0x1, 0xf5, 0xff, 0xf5, 0x80, 0x7c,
    0xbf, 0xff, 0x8, 0x7, 0xe7, 0x0, 0xf9, 0x40,
    0x38, 0xc0, 0x3e, 0x20, 0xf, 0xfe, 0x21, 0x0,
    0x78, 0x44, 0x1, 0xda, 0x1, 0xf6, 0x80, 0x7f,
    0xf0, 0xcc, 0x3, 0xe5, 0x0, 0xf3, 0x0, 0x7c,
    0xe0, 0x1f, 0xfc, 0x35, 0x0, 0xf8, 0xc0, 0x3c,
    0x60, 0x1f, 0x10, 0x7, 0xff, 0xf, 0xc0, 0x3e,
    0xe0, 0xe, 0x20, 0xf, 0x88, 0x3, 0xfb, 0x3f,
    0xfc, 0xc0, 0x1f, 0x4f, 0xff, 0x68, 0x7, 0xc5,
    0xff, 0xe0, 0xf, 0xff, 0xf8, 0x7, 0xff, 0xfc,
    0x3, 0xff, 0xfe, 0x1, 0xff, 0xc0, 0xcf, 0xfe,
    0x10, 0xf, 0xbf, 0xfd, 0x0, 0x1f, 0x3f, 0xff,
    0xc0, 0x1f, 0xc2, 0x1, 0xe1, 0x0, 0xf6, 0x80,
    0x7d, 0xa0, 0x1f, 0xfc, 0x33, 0x0, 0xf9, 0x40,
    0x3c, 0xe0, 0x1f, 0x38, 0x7, 0xff, 0xd, 0x40,
    0x3e, 0x30, 0xf, 0x10, 0x7, 0xc4, 0x1, 0xff,
    0xc3, 0xe0, 0xf, 0xb8, 0x3, 0x88, 0x3, 0xe2,
    0x0, 0xff, 0xe2, 0x18, 0x7, 0xca, 0x1, 0xcc,
    0x1, 0xf3, 0x80, 0x7f, 0xf1, 0x18, 0x3, 0xe2,
    0x0, 0xe3, 0x0, 0xf8, 0x80, 0x3f, 0xf8, 0x84,
    0x1, 0xe1, 0x10, 0x7, 0x68, 0x7, 0xda, 0x1,
    0xff, 0xc3, 0x30, 0xf, 0x94, 0x3, 0xcc, 0x1,
    0xf3, 0x80, 0x7f, 0xf0, 0xd8, 0x3, 0xe2, 0x0,
    0xf1, 0x80, 0x7c, 0x40, 0x1f, 0xfc, 0x3d, 0x0,
    0xfb, 0xc0, 0x38, 0x40, 0x3e, 0x20, 0xf, 0xfe,
    0x21, 0x0, 0x7c, 0x40, 0x1c, 0xa0, 0x1f, 0x38,
    0x7, 0xff, 0x11, 0xc0, 0x3e, 0x50, 0xe, 0x20,
    0xf, 0x88, 0x3, 0xff, 0x80,

    /* U+0024 "$" */
    0x0, 0xff, 0xe1, 0x9, 0x17, 0x84, 0x3, 0xff,
    0x9d, 0x3b, 0xbe, 0x60, 0xf, 0xff, 0xf8, 0x7,
    0xff, 0xfc, 0x3, 0xff, 0x8f, 0xe0, 0x1f, 0xfc,
    0xb2, 0x7b, 0x70, 0xf, 0x3f, 0xe3, 0x90, 0x7,
    0xff, 0x15, 0x2f, 0x61, 0x0, 0x3f, 0x8e, 0x37,
    0x14, 0x3, 0xff, 0x82, 0x35, 0x68, 0x1, 0xff,
    0xc3, 0x3a, 0xc2, 0x0, 0xff, 0x16, 0x28, 0x7,
    0xff, 0x1c, 0xf5, 0xc0, 0x3f, 0xe, 0x10, 0x7,
    0xff, 0x2a, 0x24, 0x3, 0xed, 0x10, 0xf, 0xfe,
    0x63, 0x50, 0x7, 0x39, 0x80, 0x7f, 0xf3, 0xb4,
    0x3, 0xa4, 0x3, 0xff, 0x9d, 0xe, 0x1, 0x98,
    0x40, 0x3f, 0x8e, 0x77, 0xfd, 0xd6, 0xc0, 0x1f,
    0x9d, 0xc0, 0x1d, 0x80, 0x1f, 0xcf, 0x8c, 0x40,
    0x1, 0x49, 0xe5, 0x0, 0xe7, 0x80, 0xf, 0x38,
    0x7, 0xe2, 0x80, 0xf, 0xc3, 0x54, 0x0, 0x9e,
    0x0, 0x3e, 0x20, 0xf, 0xc8, 0x1, 0xff, 0x2e,
    0x3, 0xc0, 0x7, 0xff, 0x48, 0xfa, 0x0, 0x3f,
    0xf8, 0xca, 0x1, 0xff, 0xc1, 0x10, 0xf, 0xfe,
    0x39, 0xb0, 0x7, 0xff, 0x2c, 0x80, 0x3f, 0xa6,
    0x0, 0x3f, 0xf9, 0x4c, 0x1, 0xfe, 0x7e, 0x70,
    0xf, 0xfe, 0x46, 0x80, 0x7f, 0xc3, 0x1f, 0x28,
    0x1, 0xff, 0xc5, 0x70, 0xf, 0xfe, 0x13, 0x5f,
    0x41, 0x0, 0x7f, 0xf0, 0x86, 0x0, 0x3f, 0xf8,
    0x62, 0xfb, 0x8a, 0x1, 0xff, 0xc1, 0x74, 0x0,
    0xff, 0xe2, 0x9d, 0x6a, 0x80, 0x7f, 0xf0, 0x28,
    0x80, 0x3f, 0xf8, 0xc5, 0x58, 0x40, 0x1f, 0xe1,
    0xc4, 0x0, 0xff, 0xe3, 0x9e, 0xa8, 0x7, 0xf8,
    0x6e, 0x0, 0x3f, 0xf9, 0x14, 0xa0, 0x1f, 0xf3,
    0xf3, 0x0, 0x7f, 0xf1, 0xe8, 0xc0, 0x3f, 0xe1,
    0x9e, 0x81, 0x0, 0xff, 0xe2, 0xf0, 0x7, 0xff,
    0x4, 0x5f, 0xad, 0x40, 0x3f, 0xf8, 0x64, 0xc0,
    0x1f, 0xfc, 0x34, 0xaf, 0x93, 0x0, 0xff, 0xe0,
    0xd8, 0x7, 0xff, 0x19, 0xb3, 0xa, 0x1, 0xff,
    0x11, 0x0, 0x3f, 0xf8, 0xe7, 0x56, 0x20, 0x1f,
    0xe7, 0x0, 0xff, 0xe4, 0xa6, 0x0, 0x7f, 0x88,
    0x3, 0xff, 0x94, 0x4e, 0x1, 0xfd, 0xe0, 0x1e,
    0x50, 0xf, 0xfe, 0x26, 0x0, 0x7f, 0xf0, 0xde,
    0xa8, 0x1, 0xff, 0xc3, 0x70, 0xf, 0xef, 0x0,
    0xcf, 0x0, 0xb6, 0x1, 0xff, 0xc2, 0x50, 0xf,
    0xe1, 0x0, 0x9e, 0x0, 0x24, 0xd2, 0x0, 0xff,
    0xe0, 0x58, 0x7, 0xf2, 0x80, 0x1a, 0x0, 0x38,
    0xb6, 0x44, 0x3, 0xf1, 0x61, 0x0, 0x7f, 0x18,
    0x34, 0x80, 0x7e, 0x6e, 0xc8, 0x54, 0x34, 0x7b,
    0xd3, 0x0, 0xfe, 0x40, 0x59, 0x0, 0xff, 0x8d,
    0xea, 0xf2, 0xe1, 0x0, 0x3f, 0xe8, 0x7, 0x10,
    0xf, 0xfe, 0x8a, 0x18, 0x16, 0x88, 0x7, 0xff,
    0x3c, 0x68, 0x2, 0x3c, 0x10, 0xf, 0xfe, 0x68,
    0xe8, 0x80, 0x62, 0xf4, 0x0, 0xff, 0xe5, 0x8e,
    0x18, 0x7, 0x86, 0xe4, 0x40, 0x3f, 0xf9, 0xd,
    0xc4, 0x1, 0xfc, 0xdd, 0x2, 0x1, 0xff, 0xc4,
    0x6d, 0x90, 0xf, 0xfe, 0xb, 0xf6, 0x3a, 0x8,
    0x7, 0xe2, 0x7b, 0xf9, 0x20, 0xf, 0xfe, 0x21,
    0xc5, 0xf7, 0xb0, 0x7, 0xaa, 0x10, 0x3, 0xff,
    0x98, 0x20, 0x1f, 0xff, 0xf0, 0xf, 0xff, 0xf8,
    0x7, 0x0,

    /* U+0025 "%" */
    0x0, 0xe1, 0x7c, 0xef, 0xf6, 0x41, 0x0, 0x7f,
    0xf0, 0xd5, 0x7f, 0x20, 0x7, 0x9f, 0xa0, 0xc4,
    0x0, 0x6f, 0xb2, 0x1, 0xff, 0xc1, 0x8a, 0xaf,
    0xc4, 0x1, 0xd5, 0x0, 0x1f, 0xcd, 0x82, 0x1,
    0xfe, 0x27, 0x0, 0xf8, 0x98, 0x3, 0x52, 0x80,
    0x7f, 0xc7, 0xa0, 0x1f, 0xe9, 0x0, 0xfd, 0x20,
    0x19, 0x94, 0x3, 0xff, 0x82, 0x72, 0x1, 0xf9,
    0x10, 0x1, 0xf2, 0xa0, 0x6, 0x80, 0xf, 0xfe,
    0x1b, 0x10, 0x7, 0xd2, 0x1, 0xfa, 0x0, 0x32,
    0x88, 0x7, 0x85, 0x4, 0x3, 0xeb, 0x0, 0xf3,
    0x90, 0x7, 0xce, 0x40, 0x1b, 0xc0, 0x3c, 0x7f,
    0x7c, 0xc0, 0x1e, 0x40, 0xe, 0x18, 0x0, 0xf8,
    0x60, 0x3, 0x98, 0x3, 0xdc, 0x20, 0x9, 0x10,
    0xe, 0x20, 0xe, 0x80, 0xf, 0xd6, 0x1, 0xe1,
    0x0, 0xf1, 0x0, 0x65, 0x0, 0xf0, 0x80, 0x46,
    0xc0, 0x1f, 0x1a, 0x80, 0x7f, 0xf1, 0x9c, 0x3,
    0xfd, 0xe0, 0x1f, 0xbc, 0x3, 0xe6, 0x0, 0xf2,
    0x0, 0x42, 0x60, 0x1e, 0x10, 0x2, 0x98, 0x7,
    0xcc, 0x60, 0x1f, 0x18, 0x7, 0xa9, 0x0, 0xf4,
    0x3, 0xc6, 0x1, 0x58, 0x7, 0xc3, 0x0, 0x1f,
    0xac, 0x3, 0xc3, 0x7f, 0x86, 0x1, 0xeb, 0x0,
    0x40, 0x80, 0x7d, 0x2, 0x1, 0xf8, 0xcc, 0x1,
    0xff, 0xc4, 0x60, 0x27, 0x0, 0xf8, 0x98, 0x3,
    0xfd, 0xc0, 0x1f, 0xfc, 0x3a, 0x10, 0x90, 0xf,
    0xd2, 0x1, 0xff, 0x15, 0x0, 0x7f, 0xf0, 0x59,
    0x41, 0x10, 0x1, 0xf2, 0xa0, 0x7, 0xff, 0x1,
    0x68, 0x3, 0xfe, 0x79, 0x0, 0x48, 0x7, 0xeb,
    0x0, 0xff, 0xe1, 0x2e, 0xa0, 0x7, 0xc5, 0x70,
    0x0, 0x72, 0x0, 0xf9, 0xc4, 0x3, 0xff, 0x86,
    0x57, 0xb0, 0xca, 0xa8, 0xcd, 0x40, 0x0, 0xc0,
    0x7, 0xc3, 0x0, 0x1f, 0xfc, 0x62, 0x79, 0xaa,
    0x39, 0x80, 0x6b, 0x0, 0xfd, 0x60, 0x1f, 0xfd,
    0x13, 0x50, 0xf, 0x8d, 0x40, 0x3f, 0xfa, 0x3e,
    0x1, 0xfb, 0x80, 0x3f, 0xfa, 0x2c, 0x60, 0x1f,
    0x31, 0x0, 0x7f, 0xf4, 0x60, 0x3, 0xe1, 0x80,
    0xf, 0xfe, 0x8c, 0x8, 0x7, 0xd0, 0x20, 0x1f,
    0xfd, 0x2, 0x70, 0xf, 0x89, 0x80, 0x3f, 0xfa,
    0x32, 0x1, 0xfa, 0x40, 0x3f, 0xfa, 0x28, 0x80,
    0xf, 0x95, 0x0, 0x32, 0x45, 0x52, 0x58, 0x40,
    0x3f, 0xf8, 0xd2, 0x1, 0xfa, 0xc0, 0x26, 0xeb,
    0x75, 0x53, 0x4f, 0x48, 0x80, 0x7f, 0xf0, 0xdc,
    0x80, 0x3e, 0x81, 0x0, 0x5c, 0x88, 0x7, 0xcd,
    0xe6, 0x1, 0xff, 0xc1, 0x18, 0x0, 0xf8, 0x5c,
    0x1, 0x88, 0x1, 0xfe, 0x1c, 0x30, 0xf, 0xfe,
    0x5, 0x80, 0x7e, 0xb0, 0x4, 0x98, 0x7, 0xff,
    0x7, 0x44, 0x3, 0xfc, 0x6a, 0x1, 0xf2, 0x28,
    0x1b, 0x0, 0x7f, 0xf0, 0x86, 0xc0, 0x3f, 0xde,
    0x1, 0xfa, 0x40, 0x10, 0x1, 0xff, 0xc4, 0x52,
    0x0, 0xfc, 0xc6, 0x1, 0xf3, 0x10, 0x1, 0x0,
    0x3c, 0xbb, 0xd2, 0x1, 0xf2, 0x80, 0x7e, 0x80,
    0xf, 0x86, 0x0, 0x4, 0x1, 0xe2, 0xa2, 0x16,
    0x80, 0xf, 0x68, 0x7, 0xd0, 0x20, 0x1f, 0x40,
    0x80, 0x18, 0x3, 0xc8, 0x1, 0x94, 0x3, 0xc2,
    0x1, 0xe2, 0x70, 0xf, 0x8d, 0x80, 0x27, 0x0,
    0xff, 0xe6, 0xc8, 0x7, 0xef, 0x0, 0xc2, 0x1,
    0xe7, 0x0, 0xd4, 0x1, 0xe2, 0x0, 0xe4, 0x40,
    0x7, 0xca, 0x60, 0x18, 0x84, 0x3, 0x87, 0x55,
    0x21, 0xc0, 0x3d, 0xe0, 0x1d, 0x20, 0x1f, 0xac,
    0x3, 0xce, 0x1, 0xe2, 0xab, 0x70, 0xf, 0x9c,
    0x3, 0x39, 0x0, 0x7d, 0x2, 0x1, 0xeb, 0x0,
    0xff, 0xe2, 0x30, 0x80, 0x43, 0x0, 0x1f, 0x13,
    0x80, 0x7c, 0x50, 0x1, 0xff, 0xc2, 0x29, 0x0,
    0xd6, 0x1, 0xfa, 0x0, 0x3f, 0x9d, 0x40, 0x3f,
    0xf8, 0x3e, 0x1, 0x8d, 0x40, 0x3e, 0x45, 0x0,
    0xff, 0x53, 0x80, 0x7f, 0x8b, 0x48, 0x3, 0x78,
    0x7, 0xe9, 0x0, 0xff, 0xe0, 0x45, 0x98, 0x7,
    0x86, 0x34, 0x80, 0x3b, 0x3f, 0xff, 0x10, 0x7,
    0xff, 0x5, 0x33, 0xaa, 0x21, 0x39, 0xce, 0x1,
    0xc0,

    /* U+0026 "&" */
    0x0, 0xff, 0xe1, 0x2d, 0x67, 0x7f, 0xbb, 0x25,
    0x84, 0x3, 0xff, 0xa2, 0x33, 0xf4, 0xa6, 0x20,
    0x1, 0x36, 0x9e, 0xa2, 0x0, 0xff, 0xe7, 0x2f,
    0xb0, 0x7, 0xff, 0x1, 0x75, 0xc0, 0x3f, 0xf9,
    0x91, 0x42, 0x1, 0xff, 0xc3, 0x8b, 0x0, 0xff,
    0xe5, 0x43, 0x80, 0x7f, 0xf1, 0x93, 0x0, 0x3f,
    0xf9, 0xa, 0xe0, 0x1f, 0xfc, 0x83, 0xb0, 0xf,
    0xfe, 0x30, 0xd8, 0x7, 0xff, 0x29, 0x8, 0x3,
    0xff, 0x8b, 0x22, 0x1, 0xff, 0xca, 0xb2, 0x0,
    0xff, 0xe2, 0xb0, 0x7, 0xff, 0x2a, 0xd0, 0x3,
    0xff, 0x8a, 0x82, 0x1, 0xfc, 0x77, 0xdb, 0x6a,
    0x1, 0xec, 0x40, 0xf, 0xfe, 0x36, 0x0, 0x7f,
    0x36, 0x20, 0x92, 0x55, 0x88, 0x0, 0x70, 0xc0,
    0x3f, 0xf8, 0xe4, 0x1, 0xf8, 0x64, 0x3, 0xc9,
    0x80, 0x38, 0x60, 0x1f, 0xfc, 0x81, 0x0, 0xfc,
    0x80, 0x1f, 0x8a, 0xf0, 0x80, 0x3f, 0xfb, 0x88,
    0x40, 0x1f, 0xfc, 0xa1, 0x0, 0xfc, 0xc0, 0x1f,
    0xfd, 0x52, 0x0, 0xfc, 0x64, 0x1, 0xff, 0xd4,
    0xc0, 0xf, 0xe9, 0x0, 0xff, 0xea, 0x20, 0x7,
    0xf2, 0x30, 0x7, 0xff, 0x51, 0x80, 0x3f, 0xa5,
    0x0, 0x3f, 0xfa, 0x76, 0x1, 0xfe, 0xb2, 0x0,
    0xff, 0xe9, 0x14, 0x0, 0x7f, 0xb0, 0x40, 0x3f,
    0xfa, 0x23, 0xa0, 0x1f, 0xe1, 0xd0, 0xf, 0xfe,
    0x82, 0x7a, 0x80, 0x7f, 0xc7, 0x60, 0x1f, 0xfc,
    0xe6, 0xb1, 0x0, 0xff, 0xe0, 0xa4, 0x80, 0x7f,
    0xf3, 0x16, 0x40, 0x3f, 0xf8, 0x8c, 0xe0, 0x1f,
    0xfc, 0xa2, 0xa0, 0xf, 0xfe, 0x34, 0x28, 0x7,
    0xff, 0x26, 0x40, 0x3f, 0xf9, 0x14, 0x60, 0x1f,
    0xfc, 0x73, 0x40, 0xf, 0xe8, 0x40, 0xf, 0xf6,
    0x90, 0x7, 0xff, 0x1a, 0x40, 0x3f, 0xa9, 0xec,
    0xc0, 0x3f, 0x87, 0xc4, 0x3, 0xff, 0x8a, 0xa0,
    0x1f, 0x99, 0x40, 0x1a, 0x40, 0x1f, 0xc5, 0xa0,
    0x1f, 0xfc, 0x43, 0x0, 0xfe, 0xb0, 0x8, 0x7c,
    0x40, 0x3f, 0x8e, 0x80, 0x3f, 0xf8, 0x6a, 0x1,
    0xf8, 0x48, 0x3, 0x16, 0x80, 0x7f, 0x96, 0x0,
    0x3f, 0xf8, 0x42, 0x1, 0xf8, 0xc0, 0x3c, 0x76,
    0x1, 0xfe, 0x76, 0x0, 0xff, 0xe9, 0x24, 0x80,
    0x7f, 0xa5, 0x0, 0x3f, 0xf8, 0x2, 0x1, 0xf8,
    0x80, 0x3f, 0x33, 0x80, 0x7f, 0xac, 0xc0, 0x3f,
    0xe3, 0x0, 0xfe, 0x60, 0xf, 0xd0, 0xc0, 0x1f,
    0xed, 0x10, 0xf, 0xf3, 0x80, 0x7f, 0x41, 0x0,
    0x7e, 0xb0, 0xf, 0xf0, 0xe0, 0x80, 0x7f, 0x10,
    0x80, 0x7e, 0x1c, 0x50, 0xf, 0x2e, 0x0, 0x7f,
    0xc5, 0x40, 0x1f, 0xe7, 0x0, 0xfe, 0x1a, 0xea,
    0x88, 0x57, 0x50, 0x80, 0x7f, 0xf0, 0x12, 0x80,
    0x3f, 0xac, 0x3, 0xfe, 0x15, 0x77, 0x28, 0x80,
    0x7f, 0xf0, 0xd6, 0x0, 0x3f, 0x12, 0x80, 0x7f,
    0xf5, 0x1d, 0x80, 0x3f, 0x58, 0x80, 0x7f, 0xf5,
    0x25, 0x0, 0x3e, 0x1a, 0x0, 0xff, 0xea, 0xd9,
    0x0, 0x7c, 0x96, 0x1, 0xff, 0xca, 0x40, 0xf,
    0xf6, 0x8, 0x7, 0xc9, 0x84, 0x1, 0xff, 0xc6,
    0x3c, 0xb5, 0x0, 0xfe, 0x1d, 0x0, 0xfc, 0x7a,
    0xe0, 0x1f, 0xfc, 0x32, 0xac, 0x30, 0xa4, 0x0,
    0xfe, 0x3b, 0x0, 0xfe, 0x8e, 0x83, 0x0, 0xfe,
    0x16, 0xbd, 0x50, 0xd, 0x64, 0x1, 0xfc, 0x92,
    0x1, 0xfc, 0x2f, 0x9f, 0x95, 0x11, 0x4d, 0xef,
    0x4a, 0x0, 0x7d, 0xbf, 0xff, 0xe9, 0x0,

    /* U+0027 "'" */
    0xbf, 0xff, 0xd4, 0x40, 0x1f, 0x8c, 0x40, 0x3f,
    0x77, 0x0, 0x3f, 0x9, 0x80, 0x7e, 0x26, 0x0,
    0xfc, 0xe2, 0x1, 0xf8, 0x88, 0x1, 0xf8, 0x40,
    0x3f, 0x8, 0x0, 0x80, 0x3c, 0x60, 0x1, 0x0,
    0xf3, 0x0, 0x18, 0x3, 0xc2, 0x0, 0x30, 0xf,
    0x10, 0x3, 0x80, 0x3d, 0xe0, 0x2, 0x0, 0xf1,
    0x0, 0x4, 0x3, 0xc2, 0x0, 0x60, 0xf, 0x30,
    0x0, 0xc0, 0x3c, 0x60, 0x1, 0x0, 0xf0, 0x80,
    0x5d, 0xde, 0x0, 0x0,

    /* U+0028 "(" */
    0x0, 0xff, 0x94, 0x3, 0xff, 0x87, 0x35, 0x40,
    0xf, 0xfe, 0xd, 0x30, 0x2d, 0x0, 0x7f, 0xd0,
    0xa0, 0x12, 0xd0, 0x7, 0xf2, 0xb8, 0x7, 0x2d,
    0x80, 0x7c, 0x54, 0x1, 0xf2, 0x48, 0x7, 0xb8,
    0x3, 0xf0, 0xd8, 0x7, 0x31, 0x80, 0x7e, 0xd2,
    0x0, 0xc3, 0x0, 0x1f, 0xa8, 0xc0, 0x3a, 0x44,
    0x3, 0xe5, 0x50, 0x7, 0x9c, 0x3, 0xe1, 0xa0,
    0xf, 0x38, 0x7, 0xe8, 0x0, 0xfa, 0x40, 0x3e,
    0x26, 0x0, 0xf2, 0x8, 0x7, 0xd6, 0x1, 0xf6,
    0x80, 0x7e, 0x60, 0xf, 0x9c, 0x3, 0xe6, 0x0,
    0xf9, 0x4, 0x3, 0xed, 0x0, 0xfb, 0x0, 0x3e,
    0x14, 0x0, 0xf9, 0x0, 0x3e, 0x40, 0xf, 0xc6,
    0x1, 0xf6, 0x0, 0x7c, 0x60, 0x1f, 0x94, 0x3,
    0xe6, 0x0, 0xfc, 0x60, 0x1f, 0x10, 0x7, 0xc2,
    0x1, 0xfb, 0x40, 0x3e, 0x20, 0xf, 0xcc, 0x1,
    0xf3, 0x0, 0x7e, 0x10, 0xf, 0x88, 0x3, 0xff,
    0x9a, 0x60, 0x1f, 0x78, 0x7, 0xe1, 0x0, 0xff,
    0xe2, 0x8, 0x7, 0xff, 0x54, 0xc0, 0x3e, 0xf0,
    0xf, 0xc2, 0x1, 0xf0, 0x80, 0x7e, 0x70, 0xf,
    0x88, 0x3, 0xf1, 0x0, 0x7c, 0xc0, 0x1f, 0xb8,
    0x3, 0xe3, 0x0, 0xfc, 0x60, 0x1f, 0x8, 0x80,
    0x3e, 0x60, 0xf, 0xca, 0x1, 0xf1, 0x8, 0x7,
    0xd8, 0x1, 0xf9, 0x0, 0x3e, 0x40, 0xf, 0xda,
    0x1, 0xf1, 0x88, 0x7, 0xca, 0x1, 0xf9, 0xc0,
    0x3e, 0x22, 0x0, 0x7d, 0xa0, 0x1f, 0xa8, 0x3,
    0xe4, 0x20, 0xf, 0x94, 0x3, 0xf5, 0x80, 0x7c,
    0x48, 0x1, 0xf3, 0x8, 0x7, 0xde, 0x1, 0xfa,
    0xc0, 0x3e, 0x42, 0x0, 0xf9, 0x4c, 0x3, 0xe8,
    0x0, 0xfd, 0xc0, 0x1f, 0x29, 0x80, 0x7c, 0x52,
    0x1, 0xf7, 0x0, 0x7e, 0x67, 0x0, 0xf1, 0x38,
    0x7, 0xe8, 0x60, 0xf, 0x41, 0x80, 0x7f, 0xf1,
    0x34, 0x40, 0x3d, 0x4c, 0x1, 0xf0, 0xe8, 0x7,
    0x52, 0x80, 0x7f, 0x1d, 0x80, 0x56, 0xa0, 0x1f,
    0xf2, 0x60, 0xda, 0x0, 0x7f, 0xf0, 0x4f, 0x90,
    0x3, 0x0,

    /* U+0029 ")" */
    0x0, 0xf2, 0x80, 0x7f, 0xf1, 0x32, 0x9c, 0x3,
    0xff, 0x85, 0x86, 0x10, 0xe0, 0x1f, 0xf0, 0xe1,
    0x80, 0x50, 0xa0, 0x1f, 0xc3, 0x86, 0x1, 0xd4,
    0x40, 0x1f, 0xb4, 0x80, 0x3e, 0xf0, 0xf, 0xd0,
    0x1, 0xf8, 0xa4, 0x3, 0xe4, 0xa0, 0xf, 0xcc,
    0x60, 0x1f, 0x2b, 0x80, 0x7e, 0xf0, 0xf, 0xd0,
    0x60, 0x1f, 0x1a, 0x80, 0x7e, 0xf0, 0xf, 0xd2,
    0x1, 0xf8, 0xd8, 0x3, 0xe3, 0x30, 0x7, 0xe8,
    0x0, 0xfd, 0x0, 0x1f, 0x85, 0x80, 0x3e, 0x41,
    0x0, 0xfd, 0x40, 0x1f, 0x9c, 0x3, 0xf1, 0x98,
    0x3, 0xea, 0x0, 0xfe, 0xb0, 0xf, 0x8c, 0x40,
    0x3f, 0x28, 0x7, 0xe4, 0x0, 0xfc, 0x44, 0x0,
    0xfb, 0x0, 0x3f, 0x90, 0x3, 0xe4, 0x0, 0xfe,
    0xf0, 0xf, 0x88, 0x3, 0xf9, 0x40, 0x3f, 0x10,
    0x7, 0xe3, 0x0, 0xfc, 0xe0, 0x1f, 0xc2, 0x1,
    0xf1, 0x0, 0x7f, 0x18, 0x7, 0xdc, 0x1, 0xfc,
    0xc0, 0x1f, 0x18, 0x7, 0xf0, 0x80, 0x7c, 0x20,
    0x1f, 0xfc, 0xf3, 0x0, 0xf9, 0xc0, 0x3f, 0xf9,
    0xe6, 0x1, 0xf3, 0x80, 0x7f, 0x8, 0x7, 0xc2,
    0x1, 0xff, 0xcf, 0x60, 0xf, 0x88, 0x3, 0xf8,
    0x80, 0x3e, 0xe0, 0xf, 0xc2, 0x1, 0xf8, 0x80,
    0x3f, 0x28, 0x7, 0xe6, 0x0, 0xfc, 0x60, 0x1f,
    0x88, 0x3, 0xf6, 0x0, 0x7c, 0x80, 0x1f, 0xca,
    0x1, 0xf6, 0x0, 0x7e, 0x41, 0x0, 0xf9, 0x0,
    0x3f, 0x68, 0x7, 0xe3, 0x0, 0xfc, 0xe0, 0x1f,
    0x28, 0x7, 0xe5, 0x10, 0xf, 0xb8, 0x3, 0xf4,
    0x80, 0x7c, 0x28, 0x1, 0xf2, 0x18, 0x7, 0xcc,
    0x1, 0xfa, 0x40, 0x3f, 0x48, 0x7, 0xcc, 0x40,
    0x1f, 0x30, 0x80, 0x78, 0xa4, 0x3, 0xf5, 0x80,
    0x7d, 0xc0, 0x1f, 0x9c, 0x80, 0x3d, 0x46, 0x1,
    0xf0, 0xc0, 0x7, 0xa1, 0x40, 0x3f, 0x58, 0x7,
    0xff, 0x11, 0x94, 0x3, 0xe8, 0x70, 0xf, 0x1c,
    0x80, 0x7f, 0x44, 0x0, 0x30, 0xe8, 0x7, 0xfc,
    0xf2, 0x0, 0x1c, 0x10, 0xf, 0xfe, 0x3, 0x49,
    0x61, 0x0, 0x7f, 0xf0, 0x9b, 0x48, 0x3, 0xfc,

    /* U+002A "*" */
    0x0, 0xff, 0xe1, 0x9b, 0x0, 0x7f, 0xf3, 0x66,
    0x5a, 0xa0, 0x1f, 0xfc, 0x29, 0xb0, 0xf, 0x90,
    0xa, 0xb5, 0x40, 0x3f, 0xe8, 0x64, 0x60, 0xe,
    0x41, 0x0, 0x8a, 0xb1, 0x0, 0x3f, 0x43, 0x80,
    0x24, 0x80, 0x36, 0x80, 0x78, 0xc8, 0x3, 0xe8,
    0x70, 0xd, 0xc0, 0x19, 0xc0, 0x3c, 0x8c, 0x1,
    0xe8, 0x70, 0xe, 0x38, 0x0, 0x20, 0x80, 0x70,
    0xd0, 0x7, 0x89, 0xc0, 0x3e, 0x74, 0xd, 0x0,
    0xf5, 0x8, 0x7, 0x8b, 0x48, 0x3, 0xea, 0x17,
    0x0, 0xe6, 0x40, 0xf, 0xc5, 0xac, 0x1, 0xe1,
    0xc1, 0x0, 0xc5, 0x20, 0x1f, 0xf4, 0xd0, 0x7,
    0x88, 0x3, 0xb8, 0x3, 0xff, 0x82, 0xba, 0x60,
    0x1f, 0xd0, 0x60, 0x1f, 0xfc, 0x22, 0xc6, 0x0,
    0xfd, 0x1f, 0xff, 0xb8, 0x3, 0xe5, 0x30, 0xf,
    0xfe, 0x2a, 0x80, 0x64, 0xaf, 0xa5, 0x0, 0xff,
    0xe2, 0x90, 0x24, 0xf5, 0xa8, 0x7, 0xff, 0x23,
    0xee, 0xcc, 0x20, 0x1f, 0xfc, 0x1, 0x0, 0xfe,
    0x2f, 0x0, 0xff, 0x10, 0x6, 0x4e, 0x83, 0x0,
    0xf2, 0xa1, 0x80, 0x7c, 0x37, 0x40, 0x19, 0x45,
    0xf3, 0xa0, 0xc0, 0x2, 0x20, 0x80, 0xf, 0x27,
    0xa0, 0x7, 0x90, 0x0, 0x2f, 0x9d, 0xe, 0x0,
    0x43, 0x0, 0xd1, 0x62, 0x1, 0xf6, 0x80, 0x70,
    0xbc, 0x80, 0x50, 0x0, 0x2c, 0x70, 0xf, 0xe7,
    0x0, 0xff, 0x90, 0xd7, 0x4c, 0x3, 0xfc, 0x26,
    0x1, 0xff, 0x6d, 0x0, 0x7f, 0xf0, 0x6c, 0x3,
    0xfe, 0x10, 0xf, 0xfe, 0x12, 0x80, 0x7f, 0xf3,
    0x88, 0x80, 0x1f, 0xfc, 0xb2, 0x57, 0x0, 0xff,
    0xe3, 0x9c, 0x56, 0xfe, 0xd4, 0x10, 0x7, 0xc0,

    /* U+002B "+" */
    0x0, 0xff, 0x95, 0x7f, 0x8, 0x7, 0xff, 0x20,
    0x6a, 0xbf, 0x10, 0x7, 0xff, 0xfc, 0x3, 0xff,
    0xfe, 0x1, 0xff, 0xff, 0x0, 0xff, 0xff, 0x80,
    0x7f, 0xb7, 0xff, 0xfb, 0x80, 0x3f, 0x67, 0xff,
    0xf7, 0x0, 0x7f, 0xff, 0xc0, 0x3f, 0xff, 0xe0,
    0x1f, 0xff, 0xf, 0xdd, 0xfe, 0xb0, 0xf, 0xd5,
    0xbb, 0xfd, 0x84, 0x5f, 0xe5, 0x0, 0xfc, 0xc4,
    0x5f, 0xe0, 0xf, 0xff, 0xf8, 0x7, 0xff, 0xfc,
    0x3, 0xff, 0xfe, 0x1, 0xff, 0xff,

    /* U+002C "," */
    0x0, 0x8e, 0xbb, 0xf6, 0x44, 0x3, 0x9f, 0x14,
    0x40, 0x9b, 0xd0, 0x2, 0x58, 0x0, 0xf0, 0xd9,
    0x0, 0x2c, 0x3, 0xfa, 0x41, 0x4, 0x3, 0xf9,
    0x4, 0x80, 0x3f, 0xe2, 0x10, 0xf, 0xf9, 0xc8,
    0x3, 0xfe, 0x65, 0x10, 0xf, 0xe1, 0x20, 0xb0,
    0xf, 0xe6, 0x0, 0x2c, 0x80, 0x7e, 0xa0, 0x9,
    0xb8, 0x80, 0x39, 0x48, 0x3, 0x19, 0x0, 0x74,
    0x0, 0x74, 0x0, 0x73, 0x10, 0x6, 0x35, 0x0,
    0xe8, 0x0, 0xe8, 0x0, 0xe8, 0x10, 0xc, 0x88,
    0x0, 0xc2, 0xe0, 0x1d, 0x0, 0x1d, 0x0, 0x1c,
    0xa6, 0x1, 0x89, 0x80, 0x39, 0x5c, 0x3, 0x48,
    0x7, 0xd1, 0xcc, 0x6, 0x80, 0x1f, 0x86, 0x73,
    0x80, 0x3e,

    /* U+002D "-" */
    0x5a, 0xaf, 0xfe, 0x50, 0xea, 0xaf, 0xff, 0x28,
    0x3, 0xff, 0xfe, 0x1, 0xff, 0xff, 0x0, 0xff,
    0xe3, 0x80,

    /* U+002E "." */
    0x0, 0xe4, 0x65, 0x10, 0xf, 0xa3, 0xee, 0x6b,
    0xa4, 0x3, 0xa9, 0xc0, 0x39, 0xb0, 0x2, 0x65,
    0x0, 0xf8, 0xe4, 0x1, 0x60, 0x1f, 0xcc, 0x22,
    0x20, 0xf, 0xf2, 0x90, 0x7, 0xfc, 0x42, 0x1,
    0xff, 0x19, 0x8, 0x7, 0xf9, 0x1, 0x80, 0x3f,
    0x94, 0x42, 0xc, 0x3, 0xe1, 0xb0, 0xb, 0x14,
    0x3, 0x93, 0xc4, 0x3, 0x56, 0xcc, 0x4e, 0xd8,
    0x80, 0x0,

    /* U+002F "/" */
    0x0, 0xff, 0xe1, 0xa7, 0xff, 0xe3, 0x0, 0xff,
    0xe1, 0xe8, 0x7, 0xc2, 0x60, 0x1f, 0xfc, 0x37,
    0x0, 0xf9, 0x0, 0x3f, 0xf8, 0x64, 0x20, 0x1f,
    0x78, 0x7, 0xff, 0xd, 0x40, 0x3f, 0x28, 0x7,
    0xff, 0xe, 0xc0, 0x3e, 0x40, 0xf, 0xfe, 0x18,
    0x98, 0x7, 0xda, 0x1, 0xff, 0xc3, 0x70, 0xf,
    0xc8, 0x1, 0xff, 0xc3, 0xd0, 0xf, 0x88, 0x80,
    0x1f, 0xfc, 0x34, 0x0, 0xf9, 0x40, 0x3f, 0xf8,
    0x68, 0x1, 0xfa, 0xc0, 0x3f, 0xf8, 0x7a, 0x1,
    0xf0, 0x98, 0x7, 0xff, 0xd, 0xc0, 0x3e, 0x70,
    0xf, 0xfe, 0x19, 0x88, 0x7, 0xd8, 0x1, 0xff,
    0xc3, 0xb0, 0xf, 0xca, 0x1, 0xff, 0xc3, 0x40,
    0xf, 0x90, 0x3, 0xff, 0x86, 0x26, 0x1, 0xf6,
    0x80, 0x7f, 0xf0, 0xdc, 0x3, 0xf3, 0x80, 0x7f,
    0xf0, 0xf4, 0x3, 0xe3, 0x10, 0xf, 0xfe, 0x1a,
    0x0, 0x7c, 0x80, 0x1f, 0xfc, 0x34, 0x0, 0xfd,
    0x60, 0x1f, 0xfc, 0x3d, 0x0, 0xf8, 0x4c, 0x3,
    0xff, 0x86, 0xe0, 0x1f, 0x38, 0x7, 0xff, 0xc,
    0xc4, 0x3, 0xed, 0x0, 0xff, 0xe1, 0xd8, 0x7,
    0xe4, 0x0, 0xff, 0xe1, 0xa8, 0x7, 0xc8, 0x1,
    0xff, 0xc3, 0x12, 0x0, 0xfb, 0x40, 0x3f, 0xf8,
    0x6e, 0x1, 0xf9, 0xc0, 0x3f, 0xf8, 0x7a, 0x1,
    0xf1, 0x88, 0x7, 0xff, 0xd, 0x0, 0x3e, 0xb0,
    0xf, 0xfe, 0x1a, 0x80, 0x7e, 0x40, 0xf, 0xfe,
    0x1f, 0x80, 0x7c, 0x26, 0x1, 0xff, 0xc3, 0x40,
    0xf, 0x9c, 0x3, 0xff, 0x86, 0x62, 0x1, 0xf6,
    0x80, 0x7f, 0xf0, 0xec, 0x3, 0xf2, 0x0, 0x7f,
    0xf0, 0xd4, 0x3, 0xe5, 0x0, 0xff, 0xe1, 0x91,
    0x0, 0x3e, 0xc0, 0xf, 0xfe, 0x1a, 0x80, 0x7e,
    0x70, 0xf, 0xfe, 0x1e, 0x0, 0x7c, 0x62, 0x1,
    0xff, 0xc3, 0x40, 0xf, 0xac, 0x3, 0xff, 0x86,
    0xa0, 0x1f, 0x94, 0x3, 0xff, 0x87, 0xe0, 0x1f,
    0x11, 0x0, 0x3f, 0xf8, 0x68, 0x1, 0xf2, 0x0,
    0x7f, 0xf0, 0xd0, 0x40, 0x3e, 0xd0, 0xf, 0xfe,
    0x1e, 0x0, 0x7e, 0x40, 0xf, 0xfe, 0x1a, 0x80,
    0x7c, 0xa0, 0x1f, 0xfc, 0x32, 0x20, 0x7, 0xde,
    0x1, 0xff, 0xc3, 0x50, 0xf, 0xc8, 0x1, 0xff,
    0xc3, 0xb0, 0xf, 0x8c, 0x40, 0x3f, 0xf8, 0x42,
    0x60, 0x1f, 0x58, 0x7, 0xff, 0xd, 0x0, 0x3f,
    0x28, 0x7, 0xff, 0xf, 0xc0, 0x3e, 0x22, 0x0,
    0x7f, 0xf0, 0xc0,

    /* U+0030 "0" */
    0x0, 0xff, 0xe0, 0x8a, 0xce, 0x77, 0xfb, 0xb6,
    0xdc, 0xc0, 0x3f, 0xf9, 0xa7, 0x5d, 0x4c, 0x62,
    0x0, 0x12, 0x48, 0xcd, 0x70, 0xf, 0xfe, 0x49,
    0x56, 0x28, 0x7, 0xff, 0x0, 0xa3, 0x98, 0x3,
    0xff, 0x8c, 0xba, 0xa0, 0x1f, 0xfc, 0x41, 0x9b,
    0x10, 0xf, 0xfe, 0x1c, 0x50, 0x7, 0xff, 0x21,
    0x30, 0x80, 0x3f, 0xf8, 0x30, 0xe0, 0x1f, 0xfc,
    0xa2, 0xc2, 0x0, 0xff, 0x9d, 0xc0, 0x1f, 0xfc,
    0xc1, 0xc1, 0x0, 0xfe, 0x38, 0x0, 0xff, 0xe7,
    0xd, 0x0, 0x7f, 0x70, 0x7, 0xff, 0x41, 0x1c,
    0x3, 0xe8, 0x20, 0xf, 0xf0, 0xc6, 0xff, 0xba,
    0xd4, 0x3, 0xfe, 0x81, 0x0, 0xe1, 0x70, 0xf,
    0xf3, 0x73, 0x90, 0x0, 0x52, 0xb0, 0x40, 0x3f,
    0xd0, 0x1, 0xd2, 0x1, 0xfe, 0x79, 0x0, 0xfc,
    0x7e, 0x20, 0x1f, 0xcc, 0x40, 0x19, 0x80, 0x3f,
    0x92, 0x0, 0x3f, 0xc3, 0xa0, 0x1f, 0xea, 0x0,
    0x94, 0x40, 0x3f, 0xa4, 0x3, 0xff, 0x80, 0x6c,
    0x1, 0xfc, 0xc0, 0x17, 0x80, 0x7f, 0x29, 0x0,
    0x7f, 0xf0, 0x60, 0x3, 0xf8, 0x50, 0x0, 0x80,
    0x1f, 0xdc, 0x1, 0xff, 0xc2, 0x14, 0x0, 0xfe,
    0xc0, 0x31, 0x0, 0xfe, 0x40, 0xf, 0xfe, 0x1e,
    0x80, 0x7f, 0x20, 0x28, 0x7, 0xf2, 0x0, 0x7f,
    0xf1, 0x10, 0x3, 0xf8, 0xc3, 0x80, 0x3f, 0x88,
    0x3, 0xff, 0x88, 0x40, 0x1f, 0xe2, 0x30, 0xf,
    0xef, 0x0, 0xff, 0xe2, 0x90, 0x7, 0xf3, 0x38,
    0x7, 0xf1, 0x0, 0x7f, 0xf1, 0x5c, 0x3, 0xf8,
    0x84, 0x3, 0xff, 0xb2, 0x26, 0x1, 0xfc, 0xe0,
    0x1f, 0xfc, 0x53, 0x0, 0xfe, 0xf1, 0x0, 0xfe,
    0x10, 0xf, 0xfe, 0x28, 0x80, 0x7f, 0x84, 0x3,
    0xf8, 0x40, 0x3f, 0xf8, 0xa2, 0x1, 0xfe, 0x30,
    0xf, 0xfe, 0xcf, 0x80, 0x7f, 0x9c, 0x3, 0xff,
    0x8a, 0x60, 0x1f, 0xe6, 0x0, 0xfe, 0x10, 0xf,
    0xfe, 0x28, 0x80, 0x7f, 0x11, 0x0, 0x3f, 0xb4,
    0x3, 0xff, 0x8a, 0xa0, 0x1f, 0xcd, 0xc0, 0x1f,
    0xc4, 0x1, 0xff, 0xc5, 0x10, 0xf, 0xe2, 0x30,
    0xf, 0xe4, 0x0, 0xff, 0xe2, 0x20, 0x7, 0xf0,
    0x89, 0x0, 0x3f, 0x84, 0xc0, 0x3f, 0xf8, 0x7a,
    0x1, 0xfc, 0x80, 0x3, 0x0, 0xfe, 0xb0, 0xf,
    0xfe, 0x1a, 0x0, 0x7f, 0x60, 0x2, 0xc0, 0x3f,
    0x98, 0x3, 0xff, 0x84, 0xa4, 0x1, 0xfc, 0xe0,
    0x6, 0x0, 0xfe, 0x17, 0x0, 0xff, 0xe0, 0xc0,
    0x7, 0xf2, 0x8, 0x0, 0x54, 0x3, 0xfa, 0xc,
    0x3, 0xfe, 0x92, 0x0, 0xfe, 0xe0, 0xd, 0x20,
    0x1f, 0xed, 0x30, 0xf, 0xe7, 0x60, 0xf, 0xe2,
    0x50, 0xc, 0x6a, 0x1, 0xfc, 0x38, 0xe0, 0x1e,
    0x2b, 0x80, 0xf, 0xf4, 0x0, 0x7a, 0x0, 0x3f,
    0xe8, 0xfa, 0x87, 0x9c, 0xd4, 0x0, 0xff, 0x1a,
    0x80, 0x78, 0xa0, 0x3, 0xff, 0x80, 0xaf, 0xc,
    0x60, 0x1f, 0xfc, 0xe, 0x0, 0xfc, 0xe8, 0x1,
    0xff, 0xcf, 0x92, 0x0, 0xfe, 0xb3, 0x0, 0xff,
    0xe6, 0xbb, 0x0, 0x7f, 0xda, 0x40, 0x1f, 0xfc,
    0xb6, 0x80, 0xf, 0xfe, 0x0, 0xe2, 0x0, 0x7f,
    0xf2, 0x62, 0x40, 0x3f, 0xf8, 0x43, 0x70, 0x1,
    0xff, 0xc6, 0x1b, 0x70, 0xf, 0xfe, 0x2b, 0xea,
    0x80, 0x7f, 0xf0, 0xdf, 0x90, 0x3, 0xff, 0x8e,
    0x55, 0xd0, 0x40, 0x1f, 0xc7, 0x3f, 0x0, 0x1f,
    0xfc, 0xb1, 0x7d, 0xfb, 0xa8, 0x84, 0xd6, 0x7e,
    0x30, 0x7, 0xff, 0x4,

    /* U+0031 "1" */
    0x69, 0x9f, 0xfe, 0x2c, 0x6b, 0x37, 0xff, 0x15,
    0xc0, 0x3f, 0xff, 0xe0, 0x1f, 0xfe, 0xeb, 0xff,
    0xfc, 0x1, 0xff, 0xff, 0x0, 0xff, 0xff, 0x80,
    0x7f, 0xff, 0xc0, 0x3f, 0xff, 0xe0, 0x1f, 0xff,
    0xf0, 0xf, 0xff, 0xf8, 0x7, 0xff, 0xfc, 0x3,
    0xff, 0xfe, 0x1, 0xff, 0xff, 0x0, 0xff, 0xe3,
    0x80,

    /* U+0032 "2" */
    0x0, 0xff, 0x96, 0x2f, 0x7b, 0xfd, 0xdb, 0x4e,
    0x40, 0x1f, 0xfc, 0x74, 0xbf, 0xa7, 0x42, 0x10,
    0x0, 0x92, 0xc6, 0xe2, 0x80, 0x7f, 0xf0, 0xcf,
    0x2d, 0x0, 0x3f, 0xf8, 0x27, 0x5a, 0x60, 0x1f,
    0xfc, 0x8, 0xc3, 0x0, 0xff, 0xe2, 0x96, 0x30,
    0x7, 0xfa, 0x9c, 0x3, 0xff, 0x93, 0x2e, 0x1,
    0xfa, 0xd4, 0x3, 0xff, 0x97, 0xa, 0x1, 0xe9,
    0x40, 0xf, 0xfe, 0x6d, 0x88, 0x6, 0x66, 0x0,
    0x7f, 0xf3, 0x86, 0x0, 0x21, 0x90, 0xf, 0xfe,
    0x8, 0x88, 0x3, 0xff, 0x82, 0xc2, 0x0, 0x20,
    0xf, 0xf9, 0x2b, 0xfb, 0x9f, 0x8a, 0x1, 0xff,
    0x38, 0x0, 0xf4, 0x40, 0x3e, 0x1b, 0xb2, 0x80,
    0x63, 0xa9, 0x0, 0xff, 0x60, 0x4, 0x58, 0x40,
    0x1c, 0x38, 0x80, 0x1f, 0x99, 0x80, 0x1f, 0xce,
    0x1, 0x8b, 0xc, 0x3, 0x61, 0x0, 0x7f, 0xa0,
    0x3, 0xf8, 0x80, 0x38, 0x71, 0x0, 0x14, 0x40,
    0x1f, 0xf0, 0x90, 0x7, 0xf0, 0x80, 0x7a, 0xd9,
    0x54, 0x1, 0xff, 0xc1, 0x60, 0xf, 0xe3, 0x0,
    0xfa, 0x68, 0x3, 0xff, 0x84, 0xe0, 0x1f, 0xc6,
    0x1, 0xff, 0xcb, 0x20, 0xf, 0xe1, 0x0, 0xff,
    0xe5, 0x20, 0x80, 0x7e, 0x10, 0xf, 0xfe, 0x5f,
    0x80, 0x7f, 0x28, 0x7, 0xff, 0x29, 0x90, 0x3,
    0xfb, 0x0, 0x3f, 0xf9, 0x25, 0x20, 0x1f, 0xe5,
    0x0, 0xff, 0xe4, 0xf, 0x80, 0x7f, 0x90, 0x80,
    0x3f, 0xf9, 0x1a, 0x40, 0x1f, 0xe8, 0x0, 0xff,
    0xe4, 0x59, 0x80, 0x7f, 0x98, 0xc0, 0x3f, 0xf8,
    0xf4, 0x80, 0x1f, 0xe1, 0x80, 0xf, 0xfe, 0x3c,
    0xa8, 0x7, 0xfd, 0x42, 0x1, 0xff, 0xc6, 0x96,
    0x0, 0xff, 0xa1, 0x0, 0x3f, 0xf8, 0xd0, 0xc0,
    0x1f, 0xf3, 0x38, 0x7, 0xff, 0x19, 0xdc, 0x1,
    0xff, 0x2c, 0x80, 0x7f, 0xf1, 0x9a, 0x0, 0x3f,
    0xe4, 0xa0, 0xf, 0xfe, 0x32, 0xc8, 0x7, 0xfc,
    0x96, 0x1, 0xff, 0xc6, 0x4a, 0x0, 0xff, 0x92,
    0xc0, 0x3f, 0xf8, 0xc7, 0x60, 0x1f, 0xf2, 0x58,
    0x7, 0xff, 0x18, 0xf0, 0x3, 0xfe, 0x3b, 0x0,
    0xff, 0xe3, 0x16, 0x80, 0x7f, 0xc7, 0x80, 0x1f,
    0xfc, 0x61, 0xc1, 0x0, 0xff, 0x1e, 0x0, 0x7f,
    0xf1, 0x87, 0x4, 0x3, 0xfc, 0x7a, 0x1, 0xff,
    0xc6, 0x1c, 0x20, 0xf, 0xf1, 0x68, 0x80, 0x7f,
    0xf1, 0xb4, 0x80, 0x3f, 0xe6, 0xba, 0xaf, 0xfe,
    0x18, 0x5, 0x66, 0x1, 0xff, 0xc0, 0x45, 0x5f,
    0xfe, 0x20, 0x2, 0x90, 0x3, 0xff, 0xa6, 0xca,
    0x1, 0xff, 0xd4, 0x10, 0xf, 0xff, 0xf8, 0x7,
    0xff, 0xfc, 0x3, 0xff, 0x8e,

    /* U+0033 "3" */
    0x0, 0xc, 0xcf, 0xff, 0x42, 0x0, 0x23, 0x66,
    0xff, 0xe8, 0x38, 0x7, 0xff, 0xfc, 0x3, 0xff,
    0xfe, 0x1, 0xff, 0xc2, 0x70, 0xf, 0xfe, 0x9a,
    0xc0, 0x7, 0xff, 0x48, 0xe8, 0x3, 0x17, 0xff,
    0xff, 0xb, 0x0, 0x3f, 0xc5, 0xa0, 0x1f, 0xfc,
    0x71, 0xd0, 0xf, 0xe1, 0xf1, 0x0, 0xff, 0xe3,
    0xe0, 0x80, 0x7f, 0x69, 0x0, 0x7f, 0xf1, 0xec,
    0x80, 0x3f, 0xa8, 0xc0, 0x3f, 0xf8, 0xf2, 0x80,
    0x1f, 0xd0, 0xa0, 0x1f, 0xfc, 0x76, 0x60, 0x7,
    0xf3, 0x38, 0x7, 0xff, 0x1d, 0x24, 0x3, 0xf9,
    0x24, 0x3, 0xff, 0x8e, 0x56, 0x1, 0xfc, 0x76,
    0x1, 0xff, 0xc7, 0x1c, 0x0, 0xfe, 0x1d, 0x0,
    0xff, 0xe4, 0x68, 0x80, 0x7f, 0xf, 0x63, 0x88,
    0x7, 0xff, 0x11, 0xc, 0x3, 0xff, 0x80, 0x71,
    0xd2, 0x20, 0x1f, 0xfc, 0x21, 0x0, 0xff, 0xe2,
    0x37, 0x98, 0x7, 0xff, 0x4c, 0x70, 0xc0, 0x3f,
    0xfa, 0x9a, 0x20, 0x1f, 0xfd, 0x31, 0xa0, 0xf,
    0xf9, 0xa2, 0xf7, 0xbf, 0xb6, 0x50, 0x3, 0xfe,
    0x44, 0x0, 0x7f, 0x8d, 0xd0, 0x84, 0x4, 0x9a,
    0xf4, 0xc0, 0x3f, 0xde, 0x1, 0xff, 0xc8, 0x2c,
    0x30, 0xf, 0xe4, 0x10, 0xf, 0xfe, 0x4e, 0x80,
    0x7f, 0x9c, 0x3, 0xff, 0x92, 0x2c, 0x1, 0xfd,
    0xe0, 0x1f, 0xfc, 0xac, 0x0, 0xfe, 0x20, 0xf,
    0xfe, 0x53, 0x0, 0x7f, 0x38, 0x7, 0xff, 0x29,
    0xc0, 0x3f, 0xfa, 0x84, 0x1, 0xfc, 0xe0, 0x1e,
    0x10, 0xf, 0xfe, 0x1e, 0x80, 0x7f, 0x8, 0x7,
    0x37, 0x18, 0x7, 0xff, 0x4, 0xd0, 0x3, 0xfb,
    0x40, 0x33, 0x48, 0x62, 0x0, 0x7f, 0xc5, 0xa0,
    0x1f, 0xe4, 0x0, 0x96, 0x40, 0x2b, 0xa3, 0x0,
    0xfc, 0xda, 0x20, 0x1f, 0xc2, 0x60, 0x5, 0xa0,
    0xe, 0x5c, 0xd9, 0x65, 0x53, 0x4f, 0x48, 0x7,
    0xfd, 0x20, 0x5, 0xa0, 0xf, 0xc4, 0xd3, 0x54,
    0x96, 0x10, 0xf, 0xf8, 0x5c, 0x16, 0x80, 0x3f,
    0xfa, 0x16, 0x0, 0xc0, 0xf, 0xfe, 0x83, 0x28,
    0x2, 0x58, 0x3, 0xff, 0x9c, 0xb2, 0x1, 0xa6,
    0x0, 0x3f, 0xf9, 0x8d, 0x40, 0x1e, 0x7c, 0x20,
    0xf, 0xfe, 0x40, 0xd4, 0x80, 0x7e, 0x3d, 0x92,
    0x0, 0xff, 0xe2, 0xb, 0xf2, 0x80, 0x7f, 0xcd,
    0xb8, 0xc4, 0x1, 0xfe, 0x15, 0xae, 0x80, 0xf,
    0xfe, 0x19, 0xce, 0xf6, 0x54, 0xc4, 0x53, 0x7d,
    0xca, 0x50, 0xf, 0xf0,

    /* U+0034 "4" */
    0x0, 0xff, 0xe1, 0xbc, 0x47, 0xf3, 0x80, 0x7f,
    0xf3, 0x56, 0x1d, 0xff, 0xb4, 0x3, 0xff, 0x9b,
    0x20, 0x1f, 0xe8, 0x0, 0xff, 0xe6, 0x21, 0x80,
    0x7f, 0x31, 0x0, 0x7f, 0xf3, 0x20, 0x3, 0xfd,
    0x60, 0x1f, 0xfc, 0xc4, 0x30, 0xf, 0xe6, 0x20,
    0xf, 0xfe, 0x64, 0x0, 0x7f, 0xa0, 0x3, 0xff,
    0x98, 0x86, 0x1, 0xfc, 0xc2, 0x1, 0xff, 0xcc,
    0x80, 0xf, 0xf4, 0x0, 0x7f, 0xf3, 0x10, 0xc0,
    0x3f, 0x9c, 0x40, 0x3f, 0xf9, 0x90, 0x1, 0xfe,
    0x90, 0xf, 0xfe, 0x62, 0x18, 0x7, 0xf3, 0x88,
    0x7, 0xff, 0x32, 0x0, 0x3f, 0xd2, 0x1, 0xff,
    0xcc, 0x43, 0x0, 0xfe, 0x71, 0x0, 0xff, 0xe6,
    0x40, 0x7, 0xfa, 0x40, 0x3f, 0xf9, 0x88, 0x60,
    0x1f, 0xce, 0x20, 0x1f, 0xfc, 0xc8, 0x0, 0xfe,
    0x19, 0x0, 0xff, 0xe6, 0x21, 0x80, 0x7f, 0x48,
    0x80, 0x44, 0x5f, 0xc2, 0x1, 0xff, 0x40, 0x7,
    0xf0, 0xb8, 0x4, 0xbb, 0xbf, 0xd2, 0x1, 0xfe,
    0x43, 0x0, 0xfe, 0x90, 0xf, 0xfe, 0x6c, 0x0,
    0x7f, 0xb, 0x80, 0x7f, 0xf3, 0x10, 0xc0, 0x3f,
    0xa4, 0x3, 0xff, 0x9b, 0x0, 0x1f, 0xc2, 0xe0,
    0x1f, 0xfc, 0xc4, 0x30, 0xf, 0xe9, 0x0, 0xff,
    0xe6, 0xc0, 0x7, 0xf0, 0xb8, 0x7, 0xff, 0x31,
    0xc, 0x3, 0xfa, 0x0, 0x3f, 0xf9, 0xb0, 0x1,
    0xfc, 0x2c, 0x1, 0xff, 0xcc, 0x43, 0x0, 0xfe,
    0x29, 0x9f, 0xdc, 0x1, 0xfc, 0x93, 0x39, 0x43,
    0xc0, 0x3f, 0xc6, 0xcd, 0xf9, 0x0, 0x3f, 0x8d,
    0x9b, 0x61, 0xa0, 0x7, 0xff, 0x5e, 0x40, 0x3f,
    0xff, 0xe0, 0x1f, 0xff, 0xf0, 0xf, 0xff, 0xdd,
    0x7f, 0xff, 0xf2, 0x28, 0x3, 0xf9, 0xff, 0xf4,
    0x80, 0x7f, 0xff, 0xc0, 0x3f, 0xff, 0xe0, 0x1f,
    0xff, 0xf0, 0xf, 0xff, 0xf8, 0x7, 0xff, 0x54,

    /* U+0035 "5" */
    0x0, 0xf4, 0x4c, 0xff, 0xf3, 0x10, 0x3, 0xf3,
    0xb3, 0x7f, 0xf3, 0xc, 0x3, 0xe2, 0x0, 0xff,
    0xea, 0x88, 0x7, 0xff, 0x55, 0x80, 0x3f, 0xfa,
    0xa4, 0x1, 0xff, 0xd5, 0xf0, 0xf, 0xfe, 0xa9,
    0x0, 0x7f, 0xf5, 0x44, 0x3, 0xff, 0xaa, 0xc0,
    0x1f, 0xb7, 0xff, 0xff, 0x88, 0xe0, 0x1f, 0x10,
    0x7, 0xe2, 0x0, 0xff, 0xea, 0x8, 0x7, 0xff,
    0x30, 0x80, 0x3f, 0x10, 0x7, 0xff, 0x31, 0x80,
    0x3f, 0x38, 0x7, 0xff, 0x30, 0x40, 0x3f, 0x10,
    0x7, 0xff, 0x30, 0x80, 0x3f, 0x70, 0x7, 0xff,
    0x33, 0xc0, 0x3f, 0x7b, 0xde, 0xf7, 0xfb, 0xb2,
    0x58, 0x40, 0x3f, 0xf8, 0x24, 0x1, 0xf9, 0xe1,
    0x8, 0x40, 0x2, 0x6d, 0x3d, 0x44, 0x1, 0xff,
    0x30, 0x7, 0xff, 0x21, 0x76, 0x40, 0x3f, 0xc2,
    0x1, 0xff, 0xca, 0x6d, 0x10, 0xf, 0xc4, 0x1,
    0xff, 0xcb, 0x2f, 0x10, 0xf, 0xfe, 0xa0, 0xe0,
    0x7, 0xd4, 0x1, 0xff, 0xcd, 0x29, 0x0, 0xf2,
    0xd8, 0x7, 0x89, 0x5e, 0x20, 0xe8, 0x1, 0xff,
    0xc0, 0x62, 0x0, 0xf2, 0x60, 0x4, 0xfb, 0xaa,
    0x87, 0x74, 0x5f, 0x38, 0x7, 0xfd, 0x0, 0x1f,
    0x1e, 0x37, 0x41, 0x0, 0x7c, 0x31, 0x82, 0x1,
    0xfc, 0xa2, 0x1, 0xf1, 0xc8, 0x80, 0x7f, 0xc7,
    0xa0, 0x1f, 0xe4, 0x0, 0xff, 0xe5, 0x1a, 0x80,
    0x7f, 0x60, 0x7, 0xff, 0x2f, 0x80, 0x3f, 0x94,
    0x3, 0xff, 0x96, 0xa0, 0x1f, 0xc4, 0x1, 0xff,
    0xcb, 0x10, 0xf, 0xe1, 0x0, 0xff, 0xe5, 0x88,
    0x7, 0xff, 0x55, 0x40, 0x3f, 0x84, 0x3, 0xe1,
    0x0, 0xff, 0xe1, 0xe8, 0x7, 0xf1, 0x0, 0x7a,
    0x30, 0x40, 0x3f, 0xf8, 0x24, 0xc0, 0x1f, 0xca,
    0x1, 0xd0, 0xe5, 0x84, 0x1, 0xff, 0x16, 0x0,
    0x7f, 0xb0, 0x3, 0x4b, 0x80, 0xb, 0x64, 0x80,
    0x3f, 0x36, 0x88, 0x7, 0xf9, 0x40, 0x29, 0x60,
    0xe, 0x6d, 0xc8, 0x65, 0x53, 0x57, 0x48, 0x7,
    0xfc, 0xc0, 0x14, 0xb0, 0x7, 0xe3, 0x79, 0xaa,
    0x4a, 0x88, 0x7, 0xff, 0x2, 0x0, 0x12, 0xc0,
    0x1f, 0xfd, 0x9, 0x10, 0x2, 0x80, 0x7f, 0xf4,
    0x15, 0x80, 0x2d, 0x30, 0xf, 0xfe, 0x72, 0x50,
    0x6, 0x1c, 0x60, 0xf, 0xfe, 0x62, 0xd8, 0x7,
    0xd3, 0x64, 0x1, 0xff, 0xc8, 0x1a, 0xa0, 0x7,
    0xf2, 0x6c, 0x90, 0x7, 0xff, 0x10, 0x5f, 0x94,
    0x3, 0xff, 0x80, 0xdb, 0x8e, 0x60, 0x1f, 0xe1,
    0x5a, 0xe8, 0x0, 0xff, 0xe2, 0x1c, 0x67, 0xe5,
    0x4c, 0x45, 0x37, 0xdc, 0xa5, 0x0, 0xff, 0x0,

    /* U+0036 "6" */
    0x0, 0xff, 0xe2, 0xb4, 0x47, 0xf9, 0x0, 0x3f,
    0xf9, 0x4b, 0x2e, 0xff, 0xcc, 0xa0, 0x1f, 0xfc,
    0x91, 0xb0, 0xf, 0xf5, 0x8, 0x7, 0xff, 0x26,
    0xc4, 0x3, 0xf9, 0xd0, 0x3, 0xff, 0x92, 0xca,
    0x1, 0xfc, 0x70, 0x1, 0xff, 0xc9, 0x19, 0x0,
    0xff, 0x70, 0x7, 0xff, 0x2a, 0x80, 0x3f, 0xd4,
    0x40, 0x1f, 0xfc, 0x97, 0x40, 0xf, 0xe6, 0x50,
    0xf, 0xfe, 0x49, 0x40, 0x7, 0xf1, 0x48, 0x7,
    0xff, 0x2b, 0x80, 0x3f, 0xde, 0x1, 0xff, 0xca,
    0x83, 0x0, 0xfe, 0x92, 0x0, 0xff, 0xe4, 0x9b,
    0x80, 0x7f, 0x23, 0x0, 0x7f, 0xf2, 0xb8, 0x3,
    0xf8, 0x68, 0x3, 0xff, 0x95, 0x24, 0x1, 0xfd,
    0x42, 0x1, 0xff, 0xc9, 0x46, 0x0, 0xfe, 0x74,
    0x0, 0xff, 0xe5, 0x50, 0x7, 0xf8, 0x66, 0x18,
    0xc0, 0x3f, 0xf8, 0xd4, 0x20, 0x1f, 0xe6, 0x63,
    0xce, 0x74, 0x98, 0x7, 0xff, 0x9, 0x54, 0x1,
    0xff, 0xc4, 0x16, 0xca, 0x10, 0xf, 0xf8, 0x6c,
    0x3, 0xff, 0x90, 0xbc, 0xa0, 0x1f, 0xeb, 0x10,
    0xf, 0xfe, 0x55, 0x38, 0x7, 0xe3, 0x50, 0xf,
    0xfe, 0x64, 0x30, 0x7, 0xdc, 0x1, 0xff, 0xce,
    0x93, 0x0, 0xe5, 0x20, 0xf, 0xfe, 0x7f, 0x0,
    0x74, 0x80, 0x7f, 0xcd, 0x7d, 0xfd, 0x48, 0x1,
    0xfe, 0x27, 0x0, 0x8c, 0xc0, 0x1f, 0xc5, 0xb2,
    0x82, 0x2, 0xb7, 0x40, 0x1f, 0xe9, 0x0, 0xac,
    0x3, 0xf8, 0x70, 0x80, 0x3e, 0x5a, 0x0, 0xfe,
    0x15, 0x0, 0x28, 0x7, 0xf5, 0x88, 0x7, 0xf2,
    0xa8, 0x3, 0xfb, 0xc0, 0x48, 0x3, 0xf0, 0xa8,
    0x7, 0xfd, 0x0, 0x1f, 0xce, 0x4, 0x1, 0xfc,
    0xe0, 0x1f, 0xfc, 0x2, 0x20, 0x7, 0xe2, 0x7,
    0x0, 0xfe, 0xe0, 0xf, 0xfe, 0xb, 0x0, 0x7f,
    0x9, 0x0, 0x7f, 0x8, 0x7, 0xff, 0x4, 0x40,
    0x3f, 0xc6, 0x1, 0xfc, 0x20, 0x1f, 0xfc, 0x16,
    0x0, 0xff, 0x8, 0x7, 0xf6, 0x0, 0x7f, 0xf0,
    0x4c, 0x3, 0xf8, 0x58, 0x3, 0xf9, 0x4, 0x3,
    0xfe, 0x40, 0xf, 0xe2, 0x2, 0x0, 0xff, 0x48,
    0x7, 0xfd, 0x0, 0x1f, 0xc8, 0x0, 0x50, 0xf,
    0xe7, 0x40, 0xf, 0xe9, 0x30, 0xf, 0xed, 0x0,
    0x70, 0x7, 0xfa, 0xdc, 0x3, 0xc3, 0x4c, 0x1,
    0xfc, 0x28, 0x0, 0x42, 0x0, 0xff, 0x47, 0x43,
    0x2b, 0x57, 0x28, 0x7, 0xfa, 0x40, 0x34, 0x0,
    0x7f, 0xc2, 0xf3, 0x52, 0xa0, 0x1f, 0xf0, 0xb8,
    0x6, 0x55, 0x0, 0x7f, 0xf3, 0xe8, 0x3, 0xd6,
    0x40, 0x1f, 0xfc, 0xd8, 0x40, 0xf, 0xf, 0x88,
    0x7, 0xff, 0x2d, 0x9c, 0x3, 0xf1, 0x61, 0x0,
    0x7f, 0xf2, 0x5e, 0x40, 0x3f, 0xc5, 0xac, 0x1,
    0xff, 0xc6, 0x1b, 0x80, 0xf, 0xfe, 0xc, 0xe1,
    0x80, 0x7f, 0xf0, 0xdf, 0x90, 0x3, 0xff, 0x86,
    0x79, 0x86, 0x10, 0xf, 0xe3, 0x9e, 0x80, 0xf,
    0xfe, 0x39, 0xcf, 0x72, 0xe6, 0x21, 0x35, 0x9f,
    0x8c, 0x20, 0x1f, 0xe0,

    /* U+0037 "7" */
    0x69, 0x9f, 0xfe, 0x92, 0x6b, 0x37, 0xff, 0x48,
    0xc0, 0x3f, 0xff, 0xe0, 0x1f, 0xff, 0xf0, 0xf,
    0xe3, 0x0, 0xff, 0xe9, 0xa, 0x0, 0x7f, 0xf4,
    0x9c, 0x2f, 0xff, 0xff, 0x8e, 0x80, 0x1f, 0xd4,
    0x1, 0xff, 0xc8, 0x14, 0x0, 0xfc, 0x46, 0x1,
    0xff, 0xc8, 0x60, 0xf, 0xea, 0x0, 0xff, 0xe4,
    0xd0, 0x7, 0xf3, 0x0, 0x7f, 0xf2, 0xc, 0x80,
    0x3f, 0x20, 0x80, 0x7f, 0xf2, 0x28, 0x3, 0xfb,
    0x80, 0x3f, 0xf9, 0x2c, 0x1, 0xf8, 0x54, 0x3,
    0xff, 0x90, 0xc0, 0x1f, 0xce, 0x1, 0xff, 0xc9,
    0xa0, 0xf, 0xea, 0x0, 0xff, 0xe4, 0x11, 0x80,
    0x7e, 0x23, 0x0, 0xff, 0xe4, 0x50, 0x7, 0xf5,
    0x0, 0x7f, 0xf2, 0x58, 0x3, 0xf9, 0x80, 0x3f,
    0xf9, 0x8, 0x20, 0x1f, 0x90, 0x40, 0x3f, 0xf9,
    0x1c, 0x1, 0xfd, 0xc0, 0x1f, 0xfc, 0x81, 0x50,
    0xf, 0xe5, 0x0, 0xff, 0xe4, 0x30, 0x7, 0xf2,
    0x80, 0x7f, 0xf2, 0x68, 0x3, 0xfb, 0x80, 0x3f,
    0xf9, 0x6, 0x40, 0x1f, 0x85, 0x0, 0x3f, 0xf9,
    0x14, 0x1, 0xfc, 0xc0, 0x1f, 0xfc, 0x96, 0x0,
    0xfe, 0xa0, 0xf, 0xfe, 0x42, 0x80, 0x7f, 0x19,
    0x0, 0x7f, 0xf2, 0x24, 0x3, 0xfa, 0x80, 0x3f,
    0xf9, 0x4, 0x60, 0x1f, 0xce, 0x1, 0xff, 0xc8,
    0xa0, 0xf, 0xe5, 0x10, 0xf, 0xfe, 0x43, 0x0,
    0x7f, 0x70, 0x7, 0xff, 0x21, 0x4, 0x3, 0xf0,
    0xa0, 0x7, 0xff, 0x23, 0x80, 0x3f, 0x98, 0x3,
    0xff, 0x90, 0x2a, 0x1, 0xfd, 0x40, 0x1f, 0xfc,
    0x86, 0x0, 0xfe, 0x32, 0x0, 0xff, 0xe4, 0x50,
    0x7, 0xf5, 0x0, 0x7f, 0xf2, 0xc, 0x80, 0x3f,
    0x9c, 0x3, 0xff, 0x91, 0x40, 0x1f, 0xc8, 0x20,
    0x1f, 0xfc, 0x86, 0x0, 0xfe, 0xe0, 0xf, 0xfe,
    0x42, 0x80, 0x7f, 0xa, 0x80, 0x7f, 0xf2, 0x38,
    0x3, 0xf9, 0xc0, 0x3f, 0xf9, 0x4, 0x80, 0x1f,
    0xd4, 0x1, 0xff, 0xc8, 0xa0, 0xf, 0xe2, 0x30,
    0xf, 0xfe, 0x10,

    /* U+0038 "8" */
    0x0, 0xff, 0x89, 0xeb, 0x7b, 0xfd, 0xdb, 0x4c,
    0x40, 0x1f, 0xfc, 0x85, 0xcd, 0x85, 0x21, 0x0,
    0x9, 0x2c, 0xed, 0xa0, 0x7, 0xff, 0x10, 0xb2,
    0x8c, 0x3, 0xff, 0x80, 0x97, 0x61, 0x0, 0xff,
    0xe0, 0xa6, 0x18, 0x7, 0xff, 0x11, 0x3c, 0xc0,
    0x3f, 0xe4, 0xb1, 0x0, 0xff, 0xe3, 0xe, 0x18,
    0x7, 0xf1, 0x50, 0x7, 0xff, 0x2b, 0x44, 0x3,
    0xf4, 0x88, 0x7, 0xff, 0x28, 0x6c, 0x3, 0xe4,
    0x40, 0x7, 0xff, 0x31, 0x4c, 0x3, 0xdc, 0x1,
    0xfe, 0x16, 0x99, 0x30, 0x80, 0x7f, 0xa8, 0x3,
    0xca, 0x1, 0xfc, 0xbd, 0x2c, 0xc9, 0xf4, 0x0,
    0xfe, 0x70, 0xe, 0x20, 0xf, 0xe3, 0xa0, 0xe,
    0x1b, 0x20, 0xf, 0xc2, 0x20, 0xc, 0xc0, 0x1f,
    0xd0, 0x1, 0xfa, 0x0, 0x3f, 0x88, 0x3, 0x8,
    0x7, 0xf2, 0x0, 0x7e, 0x50, 0xf, 0xe7, 0x0,
    0xff, 0xe0, 0x88, 0x7, 0xf8, 0x40, 0x3f, 0xf8,
    0x2c, 0x1, 0xff, 0xc7, 0x10, 0xf, 0xcc, 0x1,
    0x8c, 0x3, 0xf0, 0x90, 0x7, 0xe2, 0x0, 0xfe,
    0x20, 0xe, 0x40, 0xf, 0xd6, 0x1, 0xfa, 0xc0,
    0x3f, 0x20, 0x7, 0xb4, 0x3, 0xf3, 0x28, 0x7,
    0x95, 0x80, 0x3f, 0x70, 0x7, 0x98, 0x80, 0x3f,
    0x54, 0x98, 0x0, 0xe6, 0x80, 0x3f, 0x12, 0x80,
    0x7d, 0x20, 0x1f, 0xcd, 0x9f, 0xec, 0x60, 0xf,
    0xe9, 0x0, 0xfc, 0x8e, 0x1, 0xff, 0xca, 0x84,
    0x0, 0xfe, 0x88, 0x0, 0x7f, 0xf2, 0x21, 0xc0,
    0x3f, 0xe7, 0x60, 0xf, 0xfe, 0x34, 0x38, 0x7,
    0xfc, 0x36, 0xc0, 0x1f, 0xfc, 0x68, 0xb1, 0x0,
    0xfe, 0x3f, 0x40, 0xf, 0xfe, 0x42, 0x79, 0x0,
    0x7c, 0x5a, 0x20, 0x1f, 0xfc, 0xa1, 0xc2, 0x0,
    0xf7, 0x88, 0x7, 0xf1, 0xbc, 0xc9, 0xcc, 0x3,
    0xf8, 0x78, 0x3, 0x9c, 0x80, 0x3f, 0xe, 0x62,
    0x19, 0x91, 0x96, 0x20, 0x1f, 0x8d, 0xc0, 0x21,
    0x80, 0xf, 0xc3, 0xe6, 0x1, 0xe4, 0xf1, 0x0,
    0xfd, 0x20, 0x13, 0x80, 0x7f, 0x50, 0x80, 0x7e,
    0x1a, 0x0, 0xfc, 0x2a, 0x0, 0xd0, 0xf, 0xc4,
    0x80, 0x1f, 0xe4, 0x30, 0xf, 0xde, 0x0, 0x50,
    0xf, 0xc8, 0x1, 0xff, 0xc0, 0x40, 0xf, 0xce,
    0x0, 0x10, 0xf, 0xdc, 0x1, 0xff, 0xc0, 0xf0,
    0xf, 0xc4, 0x2, 0x1, 0xfd, 0xe0, 0x1f, 0xfc,
    0xf, 0x0, 0xfe, 0x10, 0xf, 0xf1, 0x80, 0x7f,
    0xf0, 0xc, 0x3, 0xfc, 0x20, 0x1f, 0xc8, 0x40,
    0x1f, 0xe1, 0x40, 0xf, 0xe1, 0x1, 0x0, 0xfe,
    0x90, 0xf, 0xf5, 0x0, 0x7f, 0x10, 0x1, 0x40,
    0x3f, 0x92, 0xc4, 0x3, 0xc3, 0x68, 0x1, 0xfc,
    0xe0, 0xd, 0x0, 0xff, 0x27, 0xc2, 0x11, 0x12,
    0x39, 0x0, 0x3f, 0xde, 0x0, 0x61, 0x0, 0xff,
    0xb, 0xde, 0xea, 0xdc, 0x3, 0xfe, 0x15, 0x0,
    0xa0, 0x3, 0xff, 0xa1, 0x0, 0x19, 0x8c, 0x3,
    0xff, 0x9c, 0x8c, 0x1, 0xda, 0x40, 0x1f, 0xfc,
    0xc2, 0xa0, 0xf, 0xe, 0x10, 0x7, 0xff, 0x28,
    0xb0, 0x40, 0x3e, 0x1d, 0x60, 0xf, 0xfe, 0x43,
    0x68, 0x80, 0x7f, 0xa7, 0x10, 0x3, 0xff, 0x88,
    0x99, 0x20, 0x1f, 0xfc, 0x13, 0xbd, 0x72, 0x0,
    0xff, 0x13, 0xed, 0x98, 0x7, 0xff, 0x10, 0xa3,
    0x7b, 0x2a, 0x62, 0x13, 0x59, 0xdb, 0x4, 0x1,
    0xfc,

    /* U+0039 "9" */
    0x0, 0xff, 0xe0, 0x2c, 0xe7, 0x7f, 0xbb, 0x6e,
    0x10, 0x3, 0xff, 0x92, 0x53, 0xf4, 0xc6, 0x20,
    0x1, 0x24, 0x7b, 0xe8, 0x10, 0xf, 0xfe, 0x2c,
    0xeb, 0x0, 0x7f, 0xf0, 0x5, 0xf9, 0xc0, 0x3f,
    0xf8, 0x47, 0xcc, 0x1, 0xff, 0xc5, 0x8c, 0x10,
    0xf, 0xf9, 0x30, 0x40, 0x3f, 0xf8, 0xe7, 0xe4,
    0x1, 0xfc, 0x96, 0x1, 0xff, 0xca, 0x1c, 0x20,
    0xf, 0x8a, 0xc0, 0x3f, 0xf9, 0x83, 0xe0, 0x1f,
    0x70, 0x7, 0xff, 0x38, 0xa0, 0x3, 0x98, 0xc0,
    0x3f, 0xf8, 0x2, 0x42, 0x1, 0xff, 0xc0, 0x72,
    0x0, 0xd0, 0x1, 0xfe, 0x18, 0xee, 0x6f, 0x6b,
    0x0, 0x7f, 0xd0, 0x1, 0x28, 0x80, 0x7f, 0x17,
    0xb8, 0x80, 0x45, 0x36, 0x1, 0xfe, 0x51, 0x0,
    0x78, 0x7, 0xf0, 0xe0, 0x80, 0x7c, 0x94, 0x1,
    0xfe, 0x70, 0x2, 0x0, 0x7f, 0x58, 0x80, 0x7f,
    0x2a, 0x80, 0x3f, 0xb0, 0x8, 0x40, 0x3f, 0x12,
    0x80, 0x7f, 0xd2, 0x1, 0xfc, 0xe0, 0xc0, 0x1f,
    0xc8, 0x1, 0xff, 0xc0, 0x31, 0x0, 0xfc, 0x40,
    0x20, 0x1f, 0xde, 0x1, 0xff, 0xc1, 0x50, 0xf,
    0xf1, 0x80, 0x7f, 0x18, 0x7, 0xff, 0x4, 0x40,
    0x3f, 0xc6, 0x1, 0xfc, 0x60, 0x1f, 0xfc, 0x11,
    0x0, 0xff, 0x8, 0x7, 0xf7, 0x0, 0x7f, 0xf0,
    0x58, 0x3, 0xf0, 0x83, 0x0, 0x7f, 0x20, 0x7,
    0xff, 0x0, 0x48, 0x3, 0xf2, 0x81, 0x8, 0x7,
    0xe3, 0x20, 0xf, 0xfa, 0x40, 0x3f, 0xb0, 0x0,
    0x80, 0x1f, 0xdc, 0x1, 0xfe, 0x27, 0x0, 0xfe,
    0x40, 0x7, 0x80, 0x7f, 0x1c, 0x80, 0x7e, 0x1f,
    0x0, 0xfe, 0x13, 0x0, 0x29, 0x0, 0x7f, 0x35,
    0x90, 0x7, 0x2f, 0x90, 0x7, 0xf4, 0x80, 0x68,
    0x0, 0xff, 0x26, 0xe4, 0xc5, 0x75, 0x8, 0x7,
    0xf9, 0x80, 0x32, 0xa0, 0x7, 0xfc, 0x6c, 0xea,
    0x20, 0x1f, 0xf3, 0x88, 0x7, 0x50, 0x80, 0x7f,
    0xf3, 0x46, 0x0, 0x3c, 0x38, 0x20, 0x1f, 0xfc,
    0xc8, 0x0, 0xfc, 0x58, 0x20, 0x1f, 0xfc, 0xa3,
    0x60, 0xf, 0xe2, 0xf5, 0x0, 0xff, 0xe4, 0xf0,
    0x7, 0xfc, 0x35, 0x88, 0x1, 0xff, 0xc6, 0x92,
    0x0, 0xff, 0xe0, 0x9d, 0xec, 0x29, 0x8, 0x7,
    0xff, 0x1, 0x18, 0x3, 0xff, 0x88, 0x4f, 0x5b,
    0xde, 0xe0, 0x1f, 0xe9, 0x0, 0xff, 0xe5, 0x1b,
    0x80, 0x7f, 0x49, 0x0, 0x7f, 0xf2, 0x47, 0x40,
    0x3f, 0x91, 0x80, 0x3f, 0xf9, 0x56, 0x20, 0x1f,
    0xd2, 0x1, 0xff, 0xca, 0x65, 0x0, 0xfe, 0x92,
    0x0, 0xff, 0xe4, 0x94, 0x80, 0x7f, 0x23, 0x0,
    0x7f, 0xf2, 0xbc, 0x3, 0xfd, 0x40, 0x1f, 0xfc,
    0xa9, 0x20, 0xf, 0xe9, 0x10, 0xf, 0xfe, 0x4a,
    0xb0, 0x7, 0xf2, 0x30, 0x7, 0xff, 0x24, 0x6c,
    0x3, 0xfd, 0x40, 0x1f, 0xfc, 0xad, 0x10, 0xf,
    0xe9, 0x10, 0xf, 0xfe, 0x4b, 0x98, 0x7, 0xf2,
    0x30, 0x7, 0xff, 0x24, 0xe0, 0x3, 0xfd, 0x40,
    0x1f, 0xfc, 0x91, 0xd0, 0xf, 0xf4, 0x88, 0x7,
    0xff, 0x26, 0xc4, 0x3, 0xf9, 0x18, 0x3, 0xff,
    0x88,

    /* U+003A ":" */
    0x0, 0x96, 0xfb, 0xf6, 0x44, 0x3, 0xaa, 0x88,
    0x20, 0x4d, 0xe6, 0x1, 0x3a, 0x80, 0x78, 0x74,
    0x40, 0x60, 0x3, 0xf0, 0xc0, 0x20, 0x7, 0xf9,
    0xc3, 0x40, 0x3f, 0xc2, 0x20, 0xf, 0xfe, 0xe,
    0x80, 0x7f, 0x84, 0x48, 0x1, 0xfe, 0x70, 0x18,
    0x0, 0xfc, 0x30, 0x0, 0x77, 0x0, 0x78, 0x70,
    0x40, 0x28, 0xc5, 0x21, 0x38, 0xe2, 0x0, 0xe3,
    0xad, 0xec, 0x70, 0xf, 0xff, 0xe9, 0x2b, 0x20,
    0x7, 0xc3, 0x7b, 0x53, 0x7c, 0xc0, 0x18, 0x7d,
    0x0, 0x30, 0xcc, 0x0, 0x54, 0x20, 0x1f, 0x3a,
    0x1, 0xa0, 0x7, 0xf7, 0x82, 0x0, 0x7f, 0x90,
    0x3c, 0x3, 0xfe, 0x1f, 0x0, 0xff, 0x85, 0x0,
    0x3f, 0xc6, 0x6, 0x40, 0x1f, 0xd2, 0x0, 0xe0,
    0xf, 0xca, 0xa0, 0x1, 0xe1, 0x0, 0x73, 0xd0,
    0x6, 0x3d, 0xc9, 0x8a, 0xe8, 0x0, 0x80,

    /* U+003B ";" */
    0x0, 0x96, 0xb7, 0x56, 0xc0, 0x1e, 0xaa, 0x29,
    0x11, 0x27, 0x4, 0x2, 0x95, 0x0, 0xf1, 0xd0,
    0x0, 0xd8, 0x3, 0xf2, 0x20, 0x2c, 0x3, 0xfd,
    0xc0, 0x60, 0x1f, 0xe6, 0x0, 0xff, 0xe1, 0x10,
    0x7, 0xf9, 0x83, 0x40, 0x3f, 0xde, 0x8, 0x80,
    0xf, 0xc6, 0xa0, 0xa, 0x30, 0xf, 0x16, 0x80,
    0x43, 0x92, 0x60, 0x2, 0x8d, 0x10, 0xe, 0x6c,
    0xff, 0x6b, 0x80, 0x7f, 0xff, 0xc0, 0x3f, 0xc9,
    0x7d, 0xfa, 0xe0, 0x1e, 0x9b, 0x41, 0x2, 0x8d,
    0x20, 0xa, 0x18, 0x3, 0xc5, 0xe0, 0x1, 0x70,
    0xf, 0xc5, 0x0, 0xc0, 0x1f, 0xe6, 0xe, 0x0,
    0xff, 0x8, 0x18, 0x7, 0xfc, 0x24, 0x1, 0xfe,
    0x11, 0x50, 0x7, 0xf9, 0x0, 0x98, 0x3, 0xfb,
    0xc0, 0x12, 0xc0, 0x1f, 0x12, 0x80, 0x53, 0x80,
    0x1e, 0xb0, 0xe, 0x60, 0xe, 0x26, 0x0, 0xe8,
    0x0, 0xe8, 0x0, 0xe6, 0x20, 0xc, 0x6a, 0x1,
    0xd0, 0x1, 0xd0, 0x1, 0xce, 0x20, 0x19, 0x10,
    0x1, 0x86, 0x0, 0x3a, 0x0, 0x3a, 0x0, 0x39,
    0x4c, 0x3, 0xa1, 0x40, 0x34, 0x0, 0x78, 0x6b,
    0x10, 0x18, 0x80, 0x3f, 0x1d, 0xda, 0x0, 0x3e,

    /* U+003C "<" */
    0x0, 0xff, 0xe8, 0xa8, 0x7, 0xff, 0x38, 0xa3,
    0xa8, 0x3, 0xff, 0x98, 0x97, 0xae, 0x20, 0x1f,
    0xfc, 0xa1, 0x7d, 0xb4, 0x0, 0xff, 0xe5, 0x94,
    0xf4, 0x10, 0x7, 0xff, 0x2d, 0x73, 0x58, 0x3,
    0xff, 0x96, 0x2f, 0xd4, 0x60, 0x1f, 0xfc, 0xb3,
    0xae, 0x81, 0x0, 0xff, 0xe5, 0xb6, 0x61, 0x40,
    0x3f, 0xf9, 0x65, 0x1d, 0x26, 0x1, 0xff, 0xc4,
    0x17, 0x0, 0xe4, 0xbd, 0x71, 0x0, 0xff, 0xe2,
    0x25, 0x74, 0x0, 0x4d, 0xb6, 0x80, 0x1f, 0xfc,
    0x41, 0x7d, 0xb5, 0x0, 0x14, 0xfc, 0x90, 0x7,
    0xff, 0x11, 0x2b, 0xa0, 0x80, 0x36, 0x30, 0x7,
    0xff, 0x10, 0x5f, 0xad, 0x40, 0x3f, 0xf9, 0x69,
    0x7d, 0x2, 0x1, 0xff, 0xca, 0x18, 0xeb, 0x40,
    0xf, 0xfe, 0x62, 0xfb, 0x88, 0x7, 0xff, 0x39,
    0x7a, 0x4c, 0x3, 0xff, 0xa0, 0xd9, 0xac, 0x20,
    0x1f, 0xf1, 0x80, 0x7f, 0xf0, 0xca, 0x7a, 0x8c,
    0x3, 0xfb, 0x64, 0xc0, 0x3f, 0xf8, 0x8b, 0x9a,
    0xe2, 0x1, 0xf3, 0x66, 0x14, 0x3, 0xff, 0x88,
    0x51, 0xd4, 0x60, 0x1f, 0x1d, 0x74, 0x8, 0x7,
    0xff, 0x11, 0x73, 0x5c, 0x40, 0x3c, 0x2f, 0xd4,
    0x60, 0x1f, 0xfc, 0x42, 0x8e, 0xa0, 0xf, 0xcb,
    0x98, 0x60, 0xf, 0xfe, 0x2a, 0x80, 0x7f, 0x8e,
    0x7a, 0x8, 0x3, 0xff, 0x9e, 0x2f, 0xb6, 0x80,
    0x1f, 0xfd, 0x4, 0xbd, 0x60, 0xf, 0xfe, 0x81,
    0x4f, 0xc9, 0x0, 0x7f, 0xf4, 0x1b, 0x6d, 0x40,
    0x3f, 0xfa, 0x9, 0x5c, 0xe2, 0x1, 0xff, 0xcf,
    0x18, 0xea, 0x30, 0xf, 0xfe, 0x82, 0xe6, 0x0,

    /* U+003D "=" */
    0xdf, 0xff, 0xfe, 0x87, 0x0, 0x7f, 0xff, 0xc0,
    0x3f, 0xff, 0xe0, 0x1f, 0xff, 0xf, 0xdd, 0xff,
    0xe8, 0x61, 0x17, 0xff, 0x48, 0x3, 0xff, 0xfe,
    0x1, 0xff, 0xff, 0x22, 0xff, 0xe9, 0x7e, 0xef,
    0xff, 0x43, 0x0, 0x3f, 0xff, 0xe0, 0x1f, 0xff,
    0xf0, 0xf, 0xff, 0x80,

    /* U+003E ">" */
    0x50, 0xf, 0xfe, 0x8d, 0xfc, 0x90, 0x7, 0xff,
    0x41, 0xb6, 0xd0, 0x3, 0xff, 0xa0, 0x97, 0xae,
    0x20, 0x1f, 0xfc, 0xf2, 0x8e, 0x93, 0x0, 0xff,
    0xe8, 0x36, 0x61, 0x40, 0x3f, 0xfa, 0x7, 0x5d,
    0x2, 0x1, 0xff, 0xcf, 0x17, 0xea, 0x30, 0xf,
    0xfe, 0x82, 0xe6, 0xb0, 0x7, 0xf9, 0x84, 0x3,
    0xff, 0x88, 0x53, 0xd0, 0x40, 0x1f, 0x47, 0x52,
    0x0, 0x7f, 0xf1, 0x5, 0xf6, 0xd0, 0x3, 0xe5,
    0xbe, 0x71, 0x0, 0xff, 0xe2, 0x25, 0xeb, 0x88,
    0x7, 0x86, 0x3a, 0xd0, 0x3, 0xff, 0x88, 0x51,
    0xd2, 0x40, 0x1f, 0x25, 0xf4, 0x8, 0x7, 0xff,
    0x11, 0xb4, 0x3, 0xf8, 0x5f, 0xad, 0x40, 0x3f,
    0xfa, 0x9, 0x5d, 0x4, 0x1, 0xff, 0xcf, 0x17,
    0xd5, 0x0, 0xff, 0xe7, 0x1c, 0xfa, 0x80, 0x7f,
    0xf3, 0x1b, 0x30, 0xc0, 0x1f, 0xfc, 0xb3, 0x9f,
    0x93, 0x0, 0xff, 0xe1, 0x88, 0x7, 0x85, 0xb7,
    0x18, 0x3, 0xff, 0x88, 0x53, 0xc0, 0x18, 0xeb,
    0xa4, 0x80, 0x3f, 0xf8, 0x8b, 0x9a, 0xc0, 0x1,
    0x7d, 0xc5, 0x0, 0xff, 0xe2, 0xb, 0xf5, 0x18,
    0x5, 0x3d, 0x4, 0x1, 0xff, 0xc4, 0x3a, 0xe8,
    0x10, 0xe, 0x70, 0xf, 0xfe, 0x2b, 0x66, 0x14,
    0x3, 0xff, 0x96, 0x31, 0xd2, 0x60, 0x1f, 0xfc,
    0xb4, 0xae, 0x71, 0x0, 0xff, 0xe5, 0xb6, 0xda,
    0x80, 0x7f, 0xf2, 0xca, 0x7e, 0x48, 0x3, 0xff,
    0x96, 0x97, 0xac, 0x1, 0xff, 0xcb, 0x17, 0xdb,
    0x40, 0xf, 0xfe, 0x59, 0xcf, 0x41, 0x0, 0x7f,
    0xf3, 0x37, 0x18, 0x3, 0xff, 0x9e,

    /* U+003F "?" */
    0x0, 0xfe, 0x38, 0xbd, 0xef, 0xf7, 0x5c, 0xa0,
    0x7, 0xff, 0x11, 0xfb, 0x1d, 0x8, 0x40, 0x2,
    0x8d, 0x7c, 0xe0, 0x1f, 0xfc, 0x4, 0xe8, 0x10,
    0xf, 0xf8, 0x63, 0x90, 0x3, 0xfa, 0x2c, 0x40,
    0x3f, 0xf8, 0x63, 0x6e, 0x1, 0xf4, 0xb8, 0x7,
    0xff, 0x1e, 0x1c, 0x3, 0xa1, 0x80, 0x3f, 0xf9,
    0x30, 0x80, 0x12, 0x38, 0x7, 0xff, 0x2e, 0x84,
    0x1, 0x40, 0x1f, 0xfc, 0xc1, 0x90, 0x51, 0x0,
    0xff, 0xe6, 0xb0, 0x2b, 0x80, 0x7f, 0x13, 0xd5,
    0xca, 0x0, 0x7f, 0x85, 0x2, 0x20, 0x1, 0xe1,
    0xad, 0x85, 0x46, 0xbb, 0x0, 0x7f, 0xb0, 0x0,
    0xf0, 0x1, 0x87, 0x14, 0x3, 0xc9, 0x40, 0x1f,
    0xc6, 0x1, 0x3c, 0x80, 0x58, 0x40, 0x1f, 0x94,
    0x40, 0x3f, 0x38, 0x6, 0x69, 0x8, 0x20, 0xf,
    0xf2, 0x80, 0x7f, 0xf0, 0x9a, 0xdc, 0x3, 0xfe,
    0x10, 0xf, 0xce, 0x1, 0xe4, 0x0, 0xff, 0xe0,
    0x38, 0x7, 0xe1, 0x0, 0xff, 0xe3, 0x19, 0x0,
    0x7e, 0xd0, 0xf, 0xfe, 0x28, 0xf0, 0x7, 0xf1,
    0x80, 0x7f, 0xf0, 0xc9, 0xfc, 0x80, 0x3f, 0xa,
    0x0, 0x7f, 0xd7, 0xff, 0x6c, 0x8, 0x7, 0xf3,
    0x0, 0x7f, 0xf0, 0x4, 0x3, 0xff, 0x84, 0x30,
    0x1, 0xff, 0xc0, 0x30, 0xf, 0xfe, 0x15, 0x0,
    0x7f, 0xf3, 0xe9, 0x0, 0x3f, 0xf8, 0x22, 0x1,
    0xff, 0xc0, 0xb5, 0x0, 0xff, 0xe1, 0x78, 0x7,
    0xf9, 0x35, 0x0, 0x3f, 0xf9, 0x87, 0x76, 0x20,
    0xf, 0xfe, 0x20, 0x80, 0x7c, 0x58, 0x80, 0x1f,
    0xfc, 0x63, 0x0, 0xf8, 0x40, 0x3f, 0xfa, 0xc,
    0x1, 0xff, 0xc8, 0x10, 0xf, 0x8c, 0x3, 0xff,
    0x90, 0xe0, 0x1f, 0x8, 0x7, 0xff, 0x20, 0xaa,
    0xbf, 0x0, 0x7f, 0xf2, 0x5, 0x57, 0xe2, 0x0,
    0xff, 0xff, 0x80, 0x7f, 0xf5, 0xd1, 0x94, 0x40,
    0x3f, 0xf9, 0x71, 0xf7, 0x35, 0xd4, 0x1, 0xff,
    0xc9, 0xa7, 0x0, 0xe5, 0xd0, 0xf, 0xfe, 0x3b,
    0x28, 0x7, 0xc5, 0x20, 0x1f, 0xfc, 0x6b, 0x0,
    0xfe, 0x61, 0x0, 0xff, 0xe2, 0x9, 0x0, 0x7f,
    0x94, 0x3, 0xff, 0x88, 0x60, 0x1f, 0xf1, 0x0,
    0x7f, 0xf1, 0xc, 0x3, 0xfe, 0x30, 0xf, 0xfe,
    0x20, 0x88, 0x3, 0xfc, 0x80, 0x1f, 0xfc, 0x59,
    0x0, 0xfe, 0x51, 0x0, 0xff, 0xe2, 0xb9, 0x80,
    0x7c, 0x36, 0x1, 0xff, 0xc7, 0xc5, 0x0, 0xe3,
    0xf1, 0x0, 0xff, 0xe4, 0x56, 0xcc, 0x4e, 0x60,
    0x40, 0x3f, 0x80,

    /* U+0040 "@" */
    0x0, 0xff, 0xe2, 0x92, 0xc5, 0x5d, 0xd5, 0x2e,
    0x82, 0x1, 0xff, 0xd1, 0x39, 0xed, 0xa7, 0x54,
    0x49, 0x5a, 0x2f, 0xb1, 0xc8, 0x3, 0xff, 0x98,
    0xbb, 0x8c, 0x20, 0x1f, 0xfc, 0x3, 0x8d, 0xa2,
    0x0, 0xff, 0xe4, 0x1e, 0xd1, 0x0, 0x7f, 0xf1,
    0x97, 0x60, 0x3, 0xff, 0x8d, 0x18, 0x40, 0x1f,
    0xfc, 0xa7, 0xd2, 0x0, 0xff, 0xe1, 0xe, 0x38,
    0x7, 0xff, 0x34, 0xb0, 0xc0, 0x3f, 0xf8, 0x5,
    0x86, 0x1, 0xff, 0xcf, 0x1c, 0x40, 0xf, 0xf0,
    0xf9, 0x0, 0x7f, 0x13, 0xd6, 0xf7, 0xfb, 0xb2,
    0x98, 0x80, 0x3f, 0xac, 0x80, 0x3f, 0xb4, 0x80,
    0x3f, 0x2e, 0x6c, 0x29, 0x8, 0x0, 0x4d, 0x67,
    0x6c, 0xc0, 0x3f, 0x78, 0x7, 0xe9, 0x30, 0xf,
    0x8f, 0x28, 0xc0, 0x3f, 0xf8, 0x9, 0x94, 0x1,
    0xf1, 0x40, 0x7, 0x8d, 0x80, 0x3e, 0x5c, 0x30,
    0xf, 0xfe, 0x22, 0xe0, 0x80, 0x79, 0xcc, 0x3,
    0xb8, 0x3, 0xe5, 0xa0, 0xf, 0xfe, 0x39, 0xe8,
    0x7, 0xd0, 0x1, 0x94, 0x80, 0x3c, 0x74, 0x1,
    0xc5, 0x1b, 0xfe, 0xeb, 0x61, 0x88, 0xf0, 0x1c,
    0x80, 0x79, 0x8, 0x2, 0x80, 0xf, 0xb8, 0x3,
    0xa3, 0x5c, 0x80, 0x2, 0x93, 0xee, 0xfe, 0x0,
    0x31, 0x0, 0x7a, 0x80, 0x6, 0x40, 0x1e, 0x72,
    0x0, 0xd6, 0xe0, 0x1f, 0x84, 0x3, 0xfa, 0x0,
    0x3c, 0xa0, 0xa, 0x0, 0xfa, 0x40, 0x35, 0xa0,
    0x7, 0xff, 0x1d, 0x44, 0x3, 0x88, 0x80, 0x80,
    0x1e, 0x41, 0x0, 0x99, 0x0, 0x3f, 0xf9, 0x28,
    0x1, 0xe4, 0x12, 0x0, 0xf6, 0x80, 0x43, 0x20,
    0x1f, 0xfc, 0xad, 0x0, 0xf7, 0xa8, 0x7, 0xca,
    0x1, 0x38, 0x7, 0x8e, 0xfb, 0x14, 0x3, 0xff,
    0x80, 0x80, 0x1e, 0x22, 0x0, 0x7c, 0x60, 0x16,
    0x80, 0x70, 0xe2, 0x9, 0xd2, 0x80, 0x7f, 0xc2,
    0x1, 0xe6, 0x10, 0xf, 0xf9, 0x40, 0x3a, 0x0,
    0x3a, 0x0, 0x3f, 0xe3, 0x0, 0xf1, 0xf8, 0x7,
    0x84, 0x3, 0x8, 0x7, 0x28, 0x7, 0x10, 0x7,
    0xfc, 0x20, 0x1f, 0xfc, 0x23, 0x0, 0xff, 0xe2,
    0x88, 0x7, 0xf8, 0x40, 0x3f, 0xf8, 0x46, 0x1,
    0xfe, 0x60, 0xe, 0x11, 0x0, 0x7f, 0x8c, 0x3,
    0xc7, 0xe0, 0x1e, 0x10, 0xc, 0x60, 0x1d, 0x20,
    0x1d, 0x20, 0x1f, 0xf0, 0x80, 0x78, 0x4c, 0x3,
    0xe2, 0x0, 0xac, 0x3, 0x8e, 0x0, 0x25, 0x70,
    0xf, 0xf9, 0x40, 0x3c, 0xcc, 0x0, 0xf9, 0x80,
    0x26, 0x0, 0xf3, 0xfe, 0xf5, 0x0, 0x7e, 0xcc,
    0xd0, 0x1, 0xed, 0x21, 0x0, 0xf6, 0x80, 0x43,
    0x0, 0x1f, 0x10, 0x80, 0x7f, 0x19, 0xe1, 0x0,
    0xf1, 0x82, 0x0, 0x79, 0xc0, 0x33, 0xa0, 0x7,
    0xff, 0x3c, 0x50, 0x3c, 0x3, 0xc2, 0x80, 0x1a,
    0x8c, 0x3, 0xff, 0x9c, 0xe0, 0x5, 0x0, 0xfa,
    0x0, 0x30, 0xe3, 0x0, 0x7e, 0x10, 0xf, 0xfe,
    0x25, 0x80, 0x4e, 0x1, 0xe3, 0x60, 0xe, 0x9d,
    0x72, 0x0, 0xa, 0x47, 0xa2, 0x7f, 0xf0, 0xe0,
    0x80, 0x29, 0x0, 0xfa, 0x4c, 0x3, 0x8a, 0x37,
    0xfd, 0xd6, 0xe3, 0x77, 0xff, 0xc3, 0x70, 0xc,
    0x30, 0x1, 0xf6, 0x98, 0x7, 0xff, 0x59, 0xc8,
    0x3, 0xc3, 0x8a, 0x1, 0xff, 0xc5, 0x89, 0x0,
    0xff, 0xe1, 0xf8, 0x7, 0xea, 0xb3, 0x0, 0xff,
    0xe0, 0xae, 0xbb, 0x48, 0x7, 0xff, 0x8, 0xa8,
    0x3, 0xf2, 0x66, 0x1c, 0x80, 0x3e, 0x47, 0xda,
    0x20, 0x3, 0x48, 0x7, 0xff, 0x9, 0x64, 0x3,
    0xf8, 0xe3, 0x7f, 0x73, 0x1b, 0xdf, 0x70, 0x40,
    0x1c, 0xd2, 0x1, 0xff, 0xc2, 0x69, 0x0, 0xff,
    0xe0, 0x11, 0x98, 0x84, 0x3, 0xfc, 0xd0, 0x1,
    0xff, 0xc2, 0x6b, 0x10, 0xf, 0xfe, 0x69, 0x50,
    0x7, 0xff, 0xd, 0x3d, 0x40, 0x3f, 0xf9, 0x6d,
    0xa4, 0x1, 0xff, 0xc4, 0x1a, 0xb3, 0x0, 0xff,
    0xe3, 0xa6, 0x48, 0x7, 0xff, 0x21, 0x33, 0xc,
    0x20, 0x1f, 0xfc, 0x11, 0x6d, 0xb3, 0x0, 0xff,
    0xe5, 0x9c, 0xf6, 0x42, 0x98, 0x80, 0x42, 0x6b,
    0x19, 0xd2, 0x40, 0x1f, 0xfc, 0x0,

    /* U+0041 "A" */
    0x0, 0xff, 0xe3, 0xc, 0x47, 0xe7, 0x0, 0xff,
    0xec, 0x4b, 0xbf, 0xe8, 0x50, 0xf, 0xfe, 0xbb,
    0x0, 0x7f, 0x70, 0x7, 0xff, 0x59, 0x4, 0x3,
    0xf9, 0x8, 0x3, 0xff, 0xab, 0xe0, 0x1f, 0xf5,
    0x0, 0x7f, 0xf5, 0x5, 0x0, 0x3f, 0xe6, 0x0,
    0xff, 0xea, 0x30, 0x7, 0xff, 0x0, 0x50, 0x3,
    0xff, 0xa7, 0x40, 0x1f, 0xfc, 0x1f, 0x0, 0xff,
    0xe9, 0x21, 0x0, 0x7f, 0xf0, 0x50, 0x40, 0x3f,
    0xfa, 0x3c, 0x1, 0xff, 0xc3, 0x60, 0xf, 0xfe,
    0x80, 0xa8, 0x7, 0xff, 0xe, 0x80, 0x3f, 0xfa,
    0xc, 0x1, 0xff, 0xc4, 0x24, 0x0, 0xff, 0xe7,
    0xd0, 0x7, 0xff, 0x17, 0x80, 0x3f, 0xf9, 0xc6,
    0x40, 0x1f, 0x88, 0x3, 0xf2, 0x88, 0x7, 0xff,
    0x36, 0x40, 0x3f, 0xc, 0x80, 0x7f, 0x38, 0x7,
    0xff, 0x30, 0x54, 0x3, 0xf3, 0x20, 0x80, 0x7e,
    0xb0, 0xf, 0xfe, 0x63, 0x80, 0x7f, 0x50, 0x38,
    0x7, 0xe2, 0x30, 0xf, 0xfe, 0x5d, 0x80, 0x7e,
    0x22, 0x5, 0x0, 0x7f, 0x50, 0x7, 0xff, 0x28,
    0xc8, 0x3, 0xf5, 0x0, 0xc, 0x40, 0x3f, 0x30,
    0x7, 0xff, 0x2a, 0x80, 0x3f, 0x98, 0x2, 0x60,
    0xf, 0xe5, 0x0, 0xff, 0xe4, 0xb0, 0x7, 0xe4,
    0x10, 0xa, 0x80, 0x3f, 0xa4, 0x3, 0xff, 0x90,
    0xc0, 0x1f, 0xdc, 0x1, 0x88, 0x80, 0x1f, 0x8c,
    0x80, 0x3f, 0xf8, 0xf4, 0x1, 0xfc, 0xa0, 0x1d,
    0x40, 0x1f, 0xd4, 0x1, 0xff, 0xc6, 0x23, 0x0,
    0xfc, 0xa0, 0x1e, 0x60, 0xf, 0xe6, 0x0, 0xff,
    0xe3, 0x58, 0x7, 0xf7, 0x0, 0x78, 0x50, 0x3,
    0xf0, 0xa8, 0x7, 0xff, 0x15, 0xc0, 0x3f, 0xa,
    0x0, 0x7d, 0xa0, 0x1f, 0xdc, 0x1, 0xff, 0xc4,
    0x51, 0x0, 0xfc, 0xe0, 0x1f, 0x98, 0x3, 0xf9,
    0x4, 0x3, 0xff, 0x87, 0x20, 0x1f, 0xd4, 0x1,
    0xfc, 0xa0, 0x1f, 0xcc, 0x1, 0xff, 0xc2, 0x23,
    0x0, 0xfc, 0x46, 0x1, 0xfd, 0xe0, 0x1f, 0xd4,
    0x1, 0xff, 0xc2, 0xa0, 0xf, 0xe7, 0x44, 0xff,
    0x8, 0x7, 0xf1, 0x20, 0x7, 0xff, 0x5, 0x80,
    0x3f, 0x96, 0xef, 0xfe, 0x0, 0xff, 0x70, 0x7,
    0xff, 0x1, 0x44, 0x3, 0xff, 0xa6, 0xa2, 0x1,
    0xff, 0x70, 0x7, 0xff, 0x55, 0x80, 0x3f, 0xc4,
    0x80, 0x1f, 0xfd, 0x5a, 0x0, 0xff, 0x50, 0x7,
    0xff, 0x58, 0x8c, 0x3, 0xf9, 0x80, 0x3f, 0xfa,
    0xf4, 0x1, 0xf9, 0x4, 0x3, 0xff, 0xae, 0xc0,
    0x1f, 0xbc, 0x3, 0xff, 0xb2, 0xc0, 0x1e, 0x14,
    0x0, 0xfe, 0xcf, 0xff, 0xfe, 0x29, 0x80, 0x7f,
    0x50, 0x7, 0x98, 0x3, 0xf8, 0x8c, 0x3, 0xff,
    0x8b, 0x40, 0x1f, 0xc6, 0x40, 0x1d, 0x40, 0x1f,
    0xd4, 0x1, 0xff, 0xc6, 0x60, 0xf, 0xf5, 0x0,
    0x64, 0x20, 0xf, 0xe6, 0x0, 0xff, 0xe3, 0xb0,
    0x7, 0xf3, 0x0, 0x6e, 0x0, 0xfe, 0x41, 0x0,
    0xff, 0xe3, 0xd0, 0x7, 0xf0, 0xa8, 0x0, 0x54,
    0x3, 0xfb, 0x80, 0x3f, 0xf9, 0x6, 0x40, 0x1f,
    0xdc, 0x0, 0x60, 0xf, 0xe1, 0x50, 0xf, 0xfe,
    0x4d, 0x0, 0x7f, 0x21, 0x5, 0x0, 0x7f, 0x38,
    0x7, 0xff, 0x29, 0x80, 0x3f, 0xd4,

    /* U+0042 "B" */
    0x8d, 0xdf, 0xfe, 0x46, 0x53, 0x98, 0x7, 0xf8,
    0x8b, 0xff, 0x92, 0x6b, 0x19, 0xd0, 0x20, 0x1f,
    0xfd, 0x41, 0x7f, 0x50, 0xf, 0xfe, 0xa8, 0xd4,
    0x80, 0x7f, 0xf5, 0x9a, 0x40, 0x3f, 0xfa, 0xcc,
    0xa0, 0x1f, 0xfd, 0x6b, 0x0, 0xff, 0xeb, 0xb,
    0x0, 0x7f, 0xf0, 0x2f, 0xff, 0xf6, 0x38, 0x7,
    0xfd, 0x40, 0x1f, 0xfc, 0x93, 0x8e, 0x20, 0xf,
    0xe3, 0x10, 0xf, 0xfe, 0x50, 0xf0, 0x7, 0xf8,
    0x80, 0x3f, 0xf9, 0x66, 0x40, 0x1f, 0xcc, 0x1,
    0xff, 0xcc, 0x70, 0xf, 0xff, 0x0, 0x80, 0x7f,
    0xf3, 0x18, 0x3, 0xf9, 0x80, 0x3f, 0xf9, 0x62,
    0x60, 0x1f, 0x84, 0x80, 0x3f, 0xf9, 0x76, 0x1,
    0xfc, 0xc0, 0x1f, 0xfc, 0xa2, 0xb5, 0x0, 0xfe,
    0x90, 0xf, 0xfe, 0x7, 0xd5, 0x7d, 0x7b, 0xa4,
    0x0, 0xfe, 0x91, 0x0, 0xff, 0xe0, 0x22, 0xaf,
    0xc8, 0x40, 0x1f, 0xe7, 0x60, 0xf, 0xfe, 0xa4,
    0xc0, 0x7, 0xff, 0x53, 0x18, 0x3, 0xff, 0xab,
    0x8e, 0x1, 0xff, 0xd6, 0x8b, 0x0, 0xff, 0xeb,
    0x26, 0x0, 0x7f, 0xf5, 0x8e, 0x40, 0x3f, 0xf8,
    0x17, 0xff, 0xfb, 0xb1, 0x80, 0x3f, 0xcc, 0x80,
    0x1f, 0xfc, 0x81, 0x39, 0xd1, 0x0, 0xfe, 0x80,
    0xf, 0xfe, 0x59, 0x68, 0x7, 0xf1, 0x98, 0x3,
    0xff, 0x96, 0x6c, 0x1, 0xfd, 0x60, 0x1f, 0xfc,
    0xcd, 0x0, 0xfe, 0x30, 0xf, 0xfe, 0x63, 0x0,
    0x7f, 0x30, 0x7, 0xff, 0x30, 0xc0, 0x3f, 0x8c,
    0x3, 0xff, 0x98, 0x40, 0x1f, 0xc6, 0x1, 0xff,
    0xcc, 0xb0, 0xf, 0xe1, 0x0, 0xff, 0xe5, 0x8b,
    0x80, 0x7f, 0x28, 0x7, 0xff, 0x28, 0x70, 0x3,
    0xfd, 0x80, 0x1f, 0xfc, 0x81, 0x6f, 0x20, 0xf,
    0xf2, 0x80, 0x7f, 0xab, 0x77, 0xf7, 0x72, 0x44,
    0x3, 0xfc, 0xc0, 0x1f, 0xf0, 0x91, 0x7e, 0x10,
    0xf, 0xfe, 0xc, 0x0, 0x7f, 0xf5, 0x68, 0x40,
    0x3f, 0xfa, 0x8e, 0xa0, 0x1f, 0xfd, 0x48, 0x80,
    0x7, 0xff, 0x4c, 0xad, 0xc0, 0x3f, 0xfa, 0x45,
    0x3a, 0x80, 0x1f, 0xfc, 0xe1, 0x35, 0x8d, 0xd3,
    0x0, 0x7c,

    /* U+0043 "C" */
    0x0, 0xff, 0xe2, 0x9b, 0xd6, 0x77, 0xfd, 0xdb,
    0x72, 0xc4, 0x1, 0xff, 0xcc, 0x4a, 0xfc, 0x85,
    0x31, 0x0, 0x84, 0x91, 0xa7, 0x7a, 0x8, 0x3,
    0xff, 0x8e, 0xbb, 0x6a, 0x1, 0xff, 0xc3, 0x17,
    0xdb, 0x30, 0xf, 0xfe, 0x19, 0xe5, 0x10, 0x7,
    0xff, 0x21, 0x32, 0x84, 0x3, 0xff, 0x80, 0xf8,
    0x60, 0x1f, 0xfc, 0xc5, 0xf4, 0x0, 0xff, 0x5c,
    0x0, 0x7f, 0xf3, 0xc6, 0xdc, 0x3, 0xf6, 0x20,
    0x7, 0xff, 0x4a, 0x14, 0x3, 0xd8, 0x60, 0x1f,
    0xfd, 0x35, 0x50, 0x7, 0x51, 0x80, 0x7f, 0xf4,
    0xd6, 0x80, 0x39, 0x94, 0x3, 0xff, 0x82, 0x4d,
    0x37, 0x98, 0xb9, 0x51, 0x0, 0xfc, 0x94, 0x1,
    0xc5, 0x20, 0x1f, 0xfc, 0x5, 0xdd, 0x4b, 0x21,
    0x99, 0x1a, 0xba, 0x88, 0x3, 0x92, 0xc0, 0x3d,
    0x20, 0x1f, 0xf1, 0x65, 0x10, 0x7, 0xf9, 0x76,
    0x40, 0x24, 0xb0, 0xf, 0x22, 0x0, 0x3f, 0xc7,
    0xa6, 0x1, 0xff, 0xc2, 0x6c, 0x13, 0xb0, 0xf,
    0xa0, 0x3, 0xfc, 0x78, 0x1, 0xff, 0xc5, 0x3c,
    0xc0, 0x7, 0xc6, 0x60, 0xf, 0xe1, 0xd0, 0xf,
    0xfe, 0x39, 0x0, 0x7e, 0xa0, 0xf, 0xf4, 0x8,
    0x7, 0xff, 0x41, 0xc0, 0x3f, 0x89, 0x80, 0x3f,
    0xfa, 0x4, 0x20, 0x1f, 0xd6, 0x1, 0xff, 0xd1,
    0x40, 0xf, 0xf3, 0x80, 0x7f, 0xf4, 0x7c, 0x3,
    0xf8, 0x84, 0x3, 0xff, 0xa2, 0x40, 0x1f, 0xce,
    0x1, 0xff, 0xd2, 0x60, 0xf, 0xed, 0x0, 0xff,
    0xe9, 0x18, 0x7, 0xf0, 0x80, 0x7f, 0xf4, 0x84,
    0x3, 0xf8, 0xc0, 0x3f, 0xfa, 0x42, 0x1, 0xfc,
    0x60, 0x1f, 0xfd, 0xc1, 0x0, 0xff, 0xe9, 0x10,
    0x7, 0xf7, 0x0, 0x7f, 0xf4, 0x98, 0x3, 0xf8,
    0x80, 0x3f, 0xfa, 0x44, 0x1, 0xfc, 0x80, 0x1f,
    0xfd, 0x2c, 0x0, 0xff, 0x20, 0x7, 0xff, 0x45,
    0x0, 0x3f, 0xdc, 0x1, 0xff, 0xd2, 0x40, 0xf,
    0xe5, 0x20, 0xf, 0xfe, 0x8e, 0x80, 0x7f, 0xa4,
    0x3, 0xff, 0xa2, 0xc0, 0x1f, 0xe4, 0x60, 0xf,
    0xfe, 0x8b, 0x80, 0x7f, 0xa5, 0x0, 0x3f, 0xf8,
    0xcb, 0x0, 0x1f, 0xa4, 0x40, 0x3f, 0xd6, 0xc0,
    0x1f, 0xfc, 0x47, 0xa7, 0x80, 0xf, 0x86, 0x0,
    0x3f, 0xe9, 0xa2, 0x0, 0xff, 0xe0, 0x1e, 0x40,
    0x1, 0xe0, 0x3, 0xe6, 0x30, 0xf, 0xf9, 0x76,
    0x94, 0x3, 0xe1, 0x5b, 0xc3, 0x0, 0xcf, 0x0,
    0x1f, 0x68, 0x80, 0x7f, 0xf0, 0x16, 0xbf, 0x72,
    0xed, 0x9d, 0xca, 0x40, 0xf, 0x9d, 0xc0, 0x1e,
    0x1a, 0x0, 0xff, 0xe1, 0x91, 0xa2, 0xc, 0x40,
    0x3f, 0xe8, 0x70, 0xf, 0x25, 0x0, 0x7f, 0xf5,
    0x21, 0xc0, 0x3c, 0xb4, 0x1, 0xff, 0xd4, 0x20,
    0xf, 0x97, 0x4, 0x3, 0xff, 0xa0, 0x38, 0xa0,
    0x1f, 0x8f, 0xd4, 0x3, 0xff, 0x9c, 0xbe, 0x60,
    0x1f, 0xe1, 0xab, 0x20, 0xf, 0xfe, 0x51, 0x5d,
    0x8, 0x7, 0xff, 0x5, 0x36, 0x8c, 0x3, 0xff,
    0x8c, 0x97, 0xa8, 0x1, 0xff, 0xc5, 0x5c, 0xd8,
    0x40, 0xf, 0xf8, 0x52, 0x3a, 0xd0, 0x3, 0xff,
    0x92, 0x4f, 0x7f, 0xb7, 0x31, 0x14, 0xca, 0xf7,
    0xad, 0xc4, 0x3, 0xf0,

    /* U+0044 "D" */
    0x8d, 0xdf, 0xfe, 0x36, 0x5d, 0x42, 0x90, 0x7,
    0xff, 0x18, 0x8b, 0xff, 0x8e, 0x68, 0xaf, 0x5b,
    0xd2, 0x80, 0x1f, 0xfd, 0xc1, 0x6b, 0xd6, 0x0,
    0xff, 0xee, 0x94, 0xf2, 0x80, 0x7f, 0xf7, 0x46,
    0xac, 0x40, 0x3f, 0xfb, 0xa9, 0xe6, 0x1, 0xff,
    0xdd, 0x1c, 0x50, 0xf, 0xfe, 0xf5, 0x20, 0x7,
    0xff, 0x7a, 0xcc, 0x3, 0xff, 0x87, 0x3f, 0xff,
    0xbb, 0x6d, 0x88, 0x3, 0xff, 0x83, 0xc2, 0x1,
    0xff, 0xcb, 0x12, 0x49, 0xdb, 0x30, 0xf, 0xf8,
    0xa0, 0x3, 0xff, 0xa0, 0x99, 0x20, 0x1f, 0xf3,
    0x18, 0x7, 0xff, 0x45, 0xb0, 0x40, 0x3f, 0xde,
    0x1, 0xff, 0xd2, 0x3d, 0x0, 0xff, 0x19, 0x80,
    0x3f, 0xfa, 0x47, 0x20, 0x1f, 0xe9, 0x0, 0xff,
    0xe9, 0xb1, 0x0, 0x7f, 0x28, 0x7, 0xff, 0x52,
    0x0, 0x3f, 0xca, 0x1, 0xff, 0xd3, 0x51, 0x0,
    0xfe, 0xc0, 0xf, 0xfe, 0xa2, 0x80, 0x7f, 0x28,
    0x7, 0xff, 0x53, 0x40, 0x3f, 0x88, 0x3, 0xff,
    0xa8, 0x40, 0x1f, 0xc2, 0x20, 0xf, 0xfe, 0x9b,
    0x80, 0x7f, 0x8c, 0x3, 0xff, 0xa6, 0x20, 0x1f,
    0xff, 0xf0, 0xf, 0xf0, 0x80, 0x7f, 0xf7, 0x9c,
    0x3, 0xfc, 0x60, 0x1f, 0xfd, 0x32, 0x0, 0xff,
    0x8, 0x7, 0xff, 0x4f, 0x0, 0x3f, 0x8c, 0x3,
    0xff, 0xa8, 0x80, 0x1f, 0xca, 0x1, 0xff, 0xd3,
    0x41, 0x0, 0xfe, 0xc0, 0xf, 0xfe, 0x9c, 0x0,
    0x7f, 0x90, 0x3, 0xff, 0xa4, 0xa6, 0x1, 0xfc,
    0x82, 0x1, 0xff, 0xd1, 0x2a, 0x0, 0xff, 0x78,
    0x7, 0xff, 0x44, 0x7c, 0x3, 0xfc, 0x48, 0x1,
    0xff, 0xd0, 0x3f, 0x20, 0xf, 0xf4, 0x0, 0x7f,
    0xf3, 0xca, 0xb0, 0x40, 0x3f, 0xc8, 0xa0, 0x1f,
    0xfc, 0xc3, 0x7b, 0xd5, 0x0, 0xff, 0x86, 0x40,
    0x3f, 0xf8, 0x51, 0xdd, 0xfb, 0xfd, 0x90, 0x80,
    0x1f, 0xfc, 0x1a, 0x20, 0xf, 0xfe, 0x10, 0x8f,
    0xf0, 0x7, 0xff, 0x16, 0x10, 0x3, 0xff, 0xb9,
    0xe, 0x1, 0xff, 0xdc, 0xa7, 0x0, 0xff, 0xed,
    0x96, 0x28, 0x7, 0xff, 0x6d, 0xf4, 0xc0, 0x3f,
    0xfb, 0x4d, 0xb0, 0x1, 0xff, 0xd9, 0x38, 0xe9,
    0x20, 0xf, 0xfe, 0xa0, 0x92, 0x3d, 0x76, 0x38,
    0x80, 0x7f, 0xf0, 0x80,

    /* U+0045 "E" */
    0x7b, 0xbf, 0xfe, 0x9a, 0xea, 0x27, 0xff, 0x4c,
    0x80, 0x3f, 0xff, 0xe0, 0x1f, 0xff, 0xf0, 0xf,
    0xff, 0xf8, 0x7, 0xff, 0x12, 0x7f, 0xff, 0xf9,
    0x2e, 0x1, 0xff, 0xff, 0x0, 0xff, 0xff, 0x80,
    0x7f, 0xff, 0xc0, 0x3f, 0xfc, 0xb8, 0xef, 0xff,
    0xc7, 0x30, 0xf, 0xfe, 0x2, 0xc4, 0x7f, 0xf1,
    0xe8, 0x3, 0xff, 0xfe, 0x1, 0xff, 0xff, 0x0,
    0xff, 0xff, 0x80, 0x7f, 0xf1, 0xa7, 0xff, 0xff,
    0x8f, 0x20, 0x1f, 0xff, 0xf0, 0xf, 0xff, 0xf8,
    0x7, 0xff, 0xfc, 0x3, 0xff, 0xfe, 0x1, 0xfd,
    0x79, 0x9f, 0xfc, 0x99, 0x0, 0xff, 0x11, 0x9f,
    0xff, 0x25, 0x40, 0x3f, 0xff, 0xe0, 0x1f, 0xff,
    0xf0, 0xf, 0xff, 0xf8, 0x7, 0x80,

    /* U+0046 "F" */
    0x7b, 0xbf, 0xfe, 0x93, 0xea, 0x27, 0xff, 0x4b,
    0x40, 0x3f, 0xff, 0xe0, 0x1f, 0xff, 0xf0, 0xf,
    0xff, 0xf8, 0x7, 0xf4, 0xff, 0xff, 0xf2, 0x28,
    0x3, 0xff, 0xfe, 0x1, 0xff, 0xff, 0x0, 0xff,
    0xff, 0x80, 0x7f, 0xff, 0x6e, 0xff, 0xf9, 0xc,
    0x1, 0xff, 0x12, 0x27, 0xff, 0x1f, 0x0, 0x3f,
    0xff, 0xe0, 0x1f, 0xff, 0xf0, 0xf, 0xff, 0xf8,
    0x7, 0xfa, 0x7f, 0xff, 0xf8, 0xf4, 0x1, 0xff,
    0xff, 0x0, 0xff, 0xff, 0x80, 0x7f, 0xff, 0xc0,
    0x3f, 0xff, 0xe0, 0x1f, 0xff, 0xf0, 0xf, 0xff,
    0xf8, 0x7, 0xff, 0xfc, 0x3, 0xff, 0x90,

    /* U+0047 "G" */
    0x0, 0xff, 0xe2, 0x8a, 0xcd, 0xef, 0x7f, 0xdd,
    0x95, 0x8, 0x1, 0xff, 0xd2, 0x17, 0xde, 0xa6,
    0x42, 0x10, 0x8, 0x4d, 0x5e, 0xfe, 0xd8, 0x3,
    0xff, 0x9a, 0x55, 0xd0, 0x40, 0x1f, 0xfc, 0x34,
    0x9f, 0x81, 0x0, 0xff, 0xe4, 0xc, 0xea, 0x80,
    0x7f, 0xf2, 0x5f, 0x9c, 0x3, 0xff, 0x8c, 0x7e,
    0xc0, 0x1f, 0xfc, 0xd8, 0xc2, 0x0, 0xff, 0xe1,
    0xbe, 0x8, 0x7, 0xff, 0x3c, 0xf1, 0x0, 0x3f,
    0xf8, 0x33, 0x0, 0x1f, 0xfd, 0x21, 0xb5, 0x0,
    0xff, 0xa5, 0x80, 0x3f, 0xfa, 0xb4, 0x80, 0x1f,
    0xce, 0xc0, 0x1f, 0xfe, 0x4, 0x80, 0xf, 0xfe,
    0x8, 0xac, 0x5e, 0x62, 0xe5, 0x88, 0x3, 0xff,
    0x81, 0x68, 0x1, 0xf0, 0xd0, 0x7, 0xff, 0x0,
    0xef, 0xa9, 0xd0, 0xcc, 0x8d, 0x3b, 0xa6, 0x0,
    0xfe, 0xa4, 0x0, 0xfd, 0x2, 0x1, 0xfe, 0x1a,
    0xc4, 0x0, 0xff, 0x14, 0xe9, 0x80, 0x7a, 0x54,
    0x3, 0xf1, 0xb0, 0x7, 0xf8, 0xb1, 0x40, 0x3f,
    0xf8, 0x45, 0x8c, 0x1, 0xa5, 0x80, 0x3f, 0xa4,
    0x3, 0xfc, 0x58, 0x40, 0x1f, 0xfc, 0x59, 0x70,
    0x4, 0x30, 0x7, 0xf1, 0x28, 0x7, 0xfb, 0xc4,
    0x3, 0xff, 0x8f, 0xa, 0xee, 0x0, 0xff, 0x50,
    0x7, 0xfa, 0x8, 0x3, 0xff, 0x93, 0x50, 0x1,
    0xff, 0x30, 0x7, 0xf0, 0xb8, 0x7, 0xff, 0x58,
    0x84, 0x3, 0xfa, 0x40, 0x3f, 0xfa, 0xe8, 0x1,
    0xfe, 0x50, 0xf, 0xfe, 0xbf, 0x80, 0x7f, 0x11,
    0x0, 0x3f, 0xfa, 0xe4, 0x1, 0xfc, 0xe0, 0x1f,
    0xfd, 0x86, 0x0, 0xfe, 0xd0, 0xf, 0xf8, 0xff,
    0xff, 0xf9, 0x70, 0x60, 0x1f, 0xc2, 0x1, 0xff,
    0xd8, 0x10, 0xf, 0xe3, 0x0, 0xff, 0xeb, 0xf8,
    0x80, 0x7f, 0x18, 0x7, 0xff, 0x5c, 0x40, 0x3f,
    0xc2, 0x1, 0xff, 0xd7, 0x32, 0x0, 0xfe, 0xe0,
    0xf, 0xfe, 0xb8, 0xb0, 0x7, 0xf1, 0x0, 0x7f,
    0xf5, 0xd8, 0x80, 0x3f, 0x90, 0x3, 0xff, 0xae,
    0x58, 0x1, 0xfe, 0x40, 0xf, 0xf0, 0xa2, 0x7f,
    0xf0, 0xc, 0x3, 0xf8, 0x81, 0x0, 0x3f, 0xde,
    0x1, 0xfe, 0x2b, 0xbf, 0xfe, 0x2, 0x80, 0x7f,
    0x38, 0x1, 0x0, 0x3f, 0x90, 0x80, 0x3f, 0xf9,
    0x4e, 0x1, 0xfd, 0xe0, 0xe, 0x0, 0xff, 0x48,
    0x7, 0xff, 0x25, 0x84, 0x3, 0xf9, 0x0, 0xa,
    0x20, 0x1f, 0xc8, 0xe0, 0x1f, 0xfc, 0x71, 0x80,
    0xf, 0xe3, 0x10, 0xa, 0x40, 0x3f, 0xd0, 0xa0,
    0x1f, 0xfc, 0x6a, 0x10, 0xf, 0xe9, 0x0, 0xcc,
    0x20, 0x1f, 0xea, 0x70, 0xf, 0xfe, 0x25, 0xa0,
    0x7, 0xf0, 0xa8, 0x6, 0x18, 0x0, 0xff, 0xa2,
    0xc8, 0x3, 0xff, 0x80, 0x9a, 0x80, 0x1f, 0xe8,
    0x0, 0xf3, 0x20, 0x7, 0xfc, 0x9b, 0x4a, 0x20,
    0x1e, 0x26, 0xcb, 0x20, 0xf, 0xf1, 0x30, 0x7,
    0xd4, 0x20, 0x1f, 0xfc, 0x5, 0xae, 0xdc, 0xbc,
    0xc7, 0xec, 0x98, 0x7, 0xff, 0x3, 0x80, 0x3f,
    0xe, 0x80, 0x7f, 0xf0, 0xc8, 0xd0, 0xcc, 0x1,
    0xff, 0xc3, 0x83, 0x0, 0xfe, 0x3b, 0x0, 0xff,
    0xea, 0xab, 0x80, 0x7f, 0xc9, 0x80, 0x1f, 0xfd,
    0x34, 0xa0, 0xf, 0xfe, 0x9, 0xe9, 0x0, 0x7f,
    0xf4, 0x1a, 0xc0, 0x3f, 0xf8, 0x65, 0xac, 0x1,
    0xff, 0xcd, 0x19, 0x90, 0x7, 0xff, 0x1a, 0x70,
    0xc0, 0x3f, 0xf9, 0x4b, 0xec, 0x1, 0xff, 0xc8,
    0x3c, 0xb4, 0x0, 0xff, 0xe3, 0x36, 0xd0, 0x80,
    0x7f, 0xf2, 0xd2, 0xfa, 0x10, 0x3, 0xfe, 0x15,
    0xaf, 0x92, 0x0, 0xff, 0xe7, 0x8b, 0xdf, 0xed,
    0xcc, 0x45, 0x35, 0x9f, 0xd4, 0xa0, 0x1f, 0xfc,
    0x30,

    /* U+0048 "H" */
    0x47, 0x7f, 0xe2, 0x0, 0xff, 0xe2, 0xa3, 0xbf,
    0xf1, 0xf4, 0x47, 0xf2, 0x0, 0x7f, 0xf1, 0x7e,
    0x23, 0xf9, 0x0, 0x3f, 0xff, 0xe0, 0x1f, 0xff,
    0xf0, 0xf, 0xff, 0xf8, 0x7, 0xff, 0xfc, 0x3,
    0xff, 0xfe, 0x1, 0xff, 0xff, 0x0, 0xff, 0xff,
    0x80, 0x7f, 0xff, 0xc0, 0x3f, 0xfa, 0xd7, 0x99,
    0xff, 0xc5, 0x50, 0xf, 0xfe, 0x41, 0x19, 0xff,
    0xf1, 0x44, 0x3, 0xff, 0xfe, 0x1, 0xff, 0xff,
    0x0, 0xff, 0xff, 0x80, 0x7f, 0xfe, 0x27, 0xff,
    0xff, 0x8a, 0x80, 0x1f, 0xff, 0xf0, 0xf, 0xff,
    0xf8, 0x7, 0xff, 0xfc, 0x3, 0xff, 0xfe, 0x1,
    0xff, 0xff, 0x0, 0xff, 0xff, 0x80, 0x7f, 0xff,
    0xc0, 0x3f, 0xff, 0xe0, 0x1f, 0xff, 0xf0, 0xf,
    0xfe, 0xc8,

    /* U+0049 "I" */
    0x47, 0x7f, 0xe2, 0xe8, 0x8f, 0xe4, 0x0, 0xff,
    0xff, 0x80, 0x7f, 0xff, 0xc0, 0x3f, 0xff, 0xe0,
    0x1f, 0xff, 0xf0, 0xf, 0xff, 0xf8, 0x7, 0xff,
    0xfc, 0x3, 0xff, 0xac,

    /* U+004A "J" */
    0x0, 0xff, 0xe4, 0x2c, 0x47, 0xf1, 0x80, 0x7f,
    0xf2, 0x39, 0xdf, 0xf9, 0x40, 0x3f, 0xff, 0xe0,
    0x1f, 0xff, 0xf0, 0xf, 0xff, 0xf8, 0x7, 0xff,
    0xfc, 0x3, 0xff, 0xfe, 0x1, 0xff, 0xff, 0x0,
    0xff, 0xff, 0x80, 0x7f, 0xff, 0xc0, 0x3f, 0xff,
    0xe0, 0x1f, 0xff, 0xf0, 0xf, 0xff, 0xf8, 0x7,
    0xff, 0xf4, 0xc0, 0x3f, 0xf9, 0xe, 0x1, 0xff,
    0xd2, 0x20, 0xf, 0xe6, 0x0, 0xff, 0xe3, 0x98,
    0x80, 0x7f, 0x10, 0x7, 0x86, 0xc4, 0x3, 0xfd,
    0x0, 0x1f, 0xc2, 0x20, 0xe, 0x1c, 0x4c, 0x20,
    0xf, 0xce, 0x80, 0x1f, 0xc8, 0x1, 0xc3, 0x84,
    0x5, 0xae, 0x20, 0x18, 0xaa, 0x0, 0x3f, 0xde,
    0x1, 0x87, 0x8, 0x3, 0x47, 0x6d, 0xe7, 0x6a,
    0x80, 0x7f, 0x85, 0x40, 0x22, 0xf2, 0x0, 0xf8,
    0x90, 0xc4, 0x3, 0xff, 0x81, 0x20, 0x11, 0x60,
    0x80, 0x7f, 0xf2, 0xc9, 0xc0, 0x2f, 0x10, 0xf,
    0xfe, 0x67, 0x0, 0x69, 0x0, 0xff, 0xe6, 0x51,
    0x80, 0x64, 0xb0, 0xf, 0xfe, 0x55, 0x28, 0x7,
    0x93, 0x48, 0x3, 0xff, 0x8c, 0x58, 0xa0, 0x1f,
    0x8b, 0x60, 0x3, 0xff, 0x86, 0x2f, 0xa6, 0x1,
    0xff, 0x3f, 0xc9, 0x80, 0x7f, 0x92, 0x7a, 0x0,
    0x3f, 0xf8, 0x6d, 0x9f, 0x95, 0x11, 0x4d, 0x6f,
    0xdb, 0x0, 0x7f, 0x80,

    /* U+004B "K" */
    0x47, 0x7f, 0xe2, 0x0, 0xff, 0xe2, 0x3b, 0xff,
    0xf0, 0x8, 0x3a, 0x23, 0xf9, 0x0, 0x3f, 0xf8,
    0x75, 0x11, 0xff, 0x61, 0x0, 0x7f, 0xf3, 0x9d,
    0x40, 0x3f, 0xc5, 0x60, 0x1f, 0xfc, 0xe4, 0x80,
    0xf, 0xf0, 0xe0, 0x7, 0xff, 0x38, 0xac, 0x3,
    0xfe, 0xd1, 0x0, 0xff, 0xe6, 0x8f, 0x80, 0x7f,
    0xd4, 0x60, 0x1f, 0xfc, 0xea, 0x20, 0xf, 0xf4,
    0x28, 0x7, 0xff, 0x3a, 0x50, 0x3, 0xfc, 0xae,
    0x1, 0xff, 0xce, 0x66, 0x0, 0x7f, 0x8e, 0x80,
    0x3f, 0xf9, 0xc7, 0x20, 0x1f, 0xe2, 0xd0, 0xf,
    0xfe, 0x70, 0xe8, 0x7, 0xf8, 0x7c, 0x40, 0x3f,
    0xf9, 0xda, 0x20, 0x1f, 0xea, 0x20, 0xf, 0xfe,
    0x75, 0x18, 0x7, 0xfa, 0x50, 0x3, 0xff, 0x9c,
    0xea, 0x1, 0xfe, 0x76, 0x0, 0xff, 0xe7, 0x24,
    0x0, 0x7f, 0x92, 0x0, 0x3f, 0xf9, 0xc5, 0x60,
    0x1f, 0xe2, 0xb0, 0xf, 0xfe, 0x7f, 0x80, 0x7f,
    0x87, 0x0, 0x3f, 0xf9, 0xf6, 0x40, 0x1f, 0xed,
    0x10, 0xf, 0xfe, 0x74, 0x20, 0x7, 0xfa, 0x8c,
    0x3, 0xff, 0x9c, 0xae, 0x1, 0xfe, 0x85, 0x0,
    0xff, 0xe7, 0x7d, 0x0, 0x7f, 0x95, 0xc0, 0x3f,
    0xf9, 0xec, 0x1, 0xfe, 0x3a, 0x0, 0xff, 0xed,
    0xa0, 0x7, 0xff, 0x71, 0xd0, 0x3, 0xff, 0xa1,
    0x4, 0x1, 0xfe, 0xa2, 0x0, 0xff, 0xe7, 0x8f,
    0x0, 0x7f, 0x87, 0xc0, 0x3f, 0xfa, 0x7, 0x20,
    0x1f, 0xe2, 0xa0, 0xf, 0xfe, 0x83, 0x30, 0x3,
    0xfc, 0xae, 0x1, 0xff, 0xd0, 0x92, 0x0, 0xff,
    0x42, 0x0, 0x7f, 0xf4, 0x3c, 0x40, 0x3f, 0xd4,
    0x20, 0x1f, 0xfc, 0xf2, 0xa0, 0xf, 0xf0, 0xe8,
    0x7, 0xff, 0x41, 0x1c, 0x3, 0xfc, 0x74, 0x1,
    0xff, 0xd0, 0x84, 0x0, 0xff, 0x2b, 0x0, 0x7f,
    0xf4, 0x28, 0x40, 0x3f, 0xd2, 0x60, 0x1f, 0xfc,
    0xf1, 0xd0, 0xf, 0xfb, 0x44, 0x3, 0xff, 0x9e,
    0x72, 0x1, 0xfe, 0x1d, 0x0, 0xff, 0xe8, 0x32,
    0x80, 0x7f, 0x8e, 0x40, 0x3f, 0xfa, 0x14, 0x40,
    0x1f, 0xe6, 0x60, 0x7, 0xff, 0x43, 0xc0, 0x3f,
    0xe9, 0x30, 0xf, 0xfe, 0x79, 0x50, 0x7, 0xfd,
    0xa2, 0x1, 0xff, 0xcf, 0x56, 0x0, 0xff, 0xe,
    0x80, 0x7f, 0xf4, 0x24, 0xc0, 0x3f, 0xc7, 0x20,
    0x1f, 0xfd, 0xd, 0x10, 0xf, 0xf3, 0x28, 0x7,
    0xff, 0x3c, 0x68, 0x3, 0xfe, 0xa3, 0x0, 0xff,
    0xe7, 0xa4, 0x0, 0x7f, 0xda, 0x20, 0x1f, 0xfc,
    0xf7, 0x40, 0xf, 0xf0, 0xd0, 0x0,

    /* U+004C "L" */
    0x58, 0x8f, 0xe3, 0x0, 0xff, 0xe4, 0x7b, 0xbf,
    0xf2, 0x80, 0x7f, 0xff, 0xc0, 0x3f, 0xff, 0xe0,
    0x1f, 0xff, 0xf0, 0xf, 0xff, 0xf8, 0x7, 0xff,
    0xfc, 0x3, 0xff, 0xfe, 0x1, 0xff, 0xff, 0x0,
    0xff, 0xff, 0x80, 0x7f, 0xff, 0xc0, 0x3f, 0xff,
    0xe0, 0x1f, 0xff, 0xf0, 0xf, 0xff, 0xf8, 0x7,
    0xff, 0xfc, 0x3, 0xff, 0xfe, 0x1, 0xff, 0xf5,
    0x8e, 0xef, 0xfe, 0x3b, 0x0, 0x7f, 0x84, 0x7f,
    0xf9, 0x20, 0x1f, 0xff, 0xf0, 0xf, 0xff, 0xf8,
    0x7, 0xff, 0xdc,

    /* U+004D "M" */
    0x47, 0x7f, 0x20, 0x7, 0xff, 0x4d, 0x5d, 0xfc,
    0x9d, 0x11, 0xeb, 0x20, 0xf, 0xfe, 0x89, 0xd4,
    0x47, 0xb8, 0x3, 0xf7, 0x0, 0x7f, 0xf4, 0x78,
    0x3, 0xff, 0x88, 0x6c, 0x1, 0xff, 0xcf, 0x72,
    0x0, 0xff, 0xe2, 0xc0, 0x80, 0x7f, 0xf3, 0x4a,
    0x0, 0x3f, 0xf8, 0xc3, 0x60, 0x1f, 0xfc, 0xde,
    0x0, 0xff, 0xe4, 0x2a, 0x0, 0x7f, 0xf2, 0xd8,
    0xc0, 0x3f, 0xf9, 0x34, 0x1, 0xff, 0xca, 0x18,
    0x0, 0xff, 0xe5, 0xc, 0x80, 0x7f, 0xf2, 0x6c,
    0x40, 0x3f, 0xf9, 0x6c, 0x60, 0x1f, 0xfc, 0x74,
    0x50, 0xf, 0xfe, 0x6f, 0x0, 0x7f, 0xf1, 0xe8,
    0x3, 0xff, 0x9c, 0x4e, 0x1, 0xff, 0xc5, 0x91,
    0x0, 0xff, 0xe7, 0xc1, 0x0, 0x7f, 0xf0, 0xcd,
    0x80, 0x3f, 0xfa, 0x3c, 0x1, 0xff, 0xc3, 0xe0,
    0xf, 0xfe, 0x91, 0xb0, 0x7, 0xff, 0x5, 0xc8,
    0x3, 0xff, 0xa7, 0x2, 0x1, 0xff, 0x14, 0x0,
    0x7f, 0xf5, 0x6, 0xc0, 0x3f, 0xee, 0x0, 0xff,
    0xeb, 0x2a, 0x0, 0x7f, 0x31, 0x80, 0x7f, 0xf5,
    0xe8, 0x3, 0xf0, 0xc0, 0x7, 0xff, 0x60, 0x64,
    0x3, 0xeb, 0x10, 0xf, 0xfe, 0xcb, 0x18, 0x7,
    0x22, 0x80, 0x7f, 0xf4, 0x58, 0x3, 0xfb, 0x80,
    0x3a, 0x80, 0x3f, 0x98, 0x3, 0xff, 0x91, 0x8c,
    0x1, 0xf8, 0x9c, 0x2, 0x91, 0x0, 0xfc, 0xfe,
    0x1, 0xff, 0xc9, 0x91, 0x0, 0xfd, 0x4, 0x6,
    0xc0, 0x1f, 0x8a, 0x0, 0x3f, 0xf9, 0x76, 0x1,
    0xfd, 0xc1, 0xc0, 0x1f, 0xdc, 0x1, 0xff, 0xcc,
    0x54, 0x0, 0xfc, 0x78, 0x40, 0x1f, 0x98, 0xc0,
    0x3f, 0xf9, 0xb4, 0x1, 0xfc, 0x60, 0x1f, 0x86,
    0x0, 0x3f, 0xf9, 0xc3, 0x20, 0x1f, 0xfc, 0x5b,
    0x10, 0xf, 0xfe, 0x7b, 0x18, 0x7, 0xff, 0xd,
    0x14, 0x3, 0xff, 0xa3, 0xc0, 0x1f, 0xfc, 0x3a,
    0x0, 0xff, 0xe9, 0x13, 0x80, 0x7f, 0xf0, 0x64,
    0x40, 0x3f, 0xfa, 0x70, 0x40, 0x1f, 0xf1, 0xb0,
    0x7, 0xff, 0x57, 0x80, 0x3f, 0xee, 0x0, 0xff,
    0xeb, 0x1b, 0x0, 0x7f, 0x39, 0x0, 0x7f, 0xf5,
    0xe0, 0x40, 0x3e, 0x28, 0x0, 0xff, 0xec, 0xd,
    0x80, 0x7d, 0xc0, 0x1f, 0xfd, 0xa5, 0xcc, 0xf6,
    0x98, 0x7, 0xff, 0x6c, 0xcf, 0xc4, 0x1, 0xff,
    0xff, 0x0, 0xff, 0xff, 0x80, 0x7f, 0xff, 0xc0,
    0x3f, 0xff, 0xe0, 0x1f, 0xff, 0xf0, 0xf, 0xfe,
    0x48,

    /* U+004E "N" */
    0x47, 0x7f, 0x20, 0x7, 0xff, 0x20, 0x5d, 0xff,
    0x9b, 0xa2, 0x3d, 0x64, 0x1, 0xff, 0xc7, 0x38,
    0x8f, 0xf0, 0x7, 0xef, 0x0, 0xff, 0xed, 0x15,
    0x0, 0x7f, 0xf6, 0x95, 0xc0, 0x3f, 0xfb, 0x50,
    0x60, 0x1f, 0xfd, 0xad, 0x10, 0xf, 0xfe, 0xc8,
    0xe8, 0x7, 0xff, 0x68, 0xe0, 0x3, 0xff, 0xb4,
    0xea, 0x1, 0xff, 0xda, 0xa2, 0x0, 0xff, 0xed,
    0x78, 0x7, 0xff, 0x68, 0xa8, 0x3, 0xff, 0xb4,
    0xae, 0x1, 0xff, 0xda, 0x83, 0x0, 0xff, 0xed,
    0x68, 0x80, 0x7f, 0xf6, 0x47, 0x40, 0x3f, 0xfb,
    0x47, 0x0, 0x1f, 0xfd, 0xa7, 0x50, 0xf, 0xfe,
    0x7b, 0x88, 0x7, 0xf5, 0x10, 0x7, 0xff, 0x3b,
    0xa8, 0x3, 0xfd, 0xe0, 0x1f, 0xfc, 0xf4, 0x80,
    0xf, 0xe2, 0xa0, 0xf, 0xfe, 0x7b, 0xa0, 0x7,
    0xf2, 0xb0, 0x7, 0xff, 0x3e, 0x88, 0x3, 0xfa,
    0x4c, 0x3, 0xff, 0x9c, 0x3e, 0x1, 0xfe, 0xd1,
    0x0, 0xff, 0xe7, 0x15, 0x0, 0x7f, 0xd, 0x0,
    0x7f, 0xf3, 0xd5, 0x80, 0x3f, 0x92, 0x0, 0x3f,
    0xf9, 0xf2, 0x60, 0x1f, 0xce, 0xa0, 0x1f, 0xfc,
    0xfd, 0x10, 0xf, 0xe8, 0x0, 0xff, 0xe7, 0x8d,
    0x0, 0x7f, 0xf6, 0x91, 0xc0, 0x3f, 0xfb, 0x50,
    0x80, 0x1f, 0xfd, 0xaa, 0x10, 0xf, 0xfe, 0xc8,
    0xe8, 0x7, 0xff, 0x68, 0xe4, 0x3, 0xff, 0xb4,
    0xca, 0x1, 0xff, 0xda, 0xa2, 0x0, 0xff, 0xed,
    0x78, 0x80, 0x7f, 0xf6, 0x4a, 0x80, 0x3f, 0xfb,
    0x48, 0xe0, 0x1f, 0xfd, 0xa8, 0x40, 0xf, 0xfe,
    0xd5, 0x8, 0x7, 0xff, 0x64, 0x74, 0x3, 0xff,
    0xb4, 0x72, 0x1, 0xff, 0xda, 0x65, 0x0, 0xff,
    0xed, 0x51, 0x0, 0x7c,

    /* U+004F "O" */
    0x0, 0xff, 0xe2, 0x9b, 0xd6, 0x77, 0xfd, 0xdb,
    0x72, 0xa2, 0x1, 0xff, 0xd3, 0x4a, 0xfc, 0x85,
    0x31, 0x0, 0x84, 0x91, 0xab, 0xb1, 0xc4, 0x3,
    0xff, 0x9c, 0xbb, 0x6a, 0x1, 0xff, 0xc3, 0x38,
    0xe9, 0x10, 0xf, 0xfe, 0x51, 0xe5, 0x10, 0x7,
    0xff, 0x21, 0xb9, 0xc0, 0x3f, 0xf9, 0xf, 0x86,
    0x1, 0xff, 0xcc, 0x8d, 0x20, 0xf, 0xfe, 0x2d,
    0xc0, 0x7, 0xff, 0x3c, 0xb5, 0x40, 0x3f, 0xf8,
    0x43, 0x88, 0x1, 0xff, 0xd2, 0xa6, 0x0, 0xff,
    0xe0, 0xe9, 0x80, 0x7f, 0xf5, 0x25, 0x40, 0x3f,
    0xea, 0x30, 0xf, 0xfe, 0xb5, 0x20, 0x7, 0xf3,
    0xa8, 0x7, 0xff, 0x4, 0x9a, 0x6f, 0x31, 0x70,
    0xa0, 0x1f, 0xfc, 0x2a, 0x10, 0xf, 0x8a, 0x0,
    0x3f, 0xf8, 0xb, 0xba, 0x96, 0x43, 0x32, 0x3d,
    0x7d, 0x10, 0x7, 0xfc, 0x34, 0x1, 0xf4, 0x80,
    0x7f, 0xc5, 0x94, 0x40, 0x1f, 0xe5, 0xd7, 0x0,
    0xff, 0x91, 0x0, 0x1c, 0x88, 0x0, 0xff, 0x26,
    0x98, 0x7, 0xff, 0xa, 0x2c, 0x3, 0xfe, 0x90,
    0xe, 0x80, 0xf, 0xf1, 0xd8, 0x7, 0xff, 0x15,
    0x2c, 0x3, 0xfc, 0x4a, 0x1, 0x19, 0x80, 0x3f,
    0x87, 0x40, 0x3f, 0xf8, 0xe9, 0x0, 0x1f, 0xe9,
    0x0, 0xa8, 0x3, 0xfd, 0x62, 0x1, 0xff, 0xc8,
    0x72, 0x0, 0xfe, 0x32, 0x0, 0x38, 0x7, 0xf1,
    0x28, 0x7, 0xff, 0x2a, 0x40, 0x3f, 0xca, 0x4,
    0x20, 0x1f, 0xd6, 0x1, 0xff, 0xcb, 0x42, 0x0,
    0xfe, 0xc0, 0x40, 0xf, 0xf3, 0x80, 0x7f, 0xf3,
    0x14, 0x3, 0xf9, 0x3, 0xc0, 0x3f, 0x88, 0x40,
    0x3f, 0xf9, 0x96, 0x1, 0xfe, 0x22, 0x0, 0x7f,
    0x38, 0x7, 0xff, 0x34, 0xc0, 0x3f, 0xcc, 0xc0,
    0xf, 0xed, 0x0, 0xff, 0xe7, 0x8, 0x7, 0xf1,
    0x18, 0x7, 0xf0, 0x80, 0x7f, 0xf3, 0x8c, 0x3,
    0xf8, 0x44, 0x1, 0xfc, 0x60, 0x1f, 0xfc, 0xe1,
    0x0, 0xfe, 0xf1, 0x0, 0xfe, 0x30, 0xf, 0xfe,
    0xc7, 0x98, 0x7, 0xf0, 0x80, 0x7f, 0xf3, 0x84,
    0x3, 0xfc, 0x20, 0x1f, 0xdc, 0x1, 0xff, 0xce,
    0x20, 0xf, 0xe1, 0x60, 0xf, 0xe2, 0x0, 0xff,
    0xe6, 0x90, 0x7, 0xf9, 0x48, 0x3, 0xf9, 0x0,
    0x3f, 0xf9, 0xa8, 0x1, 0xfe, 0x2c, 0x0, 0xff,
    0x20, 0x7, 0xff, 0x33, 0x40, 0x3f, 0x88, 0x50,
    0x3, 0xfd, 0xc0, 0x1f, 0xfc, 0xb1, 0x40, 0xf,
    0xe4, 0x0, 0x20, 0x7, 0xf2, 0x90, 0x7, 0xff,
    0x2a, 0x0, 0x3f, 0xda, 0x0, 0xe0, 0xf, 0xf4,
    0x80, 0x7f, 0xf2, 0x49, 0x80, 0x3f, 0x85, 0x0,
    0xa, 0x20, 0x1f, 0xc8, 0xc0, 0x1f, 0xfc, 0x8f,
    0x0, 0xff, 0x30, 0x6, 0x90, 0xf, 0xf4, 0xa0,
    0x7, 0xff, 0x1a, 0xc8, 0x3, 0xfd, 0x20, 0x19,
    0xc4, 0x3, 0xfd, 0x6c, 0x1, 0xff, 0xc3, 0x1b,
    0x40, 0xf, 0xf3, 0x8, 0x7, 0x58, 0x7, 0xfd,
    0x36, 0x40, 0x1f, 0xfc, 0x5, 0xf4, 0x0, 0xff,
    0xc, 0x0, 0x79, 0x50, 0x3, 0xfe, 0x4d, 0xa5,
    0x10, 0xf, 0x13, 0xed, 0x8, 0x7, 0xfd, 0x62,
    0x1, 0xf5, 0x8, 0x7, 0xff, 0x1, 0x6b, 0xb9,
    0x97, 0x6c, 0xfd, 0x82, 0x0, 0xff, 0xe0, 0x32,
    0x80, 0x7e, 0x1c, 0x0, 0xff, 0xe1, 0x89, 0xa2,
    0xc, 0x3, 0xff, 0x86, 0x92, 0x1, 0xfe, 0x2c,
    0x0, 0xff, 0xea, 0x9d, 0x80, 0x7f, 0xf0, 0xf,
    0x4, 0x3, 0xff, 0xa4, 0x98, 0x1, 0xff, 0xc2,
    0x3c, 0x30, 0xf, 0xfe, 0x83, 0x58, 0x7, 0xff,
    0x10, 0xb1, 0xc0, 0x3f, 0xf9, 0xa3, 0x52, 0x1,
    0xff, 0xc7, 0x8d, 0x40, 0xf, 0xfe, 0x53, 0x7a,
    0x80, 0x7f, 0xf2, 0x4a, 0xf1, 0x40, 0x3f, 0xf8,
    0xa2, 0xfd, 0x22, 0x1, 0xff, 0xcc, 0x3a, 0xe9,
    0x51, 0x0, 0xff, 0x13, 0x5f, 0x40, 0x80, 0x7f,
    0xf4, 0x5, 0xab, 0xb9, 0x73, 0x11, 0x4d, 0x67,
    0x6c, 0xa0, 0x7, 0xff, 0x10,

    /* U+0050 "P" */
    0x8d, 0xdf, 0xfe, 0x3e, 0x5c, 0x28, 0x7, 0xfc,
    0x45, 0xff, 0xc8, 0x34, 0x7a, 0xfa, 0x30, 0xf,
    0xfe, 0xaa, 0xe5, 0x90, 0x7, 0xff, 0x55, 0x35,
    0x0, 0x3f, 0xfa, 0xd6, 0xc0, 0x1f, 0xfd, 0x69,
    0x40, 0xf, 0xfe, 0xb5, 0x8, 0x7, 0xff, 0x54,
    0x6c, 0x3, 0xff, 0x81, 0x3f, 0xff, 0x76, 0x38,
    0x7, 0xfc, 0xa4, 0x1, 0xff, 0xc7, 0x13, 0x8e,
    0x30, 0xf, 0xf5, 0x0, 0x7f, 0xf2, 0x87, 0x48,
    0x3, 0xf9, 0x80, 0x3f, 0xf9, 0x63, 0x20, 0x1f,
    0xc2, 0x20, 0xf, 0xfe, 0x5a, 0x8, 0x7, 0xf2,
    0x80, 0x7f, 0xf3, 0x10, 0x3, 0xf8, 0x80, 0x3f,
    0xf9, 0x84, 0x1, 0xfc, 0x20, 0x1f, 0xfd, 0x61,
    0x0, 0xff, 0xe6, 0x10, 0x7, 0xff, 0x59, 0x0,
    0x3f, 0x88, 0x3, 0xff, 0x96, 0x82, 0x1, 0xfc,
    0xa0, 0x1f, 0xfc, 0xa1, 0x90, 0xf, 0xe1, 0x10,
    0x7, 0xff, 0x24, 0x74, 0x80, 0x3f, 0x98, 0x3,
    0xff, 0x90, 0x71, 0xc6, 0x1, 0xfe, 0xa0, 0xf,
    0xfa, 0x7f, 0xff, 0x63, 0x80, 0x7f, 0xca, 0x40,
    0x1f, 0xfd, 0x41, 0xb0, 0xf, 0xfe, 0xad, 0x88,
    0x7, 0xff, 0x52, 0x54, 0x3, 0xff, 0xa9, 0x4c,
    0x1, 0xff, 0xd3, 0x4d, 0x50, 0xf, 0xfe, 0x92,
    0x5d, 0x88, 0x3, 0xff, 0x88, 0x24, 0x5f, 0xc6,
    0x8f, 0x5d, 0x68, 0x1, 0xff, 0xc6, 0x8d, 0xdf,
    0xec, 0xb8, 0x51, 0x0, 0xff, 0xff, 0x80, 0x7f,
    0xff, 0xc0, 0x3f, 0xff, 0xe0, 0x1f, 0xff, 0xf0,
    0xf, 0xff, 0xf8, 0x7, 0xff, 0xfc, 0x3, 0xff,
    0xfe, 0x1, 0xfe,

    /* U+0051 "Q" */
    0x0, 0xff, 0xe2, 0x9b, 0xd6, 0x77, 0xfd, 0xdb,
    0x72, 0xa2, 0x1, 0xff, 0xd5, 0x39, 0xec, 0x85,
    0x31, 0x0, 0x84, 0x91, 0xab, 0xb1, 0x84, 0x3,
    0xff, 0xa0, 0xb9, 0x86, 0x10, 0xf, 0xfe, 0x11,
    0xcf, 0x48, 0x80, 0x7f, 0xf3, 0xa, 0xe8, 0xc0,
    0x3f, 0xf9, 0xd, 0xce, 0x1, 0xff, 0xca, 0x6d,
    0x40, 0xf, 0xfe, 0x64, 0x69, 0x0, 0x7f, 0xf1,
    0xea, 0x40, 0x3f, 0xf9, 0xe5, 0xa8, 0x1, 0xff,
    0xc5, 0xc5, 0x0, 0xff, 0xe9, 0x5b, 0x0, 0x7f,
    0xf0, 0xf0, 0xc0, 0x3f, 0xfa, 0x92, 0xa0, 0x1f,
    0xfc, 0x1a, 0x30, 0xf, 0xfe, 0xb5, 0x18, 0x7,
    0xfc, 0xca, 0x1, 0xff, 0xc1, 0x26, 0x9b, 0xcc,
    0x5c, 0x28, 0x7, 0xff, 0xb, 0x44, 0x3, 0xf8,
    0xa4, 0x3, 0xff, 0x80, 0xbb, 0xa9, 0x64, 0x33,
    0x23, 0xd7, 0xd1, 0x0, 0x7f, 0xc3, 0x40, 0x1f,
    0xd2, 0x1, 0xff, 0x16, 0x51, 0x0, 0x7f, 0x97,
    0x60, 0x3, 0xfe, 0x44, 0x0, 0x7c, 0x88, 0x0,
    0xff, 0x1e, 0x98, 0x7, 0xff, 0x9, 0xf0, 0x3,
    0xfe, 0x90, 0xf, 0xa0, 0x3, 0xfc, 0x78, 0x1,
    0xff, 0xc5, 0x3c, 0x0, 0xff, 0x12, 0x80, 0x71,
    0x98, 0x3, 0xf8, 0x74, 0x3, 0xff, 0x8e, 0x72,
    0x1, 0xfe, 0x90, 0xe, 0xa0, 0xf, 0xf4, 0x8,
    0x7, 0xff, 0x21, 0x8c, 0x3, 0xf8, 0xc8, 0x3,
    0x38, 0x7, 0xf1, 0x30, 0x7, 0xff, 0x2b, 0xc0,
    0x3f, 0xd4, 0x1, 0x10, 0x80, 0x7f, 0x50, 0x7,
    0xff, 0x2c, 0xcc, 0x1, 0xfc, 0x80, 0x12, 0x0,
    0x7f, 0x98, 0x3, 0xff, 0x99, 0x60, 0x1f, 0xc6,
    0x1, 0x78, 0x7, 0xf1, 0x8, 0x7, 0xff, 0x31,
    0x40, 0x3f, 0xc6, 0x0, 0x20, 0xf, 0xe7, 0x0,
    0xff, 0xe6, 0x90, 0x7, 0xf9, 0x80, 0xc, 0x1,
    0xfd, 0xa0, 0x1f, 0xfc, 0xe2, 0x0, 0xfe, 0x20,
    0x1, 0x80, 0x7f, 0x8, 0x7, 0xff, 0x38, 0x40,
    0x3f, 0xbc, 0x0, 0x20, 0x1f, 0xc6, 0x1, 0xff,
    0xc5, 0xb5, 0x0, 0xf9, 0xc0, 0x3f, 0x84, 0x0,
    0x20, 0x1f, 0xc6, 0x1, 0xff, 0xc4, 0xb4, 0xa4,
    0x0, 0xff, 0xe3, 0x98, 0x7, 0xf0, 0x80, 0x7f,
    0xf0, 0xe9, 0x0, 0x16, 0x80, 0x1c, 0xe0, 0x1f,
    0xc2, 0x0, 0x10, 0xf, 0xee, 0x0, 0xff, 0xe1,
    0x52, 0x80, 0x6b, 0x30, 0xc, 0x40, 0x1f, 0xde,
    0x0, 0x60, 0xf, 0xe2, 0x0, 0xff, 0xe0, 0xd2,
    0x80, 0x7b, 0xc, 0x0, 0x22, 0x0, 0xfe, 0x20,
    0x6, 0x80, 0x7f, 0x20, 0x7, 0xff, 0x2, 0x94,
    0x3, 0xf6, 0x18, 0x20, 0x7, 0xf9, 0xc0, 0x6,
    0x1, 0xfe, 0x40, 0xf, 0xfb, 0x40, 0x3f, 0xda,
    0x5e, 0x1, 0xfc, 0x24, 0x0, 0x40, 0xf, 0xf7,
    0x0, 0x7f, 0xce, 0xe0, 0xf, 0xe1, 0xc5, 0x0,
    0xfe, 0x40, 0xc, 0xa0, 0x1f, 0xca, 0x40, 0x1f,
    0xf4, 0x38, 0x7, 0xf0, 0x80, 0x7f, 0xbc, 0x3,
    0x78, 0x7, 0xfa, 0x40, 0x3f, 0xf8, 0x10, 0xc0,
    0x1f, 0xfc, 0x75, 0x0, 0xca, 0x20, 0x1f, 0xc8,
    0xe0, 0x1f, 0xfc, 0x9, 0x60, 0xf, 0xfe, 0x2b,
    0x0, 0x7a, 0x0, 0x3f, 0xd0, 0xa0, 0x1f, 0xfc,
    0x9, 0x50, 0xf, 0xfe, 0x25, 0x80, 0x79, 0x88,
    0x3, 0xfd, 0x4c, 0x1, 0xff, 0xc0, 0xa5, 0x0,
    0xff, 0xe1, 0x29, 0x0, 0x7d, 0x20, 0x1f, 0xf4,
    0xd9, 0x0, 0x7f, 0xd4, 0x40, 0x1f, 0xfc, 0x1b,
    0x0, 0xfc, 0x8a, 0x1, 0xff, 0x26, 0xd2, 0x88,
    0x7, 0x89, 0xf8, 0x80, 0x3f, 0xf8, 0x10, 0x20,
    0x1f, 0xd4, 0x40, 0x1f, 0xfc, 0x5, 0xae, 0xe6,
    0x5d, 0xb3, 0xf6, 0x4, 0x3, 0xff, 0x83, 0x42,
    0x1, 0xfe, 0xf1, 0x0, 0xff, 0xe1, 0x9, 0xa2,
    0xc, 0x3, 0xff, 0x8a, 0x58, 0x20, 0x1f, 0xc5,
    0xa0, 0x1f, 0xfd, 0x92, 0xc1, 0x0, 0xfe, 0x3c,
    0x10, 0xf, 0xfe, 0xc1, 0x60, 0x80, 0x7f, 0x1e,
    0x18, 0x7, 0xff, 0x60, 0xb0, 0x40, 0x3f, 0x8b,
    0x1c, 0x3, 0xff, 0x9c, 0x60, 0x1f, 0xc5, 0x82,
    0x1, 0xfe, 0x8d, 0x40, 0xf, 0xfe, 0x53, 0x76,
    0x20, 0x7, 0xf1, 0x58, 0x7, 0xfc, 0x57, 0x8a,
    0x1, 0xff, 0xc5, 0x16, 0xd9, 0x10, 0xb4, 0x0,
    0xfc, 0x76, 0x1, 0xff, 0xc1, 0x3a, 0xe9, 0x51,
    0x0, 0xff, 0xa, 0xd7, 0x49, 0x0, 0x6b, 0x40,
    0xf, 0x16, 0x88, 0x7, 0xff, 0xc, 0x5a, 0xbb,
    0x97, 0x31, 0x1a, 0xaf, 0xb9, 0x4a, 0x1, 0xfa,
    0xd0, 0x3, 0x16, 0x8, 0x7, 0xff, 0x20, 0x51,
    0x9d, 0xf2, 0xa0, 0x80, 0x7f, 0xf0, 0x2d, 0x0,
    0x5, 0x82, 0x1, 0xff, 0xe0, 0xb4, 0x2c, 0x10,
    0xf, 0xff, 0x15, 0xe0, 0x80, 0x60,

    /* U+0052 "R" */
    0x8d, 0xdf, 0xfe, 0x3e, 0x53, 0xa0, 0x7, 0xff,
    0x4, 0x8b, 0xff, 0x90, 0x6b, 0x17, 0xf2, 0x40,
    0x1f, 0xfd, 0x76, 0xd9, 0x10, 0xf, 0xfe, 0xbb,
    0x79, 0x80, 0x7f, 0xf5, 0xc7, 0xc, 0x3, 0xff,
    0xb1, 0xa4, 0x1, 0xff, 0xd7, 0x1e, 0x0, 0xff,
    0xec, 0x1a, 0x80, 0x7f, 0xf0, 0xa7, 0xff, 0xee,
    0xc7, 0x0, 0xff, 0xa0, 0x3, 0xff, 0x94, 0x27,
    0x1a, 0x20, 0x1f, 0xc4, 0x60, 0x1f, 0xfc, 0xc2,
    0xd0, 0xf, 0xf2, 0x0, 0x7f, 0xf3, 0x4d, 0x40,
    0x3f, 0xb0, 0x3, 0xff, 0x9d, 0xe0, 0x1f, 0xce,
    0x1, 0xff, 0xce, 0x60, 0xf, 0xe1, 0x0, 0xff,
    0xf9, 0xb0, 0x7, 0xf0, 0x80, 0x7f, 0xf3, 0xb0,
    0x3, 0xf9, 0x80, 0x3f, 0xf9, 0xa4, 0xc0, 0x1f,
    0xd8, 0x1, 0xff, 0xcc, 0x2f, 0x0, 0xff, 0x20,
    0x7, 0xff, 0x24, 0x4e, 0x34, 0x80, 0x3f, 0x90,
    0x80, 0x3f, 0xf8, 0x33, 0xff, 0xf7, 0x63, 0x80,
    0x7f, 0xd0, 0x1, 0xff, 0xd7, 0x63, 0x0, 0xff,
    0xeb, 0x1c, 0x80, 0x7f, 0xf5, 0x8f, 0x40, 0x3f,
    0xfa, 0xcd, 0x82, 0x1, 0xff, 0xd4, 0x3b, 0x90,
    0xf, 0xfe, 0x99, 0x36, 0x61, 0x0, 0x3f, 0xf8,
    0xea, 0xa0, 0xf, 0xf2, 0x6c, 0x98, 0x7, 0xff,
    0x27, 0x28, 0xc0, 0x3f, 0x91, 0x80, 0x3f, 0xf9,
    0xba, 0x20, 0x1f, 0xd2, 0x60, 0x1f, 0xfc, 0xc1,
    0xb0, 0xf, 0xf6, 0x88, 0x7, 0xff, 0x31, 0x58,
    0x3, 0xf8, 0x68, 0x3, 0xff, 0x9b, 0x24, 0x1,
    0xfc, 0x8e, 0x1, 0xff, 0xcd, 0xf0, 0xf, 0xf4,
    0x20, 0x7, 0xff, 0x30, 0xa4, 0x3, 0xfd, 0x42,
    0x1, 0xff, 0xcc, 0x64, 0x0, 0xfe, 0x1d, 0x0,
    0xff, 0xe6, 0xd0, 0x80, 0x7f, 0x1c, 0x0, 0x7f,
    0xf3, 0x6, 0x80, 0x3f, 0xce, 0xa0, 0x1f, 0xfc,
    0xc4, 0x70, 0xf, 0xf5, 0x10, 0x7, 0xff, 0x32,
    0xc, 0x3, 0xfd, 0xc0, 0x1f, 0xfc, 0xde, 0x0,
    0xff, 0x1c, 0x80, 0x7f, 0xf3, 0xa, 0x80, 0x3f,
    0xcc, 0xc0, 0xf, 0xfe, 0x62, 0xb0, 0x7, 0xfa,
    0x48, 0x3, 0xff, 0x99, 0x24, 0x1, 0xfe, 0xf0,
    0xf, 0xfe, 0x6f, 0x0, 0x7f, 0x8a, 0x80, 0x3f,
    0xf9, 0x87, 0x0, 0x1f, 0xe5, 0x70,

    /* U+0053 "S" */
    0x0, 0xff, 0xe0, 0xa, 0xc5, 0xef, 0x7f, 0xbb,
    0x6e, 0x14, 0x40, 0x3f, 0xf8, 0xe7, 0x5d, 0x4e,
    0x84, 0x20, 0x1, 0x24, 0x7a, 0xeb, 0x50, 0xf,
    0xfe, 0x19, 0x5e, 0x28, 0x7, 0xff, 0x9, 0x2b,
    0x54, 0x3, 0xff, 0x80, 0xba, 0x80, 0x1f, 0xfc,
    0x62, 0xac, 0x20, 0xf, 0xe6, 0xa0, 0xf, 0xfe,
    0x51, 0xea, 0x80, 0x7c, 0x92, 0x1, 0xff, 0xcd,
    0xa6, 0x0, 0xe1, 0xa0, 0xf, 0xfe, 0x7d, 0x0,
    0x74, 0x88, 0x7, 0xff, 0x38, 0xb4, 0x3, 0x9c,
    0x3, 0xfe, 0x35, 0x66, 0x20, 0x80, 0x7f, 0x16,
    0x8, 0x6, 0x50, 0xf, 0xf2, 0xee, 0x54, 0xca,
    0xfb, 0x14, 0x3, 0xc5, 0x82, 0x1, 0xd8, 0x1,
    0xfc, 0xb4, 0x40, 0x1e, 0x3a, 0xc2, 0x0, 0x8b,
    0x4, 0x3, 0xca, 0x1, 0xfd, 0x20, 0x1f, 0xe3,
    0xc4, 0x2, 0xc1, 0x0, 0xf8, 0x40, 0x3f, 0x88,
    0x3, 0xfe, 0x1b, 0x6c, 0x10, 0xf, 0xc6, 0x1,
    0xfc, 0x40, 0x1f, 0xfc, 0x19, 0x10, 0xf, 0xe3,
    0x0, 0xfe, 0xa0, 0xf, 0xfe, 0x60, 0x80, 0x7f,
    0x33, 0x0, 0x3f, 0xf9, 0x6c, 0x1, 0xfe, 0x9b,
    0x20, 0xf, 0xfe, 0x4e, 0x80, 0x7f, 0xc9, 0xb4,
    0x60, 0x1f, 0xfc, 0x75, 0x0, 0xff, 0xe0, 0xae,
    0x6c, 0x10, 0x7, 0xff, 0x10, 0x8c, 0x3, 0xff,
    0x84, 0x4f, 0xb8, 0xc0, 0x1f, 0xfc, 0x3f, 0x0,
    0xff, 0xe2, 0x9c, 0xf4, 0x8, 0x7, 0xff, 0x0,
    0xdc, 0x3, 0xff, 0x8c, 0x2f, 0xce, 0x1, 0xff,
    0xc0, 0x85, 0x0, 0xff, 0xe4, 0x46, 0x98, 0x7,
    0xfd, 0x4e, 0x1, 0xff, 0xc8, 0x2c, 0x50, 0xf,
    0xfa, 0x2c, 0x80, 0x3f, 0xf9, 0x14, 0x80, 0x1f,
    0xf2, 0x6c, 0x88, 0x7, 0xff, 0x1e, 0x84, 0x3,
    0xff, 0x80, 0xdd, 0x46, 0x1, 0xff, 0xc5, 0x1b,
    0x0, 0xff, 0xe1, 0x2e, 0x6b, 0x88, 0x7, 0xff,
    0xd, 0x48, 0x3, 0xff, 0x86, 0x51, 0xd6, 0xa0,
    0x1f, 0xfc, 0x2a, 0x0, 0xff, 0xe3, 0x25, 0x73,
    0x80, 0x7f, 0xf0, 0x14, 0x3, 0xff, 0x90, 0x31,
    0xa6, 0x1, 0xfe, 0x20, 0xf, 0xfe, 0x51, 0x62,
    0x0, 0x7f, 0x88, 0x3, 0xff, 0x97, 0x20, 0x1f,
    0xe1, 0x0, 0xf2, 0x0, 0x7f, 0xf1, 0x8, 0x80,
    0x1f, 0xce, 0x1, 0xcf, 0x6e, 0x1, 0xff, 0xc4,
    0x60, 0xf, 0xe7, 0x0, 0xcf, 0x1, 0x10, 0x0,
    0xff, 0xe1, 0xa8, 0x7, 0xf1, 0x0, 0x4d, 0x0,
    0x13, 0xd8, 0x80, 0x7f, 0xf0, 0x14, 0x40, 0x3f,
    0x84, 0x0, 0xd2, 0x1, 0xc9, 0xee, 0x1, 0xfe,
    0x5a, 0x0, 0xfe, 0x40, 0x3, 0x48, 0x7, 0xc3,
    0x1f, 0x4c, 0x84, 0x52, 0x3e, 0x50, 0x7, 0xfb,
    0x41, 0xa4, 0x3, 0xfe, 0x59, 0xbd, 0xda, 0xe0,
    0xc0, 0x3f, 0xe7, 0xf, 0x0, 0xff, 0xe9, 0xc0,
    0x84, 0xa8, 0x7, 0xff, 0x44, 0xdc, 0x2, 0xa6,
    0x0, 0xff, 0xe7, 0x8e, 0x80, 0x74, 0xc8, 0x3,
    0xff, 0x9a, 0x5e, 0x20, 0x1e, 0x6d, 0x30, 0xf,
    0xfe, 0x53, 0xe8, 0x80, 0x7e, 0x2c, 0xb3, 0x0,
    0xff, 0xe3, 0x2e, 0xc0, 0x7, 0xff, 0x1, 0x33,
    0x60, 0xc0, 0x3f, 0xe1, 0x48, 0xea, 0x20, 0xf,
    0xfe, 0x19, 0x3e, 0x7e, 0xdc, 0xc4, 0x53, 0x57,
    0xdc, 0xb7, 0x10, 0xf, 0xe0,

    /* U+0054 "T" */
    0x9d, 0xdf, 0xfe, 0xcc, 0x11, 0x7f, 0xf6, 0x84,
    0x3, 0xff, 0xfe, 0x1, 0xff, 0xff, 0x0, 0xff,
    0xff, 0x80, 0x7f, 0xf9, 0x2f, 0xff, 0xff, 0x82,
    0xc0, 0x1f, 0xd1, 0xff, 0xff, 0xc1, 0x90, 0xf,
    0xff, 0xf8, 0x7, 0xff, 0xfc, 0x3, 0xff, 0xfe,
    0x1, 0xff, 0xff, 0x0, 0xff, 0xff, 0x80, 0x7f,
    0xff, 0xc0, 0x3f, 0xff, 0xe0, 0x1f, 0xff, 0xf0,
    0xf, 0xff, 0xf8, 0x7, 0xff, 0xfc, 0x3, 0xff,
    0xfe, 0x1, 0xff, 0xff, 0x0, 0xff, 0xff, 0x80,
    0x7f, 0xff, 0xc0, 0x3f, 0xff, 0xe0, 0x1f, 0xff,
    0xf0, 0xf, 0xff, 0xf8, 0x7, 0xff, 0xfc, 0x3,
    0xff, 0xd4,

    /* U+0055 "U" */
    0x28, 0x8f, 0xe6, 0x0, 0xff, 0xe2, 0xb4, 0x47,
    0xf1, 0x3b, 0xff, 0xa8, 0x3, 0xff, 0x8b, 0x6e,
    0xff, 0xcc, 0x1, 0xff, 0xff, 0x0, 0xff, 0xff,
    0x80, 0x7f, 0xff, 0xc0, 0x3f, 0xff, 0xe0, 0x1f,
    0xff, 0xf0, 0xf, 0xff, 0xf8, 0x7, 0xff, 0xfc,
    0x3, 0xff, 0xfe, 0x1, 0xff, 0xff, 0x0, 0xff,
    0xff, 0x80, 0x7f, 0xff, 0xc0, 0x3f, 0xff, 0xe0,
    0x1f, 0xff, 0xf0, 0xf, 0xff, 0xf8, 0x4, 0x20,
    0x1f, 0xc2, 0x1, 0xff, 0xc5, 0x30, 0xf, 0xe7,
    0x70, 0x7, 0xf1, 0x0, 0x7f, 0xf1, 0x44, 0x3,
    0xf8, 0x4c, 0x3, 0xfc, 0x60, 0x1f, 0xfc, 0x34,
    0x0, 0xff, 0x10, 0x10, 0x7, 0xf5, 0x0, 0x7f,
    0xf0, 0xf4, 0x3, 0xf8, 0xc0, 0x8, 0x1, 0xfc,
    0xc4, 0x1, 0xff, 0xc1, 0x26, 0x0, 0xfe, 0x50,
    0x6, 0x80, 0x7f, 0xbc, 0x3, 0xff, 0x83, 0xe0,
    0x1f, 0xea, 0x0, 0x20, 0x80, 0x7f, 0x16, 0x90,
    0x7, 0xf1, 0x69, 0x0, 0x7f, 0x9, 0x80, 0x52,
    0x1, 0xfe, 0x2d, 0x92, 0x0, 0xe2, 0x8d, 0x20,
    0xf, 0xf4, 0x0, 0x67, 0x10, 0xf, 0xf9, 0xb7,
    0xb2, 0xf3, 0xb5, 0xc0, 0x3f, 0xe1, 0x60, 0xe,
    0xa0, 0xf, 0xfe, 0x8, 0x9a, 0x18, 0x80, 0x7f,
    0xf0, 0x68, 0x3, 0xc8, 0xc0, 0x1f, 0xfd, 0x15,
    0x40, 0xf, 0xa5, 0x0, 0x3f, 0xf9, 0xe7, 0x40,
    0x1f, 0xd6, 0x80, 0x1f, 0xfc, 0xd3, 0xd0, 0xf,
    0xfa, 0xd8, 0x3, 0xff, 0x96, 0xb8, 0x20, 0x1f,
    0xfc, 0x9, 0xb1, 0x0, 0xff, 0xe3, 0x8d, 0x50,
    0x3, 0xff, 0x86, 0x9d, 0x2, 0x1, 0xff, 0xc3,
    0x17, 0xf5, 0x0, 0xff, 0xe3, 0x3f, 0x52, 0x88,
    0x7, 0xf9, 0x6b, 0xa0, 0x40, 0x3f, 0xf9, 0x2b,
    0x5d, 0xcb, 0x98, 0x8a, 0x6f, 0x7e, 0x94, 0x3,
    0xff, 0x80,

    /* U+0056 "V" */
    0x78, 0x8f, 0xe6, 0x0, 0xff, 0xe5, 0x3c, 0x47,
    0xf2, 0x73, 0xbf, 0xf4, 0x90, 0x7, 0xff, 0x21,
    0x61, 0xdf, 0xf8, 0x28, 0x3, 0xfd, 0x40, 0x1f,
    0xfc, 0x8f, 0x0, 0xfe, 0x14, 0x32, 0x0, 0xfe,
    0x50, 0xf, 0xfe, 0x38, 0xa8, 0x7, 0xf3, 0x0,
    0x28, 0x3, 0xf8, 0x8c, 0x3, 0xff, 0x8c, 0xe0,
    0x1f, 0xea, 0x0, 0x30, 0x7, 0xfa, 0x80, 0x3f,
    0xf8, 0xd4, 0x1, 0xfc, 0x84, 0x0, 0x15, 0x0,
    0xfe, 0x70, 0xf, 0xfe, 0x29, 0x18, 0x7, 0xf7,
    0x0, 0x6e, 0x0, 0xfe, 0x14, 0x0, 0xff, 0xe2,
    0x50, 0x7, 0xf0, 0xa8, 0x6, 0x41, 0x0, 0xfe,
    0xe0, 0xf, 0xfe, 0x22, 0x80, 0x7f, 0x38, 0x7,
    0x98, 0x3, 0xf9, 0x40, 0x3f, 0xf8, 0x66, 0x40,
    0x1f, 0xd4, 0x1, 0xea, 0x0, 0xff, 0x30, 0x7,
    0xff, 0xa, 0x80, 0x3f, 0x8c, 0xc0, 0x1e, 0x23,
    0x0, 0xfe, 0xd0, 0xf, 0xfe, 0x13, 0x0, 0x7f,
    0x50, 0x7, 0xea, 0x0, 0xfe, 0x41, 0x0, 0xff,
    0xe0, 0x28, 0x7, 0xf9, 0xc0, 0x3f, 0x30, 0x7,
    0xf9, 0x80, 0x3f, 0xf8, 0x1c, 0x1, 0xfc, 0xa2,
    0x1, 0xfc, 0xc0, 0x1f, 0xd4, 0x1, 0xff, 0xa,
    0x0, 0x7f, 0x70, 0x7, 0xfa, 0x80, 0x3f, 0x88,
    0xc0, 0x3f, 0xce, 0x1, 0xfc, 0x48, 0x1, 0xfe,
    0x32, 0x0, 0xfe, 0xb0, 0xf, 0xf5, 0x0, 0x7f,
    0x50, 0x7, 0xff, 0x2, 0x80, 0x3f, 0x98, 0x3,
    0xf8, 0x8c, 0x3, 0xf9, 0x80, 0x3f, 0xf8, 0xc,
    0x1, 0xfc, 0x28, 0x1, 0xfa, 0x80, 0x3f, 0x90,
    0x40, 0x3f, 0xf8, 0x2, 0x80, 0x1f, 0xdc, 0x1,
    0xf9, 0x80, 0x3f, 0xb8, 0x3, 0xff, 0x85, 0xc0,
    0x1f, 0xca, 0x1, 0xf2, 0x8, 0x7, 0xe1, 0x50,
    0xf, 0xfe, 0x12, 0x88, 0x7, 0xf2, 0x80, 0x7b,
    0x80, 0x3f, 0x98, 0x3, 0xff, 0x88, 0xc0, 0x1f,
    0xdc, 0x1, 0xe5, 0x0, 0xfe, 0xa0, 0xf, 0xfe,
    0x25, 0x0, 0x7f, 0x20, 0x80, 0x65, 0x0, 0xfe,
    0x32, 0x0, 0xff, 0xe2, 0x11, 0x80, 0x7f, 0x38,
    0x6, 0xe0, 0xf, 0xea, 0x0, 0xff, 0xe3, 0x50,
    0x7, 0xf5, 0x0, 0x42, 0x80, 0x1f, 0xcc, 0x1,
    0xff, 0xc6, 0x60, 0xf, 0xe3, 0x20, 0x3, 0x0,
    0x7f, 0x30, 0x7, 0xff, 0x21, 0x40, 0x3f, 0xa8,
    0x1, 0x40, 0x1f, 0xd4, 0x1, 0xff, 0xc8, 0xe0,
    0xf, 0xe5, 0x2, 0x20, 0x7, 0xe2, 0x30, 0xf,
    0xfe, 0x42, 0x10, 0x7, 0xe2, 0x3a, 0x0, 0xfe,
    0xa0, 0xf, 0xfe, 0x55, 0x0, 0x7f, 0x53, 0x0,
    0x7f, 0x30, 0x7, 0xff, 0x29, 0x80, 0x3f, 0x98,
    0x40, 0x3f, 0x28, 0x80, 0x7f, 0xf2, 0x85, 0x0,
    0x3f, 0xf8, 0xdc, 0x1, 0xff, 0xcc, 0xe0, 0xf,
    0xfe, 0x28, 0xa0, 0x7, 0xff, 0x31, 0x44, 0x3,
    0xff, 0x88, 0xc0, 0x1f, 0xfc, 0xe7, 0x0, 0xff,
    0xe2, 0x50, 0x7, 0xff, 0x3a, 0x80, 0x3f, 0xf8,
    0x68, 0x40, 0x1f, 0xfc, 0xe3, 0x20, 0xf, 0xfe,
    0x17, 0x0, 0x7f, 0xf4, 0x2c, 0x3, 0xff, 0x84,
    0xa0, 0x1f, 0xfd, 0x7, 0x0, 0xff, 0xe0, 0xb0,
    0x7, 0xff, 0x44, 0x54, 0x3, 0xff, 0x81, 0x40,
    0x1f, 0xfd, 0x2e, 0x0, 0xff, 0x88, 0xc0, 0x3f,
    0xfa, 0x48, 0x20, 0x1f, 0xeb, 0x0, 0xff, 0xea,
    0x30, 0x7, 0xf9, 0xc0, 0x3f, 0xfa, 0x94, 0x1,
    0xfc, 0xa2, 0x1, 0xff, 0xd4, 0x23, 0x0, 0xfd,
    0xc0, 0x1f, 0xfc, 0x50,

    /* U+0057 "W" */
    0x68, 0x8f, 0xe1, 0x0, 0xff, 0xe2, 0x3c, 0x47,
    0xc0, 0x1f, 0xfc, 0x57, 0x88, 0xfc, 0xe1, 0xee,
    0xff, 0xe0, 0xf, 0xfe, 0x19, 0x43, 0xbf, 0xca,
    0x1, 0xff, 0xc3, 0x28, 0x77, 0xfd, 0x81, 0xa0,
    0x1f, 0xd8, 0x1, 0xff, 0xc3, 0x50, 0xf, 0xd8,
    0x1, 0xff, 0xc3, 0x50, 0xf, 0xed, 0x4, 0x10,
    0xf, 0xca, 0x1, 0xff, 0xc3, 0xc0, 0xf, 0xce,
    0x1, 0xff, 0xc3, 0xb0, 0xf, 0xe7, 0x0, 0x20,
    0x7, 0xf2, 0x0, 0x7f, 0xf0, 0x90, 0x3, 0xf0,
    0x98, 0x7, 0xff, 0x4, 0x4c, 0x3, 0xf1, 0x88,
    0x3, 0xc0, 0x3f, 0xb4, 0x3, 0xff, 0x82, 0xa0,
    0x1f, 0xeb, 0x0, 0xff, 0xe0, 0xb8, 0x7, 0xf5,
    0x80, 0x4a, 0x1, 0xfc, 0xe0, 0x1f, 0xfc, 0x1c,
    0x0, 0xff, 0x20, 0x7, 0xff, 0x7, 0x40, 0x3f,
    0x94, 0x3, 0x28, 0x7, 0xe1, 0x30, 0xf, 0xfe,
    0x3, 0x80, 0x7f, 0x8c, 0x40, 0x3f, 0xf8, 0x8,
    0x1, 0xf8, 0xc8, 0x3, 0x78, 0x7, 0xf5, 0x80,
    0x7f, 0xc6, 0x20, 0x1f, 0xf3, 0x80, 0x7f, 0xc8,
    0x1, 0xfd, 0x60, 0x1c, 0xa0, 0x1f, 0xc8, 0x1,
    0xff, 0x58, 0x7, 0xff, 0x3, 0x40, 0x3f, 0xed,
    0x0, 0xfe, 0x50, 0xf, 0x20, 0x7, 0xe3, 0x10,
    0xf, 0xf2, 0x0, 0x7f, 0xf0, 0x10, 0x3, 0xfe,
    0x70, 0xf, 0xc4, 0x40, 0xf, 0x68, 0x7, 0xf3,
    0x80, 0x7f, 0x9, 0x80, 0x7f, 0xf0, 0x50, 0x3,
    0xf8, 0xc4, 0x3, 0xf2, 0x80, 0x7c, 0xe0, 0x1f,
    0xda, 0x1, 0xfc, 0xe0, 0x1f, 0xfc, 0x2d, 0x0,
    0xfe, 0xb0, 0xf, 0xeb, 0x0, 0xf8, 0x4c, 0x3,
    0xf2, 0x0, 0x7f, 0x68, 0x7, 0xff, 0x9, 0xc0,
    0x3f, 0x94, 0x3, 0xf0, 0x98, 0x7, 0xeb, 0x0,
    0xfe, 0x50, 0xf, 0xc8, 0x1, 0xff, 0xc2, 0x12,
    0x0, 0xf8, 0x48, 0x3, 0xf3, 0x80, 0x7f, 0x30,
    0x7, 0xf7, 0x80, 0x7c, 0x80, 0x1f, 0xfc, 0x45,
    0x0, 0xf9, 0xc0, 0x3f, 0xb4, 0x3, 0xf8, 0x4c,
    0x3, 0xf2, 0x0, 0x7d, 0xa0, 0x1f, 0xfc, 0x4b,
    0x0, 0xfb, 0x40, 0x3f, 0xa, 0x0, 0x7f, 0xac,
    0x3, 0xf0, 0x98, 0x7, 0x9c, 0x3, 0xf0, 0x80,
    0x7c, 0x62, 0x1, 0xe4, 0x0, 0xfc, 0xe0, 0x1f,
    0xf2, 0x80, 0x7f, 0x58, 0x7, 0x10, 0x80, 0x7c,
    0x8e, 0x1, 0xf9, 0x0, 0x39, 0x40, 0x3f, 0xb4,
    0x3, 0xfe, 0x22, 0x0, 0x7e, 0x50, 0xe, 0x50,
    0xf, 0xdb, 0xa0, 0xf, 0xde, 0x1, 0xde, 0x1,
    0xfc, 0x80, 0x1f, 0xfc, 0x5, 0x0, 0xfc, 0x44,
    0x0, 0xd6, 0x1, 0xf9, 0xd0, 0x3, 0xf2, 0x0,
    0x72, 0x0, 0x7e, 0x50, 0xf, 0xfe, 0xd, 0x80,
    0x7f, 0x28, 0x4, 0x26, 0x1, 0xf1, 0x88, 0x28,
    0x7, 0xc2, 0x60, 0x11, 0x88, 0x7, 0xef, 0x0,
    0xff, 0xe0, 0x98, 0x80, 0x7e, 0xb0, 0x9, 0x0,
    0x3f, 0x58, 0x3, 0xc0, 0x3f, 0x58, 0x5, 0x60,
    0x1f, 0xca, 0x1, 0xff, 0xc2, 0x70, 0xf, 0xc6,
    0x20, 0xf, 0x0, 0xfc, 0x80, 0x4, 0x0, 0xfc,
    0xa0, 0x12, 0x80, 0x7e, 0x40, 0xf, 0xfe, 0x1e,
    0x80, 0x7f, 0x20, 0x1, 0x0, 0x3e, 0x13, 0x0,
    0x9, 0x80, 0x7c, 0x44, 0x2, 0x20, 0x7, 0xed,
    0x0, 0xff, 0xe1, 0xa0, 0x80, 0x7e, 0xf0, 0x41,
    0x0, 0xf9, 0xc0, 0x35, 0x80, 0x7e, 0x40, 0x50,
    0xf, 0xe7, 0x0, 0xff, 0xe2, 0x38, 0x7, 0xe5,
    0xc, 0x0, 0xfd, 0xa0, 0x19, 0x40, 0x3f, 0x68,
    0x60, 0x7, 0xe4, 0x10, 0xf, 0xfe, 0x26, 0x80,
    0x7f, 0x22, 0x80, 0x7e, 0x40, 0xc, 0x42, 0x1,
    0xf2, 0xa, 0x0, 0x7e, 0xd0, 0xf, 0xfe, 0x2a,
    0x0, 0x7f, 0x79, 0x0, 0x7c, 0x80, 0x1e, 0x70,
    0xf, 0xd6, 0x1, 0xfc, 0xe0, 0x1f, 0xfc, 0x65,
    0x0, 0xfc, 0x80, 0x1f, 0xb4, 0x3, 0xda, 0x1,
    0xf9, 0x40, 0x3f, 0x18, 0x80, 0x7f, 0xf1, 0xbc,
    0x3, 0xff, 0x8a, 0xe0, 0x1e, 0x40, 0xf, 0xfe,
    0x2d, 0x80, 0x7f, 0xf1, 0xd4, 0x3, 0xff, 0x88,
    0x62, 0x1, 0xf2, 0x0, 0x7f, 0xf1, 0x14, 0x3,
    0xff, 0x90, 0x80, 0x1f, 0xfc, 0x34, 0x0, 0xfd,
    0xa0, 0x1f, 0xfc, 0x32, 0x20, 0x7, 0xff, 0x23,
    0x40, 0x3f, 0xf8, 0x76, 0x1, 0xf9, 0xc0, 0x3f,
    0xf8, 0x6a, 0x1, 0xff, 0xc9, 0x70, 0xf, 0xfe,
    0x10, 0x98, 0x7, 0xe1, 0x30, 0xf, 0xfe, 0x15,
    0x80, 0x7f, 0xf2, 0x45, 0x0, 0x3f, 0xf8, 0x2e,
    0x1, 0xfe, 0xb0, 0xf, 0xfe, 0x9, 0x18, 0x7,
    0xff, 0x2b, 0x40, 0x3f, 0xf8, 0x38, 0x1, 0xfe,
    0x40, 0xf, 0xfe, 0xa, 0x80, 0x7f, 0xf2, 0xdc,
    0x3, 0xff, 0x82, 0xa0, 0x1f, 0xe3, 0x10, 0xf,
    0xfe, 0x5, 0x80, 0x7f, 0xf2, 0xc4, 0xc0, 0x3f,
    0xe4, 0x0, 0xff, 0xe0, 0x38, 0x7, 0xfc, 0x26,
    0x1, 0xff, 0xcc, 0xb0, 0xf, 0xfb, 0x40, 0x3f,
    0xf8, 0x1a, 0x1, 0xff, 0x38, 0x7, 0xff, 0x35,
    0x40, 0x3f, 0xe4, 0x0, 0xff, 0xe0, 0x20, 0x7,
    0xfd, 0xa0, 0x1f, 0xfc, 0xd2, 0x20, 0x7, 0xf1,
    0x10, 0x3, 0xff, 0x82, 0x80, 0x1f, 0xc2, 0x80,
    0x1f, 0xfc, 0xe5, 0x0, 0xfe, 0x50, 0xf, 0xfe,
    0x16, 0x80, 0x7f, 0x20, 0x7, 0xff, 0x3e, 0xc0,
    0x3f, 0xac, 0x3, 0xff, 0x84, 0xe0, 0x1f, 0xde,
    0x1, 0xff, 0xcf, 0x32, 0x0, 0xf8, 0x4c, 0x3,
    0xff, 0x84, 0x26, 0x1, 0xf9, 0x40, 0x3f, 0xfa,
    0xa, 0x1, 0xf2, 0x0, 0x7f, 0xf1, 0x10, 0x3,
    0xe5, 0x0, 0xff, 0xe1, 0x80,

    /* U+0058 "X" */
    0x0, 0x3b, 0xff, 0xcc, 0x1, 0xff, 0xc6, 0x47,
    0x7f, 0xf3, 0x0, 0x5f, 0x11, 0xfe, 0x96, 0x0,
    0xff, 0xe2, 0xd, 0x44, 0x7f, 0x80, 0x34, 0x10,
    0x7, 0xfa, 0x4, 0x3, 0xff, 0x87, 0x62, 0x1,
    0xfc, 0x8c, 0x1, 0xb8, 0x3, 0xfc, 0x36, 0x1,
    0xff, 0xc2, 0x45, 0x0, 0xfe, 0x1a, 0x0, 0xe3,
    0x80, 0xf, 0xf2, 0xa8, 0x3, 0xff, 0x83, 0x40,
    0x1f, 0xeb, 0x10, 0xf, 0x39, 0x80, 0x7f, 0xac,
    0x40, 0x3f, 0xe9, 0x10, 0xf, 0xe5, 0x50, 0x7,
    0xee, 0x0, 0xff, 0xc, 0x0, 0x7f, 0x8d, 0x80,
    0x3f, 0x86, 0xc0, 0x3f, 0x8a, 0x40, 0x3f, 0xcc,
    0x80, 0x1f, 0xdc, 0x1, 0xfe, 0xa1, 0x0, 0xff,
    0x32, 0x0, 0x7f, 0xa4, 0x3, 0xf4, 0x10, 0x7,
    0xf3, 0x20, 0x7, 0xff, 0x2, 0x84, 0x3, 0xf8,
    0xa4, 0x3, 0xc4, 0xe0, 0x1f, 0xc3, 0x20, 0x1f,
    0xfc, 0x11, 0xb0, 0xf, 0xf3, 0x18, 0x7, 0x70,
    0x7, 0xfa, 0x80, 0x3f, 0xf8, 0x6a, 0xa0, 0xf,
    0xf7, 0x0, 0x66, 0x30, 0xf, 0xe6, 0x40, 0xf,
    0xfe, 0x25, 0x88, 0x7, 0xf1, 0x40, 0x0, 0x64,
    0x3, 0xf8, 0xa4, 0x3, 0xff, 0x8a, 0x34, 0x1,
    0xfe, 0x72, 0xa, 0x0, 0xff, 0x70, 0x7, 0xff,
    0x1d, 0x18, 0x3, 0xfd, 0xca, 0x80, 0x1f, 0xce,
    0x60, 0x1f, 0xfc, 0x89, 0x20, 0xf, 0xe3, 0xa0,
    0xf, 0xe2, 0x80, 0xf, 0xfe, 0x57, 0x0, 0x7f,
    0xf2, 0x38, 0x3, 0xff, 0x96, 0x6e, 0x1, 0xff,
    0xc6, 0x73, 0x0, 0xff, 0xe6, 0x41, 0x80, 0x7f,
    0xf1, 0xe, 0x0, 0x3f, 0xf9, 0xdc, 0x1, 0xff,
    0xc4, 0xe0, 0xf, 0xfe, 0x79, 0x40, 0x7, 0xff,
    0xa, 0x8, 0x3, 0xff, 0xa0, 0xe8, 0x1, 0xff,
    0xc0, 0x37, 0x0, 0xff, 0xe9, 0x48, 0x7, 0xff,
    0x2, 0x40, 0x3f, 0xfa, 0x76, 0x1, 0xff, 0xc0,
    0xb0, 0xf, 0xfe, 0x92, 0x30, 0x7, 0xff, 0x0,
    0x64, 0x3, 0xff, 0xa3, 0x40, 0x1f, 0xfc, 0x26,
    0x40, 0xf, 0xfe, 0x7d, 0x8, 0x7, 0xff, 0xe,
    0x40, 0x3f, 0xf9, 0xca, 0xa0, 0xf, 0xfe, 0x21,
    0x48, 0x7, 0xff, 0x30, 0x6c, 0x3, 0xff, 0x8c,
    0xc6, 0x1, 0xff, 0xcb, 0xa1, 0x0, 0xff, 0xe3,
    0xf0, 0x7, 0xff, 0x29, 0x90, 0x3, 0xfa, 0x14,
    0x3, 0xf8, 0xa0, 0x3, 0xff, 0x90, 0x52, 0x1,
    0xfc, 0x6f, 0x60, 0x1f, 0xe7, 0x30, 0xf, 0xfe,
    0x3f, 0x0, 0x7f, 0xbc, 0x6, 0x40, 0x3f, 0xdc,
    0x1, 0xff, 0xc6, 0x73, 0x0, 0xfe, 0x73, 0x0,
    0x31, 0x80, 0x7f, 0x14, 0x0, 0x7f, 0xf1, 0xa,
    0x0, 0x3f, 0x8a, 0x0, 0x37, 0x80, 0x7f, 0x9c,
    0xc0, 0x3f, 0xf8, 0x7c, 0x1, 0xfe, 0xe0, 0xe,
    0x37, 0x0, 0xff, 0x70, 0x7, 0xff, 0xa, 0xc,
    0x3, 0xf9, 0x8c, 0x3, 0xd0, 0x20, 0x1f, 0xc5,
    0x0, 0x1f, 0xfc, 0x3, 0x70, 0xf, 0xe1, 0x90,
    0xf, 0xd4, 0x1, 0xfe, 0x73, 0x0, 0xff, 0xb8,
    0x3, 0xfd, 0x40, 0x1f, 0xc8, 0xa0, 0x1f, 0xee,
    0x0, 0xff, 0x49, 0x0, 0x7f, 0x2a, 0x0, 0x7f,
    0xac, 0x3, 0xfc, 0x50, 0x1, 0xf9, 0x18, 0x3,
    0xf8, 0x6c, 0x3, 0xfe, 0x19, 0x0, 0xff, 0x39,
    0x0, 0x78, 0x68, 0x3, 0xfd, 0x62, 0x1, 0xff,
    0xc0, 0x63, 0x0, 0xff, 0x70, 0x7, 0xac, 0x40,
    0x3f, 0x91, 0x40, 0x3f, 0xf8, 0x5c, 0x1, 0xfe,
    0x37, 0x0, 0xca, 0xa0, 0xf, 0xf5, 0x0, 0x7f,
    0xf0, 0xc9, 0xc0, 0x3f, 0xd0, 0x40, 0x1, 0xb0,
    0xf, 0xf4, 0x88, 0x7, 0xff, 0x12, 0x8, 0x3,
    0xfd, 0xc0, 0xa, 0x10, 0xf, 0xe4, 0x60, 0xf,
    0xfe, 0x34, 0x80, 0x7f, 0x8d, 0xc0,

    /* U+0059 "Y" */
    0x7, 0x88, 0xff, 0x28, 0x7, 0xff, 0x18, 0xe2,
    0x3f, 0xce, 0x0, 0xe7, 0x7f, 0xf5, 0x8, 0x7,
    0xff, 0x17, 0x9d, 0xff, 0xde, 0x0, 0x91, 0x0,
    0xff, 0x58, 0x7, 0xff, 0x11, 0x88, 0x3, 0xf8,
    0xa0, 0x2, 0xb0, 0xf, 0xf2, 0x98, 0x7, 0xff,
    0x8, 0x60, 0x3, 0xfd, 0x20, 0x19, 0x50, 0x3,
    0xfd, 0xe0, 0x1f, 0xfc, 0x28, 0x10, 0xf, 0xe5,
    0x40, 0xe, 0x90, 0xf, 0xf1, 0xa8, 0x7, 0xff,
    0x0, 0x98, 0x3, 0xfd, 0x60, 0x1e, 0x27, 0x0,
    0xff, 0x58, 0x7, 0xff, 0x2, 0x40, 0x3f, 0xd0,
    0x20, 0x1f, 0x41, 0x0, 0x7f, 0xc, 0x0, 0x7f,
    0x95, 0x0, 0x3f, 0x89, 0xc0, 0x3f, 0xa4, 0x3,
    0xfc, 0xe4, 0x1, 0xfd, 0x0, 0x1f, 0xee, 0x0,
    0xff, 0x22, 0x80, 0x7f, 0xa0, 0x3, 0xf3, 0x90,
    0x7, 0xf3, 0x18, 0x7, 0xfd, 0x60, 0x1f, 0xe5,
    0x40, 0xf, 0xc, 0x0, 0x7f, 0xc, 0x0, 0x7f,
    0xf0, 0x6, 0x0, 0x3f, 0xd2, 0x1, 0xeb, 0x0,
    0xff, 0x58, 0x80, 0x7f, 0xf0, 0x5c, 0x80, 0x3f,
    0x89, 0x80, 0x31, 0xa8, 0x7, 0xf1, 0xa8, 0x7,
    0xff, 0xf, 0x80, 0x3f, 0xd0, 0x20, 0x17, 0x80,
    0x7f, 0xb8, 0x3, 0xff, 0x88, 0x6a, 0x1, 0xfc,
    0x30, 0x0, 0x63, 0x0, 0xfe, 0x72, 0x0, 0xff,
    0xe2, 0xd8, 0x80, 0x7f, 0x31, 0x4, 0x0, 0x7f,
    0x14, 0x0, 0x7f, 0xf1, 0x86, 0x0, 0x3f, 0xd3,
    0x2, 0x1, 0xfd, 0x20, 0x1f, 0xfc, 0x86, 0x30,
    0xf, 0xe4, 0x70, 0xf, 0xe5, 0x40, 0xf, 0xfe,
    0x4f, 0x80, 0x7f, 0xf2, 0x2c, 0x3, 0xff, 0x94,
    0x6c, 0x1, 0xff, 0xc6, 0x81, 0x0, 0xff, 0xe5,
    0xc8, 0x80, 0x7f, 0xf1, 0x9, 0xc0, 0x3f, 0xf9,
    0xb6, 0x1, 0xff, 0xc4, 0xe0, 0xf, 0xfe, 0x72,
    0xa0, 0x7, 0xff, 0x9, 0x8c, 0x3, 0xff, 0x9f,
    0x20, 0x1f, 0xfc, 0x11, 0x80, 0xf, 0xfe, 0x81,
    0x38, 0x7, 0xff, 0x2, 0xc4, 0x3, 0xff, 0xa3,
    0x4, 0x1, 0xfe, 0x45, 0x0, 0xff, 0xe9, 0xc8,
    0x7, 0xfa, 0x40, 0x3f, 0xfa, 0x88, 0x1, 0xfe,
    0x30, 0xf, 0xff, 0xf8, 0x7, 0xff, 0xfc, 0x3,
    0xff, 0xfe, 0x1, 0xff, 0xff, 0x0, 0xff, 0xff,
    0x80, 0x7f, 0xff, 0xc0, 0x3f, 0xff, 0xe0, 0x1f,
    0xff, 0xf0, 0xf, 0xff, 0xf8, 0x7, 0xff, 0xfc,
    0x3, 0xff, 0xdc,

    /* U+005A "Z" */
    0x0, 0x45, 0xdf, 0xff, 0x52, 0x0, 0x8, 0x9f,
    0xfd, 0x60, 0xf, 0xff, 0xf8, 0x7, 0xff, 0xfc,
    0x3, 0xff, 0xea, 0xc0, 0x1f, 0xfd, 0x61, 0xb0,
    0x6, 0x7f, 0xff, 0xf1, 0xc4, 0x3, 0xfe, 0xd1,
    0x0, 0xff, 0xe4, 0xd0, 0x80, 0x7f, 0x9c, 0xc0,
    0x3f, 0xf9, 0x2c, 0xa0, 0x1f, 0xe3, 0x80, 0xf,
    0xfe, 0x49, 0x48, 0x7, 0xfd, 0xc0, 0x1f, 0xfc,
    0xae, 0x0, 0xff, 0xa8, 0x80, 0x3f, 0xf9, 0x30,
    0x60, 0x1f, 0xe5, 0x50, 0x7, 0xff, 0x25, 0x1c,
    0x3, 0xfc, 0x54, 0x1, 0xff, 0xc9, 0x1a, 0x0,
    0xff, 0xb8, 0x3, 0xff, 0x95, 0x62, 0x1, 0xfe,
    0x83, 0x0, 0xff, 0xe4, 0xb2, 0x80, 0x7f, 0x8d,
    0xc0, 0x3f, 0xf9, 0x25, 0x20, 0x1f, 0xe1, 0xd0,
    0xf, 0xfe, 0x57, 0x80, 0x7f, 0xd6, 0x20, 0x1f,
    0xfc, 0x99, 0x20, 0xf, 0xf3, 0x28, 0x7, 0xff,
    0x25, 0x18, 0x3, 0xfc, 0x52, 0x1, 0xff, 0xc9,
    0x1a, 0x0, 0xff, 0xb8, 0x3, 0xff, 0x95, 0x42,
    0x1, 0xfe, 0x83, 0x0, 0xff, 0xe4, 0xba, 0x0,
    0x7f, 0x91, 0xc0, 0x3f, 0xf9, 0x25, 0x0, 0x1f,
    0xe1, 0xa0, 0xf, 0xfe, 0x57, 0x80, 0x7f, 0xd4,
    0x20, 0x1f, 0xfc, 0x99, 0x20, 0xf, 0xf3, 0x20,
    0x7, 0xff, 0x25, 0x18, 0x3, 0xfc, 0x52, 0x1,
    0xff, 0xc9, 0x1a, 0x0, 0xff, 0xbc, 0x3, 0xff,
    0x95, 0x42, 0x1, 0xfe, 0x92, 0x0, 0xff, 0xe4,
    0xba, 0x0, 0x7f, 0x91, 0x80, 0x3f, 0xf9, 0x27,
    0x0, 0x1f, 0xe1, 0xa0, 0xf, 0xfe, 0x57, 0x0,
    0x7f, 0xd4, 0x20, 0x1f, 0xfc, 0x99, 0x20, 0xf,
    0xf3, 0xa0, 0x7, 0xff, 0x25, 0x58, 0x3, 0xfc,
    0x70, 0x1, 0xff, 0xc9, 0x1b, 0x0, 0xff, 0xe0,
    0x5d, 0xff, 0xf2, 0x8, 0x34, 0x40, 0x3f, 0xe3,
    0x44, 0xff, 0xe4, 0x8, 0x8c, 0x3, 0xff, 0xfe,
    0x1, 0xff, 0xff, 0x0, 0xff, 0xff, 0x80, 0x7f,
    0xf3, 0x40,

    /* U+005B "[" */
    0xdf, 0xff, 0xfe, 0x1a, 0x0, 0x7f, 0xff, 0xc0,
    0x3f, 0xfa, 0xf9, 0x9f, 0x90, 0x3, 0xf1, 0x9f,
    0xe0, 0xf, 0xff, 0xf8, 0x7, 0xff, 0xfc, 0x3,
    0xff, 0xfe, 0x1, 0xff, 0xff, 0x0, 0xff, 0xff,
    0x80, 0x7f, 0xff, 0xc0, 0x3f, 0xff, 0xe0, 0x1f,
    0xff, 0xf0, 0xf, 0xfe, 0x49, 0x9f, 0xe0, 0xf,
    0xec, 0xcf, 0xc8, 0x1, 0xff, 0xff, 0x0, 0xff,
    0xe7, 0x80,

    /* U+005C "\\" */
    0xaf, 0xff, 0xb4, 0x3, 0xff, 0x89, 0xe0, 0x1f,
    0x11, 0x0, 0x3f, 0xf8, 0x68, 0x1, 0xf9, 0x40,
    0x3f, 0xf8, 0x62, 0x60, 0x1f, 0x58, 0x7, 0xff,
    0x12, 0xc0, 0x3e, 0x31, 0x0, 0xff, 0xe1, 0xa8,
    0x7, 0xe4, 0x0, 0xff, 0xe1, 0x91, 0x0, 0x3e,
    0xf0, 0xf, 0xfe, 0x22, 0x80, 0x7c, 0xa0, 0x1f,
    0xfc, 0x4c, 0x0, 0xfc, 0x80, 0x1f, 0xfc, 0x34,
    0x10, 0xf, 0xb4, 0x3, 0xff, 0x88, 0x80, 0x1f,
    0x20, 0x7, 0xff, 0x13, 0xc0, 0x3e, 0x22, 0x0,
    0x7f, 0xf0, 0xd0, 0x3, 0xf2, 0x80, 0x7f, 0xf0,
    0xc5, 0x0, 0x3e, 0xb0, 0xf, 0xfe, 0x26, 0x0,
    0x7c, 0x62, 0x1, 0xff, 0xc3, 0x50, 0xf, 0xce,
    0x1, 0xff, 0xc3, 0x22, 0x0, 0x7d, 0x80, 0x1f,
    0xfc, 0x45, 0x0, 0xf9, 0x40, 0x3f, 0xf8, 0x96,
    0x1, 0xf9, 0x0, 0x3f, 0xf8, 0x66, 0x20, 0x1f,
    0x68, 0x7, 0xff, 0x11, 0x0, 0x3e, 0x70, 0xf,
    0xfe, 0x27, 0x80, 0x7c, 0x26, 0x1, 0xff, 0xc3,
    0x50, 0xf, 0xc8, 0x1, 0xff, 0xc4, 0x40, 0xf,
    0xac, 0x3, 0xff, 0x89, 0xa0, 0x1f, 0x18, 0x80,
    0x7f, 0xf0, 0xdc, 0x3, 0xf3, 0x80, 0x7f, 0xf0,
    0xc4, 0x80, 0x3e, 0xd0, 0xf, 0xfe, 0x22, 0x80,
    0x7c, 0x80, 0x1f, 0xfc, 0x4b, 0x0, 0xfc, 0x80,
    0x1f, 0xfc, 0x33, 0x10, 0xf, 0xb4, 0x3, 0xff,
    0x88, 0xe0, 0x1f, 0x38, 0x7, 0xff, 0x13, 0x40,
    0x3e, 0x13, 0x0, 0xff, 0xe1, 0xa0, 0x7, 0xeb,
    0x0, 0xff, 0xe2, 0x20, 0x7, 0xc8, 0x1, 0xff,
    0xc4, 0xd0, 0xf, 0x8c, 0x40, 0x3f, 0xf8, 0x6e,
    0x1, 0xf9, 0xc0, 0x3f, 0xf8, 0x62, 0x60, 0x1f,
    0x68, 0x7, 0xff, 0x11, 0x0, 0x3e, 0x40, 0xf,
    0xfe, 0x25, 0x80, 0x7e, 0x50, 0xf, 0xfe, 0x19,
    0x88, 0x7, 0xd8, 0x1, 0xff, 0xc4, 0x70, 0xf,
    0x9c, 0x3, 0xff, 0x89, 0xa0, 0x1f, 0x9, 0x80,
    0x7f, 0xf0, 0xd0, 0x3, 0xf5, 0x80, 0x7f, 0xf1,
    0x10, 0x3, 0xe5, 0x0, 0xff, 0xe2, 0x68, 0x7,
    0xc4, 0x40, 0xf, 0xfe, 0x1b, 0x80, 0x7e, 0x40,
    0xf, 0xfe, 0x18, 0x98, 0x7, 0xda, 0x1, 0xff,
    0xc4, 0xb0, 0xf, 0x90, 0x3, 0xff, 0x88, 0xa0,
    0x1f, 0x94, 0x3, 0xff, 0x86, 0x42, 0x1, 0xf7,
    0x80, 0x7f, 0xf1, 0x1c, 0x3, 0xe4, 0x0, 0xff,
    0xe2, 0x68, 0x7, 0xc2, 0x60,

    /* U+005D "]" */
    0xff, 0xff, 0xe2, 0x10, 0x7, 0xff, 0xfc, 0x3,
    0xff, 0x9f, 0x99, 0xf8, 0xc0, 0x3f, 0x19, 0xfe,
    0x70, 0xf, 0xff, 0xf8, 0x7, 0xff, 0xfc, 0x3,
    0xff, 0xfe, 0x1, 0xff, 0xff, 0x0, 0xff, 0xff,
    0x80, 0x7f, 0xff, 0xc0, 0x3f, 0xff, 0xe0, 0x1f,
    0xff, 0xf0, 0xf, 0xfe, 0x41, 0x9f, 0xe7, 0x0,
    0xfd, 0x99, 0xf8, 0xc0, 0x3f, 0xff, 0xe0, 0x1f,
    0xfd, 0x70,

    /* U+005E "^" */
    0x0, 0xfe, 0x18, 0x8e, 0x70, 0xf, 0xfe, 0x3d,
    0xbb, 0xf4, 0x38, 0x7, 0xff, 0x14, 0xd4, 0x3,
    0xd0, 0x20, 0x1f, 0xfc, 0x4f, 0x0, 0xfd, 0x0,
    0x1f, 0xfc, 0x35, 0x30, 0xf, 0xcc, 0x40, 0x1f,
    0xfc, 0x28, 0x0, 0xff, 0x48, 0x7, 0xff, 0x5,
    0x88, 0x3, 0xfc, 0x88, 0x0, 0xff, 0x86, 0x0,
    0x3f, 0xf8, 0x12, 0x1, 0xff, 0x48, 0x80, 0x72,
    0x8, 0x7, 0x13, 0x0, 0x7f, 0x13, 0x80, 0x7a,
    0x20, 0x1, 0xe8, 0x0, 0xfe, 0x80, 0xf, 0x29,
    0xb1, 0x0, 0x70, 0xc0, 0x7, 0xc6, 0xa0, 0x1e,
    0x80, 0x4, 0x0, 0x79, 0xc4, 0x3, 0xde, 0x1,
    0xe5, 0x20, 0x2, 0x98, 0x7, 0xac, 0x3, 0x94,
    0xc0, 0x3d, 0x0, 0x1b, 0xc0, 0x3c, 0xa6, 0x1,
    0xa0, 0x3, 0xcc, 0x40, 0x18, 0xd0, 0x3, 0xde,
    0x1, 0x39, 0x0, 0x7a, 0x0, 0x3d, 0x0, 0x1e,
    0x35, 0x1, 0x90, 0xf, 0x38, 0x80, 0x78, 0xd4,
    0x3, 0xd0, 0x12, 0x20, 0x1c, 0x32, 0x1, 0xfa,
    0x0, 0x3c, 0x4e,

    /* U+005F "_" */
    0xbb, 0xff, 0xea, 0x1a, 0x27, 0xff, 0x51, 0x80,
    0x3f, 0xff, 0xe0, 0x1f, 0xff, 0xf0, 0xf, 0xff,
    0x20,

    /* U+0060 "`" */
    0x0, 0xff, 0xe5, 0x44, 0x80, 0x7f, 0xf0, 0x8d,
    0xda, 0x80, 0x3f, 0xf8, 0x3c, 0x0, 0x5b, 0x0,
    0xff, 0xa8, 0x80, 0x24, 0xb0, 0xf, 0xe5, 0x50,
    0x7, 0x26, 0x8, 0x7, 0x86, 0xc0, 0x3e, 0x3c,
    0x10, 0xe, 0xa1, 0x0, 0xfc, 0x58, 0x20, 0x11,
    0x28, 0x7, 0xf8, 0xbc, 0x80, 0x5, 0xee, 0x1,
    0xfe, 0x1c, 0x20, 0x0, 0xc7, 0x30, 0x7, 0xf0,
    0xe0, 0x6, 0x19, 0xd4, 0x0, 0xfd, 0x0, 0x1e,
    0x2b, 0xc3, 0x0, 0xe4, 0x60, 0xf, 0xc7, 0x94,
    0x40, 0x1, 0xa0, 0xf, 0xf9, 0x76, 0x46, 0xc4,
    0x3, 0xff, 0x82, 0xdc, 0xa0, 0x10,

    /* U+0061 "a" */
    0x0, 0xff, 0xe0, 0x1a, 0xbb, 0x99, 0x44, 0x3,
    0xff, 0x98, 0x95, 0xf9, 0x51, 0x9, 0xae, 0xd7,
    0x10, 0x7, 0xff, 0xf5, 0x0, 0x7c, 0x79, 0x6a,
    0x1, 0xf8, 0xa3, 0x9c, 0x3, 0xff, 0x8a, 0xf8,
    0x60, 0x1f, 0xfc, 0x18, 0xb0, 0xf, 0xfe, 0x1c,
    0xc0, 0x7, 0xff, 0x11, 0x0, 0x3f, 0xf8, 0x52,
    0xc0, 0x1f, 0xfd, 0x35, 0x60, 0xf, 0xfe, 0x98,
    0xd8, 0x7, 0xff, 0x52, 0x4, 0x3, 0xff, 0xa6,
    0x2c, 0x1, 0xff, 0xc0, 0x58, 0x98, 0x50, 0xf,
    0xfe, 0x1b, 0x0, 0x7f, 0xcd, 0xd4, 0xec, 0xf5,
    0xcc, 0x1, 0xff, 0xc1, 0xb0, 0xf, 0xf4, 0xc8,
    0x40, 0x38, 0x66, 0x0, 0x3f, 0xf8, 0x6, 0x1,
    0xfc, 0xcc, 0x0, 0xfe, 0x75, 0x0, 0xff, 0x18,
    0x7, 0xfa, 0x0, 0x3f, 0xe8, 0x0, 0xff, 0x30,
    0x7, 0xf2, 0x8, 0x7, 0xfc, 0x44, 0x0, 0xfe,
    0x30, 0xf, 0xe3, 0x0, 0xff, 0xe0, 0xb8, 0x7,
    0xf0, 0x80, 0x7f, 0x78, 0x7, 0xff, 0x4, 0xc0,
    0x3f, 0x84, 0x3, 0xfb, 0xc0, 0x3f, 0xf8, 0x26,
    0x1, 0xfc, 0x60, 0x1f, 0xc6, 0x1, 0xff, 0xc1,
    0x70, 0xf, 0xe6, 0x0, 0xfe, 0x41, 0x0, 0xff,
    0x88, 0x80, 0x1f, 0xc6, 0x1, 0xfe, 0x90, 0xf,
    0xfa, 0x0, 0x3f, 0xe3, 0x0, 0xfe, 0x75, 0x0,
    0xfe, 0x65, 0x0, 0xff, 0xac, 0x3, 0xfd, 0x4e,
    0x1, 0xf4, 0xc8, 0x3, 0xff, 0x80, 0xc0, 0x1f,
    0xf4, 0x75, 0x3b, 0x3d, 0x7b, 0x0, 0x7f, 0xf0,
    0x45, 0x80, 0x3f, 0xe1, 0x58, 0x98, 0x50, 0xf,
    0xfe, 0x24, 0x0, 0x7f, 0xf5, 0x46, 0x40, 0x3f,
    0xfa, 0xac, 0xc0, 0xf, 0xfe, 0xac, 0xb0, 0x7,
    0xff, 0x56, 0x60, 0x3, 0xff, 0x88, 0x60, 0x1f,
    0xfc, 0x47, 0xc3, 0x0, 0xff, 0xe0, 0xbe, 0x0,
    0x7f, 0xf1, 0x4f, 0x2d, 0x40, 0x3f, 0xb, 0xf4,
    0x0, 0x7f, 0xf2, 0x12, 0xbf, 0x2a, 0x21, 0x35,
    0xbd, 0x2, 0x0, 0xff, 0xfe, 0xa0,

    /* U+0062 "b" */
    0x8f, 0xff, 0xe4, 0x0, 0xff, 0xff, 0x80, 0x7f,
    0xff, 0xc0, 0x3f, 0xff, 0xe0, 0x1f, 0xff, 0xf0,
    0xf, 0xff, 0xf8, 0x7, 0xff, 0xfc, 0x3, 0xff,
    0xe8, 0x4a, 0xce, 0xca, 0x40, 0x1f, 0xfc, 0xc2,
    0x9e, 0xda, 0x98, 0x9a, 0xdf, 0xa4, 0x0, 0xff,
    0xe3, 0x8d, 0x6b, 0x8, 0x7, 0xe5, 0xbc, 0x30,
    0xf, 0xfe, 0x2d, 0x28, 0x7, 0xff, 0x4, 0xf2,
    0x0, 0x3f, 0xfa, 0xaf, 0x40, 0x1f, 0xfd, 0x55,
    0xa0, 0xf, 0xfe, 0xaa, 0xb0, 0x7, 0xff, 0x56,
    0x48, 0x3, 0xff, 0xab, 0x0, 0x1f, 0xfc, 0x44,
    0x89, 0x85, 0x10, 0xf, 0xf9, 0x48, 0x3, 0xff,
    0x82, 0xbd, 0x6e, 0xcf, 0x5d, 0x0, 0x1f, 0xf5,
    0x0, 0x7f, 0xf0, 0x1e, 0x84, 0x3, 0xcf, 0x60,
    0x1f, 0xe5, 0x0, 0xff, 0x92, 0x0, 0x3f, 0x91,
    0xc0, 0x3f, 0x88, 0x40, 0x3f, 0xd0, 0x1, 0xff,
    0x40, 0x80, 0x7f, 0x28, 0x7, 0xf0, 0x98, 0x7,
    0xff, 0x1, 0x0, 0x3f, 0x88, 0x3, 0xf8, 0x80,
    0x3f, 0xf8, 0x3a, 0x1, 0xfc, 0x20, 0x1f, 0xce,
    0x1, 0xff, 0xc1, 0x10, 0xf, 0xef, 0x0, 0xff,
    0xe5, 0x88, 0x7, 0xf7, 0x80, 0x7f, 0x28, 0x7,
    0xff, 0x7, 0x40, 0x3f, 0x84, 0x3, 0xf8, 0x4c,
    0x3, 0xff, 0x80, 0x80, 0x1f, 0xc4, 0x1, 0xfe,
    0x80, 0xf, 0xf9, 0xc4, 0x3, 0xf9, 0x40, 0x3f,
    0xc9, 0x0, 0x1f, 0xc9, 0x0, 0x1f, 0xc4, 0x20,
    0x1f, 0xf3, 0xc8, 0x80, 0x79, 0xec, 0x3, 0xfc,
    0xa0, 0x1f, 0xfc, 0x16, 0xea, 0x76, 0x79, 0xe8,
    0x0, 0xff, 0xa8, 0x3, 0xff, 0x86, 0xb1, 0x30,
    0xc2, 0x1, 0xff, 0x21, 0x0, 0x7f, 0xf5, 0x24,
    0x3, 0xff, 0xa9, 0x4, 0x1, 0xff, 0xd3, 0x57,
    0x0, 0xff, 0xe9, 0xad, 0x0, 0x7f, 0xf0, 0x84,
    0x3, 0xff, 0x88, 0xf4, 0x1, 0xff, 0xc3, 0xd5,
    0x0, 0xff, 0xe0, 0x9e, 0x40, 0x7, 0xff, 0x10,
    0x6b, 0x58, 0x40, 0x3f, 0x2d, 0xe1, 0x80, 0x7d,
    0x1f, 0xff, 0xc4, 0x5, 0x3d, 0xb5, 0x31, 0x35,
    0xbf, 0x48, 0x1, 0xfc,

    /* U+0063 "c" */
    0x0, 0xff, 0xe0, 0x89, 0xb3, 0x1d, 0xcc, 0x82,
    0x1, 0xff, 0xc6, 0x28, 0xde, 0xc9, 0x94, 0x42,
    0x6f, 0xb6, 0x8, 0x3, 0xff, 0x82, 0x77, 0xae,
    0x40, 0x1f, 0xc4, 0xfb, 0x42, 0x1, 0xfe, 0x8c,
    0x40, 0xf, 0xfe, 0x1a, 0xf3, 0x0, 0x7c, 0x38,
    0xe0, 0x1f, 0xfc, 0x79, 0x90, 0x7, 0x17, 0x98,
    0x7, 0xff, 0x25, 0x9c, 0x2, 0x1f, 0x10, 0xf,
    0xfe, 0x52, 0x38, 0x5, 0x44, 0x1, 0xff, 0xca,
    0x4b, 0x0, 0x99, 0x0, 0x3f, 0xf9, 0x49, 0x60,
    0x1a, 0x0, 0x3f, 0xf8, 0x8, 0xf0, 0xea, 0x20,
    0x19, 0x6c, 0x3, 0x30, 0x80, 0x7f, 0x9b, 0xae,
    0x1e, 0x2b, 0xa8, 0x81, 0x68, 0x3, 0xa8, 0x3,
    0xfd, 0x32, 0x10, 0xf, 0x2e, 0x45, 0x0, 0x70,
    0x98, 0x7, 0xf3, 0xb0, 0x7, 0xf0, 0xb8, 0x7,
    0x94, 0x3, 0xf8, 0x60, 0x3, 0xff, 0x8c, 0x60,
    0x1f, 0xc8, 0x1, 0xff, 0xc7, 0xf0, 0xf, 0xed,
    0x0, 0xff, 0xe3, 0x88, 0x7, 0xf0, 0x80, 0x7f,
    0xf1, 0xc4, 0x3, 0xf8, 0x40, 0x3f, 0xf8, 0xfe,
    0x1, 0xfd, 0xa0, 0x1f, 0xfc, 0x73, 0x0, 0xfe,
    0x50, 0xf, 0xfe, 0x3a, 0x80, 0x7f, 0xa0, 0x3,
    0xff, 0x8c, 0x24, 0x1, 0xfc, 0xec, 0x1, 0xfe,
    0xa2, 0x0, 0xf5, 0x0, 0x7f, 0xa6, 0x42, 0x1,
    0xe4, 0xd5, 0xc2, 0x0, 0xe6, 0x0, 0xff, 0x9b,
    0xae, 0x1e, 0x2b, 0xac, 0x80, 0x70, 0x80, 0x30,
    0xc0, 0x7, 0xff, 0x1, 0x1e, 0x1d, 0x44, 0x3,
    0xe, 0x10, 0x6, 0x73, 0x0, 0xff, 0xe5, 0xe,
    0x10, 0x6, 0xe1, 0x0, 0xff, 0xe5, 0xe, 0x10,
    0x4, 0x5a, 0x1, 0xff, 0xcb, 0x1a, 0x0, 0xc7,
    0xa4, 0x1, 0xff, 0xc9, 0x78, 0x0, 0xe2, 0xc5,
    0x0, 0xff, 0xe3, 0xd, 0x40, 0x7, 0xc3, 0x56,
    0x60, 0x1f, 0xfc, 0x36, 0xf5, 0x0, 0xff, 0x26,
    0x61, 0x88, 0x3, 0xf8, 0xe3, 0xa4, 0x40, 0x3f,
    0xf8, 0x27, 0x3b, 0xd7, 0x31, 0x14, 0xdf, 0x63,
    0x88, 0x7, 0x0,

    /* U+0064 "d" */
    0x0, 0xff, 0xe5, 0x97, 0xff, 0xf5, 0x0, 0x7f,
    0xff, 0xc0, 0x3f, 0xff, 0xe0, 0x1f, 0xff, 0xf0,
    0xf, 0xff, 0xf8, 0x7, 0xff, 0xfc, 0x3, 0xff,
    0xfe, 0x1, 0xff, 0xda, 0x25, 0x67, 0x72, 0x98,
    0x7, 0xff, 0x30, 0xe7, 0xb6, 0xa6, 0x21, 0x59,
    0xd4, 0x60, 0x1f, 0xfc, 0x72, 0xbc, 0x61, 0x0,
    0xf8, 0x57, 0x2d, 0x80, 0x3f, 0xf8, 0x8f, 0xa8,
    0x1, 0xff, 0xc1, 0x4b, 0x0, 0xff, 0xe1, 0xcc,
    0x0, 0x7f, 0xf4, 0xe1, 0x80, 0x3f, 0xfa, 0x6a,
    0xe0, 0x1f, 0xfd, 0x31, 0xb0, 0xf, 0xfe, 0xa4,
    0x8, 0x7, 0xff, 0x4c, 0x58, 0x3, 0xff, 0x80,
    0xb1, 0x30, 0xa0, 0x1f, 0xfc, 0x36, 0x0, 0xff,
    0x9b, 0xa9, 0xd9, 0xeb, 0x98, 0x3, 0xff, 0x83,
    0x60, 0x1f, 0xe9, 0x90, 0x80, 0x70, 0xcc, 0x0,
    0x7f, 0xf0, 0xc, 0x3, 0xf9, 0x98, 0x1, 0xfc,
    0xea, 0x1, 0xfe, 0x30, 0xf, 0xf4, 0x0, 0x7f,
    0xd0, 0x1, 0xfe, 0x60, 0xf, 0xe4, 0x10, 0xf,
    0xf8, 0x88, 0x1, 0xfc, 0x60, 0x1f, 0xc6, 0x1,
    0xff, 0xc1, 0x70, 0xf, 0xe1, 0x0, 0xfe, 0xf0,
    0xf, 0xfe, 0x9, 0x80, 0x7f, 0x8, 0x7, 0xf7,
    0x80, 0x7f, 0xf0, 0x4c, 0x3, 0xf8, 0xc0, 0x3f,
    0x8c, 0x3, 0xff, 0x82, 0xe0, 0x1f, 0xcc, 0x1,
    0xfc, 0x82, 0x1, 0xff, 0x11, 0x0, 0x3f, 0x8c,
    0x3, 0xfd, 0x20, 0x1f, 0xf4, 0x0, 0x7f, 0xc6,
    0x1, 0xfc, 0xea, 0x1, 0xfc, 0xca, 0x1, 0xff,
    0x58, 0x7, 0xfa, 0x9c, 0x3, 0xe9, 0x90, 0x7,
    0xff, 0x1, 0x80, 0x3f, 0xe8, 0xea, 0x76, 0x7a,
    0xf6, 0x0, 0xff, 0xe0, 0x8b, 0x0, 0x7f, 0xc2,
    0xb1, 0x30, 0xa0, 0x1f, 0xfc, 0x48, 0x0, 0xff,
    0xea, 0x8c, 0x80, 0x7f, 0xf5, 0x59, 0x80, 0x1f,
    0xfd, 0x59, 0x60, 0xf, 0xfe, 0xac, 0xc0, 0x7,
    0xff, 0x55, 0xf0, 0xc0, 0x3f, 0xf8, 0x29, 0xc0,
    0x1f, 0xfc, 0x53, 0xcb, 0x50, 0xf, 0xc2, 0xb9,
    0x62, 0x1, 0xff, 0xc7, 0x4a, 0xfd, 0xa9, 0x88,
    0x56, 0x75, 0x18, 0x3, 0xff, 0xfa, 0x80,

    /* U+0065 "e" */
    0x0, 0xff, 0xe0, 0x92, 0x33, 0xb9, 0x94, 0x80,
    0x3f, 0xf9, 0x49, 0x3d, 0xb7, 0x31, 0x9, 0xad,
    0xfa, 0x40, 0xf, 0xfe, 0x2a, 0xed, 0xb0, 0x80,
    0x7f, 0x2d, 0xea, 0x0, 0x7f, 0xf0, 0x46, 0xe8,
    0x80, 0x3f, 0xf8, 0x45, 0x74, 0x1, 0xff, 0x1f,
    0xa0, 0x7, 0xff, 0x19, 0x74, 0x40, 0x3f, 0x1e,
    0x8, 0x7, 0xff, 0x20, 0xb0, 0x40, 0x3c, 0x5a,
    0x1, 0xff, 0xcb, 0x2d, 0x0, 0xf7, 0x8, 0x7,
    0xff, 0x30, 0xdc, 0x3, 0x39, 0x80, 0x7f, 0x14,
    0x67, 0x7e, 0xd2, 0x0, 0x7f, 0x40, 0x80, 0x6,
    0x0, 0x3f, 0xa3, 0x5c, 0xc4, 0x9, 0x6e, 0x40,
    0x3f, 0xa4, 0x0, 0xc0, 0x1f, 0xd2, 0xe0, 0x1f,
    0x9a, 0x0, 0x3f, 0x30, 0x2, 0x80, 0x3f, 0x23,
    0x0, 0x7f, 0x9c, 0x40, 0x3e, 0x13, 0x12, 0x0,
    0xfd, 0xe0, 0x1f, 0xfc, 0x6, 0x0, 0xfc, 0x8a,
    0x1, 0xfd, 0x7f, 0xff, 0xfc, 0x7, 0x0, 0xfd,
    0xc6, 0x1, 0xff, 0xd3, 0x2f, 0x0, 0xff, 0xe9,
    0xb8, 0x80, 0x7f, 0xf5, 0x4, 0x3, 0xff, 0xa6,
    0xfe, 0x1, 0xff, 0xd3, 0x32, 0x0, 0xfe, 0x33,
    0xff, 0xe5, 0x62, 0x0, 0x7f, 0x4e, 0x67, 0xff,
    0x25, 0x4, 0x80, 0x3f, 0x40, 0x7, 0xff, 0x2e,
    0x80, 0x3f, 0x14, 0x80, 0x7f, 0xf0, 0x23, 0x0,
    0x3f, 0x30, 0x7, 0xf3, 0x50, 0x80, 0x7e, 0x2b,
    0x73, 0xc0, 0xf, 0x85, 0xc0, 0x3f, 0x97, 0xa5,
    0x48, 0x48, 0xda, 0xf5, 0x0, 0x7, 0x82, 0x1,
    0xe8, 0x20, 0xf, 0xf3, 0x56, 0xf6, 0xe4, 0xa0,
    0x7, 0x1e, 0x8, 0x7, 0xbc, 0x3, 0xff, 0x98,
    0x58, 0x20, 0x1c, 0x58, 0x1, 0xff, 0xcc, 0x22,
    0x0, 0x78, 0xf0, 0x40, 0x3f, 0xf9, 0x23, 0x86,
    0x1, 0xf1, 0xfa, 0x80, 0x7f, 0xf1, 0xcf, 0xc,
    0x3, 0xf8, 0x6a, 0xcc, 0x3, 0xff, 0x86, 0x33,
    0x84, 0x1, 0xff, 0xc0, 0x4c, 0xc3, 0x90, 0x7,
    0xf0, 0xad, 0x73, 0x0, 0x7f, 0xf1, 0xe, 0x37,
    0xb2, 0x65, 0x10, 0x9a, 0xde, 0xa5, 0x0, 0xfc,

    /* U+0066 "f" */
    0x0, 0xff, 0xe2, 0xb, 0x4d, 0xe6, 0xe5, 0x39,
    0x80, 0x7f, 0xf1, 0xd3, 0x3a, 0x59, 0xc, 0x8d,
    0x63, 0x35, 0x40, 0x3f, 0xf8, 0x63, 0x76, 0x30,
    0xf, 0xf1, 0x56, 0x10, 0x7, 0xff, 0x0, 0xbd,
    0x0, 0x3f, 0xf8, 0x47, 0x86, 0x1, 0xfe, 0x2c,
    0x10, 0xf, 0xfe, 0x20, 0xd0, 0x7, 0xfb, 0xc4,
    0x3, 0xff, 0x8a, 0xb2, 0x1, 0xfd, 0x4, 0x1,
    0xff, 0xc5, 0x5a, 0x0, 0xfe, 0x17, 0x0, 0xff,
    0xe2, 0xa5, 0x0, 0x7f, 0xa4, 0x3, 0xff, 0x8a,
    0x96, 0x1, 0xff, 0x30, 0x7, 0xfa, 0x3b, 0xfa,
    0x1, 0x2c, 0x3, 0xfe, 0x21, 0x0, 0xfe, 0xc7,
    0x10, 0x17, 0xdb, 0x0, 0xff, 0xe0, 0x38, 0x7,
    0xf3, 0x18, 0x7, 0x10, 0x7, 0xff, 0x4, 0x80,
    0x3f, 0xb0, 0x3, 0xff, 0x91, 0xe0, 0x1f, 0xcc,
    0x1, 0xff, 0xc8, 0x10, 0xf, 0xff, 0xf8, 0x7,
    0xf9, 0xbf, 0xfc, 0xc0, 0x1f, 0xd9, 0xff, 0xf8,
    0x80, 0x3f, 0xff, 0xe0, 0x1f, 0xff, 0xf0, 0xf,
    0xff, 0xda, 0x55, 0x79, 0x0, 0x3f, 0xa2, 0xab,
    0xf1, 0x0, 0x62, 0x55, 0xf1, 0x0, 0x7f, 0x22,
    0xaf, 0xe0, 0xf, 0xff, 0xf8, 0x7, 0xff, 0xfc,
    0x3, 0xff, 0xfe, 0x1, 0xff, 0xff, 0x0, 0xff,
    0xff, 0x80, 0x7f, 0xff, 0xc0, 0x3f, 0xff, 0xe0,
    0x1f, 0xff, 0xf0, 0xf, 0xff, 0x60,

    /* U+0067 "g" */
    0x0, 0xff, 0xe0, 0x1b, 0x3b, 0x99, 0x4, 0x3,
    0xff, 0x96, 0xd9, 0xf9, 0x31, 0x9, 0xbe, 0xd7,
    0x10, 0xbf, 0xff, 0xdc, 0x1, 0xf2, 0xf4, 0x98,
    0x7, 0xe2, 0x8f, 0x50, 0xf, 0xfe, 0x25, 0x50,
    0x40, 0x3f, 0xf8, 0x3, 0x48, 0x1, 0xff, 0xc1,
    0x1c, 0x50, 0xf, 0xfe, 0x96, 0x98, 0x7, 0xff,
    0x4a, 0x4c, 0x3, 0xff, 0xa4, 0x8c, 0x1, 0xff,
    0xd3, 0x90, 0xf, 0xfe, 0x9a, 0x10, 0x7, 0xfc,
    0xd5, 0x9b, 0x6e, 0x1, 0xff, 0xc2, 0xe0, 0xf,
    0xf1, 0xf4, 0xa9, 0x92, 0x47, 0x20, 0x7, 0xff,
    0x1, 0x40, 0x3f, 0x8b, 0x4, 0x3, 0xc3, 0x66,
    0x1, 0xfe, 0x30, 0xf, 0xf7, 0x0, 0x7f, 0xb8,
    0x3, 0xfc, 0xa0, 0x1f, 0xc6, 0x60, 0xf, 0xf1,
    0x20, 0x7, 0xf7, 0x0, 0x7f, 0x20, 0x7, 0xff,
    0x3, 0x0, 0x3f, 0x84, 0x3, 0xfb, 0x40, 0x3f,
    0xf8, 0x4, 0x1, 0xff, 0xde, 0x10, 0xf, 0xe2,
    0x0, 0xff, 0xe0, 0x18, 0x7, 0xf7, 0x0, 0x7f,
    0x60, 0x7, 0xff, 0x3, 0x0, 0x3f, 0x88, 0x3,
    0xf9, 0x8, 0x3, 0xfc, 0x2a, 0x1, 0xfc, 0xa0,
    0x1f, 0xee, 0x0, 0xff, 0x50, 0x7, 0xf8, 0x50,
    0x3, 0xf8, 0xec, 0x3, 0xf4, 0xa0, 0x7, 0xfd,
    0xa0, 0x1f, 0xe4, 0xe7, 0x20, 0x1, 0x36, 0xb0,
    0x7, 0xff, 0x1, 0x84, 0x3, 0xfc, 0x31, 0xbf,
    0xed, 0x92, 0x0, 0xff, 0xe1, 0x40, 0x7, 0xff,
    0x51, 0x8c, 0x3, 0xff, 0xa9, 0xa2, 0x1, 0xff,
    0xd3, 0x1d, 0x10, 0xf, 0xfe, 0x99, 0xe1, 0x0,
    0x7f, 0xf4, 0xcb, 0x58, 0x3, 0xff, 0x84, 0xe2,
    0x1, 0xff, 0xc4, 0x9d, 0x50, 0xf, 0xf2, 0xec,
    0x0, 0x7f, 0xf1, 0x8a, 0xbe, 0xdd, 0x51, 0xa,
    0xf7, 0xd4, 0x40, 0x1f, 0xe3, 0x0, 0xff, 0x92,
    0x2a, 0xed, 0x50, 0x82, 0x1, 0x8, 0x7, 0xff,
    0x4c, 0xc0, 0x3f, 0x98, 0x3, 0x8b, 0xc, 0x3,
    0xff, 0x85, 0x20, 0x1f, 0xc6, 0x1, 0x8b, 0xf,
    0x4c, 0x3, 0xff, 0x80, 0xaa, 0x0, 0xfe, 0xc0,
    0x8, 0x7c, 0x40, 0x72, 0x0, 0x3f, 0xcd, 0x40,
    0x1f, 0xc2, 0x80, 0x1, 0xc2, 0x0, 0xcf, 0xd0,
    0x82, 0x0, 0x13, 0x7d, 0x90, 0xf, 0xf3, 0x0,
    0x7, 0x8, 0x3, 0xc2, 0xf7, 0xdf, 0xee, 0xc8,
    0x20, 0xf, 0xfa, 0x40, 0x70, 0x80, 0x3f, 0xf9,
    0xf0, 0x20, 0x66, 0x0, 0xff, 0xe7, 0xa3, 0x80,
    0xa, 0x80, 0x3f, 0xf9, 0xc7, 0x60, 0x19, 0x2c,
    0x3, 0xff, 0x98, 0x7a, 0x1, 0xe4, 0xd3, 0x0,
    0xff, 0xe4, 0xb6, 0x8, 0x7, 0xc5, 0x92, 0x20,
    0x1f, 0xfc, 0x53, 0xc9, 0x0, 0xff, 0x9b, 0xa9,
    0x0, 0x3f, 0xf8, 0x2, 0xb9, 0x83, 0x0, 0xff,
    0xe1, 0x2d, 0xfe, 0x4b, 0xaa, 0x24, 0xaf, 0x39,
    0xd4, 0x60, 0x1f, 0xc0,

    /* U+0068 "h" */
    0x8f, 0xff, 0xe4, 0x0, 0xff, 0xff, 0x80, 0x7f,
    0xff, 0xc0, 0x3f, 0xff, 0xe0, 0x1f, 0xff, 0xf0,
    0xf, 0xff, 0xf8, 0x7, 0xff, 0xfc, 0x3, 0xff,
    0x8e, 0x4a, 0xce, 0xe6, 0x30, 0xf, 0xfe, 0x48,
    0xc7, 0x6d, 0x4c, 0x42, 0x73, 0xe8, 0xc0, 0x3f,
    0xf8, 0xaf, 0xce, 0x20, 0x1f, 0x97, 0x28, 0x40,
    0x3f, 0xf8, 0x53, 0x0, 0x1f, 0xfc, 0x15, 0xf2,
    0x0, 0xff, 0xe0, 0x90, 0x7, 0xff, 0xc, 0x70,
    0x80, 0x3f, 0xfa, 0x23, 0xc0, 0x1f, 0xfd, 0x23,
    0x60, 0xf, 0xfe, 0x94, 0x0, 0x7f, 0xf4, 0x84,
    0xc0, 0x3f, 0xf8, 0x2f, 0x7b, 0x90, 0x40, 0x1f,
    0xf2, 0x0, 0x7f, 0xc5, 0xb0, 0x84, 0x6f, 0xaa,
    0x1, 0xfe, 0xd0, 0xf, 0xfb, 0xc8, 0x3, 0xd4,
    0x40, 0x1f, 0xcc, 0x1, 0xfe, 0x62, 0x0, 0xfd,
    0x0, 0x1f, 0xfc, 0x8c, 0x0, 0xfe, 0x40, 0xf,
    0xfe, 0x40, 0x80, 0x7f, 0x8, 0x7, 0xff, 0xfc,
    0x3, 0xff, 0xfe, 0x1, 0xff, 0xff, 0x0, 0xff,
    0xff, 0x80, 0x7f, 0xff, 0xc0, 0x3f, 0xff, 0xe0,
    0x1f, 0xff, 0xf0, 0xf, 0xfe, 0x0,

    /* U+0069 "i" */
    0x0, 0x15, 0x77, 0xec, 0x88, 0x4, 0xba, 0xa2,
    0x4, 0xde, 0x40, 0x54, 0x1, 0xe1, 0xe0, 0xb0,
    0xf, 0xc6, 0x88, 0x0, 0xfe, 0xc3, 0x0, 0xfe,
    0x12, 0x0, 0xfe, 0x14, 0x0, 0xfe, 0xb9, 0x10,
    0xf, 0x90, 0xc7, 0x44, 0x3, 0x8e, 0x80, 0x7,
    0xf0, 0x86, 0x93, 0x82, 0x1, 0xb, 0xde, 0x5b,
    0x0, 0x7f, 0xf8, 0xe3, 0xff, 0xf9, 0x0, 0x3f,
    0xff, 0xe0, 0x1f, 0xff, 0xf0, 0xf, 0xff, 0xf8,
    0x7, 0xff, 0xfc, 0x3, 0xff, 0xa4,

    /* U+006A "j" */
    0x0, 0xff, 0xe1, 0xa5, 0xf7, 0xeb, 0x80, 0x7f,
    0xf1, 0x5e, 0xd0, 0x40, 0xa3, 0x0, 0x3f, 0xf8,
    0x69, 0x0, 0x1e, 0x3a, 0x0, 0xff, 0xe1, 0x40,
    0x7, 0xe5, 0x20, 0xf, 0xfe, 0x9, 0x80, 0x7f,
    0x20, 0x7, 0xff, 0x0, 0x40, 0x3f, 0xc2, 0x1,
    0xff, 0xc0, 0x10, 0xf, 0xf1, 0x0, 0x7f, 0xf0,
    0x50, 0x3, 0xf9, 0x0, 0x3f, 0xf8, 0x30, 0x1,
    0xf9, 0xc4, 0x3, 0xff, 0x82, 0x74, 0x1, 0xe5,
    0x80, 0xf, 0xfe, 0x1a, 0xeb, 0x99, 0x96, 0xa8,
    0x1, 0xff, 0xc5, 0x28, 0xcc, 0x52, 0x80, 0x7f,
    0xff, 0xc0, 0x3f, 0xfb, 0x39, 0xff, 0xfc, 0x1,
    0xff, 0xff, 0x0, 0xff, 0xff, 0x80, 0x7f, 0xff,
    0xc0, 0x3f, 0xff, 0xe0, 0x1f, 0xff, 0xf0, 0xf,
    0xff, 0xf8, 0x7, 0xff, 0xfc, 0x3, 0xff, 0xfe,
    0x1, 0xff, 0xff, 0x0, 0xff, 0xff, 0x80, 0x7f,
    0xf5, 0x8, 0x3, 0xff, 0x88, 0x40, 0x1c, 0x62,
    0x1, 0xf8, 0x40, 0x3c, 0x59, 0x82, 0x0, 0x1f,
    0x0, 0x7f, 0x28, 0x7, 0x16, 0x9, 0xef, 0x7e,
    0x10, 0x7, 0xf1, 0x80, 0x62, 0xc1, 0x0, 0x84,
    0x3, 0xff, 0x81, 0x60, 0x11, 0x60, 0x80, 0x7f,
    0xf1, 0xc, 0xc0, 0x2, 0xc1, 0x0, 0xff, 0xe2,
    0xf8, 0x5, 0x82, 0x1, 0xff, 0xc5, 0x73, 0x0,
    0xa0, 0x3, 0xff, 0x8a, 0xb0, 0x1, 0x9a, 0x84,
    0x3, 0xff, 0x84, 0xf4, 0x1, 0xe5, 0xf5, 0x0,
    0xff, 0x93, 0x20, 0x3, 0xf0, 0xd7, 0x42, 0x10,
    0x4, 0x29, 0x1b, 0x66, 0x1, 0xe0,

    /* U+006B "k" */
    0x8f, 0xff, 0xe4, 0x0, 0xff, 0xff, 0x80, 0x7f,
    0xff, 0xc0, 0x3f, 0xff, 0xe0, 0x1f, 0xff, 0xf0,
    0xf, 0xff, 0xf8, 0x7, 0xff, 0xfc, 0x3, 0xff,
    0xf4, 0x5f, 0xff, 0xec, 0x0, 0xff, 0xe4, 0x70,
    0x7, 0xf0, 0xf0, 0x7, 0xff, 0x1e, 0xc, 0x3,
    0xfa, 0x88, 0x3, 0xff, 0x8c, 0x8e, 0x1, 0xfc,
    0xe8, 0x1, 0xff, 0xc6, 0x1a, 0x0, 0xfe, 0x48,
    0x0, 0xff, 0xe3, 0xd0, 0x80, 0x7e, 0x2a, 0x0,
    0xff, 0xe3, 0xb2, 0x0, 0x7f, 0x70, 0x80, 0x7f,
    0xf1, 0x8a, 0x40, 0x3f, 0xa4, 0xc0, 0x3f, 0xf8,
    0xfe, 0x1, 0xfc, 0xcc, 0x0, 0xff, 0xe3, 0xc9,
    0x0, 0x7e, 0x39, 0x0, 0xff, 0xe3, 0xab, 0x0,
    0x7e, 0x1d, 0x0, 0xff, 0xe3, 0x8d, 0x80, 0x7f,
    0x50, 0x80, 0x7f, 0xf1, 0xf4, 0x40, 0x3f, 0x42,
    0x0, 0x7f, 0xf1, 0xfc, 0xc0, 0x3f, 0x23, 0x80,
    0x7f, 0xf2, 0x10, 0x3, 0xfa, 0x80, 0x3f, 0xfa,
    0x6c, 0x1, 0xff, 0xc9, 0x40, 0xf, 0xe8, 0x30,
    0xf, 0xfe, 0x47, 0x98, 0x7, 0xf6, 0x88, 0x7,
    0xff, 0x23, 0x80, 0x3f, 0x86, 0x80, 0x3f, 0xf9,
    0x5, 0x20, 0x1f, 0xc8, 0xc0, 0x1f, 0xfc, 0x86,
    0x40, 0xf, 0xe9, 0x30, 0xf, 0xfe, 0x44, 0x80,
    0x7f, 0xb8, 0x3, 0xff, 0x90, 0x52, 0x1, 0xfc,
    0x54, 0x1, 0xff, 0xc8, 0x64, 0x0, 0xfe, 0x55,
    0x0, 0x7f, 0xf2, 0x28, 0x40, 0x3f, 0xa8, 0x80,
    0x3f, 0xf8, 0xe3, 0x60, 0x1f, 0xee, 0x0, 0xff,
    0xe4, 0x2a, 0x0, 0x7f, 0x1c, 0x80, 0x7f, 0xf2,
    0x28, 0x40, 0x3f, 0x99, 0x0, 0x3f, 0xf8, 0xe3,
    0x60, 0x1f, 0xea, 0x10, 0xf, 0xfe, 0x3a, 0xa8,
    0x3, 0xf8, 0x74, 0x3, 0xff, 0x91, 0x62, 0x1,
    0xfc, 0x70,

    /* U+006C "l" */
    0x8f, 0xff, 0xe4, 0x0, 0xff, 0xff, 0x80, 0x7f,
    0xff, 0xc0, 0x3f, 0xff, 0xe0, 0x1f, 0xff, 0xf0,
    0xf, 0xff, 0xf8, 0x7, 0xff, 0xfc, 0x3, 0xff,
    0xd8,

    /* U+006D "m" */
    0x0, 0xff, 0xe1, 0x92, 0xb3, 0xb9, 0x4c, 0x3,
    0xff, 0x80, 0x6a, 0xef, 0x29, 0x80, 0x7f, 0xa3,
    0xff, 0xf9, 0x0, 0x63, 0xb6, 0xa6, 0x21, 0x59,
    0xd0, 0x20, 0x1e, 0x39, 0xfc, 0xa8, 0x8a, 0xb3,
    0xe8, 0xc0, 0x3f, 0xf8, 0xd1, 0xce, 0x20, 0x1f,
    0xb, 0xf3, 0x0, 0x43, 0x58, 0xc0, 0x1f, 0xcb,
    0x94, 0x20, 0x1f, 0xfc, 0x3a, 0x70, 0xf, 0xfe,
    0xc, 0xc8, 0xf, 0xd4, 0x3, 0xff, 0x82, 0xbe,
    0x60, 0x1f, 0xfc, 0x21, 0x0, 0xff, 0xe1, 0xb5,
    0x68, 0x80, 0x7f, 0xf0, 0xc7, 0x8, 0x3, 0xff,
    0xa4, 0xa2, 0x1, 0xff, 0xc6, 0xf0, 0xf, 0xff,
    0x31, 0x40, 0x7, 0xff, 0x99, 0xc4, 0x3, 0xff,
    0xcc, 0xe0, 0x1f, 0xfc, 0x12, 0x8c, 0xdb, 0x60,
    0xf, 0xfe, 0x11, 0x4e, 0x6d, 0xb0, 0x7, 0xfd,
    0x80, 0x1f, 0xfc, 0x5, 0xd7, 0x32, 0x49, 0xd1,
    0x0, 0xff, 0x9b, 0x58, 0xc9, 0x27, 0x0, 0x3f,
    0xce, 0x1, 0xff, 0x15, 0x0, 0x78, 0xa8, 0x3,
    0xfc, 0x72, 0x1, 0xe3, 0x90, 0xf, 0xe2, 0x0,
    0xff, 0xa8, 0x3, 0xf2, 0x10, 0x7, 0xf5, 0x0,
    0x7e, 0x60, 0xf, 0xfe, 0x49, 0x80, 0x7f, 0x30,
    0x7, 0xf2, 0x80, 0x7f, 0x18, 0x7, 0xf0, 0x80,
    0x7f, 0xf2, 0x4, 0x3, 0xf8, 0x40, 0x3f, 0x9c,
    0x3, 0xff, 0xfe, 0x1, 0xff, 0xff, 0x0, 0xff,
    0xff, 0x80, 0x7f, 0xff, 0xc0, 0x3f, 0xff, 0xe0,
    0x1f, 0xff, 0xf0, 0xf, 0xff, 0xf8, 0x7, 0xff,
    0xfc, 0x3, 0xff, 0xfe, 0x1, 0xff, 0xff, 0x0,
    0xff, 0xff, 0x80, 0x7f, 0xfa, 0x0,

    /* U+006E "n" */
    0x0, 0xff, 0xe1, 0x8a, 0x33, 0xb9, 0x8c, 0x3,
    0xfa, 0x3f, 0xff, 0x90, 0x0, 0xdb, 0xd7, 0x31,
    0x9, 0xcf, 0x92, 0x0, 0xff, 0xe2, 0xaf, 0x49,
    0x0, 0x7e, 0x6d, 0x80, 0xf, 0xfe, 0x1c, 0x50,
    0x80, 0x7f, 0xf0, 0x1f, 0x4, 0x3, 0xff, 0x82,
    0x60, 0x1f, 0xfc, 0x33, 0xd0, 0xf, 0xfe, 0x91,
    0xd0, 0x7, 0xff, 0x49, 0x50, 0x3, 0xff, 0xa5,
    0x0, 0x1f, 0xfd, 0x23, 0x20, 0xf, 0xfe, 0xb,
    0xde, 0xe4, 0x10, 0x7, 0xfc, 0xa0, 0x1f, 0xf1,
    0x6c, 0x21, 0x1b, 0xea, 0x80, 0x7f, 0xb4, 0x3,
    0xfe, 0xf2, 0x0, 0xf5, 0x10, 0x7, 0xf0, 0x80,
    0x7f, 0x98, 0x80, 0x3f, 0x40, 0x7, 0xf3, 0x80,
    0x7f, 0xb0, 0x3, 0xf9, 0x0, 0x3f, 0xf9, 0x2,
    0x1, 0xfc, 0x20, 0x1f, 0xff, 0xf0, 0xf, 0xff,
    0xf8, 0x7, 0xff, 0xfc, 0x3, 0xff, 0xfe, 0x1,
    0xff, 0xff, 0x0, 0xff, 0xff, 0x80, 0x7f, 0xff,
    0xc0, 0x3f, 0xf8, 0x0,

    /* U+006F "o" */
    0x0, 0xff, 0xe0, 0x8a, 0x33, 0xbc, 0xc6, 0x20,
    0x1f, 0xfc, 0xb3, 0x8d, 0xeb, 0x98, 0x8a, 0x73,
    0xb6, 0x8, 0x3, 0xff, 0x8c, 0x79, 0x87, 0x20,
    0xf, 0xe2, 0x7d, 0xb2, 0x0, 0xff, 0xe1, 0xce,
    0x18, 0x7, 0xff, 0xd, 0x36, 0x0, 0x3f, 0xf8,
    0x5, 0xac, 0x1, 0xff, 0xc7, 0x7c, 0x10, 0xf,
    0xe2, 0xc2, 0x0, 0xff, 0xe4, 0x9e, 0x8, 0x7,
    0xc3, 0x82, 0x1, 0xff, 0xcb, 0x2c, 0x0, 0xfb,
    0x44, 0x3, 0xff, 0x9a, 0x54, 0x1, 0xce, 0x60,
    0x1f, 0xfc, 0xf5, 0x40, 0xd, 0x20, 0x1f, 0xfc,
    0x4, 0x78, 0x74, 0x0, 0xff, 0xe0, 0x48, 0x4,
    0xe2, 0x1, 0xfe, 0x7f, 0xb8, 0x78, 0xbe, 0x50,
    0xf, 0xf1, 0x20, 0x2, 0xc0, 0x3f, 0xd5, 0x0,
    0x1e, 0x1a, 0x80, 0xf, 0xf7, 0x0, 0x98, 0x7,
    0xf3, 0xa8, 0x7, 0xf3, 0xa8, 0x7, 0xf2, 0x82,
    0x80, 0x7f, 0xc, 0x0, 0x7f, 0xd6, 0x1, 0xfe,
    0x23, 0x0, 0xfe, 0x40, 0xf, 0xfe, 0x0, 0x98,
    0x7, 0xf3, 0xf8, 0x7, 0xf6, 0x80, 0x7f, 0xf0,
    0x54, 0x3, 0xf8, 0xc4, 0x3, 0xf8, 0x40, 0x3f,
    0xf8, 0x22, 0x1, 0xfe, 0x10, 0xf, 0xe1, 0x0,
    0xff, 0xe0, 0x88, 0x7, 0xfb, 0xc0, 0x3f, 0xb4,
    0x3, 0xff, 0x82, 0xa0, 0x1f, 0xc6, 0x60, 0xf,
    0xe4, 0x0, 0xff, 0xe0, 0x11, 0x80, 0x7f, 0x3a,
    0x80, 0x7f, 0xb, 0x80, 0x7f, 0xd0, 0x1, 0xfc,
    0x24, 0x26, 0x1, 0xfd, 0x8, 0x1, 0xfc, 0xca,
    0x1, 0xfc, 0x80, 0xa, 0x0, 0xff, 0x5c, 0x0,
    0x78, 0x66, 0x40, 0x1f, 0xee, 0x0, 0x30, 0x80,
    0x7f, 0x9f, 0xea, 0x1e, 0x2f, 0x98, 0x3, 0xfc,
    0x68, 0x1, 0x40, 0x7, 0xff, 0x1, 0x5e, 0x1d,
    0x0, 0x3f, 0xf8, 0x10, 0x1, 0x99, 0x0, 0x3f,
    0xf9, 0xec, 0x80, 0x1d, 0x42, 0x1, 0xff, 0xcd,
    0x39, 0x0, 0xf0, 0xe0, 0x80, 0x7f, 0xf2, 0xcb,
    0x40, 0x3f, 0x16, 0x10, 0x7, 0xff, 0x24, 0xf0,
    0x40, 0x3f, 0x8b, 0x58, 0x3, 0xff, 0x8e, 0xf8,
    0x20, 0x1f, 0xfc, 0x9, 0xc4, 0x0, 0xff, 0xe1,
    0xae, 0xc0, 0x7, 0xff, 0xc, 0xef, 0x1c, 0x80,
    0x3f, 0x89, 0xf6, 0x88, 0x3, 0xff, 0x8c, 0x71,
    0xbd, 0x73, 0x11, 0x4e, 0x76, 0xc1, 0x0, 0x7f,
    0x80,

    /* U+0070 "p" */
    0x0, 0xff, 0xe1, 0x92, 0xb3, 0xb2, 0x90, 0x7,
    0xff, 0x2, 0x3f, 0xff, 0x90, 0xa, 0x7b, 0x6a,
    0x62, 0x6b, 0x7e, 0x90, 0x3, 0xff, 0x91, 0x3a,
    0xc2, 0x1, 0xf9, 0x6f, 0xc, 0x3, 0xff, 0x8b,
    0x6c, 0x1, 0xff, 0xc1, 0x3c, 0x80, 0xf, 0xfe,
    0xab, 0xd0, 0x7, 0xff, 0x55, 0x68, 0x3, 0xff,
    0xaa, 0xac, 0x1, 0xff, 0xd5, 0x92, 0x0, 0xff,
    0xea, 0xc0, 0x7, 0xff, 0x11, 0x22, 0x61, 0x44,
    0x3, 0xfe, 0x52, 0x0, 0xff, 0xe0, 0xaf, 0x5b,
    0xb3, 0xd7, 0x40, 0x7, 0xfd, 0x40, 0x1f, 0xfc,
    0x7, 0xa1, 0x0, 0xf3, 0xd8, 0x7, 0xf9, 0x40,
    0x3f, 0xe4, 0x80, 0xf, 0xe4, 0x80, 0xf, 0xe2,
    0x10, 0xf, 0xf4, 0x0, 0x7f, 0xce, 0x20, 0x1f,
    0xca, 0x1, 0xfc, 0x26, 0x1, 0xff, 0xc0, 0x40,
    0xf, 0xe2, 0x0, 0xfe, 0x20, 0xf, 0xfe, 0xe,
    0x80, 0x7f, 0x8, 0x7, 0xf3, 0x80, 0x7f, 0xf0,
    0x44, 0x3, 0xfb, 0xc0, 0x3f, 0xf9, 0x62, 0x1,
    0xfd, 0xe0, 0x1f, 0xca, 0x1, 0xff, 0xc1, 0xd0,
    0xf, 0xe1, 0x0, 0xfe, 0x13, 0x0, 0xff, 0xe0,
    0x20, 0x7, 0xf1, 0x0, 0x7f, 0xa0, 0x3, 0xfe,
    0x71, 0x0, 0xfe, 0x50, 0xf, 0xf2, 0x40, 0x7,
    0xf2, 0x40, 0x7, 0xf1, 0x8, 0x7, 0xfc, 0xf2,
    0x20, 0x1e, 0x7b, 0x0, 0xff, 0x28, 0x7, 0xff,
    0x5, 0xba, 0x9d, 0x9e, 0x7a, 0x0, 0x3f, 0xea,
    0x0, 0xff, 0xe1, 0xac, 0x4c, 0x30, 0x80, 0x7f,
    0xc8, 0x40, 0x1f, 0xfd, 0x49, 0x0, 0xff, 0xea,
    0x41, 0x0, 0x7f, 0xf4, 0xd5, 0xc0, 0x3f, 0xfa,
    0x6b, 0x40, 0x1f, 0xfd, 0x37, 0xa0, 0xf, 0xfe,
    0x1e, 0x28, 0x7, 0xff, 0x4, 0xf2, 0x0, 0x3f,
    0xf8, 0x83, 0x5a, 0xc2, 0x1, 0xf9, 0x6f, 0xc,
    0x3, 0xff, 0x8e, 0x53, 0xd9, 0x53, 0x13, 0x5b,
    0xf4, 0x80, 0x1f, 0xfc, 0xc3, 0x56, 0x76, 0x52,
    0x0, 0xff, 0xff, 0x80, 0x7f, 0xff, 0xc0, 0x3f,
    0xff, 0xe0, 0x1f, 0xff, 0xf0, 0xf, 0xff, 0xf8,
    0x7, 0xfd, 0x91, 0x1f, 0xc4, 0x1, 0xff, 0xcb,

    /* U+0071 "q" */
    0x0, 0xff, 0xe0, 0x1a, 0xbb, 0x99, 0x44, 0x3,
    0xff, 0x98, 0x95, 0xf9, 0x51, 0x9, 0xae, 0xd7,
    0x10, 0x7, 0xff, 0xf5, 0x0, 0x7c, 0x79, 0x6a,
    0x1, 0xf8, 0xa3, 0x9c, 0x3, 0xff, 0x8a, 0xf8,
    0x60, 0x1f, 0xfc, 0x18, 0xb0, 0xf, 0xfe, 0x1c,
    0xc0, 0x7, 0xff, 0x11, 0x0, 0x3f, 0xf8, 0x52,
    0xc0, 0x1f, 0xfd, 0x35, 0x60, 0xf, 0xfe, 0x98,
    0xd8, 0x7, 0xff, 0x52, 0x4, 0x3, 0xff, 0xa6,
    0x2c, 0x1, 0xff, 0xc0, 0x58, 0x98, 0x50, 0xf,
    0xfe, 0x1b, 0x0, 0x7f, 0xcd, 0xd4, 0xec, 0xf5,
    0xcc, 0x1, 0xff, 0xc1, 0xb0, 0xf, 0xf4, 0xc8,
    0x40, 0x38, 0x66, 0x0, 0x3f, 0xf8, 0x6, 0x1,
    0xfc, 0xcc, 0x0, 0xfe, 0x75, 0x0, 0xff, 0x18,
    0x7, 0xfa, 0x0, 0x3f, 0xe8, 0x0, 0xff, 0x30,
    0x7, 0xf2, 0x8, 0x7, 0xfc, 0x44, 0x0, 0xfe,
    0x30, 0xf, 0xe3, 0x0, 0xff, 0xe0, 0xb8, 0x7,
    0xf0, 0x80, 0x7f, 0x78, 0x7, 0xff, 0x4, 0xc0,
    0x3f, 0x84, 0x3, 0xfb, 0xc0, 0x3f, 0xf8, 0x26,
    0x1, 0xfc, 0x60, 0x1f, 0xc6, 0x1, 0xff, 0xc1,
    0x70, 0xf, 0xe6, 0x0, 0xfe, 0x41, 0x0, 0xff,
    0x88, 0x80, 0x1f, 0xc6, 0x1, 0xfe, 0x90, 0xf,
    0xfa, 0x0, 0x3f, 0xe3, 0x0, 0xfe, 0x75, 0x0,
    0xfe, 0x65, 0x0, 0xff, 0xac, 0x3, 0xfd, 0x4e,
    0x1, 0xf4, 0xc8, 0x3, 0xff, 0x80, 0xc0, 0x1f,
    0xf4, 0x75, 0x3b, 0x3d, 0x7b, 0x0, 0x7f, 0xf0,
    0x45, 0x80, 0x3f, 0xe1, 0x58, 0x98, 0x50, 0xf,
    0xfe, 0x24, 0x0, 0x7f, 0xf5, 0x46, 0x40, 0x3f,
    0xfa, 0xac, 0xc0, 0xf, 0xfe, 0xac, 0xb0, 0x7,
    0xff, 0x56, 0x60, 0x3, 0xff, 0x88, 0x80, 0x1f,
    0xfc, 0x47, 0xc3, 0x0, 0xff, 0xe0, 0xc5, 0x80,
    0x7f, 0xf1, 0x4f, 0x2d, 0x40, 0x3f, 0x13, 0xf3,
    0x80, 0x7f, 0xf2, 0x12, 0xbf, 0x2a, 0x21, 0x35,
    0xba, 0x81, 0x0, 0xff, 0xe6, 0x1a, 0xbb, 0x99,
    0x48, 0x3, 0xff, 0xfe, 0x1, 0xff, 0xff, 0x0,
    0xff, 0xff, 0x80, 0x7f, 0xff, 0xc0, 0x3f, 0xff,
    0xe0, 0x1f, 0xfd, 0xa8, 0x8f, 0xee,

    /* U+0072 "r" */
    0x0, 0xff, 0xe1, 0x9a, 0xbb, 0x99, 0x0, 0x3a,
    0x3f, 0xff, 0x90, 0xa, 0xbf, 0x2a, 0x21, 0x37,
    0xf4, 0x40, 0x1f, 0xfc, 0x18, 0xd5, 0x0, 0xfc,
    0xba, 0xc0, 0x1f, 0xf5, 0x38, 0x7, 0xff, 0x2,
    0xc0, 0x3f, 0xe1, 0x0, 0xff, 0xe0, 0xf8, 0x7,
    0xff, 0x32, 0x88, 0x3, 0xff, 0x96, 0xca, 0x1,
    0xff, 0xcb, 0x39, 0x0, 0xff, 0xe5, 0x8e, 0x80,
    0x7f, 0xf1, 0x5e, 0xf2, 0xdc, 0x42, 0x84, 0x3,
    0xff, 0x86, 0x5d, 0x8, 0x69, 0x1f, 0x48, 0x1,
    0xff, 0xc4, 0xf1, 0x0, 0xe1, 0x50, 0xf, 0xfe,
    0x22, 0x90, 0x7, 0xff, 0x33, 0x0, 0x3f, 0xf9,
    0xa4, 0x1, 0xff, 0xff, 0x0, 0xff, 0xff, 0x80,
    0x7f, 0xff, 0xc0, 0x3f, 0xff, 0xe0, 0x1f, 0xff,
    0xf0, 0xf, 0xff, 0xf8, 0x7, 0xc0,

    /* U+0073 "s" */
    0x0, 0xff, 0x85, 0x19, 0xde, 0x53, 0x10, 0xf,
    0xfe, 0x29, 0x4f, 0x72, 0xe6, 0x22, 0xac, 0xec,
    0x82, 0x0, 0xff, 0xe0, 0xd, 0x6b, 0x8, 0x7,
    0xf1, 0xbe, 0xd1, 0x0, 0x7f, 0x1f, 0xa8, 0x7,
    0xff, 0xd, 0x76, 0x0, 0x3e, 0x3c, 0x10, 0xf,
    0xfe, 0x33, 0xd0, 0x7, 0xb8, 0x3, 0xff, 0x92,
    0xb4, 0x1, 0x98, 0x80, 0x3f, 0xf9, 0x44, 0x1,
    0xa8, 0x3, 0xff, 0x94, 0xf0, 0x1, 0x8c, 0x3,
    0xf8, 0x99, 0xd9, 0x4, 0x3, 0xcf, 0x0, 0x18,
    0x40, 0x3f, 0x97, 0x66, 0x26, 0xfa, 0xcc, 0x2,
    0x78, 0x0, 0xe3, 0x0, 0xfe, 0xc0, 0xf, 0x26,
    0x38, 0x3c, 0x0, 0x78, 0xc0, 0x3f, 0xac, 0xc0,
    0x3e, 0x8c, 0x80, 0xf, 0x84, 0x3, 0xf8, 0xb3,
    0xe, 0x40, 0x1c, 0x60, 0x1f, 0xca, 0x1, 0xfe,
    0x38, 0xdd, 0x4a, 0x0, 0x7f, 0xf0, 0x24, 0x3,
    0xff, 0x82, 0x4d, 0x7d, 0x2, 0x1, 0xfc, 0x70,
    0x1, 0xff, 0xc3, 0x17, 0xe7, 0x0, 0xfe, 0x77,
    0x0, 0x7f, 0xf1, 0x62, 0xc0, 0x3f, 0xa2, 0xcc,
    0x3, 0xff, 0x88, 0x94, 0x1, 0xfc, 0x99, 0x6a,
    0x1, 0xff, 0xc3, 0x56, 0x0, 0xff, 0x25, 0x7d,
    0x31, 0x0, 0x7f, 0xf0, 0x20, 0x3, 0xff, 0x82,
    0xb3, 0xba, 0x81, 0x0, 0xfe, 0x12, 0x0, 0xf1,
    0xb0, 0x7, 0xc4, 0xfc, 0xc0, 0x1f, 0xce, 0x1,
    0xc7, 0xb3, 0x20, 0xf, 0xe8, 0x0, 0xfe, 0x30,
    0xc, 0x7a, 0x20, 0xdc, 0xc0, 0x1f, 0x20, 0x7,
    0xff, 0x4, 0xf0, 0x40, 0x21, 0x9f, 0xc9, 0x76,
    0x7a, 0xa0, 0x7, 0xf1, 0x0, 0xf, 0x0, 0x3f,
    0x1b, 0x44, 0xc2, 0x80, 0x7f, 0x94, 0xb, 0x0,
    0x3f, 0xf9, 0x88, 0x20, 0x4a, 0x1, 0xff, 0xcc,
    0x80, 0xa, 0x9c, 0x3, 0xff, 0x94, 0xe6, 0x1,
    0xa3, 0x8, 0x3, 0xff, 0x8f, 0x10, 0x0, 0xf1,
    0xec, 0x90, 0x7, 0xff, 0xc, 0xad, 0xc0, 0x3f,
    0x9b, 0x71, 0xc8, 0x3, 0xfc, 0xb7, 0xa8, 0x1,
    0xff, 0xc0, 0x38, 0xde, 0xca, 0x88, 0xa6, 0xb7,
    0xe9, 0x0, 0x3e,

    /* U+0074 "t" */
    0x0, 0xfc, 0x67, 0xfc, 0x40, 0x1f, 0xfc, 0x22,
    0xcc, 0xfe, 0x80, 0xf, 0xff, 0xf8, 0x7, 0xff,
    0xfc, 0x3, 0xff, 0xfe, 0x1, 0xff, 0xff, 0x0,
    0xf8, 0xbf, 0xfd, 0xa0, 0x1f, 0xcb, 0xff, 0xeb,
    0x0, 0xff, 0xff, 0x80, 0x7f, 0xff, 0xc0, 0x3f,
    0xf9, 0xa5, 0x55, 0xe8, 0x0, 0xfe, 0x3a, 0xaf,
    0x78, 0x2a, 0xfc, 0x1, 0xfc, 0xca, 0xbe, 0x40,
    0xf, 0xff, 0xf8, 0x7, 0xff, 0xfc, 0x3, 0xff,
    0xfe, 0x1, 0xff, 0xff, 0x0, 0xff, 0xff, 0x80,
    0x7f, 0xff, 0xc0, 0x3f, 0xff, 0xe0,

    /* U+0075 "u" */
    0x5f, 0xff, 0xe7, 0x0, 0xfe, 0xff, 0xfe, 0xd0,
    0xf, 0xff, 0xf8, 0x7, 0xff, 0xfc, 0x3, 0xff,
    0xfe, 0x1, 0xff, 0xff, 0x0, 0xff, 0xff, 0x80,
    0x7f, 0xff, 0xc0, 0x3f, 0xfa, 0x42, 0x1, 0xff,
    0xd0, 0x10, 0xf, 0xf7, 0x80, 0x7f, 0xf1, 0xdc,
    0x3, 0xf8, 0xc0, 0x3f, 0x18, 0x7, 0xf3, 0x90,
    0x7, 0xf2, 0x10, 0x7, 0xd2, 0x1, 0xfc, 0x62,
    0x40, 0x1f, 0xde, 0x20, 0x1c, 0xca, 0x1, 0xfd,
    0xa0, 0xa0, 0x1f, 0xc5, 0xf0, 0xa8, 0xd7, 0x20,
    0x1f, 0xe4, 0xa, 0x0, 0xff, 0xb, 0xd5, 0xca,
    0x0, 0x7f, 0x94, 0x40, 0x94, 0x3, 0xff, 0x9b,
    0x20, 0x15, 0x80, 0x7f, 0xf3, 0x18, 0xc0, 0x21,
    0xa0, 0xf, 0xfe, 0x51, 0x48, 0x7, 0x2c, 0x80,
    0x7f, 0xf2, 0xb, 0x0, 0x3e, 0x6b, 0x0, 0xff,
    0xe3, 0x26, 0x8, 0x7, 0xe4, 0xe5, 0x0, 0xff,
    0xe1, 0xc, 0xd8, 0x80, 0x7f, 0x86, 0xb5, 0xc8,
    0x3, 0xf9, 0x27, 0x98, 0x3, 0xff, 0x84, 0x51,
    0xbd, 0x73, 0x11, 0x56, 0x7d, 0xb0, 0x7, 0xe0,

    /* U+0076 "v" */
    0xbf, 0xff, 0xec, 0x0, 0xff, 0xe0, 0x1f, 0xff,
    0xf8, 0x7c, 0x3, 0xf8, 0xc8, 0x3, 0xfe, 0xa0,
    0xf, 0xe5, 0x14, 0x20, 0xf, 0xe5, 0x0, 0xff,
    0x9c, 0x3, 0xfa, 0x40, 0x14, 0x1, 0xfd, 0x40,
    0x1f, 0xe4, 0x10, 0xf, 0xc6, 0x60, 0x3, 0x0,
    0x7f, 0x11, 0x0, 0x3f, 0xb4, 0x3, 0xfa, 0x80,
    0x21, 0x60, 0xf, 0xea, 0x0, 0xfe, 0x70, 0xf,
    0xc2, 0xc0, 0x1a, 0xc0, 0x3f, 0x94, 0x3, 0xf2,
    0x8, 0x7, 0xe6, 0x0, 0xe2, 0x40, 0xf, 0xc4,
    0x60, 0x1f, 0x70, 0x7, 0xf4, 0x80, 0x7b, 0x80,
    0x3f, 0xac, 0x3, 0xe5, 0x0, 0xfc, 0xa2, 0x1,
    0xe5, 0x10, 0xf, 0xcc, 0x1, 0xe5, 0x0, 0xfe,
    0xe0, 0xf, 0xd2, 0x1, 0xf8, 0x50, 0x3, 0xb8,
    0x3, 0xf1, 0x20, 0x7, 0xe6, 0x0, 0xfe, 0xd0,
    0xc, 0x28, 0x1, 0xfa, 0xc0, 0x3f, 0x85, 0x80,
    0x3f, 0x38, 0x6, 0x70, 0xf, 0xe6, 0x0, 0xff,
    0x50, 0x7, 0xe1, 0x40, 0xb, 0x40, 0x3f, 0x38,
    0x7, 0xfc, 0x66, 0x0, 0xfd, 0xc0, 0x1, 0x40,
    0xf, 0xd4, 0x1, 0xff, 0xc0, 0x90, 0xf, 0xca,
    0x0, 0x70, 0xf, 0xc8, 0x40, 0x1f, 0xfc, 0x5,
    0x10, 0xf, 0xca, 0x14, 0x1, 0xfb, 0xc0, 0x3f,
    0xf8, 0x52, 0x1, 0xfb, 0xc4, 0xc0, 0x3e, 0x24,
    0x0, 0xff, 0xe1, 0x30, 0x7, 0xe5, 0x90, 0xf,
    0xd6, 0x1, 0xff, 0xc3, 0x15, 0x0, 0xfc, 0xe0,
    0x1f, 0x98, 0x3, 0xff, 0x89, 0x20, 0x1f, 0xfc,
    0x46, 0x0, 0xff, 0xe2, 0x99, 0x80, 0x3f, 0xf8,
    0x76, 0x1, 0xff, 0xc6, 0x90, 0xf, 0xfe, 0x12,
    0x10, 0x7, 0xff, 0x19, 0x44, 0x3, 0xff, 0x83,
    0xe0, 0x1f, 0xfc, 0x86, 0x0, 0xff, 0xe0, 0x12,
    0x0, 0x7f, 0xf2, 0x24, 0x3, 0xff, 0x81, 0x40,
    0x1f, 0xfc, 0x91, 0x50, 0xf, 0xf9, 0x80, 0x3f,
    0xf9, 0x52, 0x1, 0xfe, 0x61, 0x0, 0xff, 0xe5,
    0x19, 0x0, 0x7f, 0x50, 0x7, 0xff, 0x32, 0xc0,
    0x3f, 0x19, 0x80, 0x3f, 0xf9, 0x8c, 0x20, 0x1f,
    0x48, 0x7, 0xff, 0x4,

    /* U+0077 "w" */
    0x8f, 0xff, 0xe1, 0x0, 0xfe, 0x1f, 0xff, 0xc6,
    0x1, 0xfe, 0xdf, 0xff, 0xd7, 0x40, 0x1f, 0xc8,
    0x1, 0xfc, 0x80, 0x1f, 0xac, 0x3, 0xf8, 0x88,
    0x1, 0xfb, 0x48, 0x80, 0x1f, 0xbc, 0x3, 0xfb,
    0x80, 0x3f, 0x30, 0x7, 0xf2, 0x80, 0x7f, 0x38,
    0x50, 0x7, 0xe4, 0x0, 0xfe, 0x40, 0xf, 0xc2,
    0x60, 0x1f, 0xb0, 0x3, 0xf2, 0x8, 0x28, 0x7,
    0xe1, 0x40, 0xf, 0x94, 0x3, 0xfd, 0x60, 0x1f,
    0x90, 0x3, 0xf7, 0x0, 0x8, 0xc0, 0x3f, 0x60,
    0x7, 0xde, 0x1, 0xfe, 0x50, 0xf, 0x94, 0x3,
    0xf9, 0x40, 0x2a, 0x0, 0xfc, 0xa0, 0x1f, 0x28,
    0x7, 0xf8, 0x88, 0x1, 0xef, 0x0, 0xfc, 0xa0,
    0x19, 0xc0, 0x3f, 0x11, 0x0, 0x39, 0x40, 0x3f,
    0xf8, 0x14, 0x1, 0xe4, 0x0, 0xfd, 0xe0, 0x18,
    0x50, 0x3, 0xf2, 0x0, 0x77, 0x80, 0x7f, 0xf0,
    0x14, 0x3, 0x8c, 0x40, 0x3f, 0x28, 0x7, 0x68,
    0x7, 0xed, 0x0, 0xe5, 0x0, 0xff, 0xe0, 0x11,
    0x0, 0x35, 0x80, 0x7e, 0x50, 0xf, 0x38, 0x7,
    0xe4, 0x0, 0xca, 0x1, 0xff, 0xc2, 0x50, 0xc,
    0xa0, 0x1f, 0xb8, 0x3, 0xc2, 0x80, 0x1f, 0x94,
    0x2, 0xf0, 0xf, 0xfe, 0x15, 0x0, 0x44, 0x40,
    0xf, 0x85, 0x0, 0x3e, 0xe0, 0xf, 0xd8, 0x1,
    0x28, 0x7, 0xff, 0x8, 0x88, 0x0, 0x40, 0xf,
    0xce, 0x1, 0xf9, 0x40, 0x3f, 0x38, 0x1, 0x0,
    0x3f, 0x18, 0x7, 0xca, 0x0, 0xd0, 0xf, 0xd4,
    0x1, 0xfc, 0xa0, 0x1f, 0x9, 0x87, 0x0, 0x7c,
    0xb6, 0x1, 0xf5, 0x80, 0x10, 0x3, 0xe1, 0x30,
    0xf, 0xee, 0x0, 0xfc, 0x80, 0x80, 0x1f, 0x73,
    0x0, 0x7c, 0x64, 0xa0, 0x1f, 0x98, 0x3, 0xfc,
    0x82, 0x1, 0xf5, 0xa0, 0x80, 0x78, 0x50, 0x4c,
    0x3, 0xe5, 0xc0, 0xf, 0xd6, 0x1, 0xff, 0x38,
    0x7, 0xc7, 0xe0, 0x1f, 0x38, 0x2, 0x80, 0x3e,
    0xb7, 0x0, 0xf8, 0x8c, 0x3, 0xfe, 0xd0, 0xf,
    0xc8, 0x1, 0xf6, 0x80, 0x1c, 0x3, 0xe3, 0x10,
    0xf, 0x94, 0x3, 0xff, 0x80, 0x82, 0x1, 0xff,
    0xc2, 0x14, 0x0, 0xa, 0x0, 0x7f, 0xf0, 0xe8,
    0x3, 0xff, 0x82, 0xe0, 0x1f, 0xfc, 0x27, 0x0,
    0xda, 0x1, 0xff, 0xc2, 0x32, 0x0, 0xff, 0xe0,
    0xd0, 0x7, 0xff, 0xa, 0x80, 0x33, 0x80, 0x7f,
    0xf0, 0xac, 0x3, 0xff, 0x84, 0x64, 0x1, 0xff,
    0xc0, 0x13, 0x0, 0xc2, 0x80, 0x1f, 0xfc, 0x16,
    0x0, 0xff, 0xe1, 0xa8, 0x7, 0xff, 0x1, 0xc0,
    0x3d, 0xa0, 0x1f, 0xfc, 0x3, 0x10, 0xf, 0xfe,
    0x1d, 0x0, 0x7f, 0xf0, 0x28, 0x3, 0xce, 0x1,
    0xff, 0xc0, 0xa0, 0xf, 0xfe, 0x21, 0x10, 0x3,
    0xfc, 0x26, 0x1, 0xe1, 0x40, 0xf, 0xf9, 0xc0,
    0x3f, 0xf8, 0xb4, 0x1, 0xfe, 0x60, 0xf, 0xdc,
    0x1, 0xfe, 0x41, 0x0, 0xff, 0xe2, 0xa8, 0x7,
    0xfa, 0xc0, 0x3f, 0x28, 0x7, 0xfb, 0x40, 0x3f,
    0xf8, 0xc4, 0x60, 0x1f, 0x88, 0xc0, 0x3f, 0x94,
    0x3, 0xf9, 0xc0, 0x3f, 0xf8, 0xf6, 0x1, 0xf9,
    0x40, 0x3f, 0xde, 0x1, 0xf9, 0x4, 0x3, 0xff,
    0x8e, 0xc0, 0x1f, 0xa8, 0x3, 0xfc, 0xa0, 0x1f,
    0xb8, 0x3, 0xfc,

    /* U+0078 "x" */
    0xc, 0xff, 0xff, 0x50, 0x7, 0xf4, 0x7f, 0xff,
    0x84, 0x1, 0xa0, 0x1f, 0xe5, 0x40, 0xf, 0x89,
    0xc0, 0x3f, 0xa8, 0x40, 0x3, 0x40, 0x1f, 0xe9,
    0x0, 0xfb, 0x80, 0x3f, 0x95, 0x40, 0x19, 0x54,
    0x1, 0xfc, 0x50, 0x1, 0xcc, 0x60, 0x1f, 0x86,
    0xc0, 0x3d, 0x62, 0x1, 0xfc, 0xe4, 0x1, 0xc,
    0x0, 0x7f, 0x50, 0x80, 0x78, 0x68, 0x3, 0xfd,
    0x20, 0x15, 0x88, 0x7, 0xe6, 0x40, 0xf, 0xc8,
    0xc0, 0x1f, 0xc8, 0xa0, 0x8a, 0x1, 0xf8, 0xa4,
    0x3, 0xfd, 0x24, 0x1, 0xfd, 0x63, 0x20, 0x1f,
    0xdc, 0x1, 0xff, 0xc0, 0xe0, 0xf, 0xe1, 0xf2,
    0x0, 0xfc, 0xe6, 0x1, 0xff, 0xc0, 0x37, 0x0,
    0xfe, 0x10, 0xf, 0xc5, 0x0, 0x1f, 0xfc, 0x28,
    0x30, 0xf, 0xfe, 0x2f, 0x80, 0x7f, 0xf1, 0x38,
    0x3, 0xff, 0x89, 0x4, 0x1, 0xff, 0xc4, 0x29,
    0x0, 0xff, 0xe1, 0x1b, 0x80, 0x7f, 0xf1, 0x99,
    0x0, 0x3f, 0xf8, 0x3c, 0x1, 0xff, 0xc8, 0xa1,
    0x0, 0xff, 0xa4, 0x80, 0x3f, 0xf9, 0x2, 0x40,
    0x1f, 0xfd, 0x57, 0x30, 0xf, 0xfa, 0x48, 0x3,
    0xff, 0x8e, 0x70, 0x1, 0xff, 0xc1, 0xe0, 0xf,
    0xfe, 0x3f, 0x0, 0x7f, 0xf0, 0x8d, 0xc0, 0x3f,
    0xf8, 0xb2, 0x40, 0x1f, 0xfc, 0x38, 0x20, 0xf,
    0xfe, 0x1a, 0x30, 0x7, 0xff, 0x17, 0x80, 0x3f,
    0xf8, 0x43, 0x40, 0x1f, 0xfc, 0x63, 0x80, 0xf,
    0xfe, 0xd, 0x8, 0x7, 0xe8, 0x60, 0xf, 0xe7,
    0x30, 0xf, 0xf9, 0x90, 0x3, 0xf1, 0x3c, 0x88,
    0x7, 0xf7, 0x0, 0x7f, 0x8a, 0x40, 0x3f, 0xb8,
    0x1, 0x60, 0x1f, 0xc5, 0x20, 0x1f, 0xdc, 0x1,
    0xfc, 0xe6, 0x0, 0x54, 0x0, 0xfe, 0x64, 0x0,
    0xfa, 0xc, 0x3, 0xf1, 0x40, 0x6, 0x90, 0xf,
    0xf5, 0x8, 0x7, 0x1b, 0x80, 0x7f, 0x48, 0x7,
    0x14, 0x0, 0x7f, 0xd, 0x80, 0x77, 0x0, 0x7f,
    0x32, 0x0, 0x79, 0xc8, 0x3, 0xf9, 0x54, 0x1,
    0x51, 0x0, 0x7e, 0x18, 0x0, 0xfd, 0xc0, 0x1f,
    0xeb, 0x10, 0x55, 0x0, 0x7f, 0x58, 0x80, 0x7e,
    0x36, 0x0, 0xfe, 0x1a, 0x0,

    /* U+0079 "y" */
    0x8f, 0xff, 0xf0, 0x7, 0xff, 0x3, 0x3f, 0xff,
    0xae, 0x80, 0x3f, 0xc8, 0x1, 0xfe, 0x23, 0x0,
    0xfe, 0xf2, 0x40, 0xf, 0xee, 0x0, 0xff, 0x28,
    0x7, 0xf1, 0x20, 0x70, 0x7, 0xf2, 0x0, 0x7f,
    0xac, 0x3, 0xfa, 0xc0, 0xa, 0x20, 0x1f, 0x85,
    0x0, 0x3f, 0x11, 0x80, 0x7f, 0x30, 0x4, 0xc0,
    0x1f, 0xda, 0x1, 0xf9, 0x40, 0x3f, 0x98, 0x3,
    0x48, 0x7, 0xf3, 0x80, 0x7e, 0xb0, 0xf, 0xeb,
    0x0, 0xc2, 0x80, 0x1f, 0x85, 0x0, 0x3c, 0x46,
    0x1, 0xf9, 0x8, 0x3, 0xbc, 0x3, 0xfb, 0x40,
    0x3c, 0xa0, 0x1f, 0xdc, 0x1, 0xe4, 0x10, 0xf,
    0xce, 0x1, 0xeb, 0x0, 0xfc, 0x2a, 0x1, 0xf4,
    0x80, 0x7e, 0x13, 0x0, 0xc4, 0x60, 0x1f, 0xa4,
    0x3, 0xf3, 0x0, 0x7f, 0x50, 0x6, 0x50, 0xf,
    0xe6, 0x0, 0xfc, 0x2a, 0x1, 0xf9, 0xc0, 0x35,
    0x80, 0x7e, 0x61, 0x0, 0xfe, 0xe0, 0xf, 0xc2,
    0x60, 0x2, 0x30, 0xf, 0xd4, 0x1, 0xfe, 0x42,
    0x0, 0xfd, 0x60, 0x5, 0x0, 0xfc, 0x66, 0x0,
    0xff, 0xa8, 0x3, 0xf2, 0x80, 0x2c, 0x3, 0xf4,
    0x80, 0x7f, 0xf0, 0x18, 0x3, 0xf1, 0x18, 0x98,
    0x7, 0xc2, 0xa0, 0x1f, 0xfc, 0x1, 0x50, 0xf,
    0xd6, 0xc0, 0x1f, 0x98, 0x3, 0xff, 0x85, 0x20,
    0x1f, 0x96, 0xc0, 0x3f, 0x48, 0x7, 0xff, 0x8,
    0xc8, 0x3, 0xe2, 0x30, 0xf, 0x94, 0x40, 0x3f,
    0xf8, 0x76, 0x1, 0xff, 0xc4, 0x90, 0xf, 0xfe,
    0x23, 0x0, 0x7f, 0xf0, 0xcc, 0xc0, 0x1f, 0xfc,
    0x56, 0x0, 0xff, 0xe1, 0x50, 0x7, 0xff, 0x1a,
    0x80, 0x3f, 0xf8, 0x22, 0xc0, 0x1f, 0xfc, 0x63,
    0x30, 0x7, 0xff, 0x1, 0x80, 0x3f, 0xf9, 0x14,
    0x1, 0xff, 0xc0, 0x90, 0xf, 0xfe, 0x43, 0x0,
    0x7f, 0xc8, 0x20, 0x1f, 0xfc, 0x96, 0x0, 0xff,
    0x78, 0x7, 0xff, 0x2a, 0xc0, 0x3f, 0x89, 0x0,
    0x3f, 0xf9, 0x46, 0x1, 0xfd, 0x60, 0x1f, 0xfc,
    0xb9, 0x0, 0xfe, 0x60, 0xf, 0xfe, 0x5b, 0x0,
    0x7e, 0x60, 0xf, 0xfe, 0x5b, 0x88, 0x7, 0xeb,
    0x0, 0xff, 0xe5, 0xc8, 0x7, 0xe4, 0x20, 0xf,
    0xfe, 0x52, 0x88, 0x7, 0xef, 0x0, 0xff, 0xe5,
    0xc0, 0x7, 0xe1, 0x40, 0xf, 0xfe, 0x52, 0x10,
    0x7, 0xe9, 0x0, 0xff, 0xe5, 0xf8, 0x7, 0xf3,
    0x0, 0x7f, 0xf2, 0x8d, 0x0, 0x3f, 0x28, 0x80,
    0x7f, 0xf2, 0xa4, 0x3, 0xfa, 0x40, 0x3f, 0xf9,
    0x44, 0xa0, 0x1f, 0x8c, 0xc0, 0x1f, 0xfc, 0xab,
    0x0, 0xfe, 0x90, 0xf, 0xfe, 0x50, 0xb0, 0x7,
    0xe1, 0x50, 0xf, 0xfe, 0x53, 0x0, 0x7f, 0x30,
    0x7, 0xff, 0x2c, 0x62, 0x3f, 0xa4, 0x3, 0xff,
    0x8c,

    /* U+007A "z" */
    0x6, 0xff, 0xff, 0xe7, 0x0, 0x7f, 0xff, 0xc0,
    0x3f, 0xff, 0xe0, 0x1f, 0xfc, 0x5a, 0x0, 0xff,
    0xe7, 0x3a, 0x83, 0xe6, 0x7f, 0xd2, 0x1, 0xff,
    0x24, 0x0, 0x4, 0xcf, 0xfe, 0xb0, 0xf, 0xf0,
    0xd0, 0x7, 0xff, 0xa, 0xc8, 0x3, 0xfd, 0xa2,
    0x1, 0xff, 0xc1, 0x84, 0x0, 0xff, 0x51, 0x80,
    0x7f, 0xf0, 0x55, 0xc0, 0x3f, 0xcc, 0xa0, 0x1f,
    0xfc, 0x12, 0xa0, 0xf, 0xf2, 0x48, 0x7, 0xff,
    0x4, 0x7c, 0x3, 0xfc, 0x34, 0x1, 0xff, 0xc2,
    0xa2, 0x0, 0xff, 0x68, 0x80, 0x7f, 0xf0, 0x61,
    0x0, 0x3f, 0xd4, 0x60, 0x1f, 0xfc, 0x15, 0x70,
    0xf, 0xf3, 0x28, 0x7, 0xff, 0x4, 0xa8, 0x3,
    0xfc, 0x72, 0x1, 0xff, 0xc1, 0x1f, 0x0, 0xff,
    0xe, 0x80, 0x7f, 0xf0, 0xa8, 0x80, 0x3f, 0xda,
    0x20, 0x1f, 0xfc, 0x18, 0x40, 0xf, 0xf5, 0x18,
    0x7, 0xff, 0x5, 0x5c, 0x3, 0xfc, 0x8c, 0x67,
    0xff, 0x10, 0x1d, 0x0, 0x7f, 0xc9, 0x99, 0xff,
    0xc0, 0xb1, 0xd0, 0xf, 0xfe, 0x74, 0x88, 0x7,
    0xff, 0xfc, 0x3, 0xff, 0xfe, 0x1, 0xff, 0xc4,

    /* U+007B "{" */
    0x0, 0xff, 0x2c, 0xef, 0x7f, 0xed, 0x0, 0xfd,
    0x1f, 0x4c, 0x42, 0x1, 0xff, 0x16, 0xb8, 0x7,
    0xff, 0x13, 0xc8, 0x3, 0xff, 0x89, 0x44, 0x1,
    0xff, 0xc4, 0x15, 0x0, 0xff, 0xe2, 0xb0, 0x7,
    0xff, 0x1b, 0x40, 0x3f, 0x1c, 0xde, 0x63, 0xc0,
    0x33, 0x80, 0x7c, 0x98, 0xc8, 0x66, 0x20, 0xf,
    0xfe, 0x7, 0x80, 0x7f, 0xf1, 0x98, 0x3, 0xff,
    0xa2, 0xc0, 0x1f, 0x30, 0x7, 0xf8, 0x40, 0x3e,
    0x10, 0xf, 0xf1, 0x0, 0x7c, 0x60, 0x1f, 0xef,
    0x0, 0xf8, 0x40, 0x3f, 0xc4, 0x1, 0xf7, 0x0,
    0x7f, 0x84, 0x3, 0xe3, 0x0, 0xff, 0x30, 0x7,
    0xc2, 0x1, 0xfe, 0x30, 0xf, 0x9c, 0x3, 0xff,
    0x8c, 0xe0, 0x1f, 0xe4, 0x0, 0xf8, 0x40, 0x3c,
    0x22, 0x25, 0xb0, 0xf, 0xb4, 0x3, 0xd9, 0xdb,
    0x42, 0x1, 0xf2, 0x80, 0x7f, 0xf1, 0x58, 0x80,
    0x3f, 0xf8, 0x8b, 0x20, 0x1f, 0xfc, 0x46, 0xa0,
    0xf, 0xfe, 0x2b, 0x50, 0x7, 0xff, 0x19, 0x64,
    0x3, 0xff, 0x8c, 0xc4, 0x1, 0xed, 0xff, 0x59,
    0x0, 0x7c, 0xa0, 0x1f, 0xc9, 0x20, 0x1f, 0x68,
    0x7, 0xf9, 0x40, 0x3e, 0x10, 0xf, 0xfe, 0x33,
    0x80, 0x7f, 0x88, 0x3, 0xe7, 0x0, 0xff, 0x38,
    0x7, 0xc2, 0x1, 0xfe, 0x10, 0xf, 0x8c, 0x3,
    0xfc, 0x40, 0x1f, 0x70, 0x7, 0xfb, 0xc0, 0x3e,
    0x10, 0xf, 0xf1, 0x0, 0x7c, 0x60, 0x1f, 0xe1,
    0x0, 0xf8, 0x40, 0x3f, 0xce, 0x1, 0xf3, 0x0,
    0x7f, 0x84, 0x3, 0xff, 0x9c, 0xe0, 0x1f, 0xfc,
    0x69, 0x0, 0xff, 0x38, 0x7, 0xc7, 0xac, 0x86,
    0x62, 0x0, 0xc4, 0x1, 0xf8, 0xa6, 0xf3, 0x1e,
    0x1, 0xa8, 0x3, 0xff, 0x8c, 0x48, 0x1, 0xff,
    0xc6, 0xa1, 0x0, 0xff, 0xe2, 0x8e, 0x10, 0x7,
    0xff, 0x14, 0xb1, 0x80, 0x3f, 0xf8, 0xa3, 0x3d,
    0x2a, 0x42, 0x1, 0xc0,

    /* U+007C "|" */
    0x45, 0x5f, 0xc1, 0x35, 0x5f, 0x80, 0x3f, 0xff,
    0xe0, 0x1f, 0xff, 0xf0, 0xf, 0xff, 0xf8, 0x7,
    0xff, 0xfc, 0x3, 0xff, 0xfe, 0x1, 0xff, 0xff,
    0x0, 0xff, 0xff, 0x80, 0x7f, 0xf8, 0x80,

    /* U+007D "}" */
    0x4f, 0xfd, 0xdb, 0x70, 0x60, 0x1f, 0xfc, 0x31,
    0x24, 0x7c, 0xc2, 0x0, 0x7f, 0xf1, 0x8e, 0xe0,
    0x3, 0xff, 0x8e, 0xee, 0x0, 0xff, 0xe3, 0xc1,
    0x80, 0x7f, 0xf1, 0xe4, 0x3, 0xff, 0x8e, 0xa0,
    0x1c, 0x99, 0x95, 0xb8, 0x7, 0xf1, 0x80, 0x71,
    0x9c, 0x91, 0x80, 0x1f, 0x94, 0x3, 0xfc, 0x66,
    0x0, 0xf8, 0x40, 0x3f, 0xe5, 0x0, 0xf8, 0x40,
    0x3f, 0xfa, 0x66, 0x1, 0xf1, 0x0, 0x7f, 0xcc,
    0x1, 0xf3, 0x80, 0x7f, 0xc2, 0x1, 0xf1, 0x0,
    0x7f, 0xc6, 0x1, 0xf0, 0x80, 0x7f, 0xc2, 0x1,
    0xff, 0xc6, 0x10, 0xf, 0x88, 0x3, 0xfe, 0x30,
    0xf, 0x84, 0x3, 0xfe, 0x10, 0xf, 0x98, 0x3,
    0xff, 0xa6, 0x20, 0x1f, 0x38, 0x7, 0xfc, 0x42,
    0x1, 0xe2, 0xa3, 0x11, 0x0, 0x7e, 0x40, 0xf,
    0x97, 0x3b, 0x8c, 0x1, 0xf4, 0x0, 0x7f, 0xf1,
    0xcb, 0x4, 0x3, 0xff, 0x8c, 0x78, 0x20, 0x1f,
    0xfc, 0x53, 0xc1, 0x0, 0xff, 0xe2, 0x16, 0x8,
    0x7, 0xff, 0x16, 0x0, 0x3f, 0xf8, 0xea, 0x1,
    0xf3, 0x6f, 0xf9, 0x80, 0x3c, 0x40, 0x1f, 0x14,
    0x90, 0x7, 0xf0, 0x80, 0x7c, 0xe0, 0x1f, 0xfd,
    0x31, 0x0, 0xf9, 0x80, 0x3f, 0xe3, 0x0, 0xf8,
    0x40, 0x3f, 0xe1, 0x0, 0xf8, 0x80, 0x3f, 0xf8,
    0x2, 0x1, 0xff, 0xc7, 0x30, 0xf, 0x84, 0x3,
    0xfe, 0x10, 0xf, 0x88, 0x3, 0xfe, 0x60, 0xf,
    0x9c, 0x3, 0xfe, 0x30, 0xf, 0x88, 0x3, 0xff,
    0xa6, 0xa0, 0x1f, 0xfc, 0x63, 0x30, 0x7, 0xc6,
    0x1, 0xc6, 0x72, 0xce, 0x0, 0x7e, 0x60, 0xc,
    0x99, 0x95, 0x30, 0x7, 0xf1, 0x80, 0x7f, 0xf1,
    0x94, 0x3, 0xff, 0x8f, 0x20, 0x1f, 0xfc, 0x67,
    0x30, 0xf, 0xfe, 0x2b, 0x40, 0x7, 0xff, 0x10,
    0xaa, 0x40, 0x3f, 0xf8, 0x22, 0x6f, 0x7a, 0xa0,
    0x1f, 0x80,

    /* U+007E "~" */
    0x0, 0xf2, 0x4e, 0xf7, 0xf6, 0x41, 0x0, 0x7f,
    0xc2, 0x20, 0xf, 0xe4, 0xdb, 0x62, 0x10, 0x13,
    0x7d, 0x91, 0x0, 0xfe, 0xdc, 0x10, 0xf, 0xa2,
    0xc8, 0x3, 0xf9, 0xb9, 0xc0, 0x3c, 0x5a, 0x65,
    0xa0, 0x1e, 0xa7, 0x0, 0xff, 0xe0, 0xc7, 0x4b,
    0x2b, 0x5e, 0x90, 0x0, 0xf0, 0x3, 0x52, 0x80,
    0x7f, 0xf0, 0xc5, 0xa6, 0xa5, 0x0, 0x38, 0xec,
    0x0, 0xea, 0x1, 0xff, 0xd0, 0x4b, 0xe, 0x0,
    0xff, 0xe9, 0x18, 0x4a, 0x80, 0x7f, 0xf4, 0x16,
    0x0, 0x14, 0xa0, 0x1c, 0xb5, 0x74, 0xc0, 0x1f,
    0xfc, 0x44, 0xa0, 0xd, 0x48, 0x0, 0x2d, 0xa5,
    0x45, 0x9e, 0x60, 0xf, 0xfe, 0xb, 0xd8, 0x7,
    0xac, 0xcb, 0x8, 0x3, 0x86, 0x75, 0x40, 0x3f,
    0x8f, 0x20, 0x3, 0xf6, 0x60, 0x40, 0x3f, 0x15,
    0x63, 0x10, 0x80, 0x9b, 0x66, 0xc, 0x3, 0x80,

    /* U+00A0 " " */

    /* U+00A1 "¡" */
    0x0, 0xc6, 0xce, 0xa2, 0x1, 0xc7, 0xb9, 0x31,
    0x5c, 0xe0, 0x11, 0xe1, 0x0, 0x74, 0x40, 0x1,
    0xc0, 0x1f, 0x9c, 0xd0, 0x80, 0x3f, 0xa7, 0x0,
    0x3f, 0xc8, 0x20, 0x1f, 0xe1, 0x10, 0x7, 0xf8,
    0xb0, 0x3, 0xfc, 0x88, 0x30, 0xf, 0xeb, 0xe,
    0x10, 0xf, 0xa0, 0x80, 0xb1, 0x0, 0x30, 0xd3,
    0x80, 0x45, 0x7d, 0x75, 0x9c, 0xa0, 0x1e, 0x14,
    0x53, 0x0, 0xff, 0xf5, 0x47, 0xff, 0xb8, 0x3,
    0x8, 0x7, 0x84, 0x3, 0x18, 0x7, 0xfc, 0x20,
    0x1f, 0xf3, 0x80, 0x7c, 0x20, 0x10, 0x80, 0x7c,
    0x60, 0x1f, 0xf0, 0x80, 0x46, 0x1, 0xf3, 0x80,
    0x42, 0x1, 0xf0, 0x80, 0x7f, 0xc6, 0x0, 0x10,
    0xf, 0xc2, 0x0, 0x30, 0xf, 0xde, 0x0, 0x10,
    0xf, 0xc2, 0x0, 0x70, 0xf, 0xc6, 0x0, 0x10,
    0xf, 0xc2, 0x0, 0x30, 0xf, 0xce, 0x0, 0x10,
    0xf, 0xfb, 0xc0, 0x3f, 0x8, 0x7, 0xfc, 0x60,
    0x1, 0x0, 0xfc, 0x20, 0x3, 0x0, 0xff, 0x84,
    0x3, 0xf8, 0x41, 0xc0, 0x3f, 0x8c, 0x4, 0x3,
    0xf8, 0x40, 0xc0, 0x3f, 0x9c, 0x4, 0x3, 0xf8,
    0x40, 0x3f, 0xe3, 0x1, 0x1f, 0xf0, 0x0,

    /* U+00A2 "¢" */
    0x0, 0xff, 0xe0, 0x8f, 0xff, 0xc0, 0x1f, 0xff,
    0xf0, 0xf, 0xff, 0xf8, 0x7, 0xff, 0x38, 0x5a,
    0x80, 0x3e, 0xfb, 0x71, 0x0, 0xff, 0xe1, 0x95,
    0x74, 0xa0, 0x7, 0xe4, 0x8e, 0xa2, 0x0, 0xff,
    0xe0, 0x4e, 0xa8, 0x7, 0xff, 0x9, 0x76, 0x0,
    0x3f, 0x8b, 0x58, 0x3, 0xff, 0x8c, 0xf8, 0x20,
    0x1e, 0x3d, 0x20, 0xf, 0xfe, 0x41, 0xe0, 0x80,
    0x63, 0xc0, 0xf, 0xfe, 0x5a, 0x88, 0x6, 0xe0,
    0xf, 0xfe, 0x5b, 0x40, 0x6, 0x92, 0x0, 0xff,
    0xe5, 0x34, 0x80, 0x63, 0x60, 0xf, 0xfe, 0x0,
    0xa2, 0xc, 0x3, 0xcd, 0x20, 0x1d, 0x20, 0x1f,
    0xf3, 0x6f, 0x5d, 0xb3, 0xe8, 0x80, 0xd, 0x20,
    0x1c, 0x2a, 0x1, 0xfe, 0xb9, 0x20, 0xe, 0x5d,
    0x66, 0x48, 0x7, 0x9c, 0x3, 0xfd, 0x48, 0x1,
    0xfd, 0x32, 0x0, 0xfb, 0x0, 0x3f, 0x91, 0x40,
    0x3f, 0xf8, 0xee, 0x1, 0xfd, 0xc0, 0x1f, 0xfc,
    0x83, 0x0, 0xfe, 0x40, 0xf, 0xfe, 0x40, 0x80,
    0x7f, 0x8, 0x7, 0xff, 0xc4, 0x40, 0x3f, 0xf9,
    0x4, 0x1, 0xfc, 0x80, 0x1f, 0xfc, 0x87, 0x0,
    0xfe, 0x90, 0xf, 0xfe, 0x46, 0x0, 0x7f, 0x1b,
    0x0, 0x7f, 0xf1, 0xdc, 0x3, 0xfd, 0x2a, 0x1,
    0xfd, 0x3a, 0x20, 0x1e, 0x15, 0x0, 0xff, 0x55,
    0x8, 0x3, 0x97, 0x58, 0xb0, 0x40, 0x3d, 0x20,
    0x1f, 0xf2, 0xef, 0x5d, 0xb3, 0xe8, 0x80, 0x5,
    0x82, 0x1, 0xc6, 0xc0, 0x1f, 0xfc, 0x1, 0x44,
    0x18, 0x7, 0x8b, 0x4, 0x3, 0xa0, 0x80, 0x3f,
    0xf9, 0x45, 0x82, 0x1, 0x87, 0x80, 0x3f, 0xf9,
    0x65, 0xa2, 0x1, 0x8e, 0xc0, 0x3f, 0xf9, 0x62,
    0x1, 0xe4, 0xc1, 0x0, 0xff, 0xe4, 0x26, 0x88,
    0x7, 0x8f, 0xd4, 0x3, 0xff, 0x8d, 0x16, 0x1,
    0xfc, 0x35, 0x88, 0x1, 0xff, 0xc2, 0x5d, 0x70,
    0xf, 0xfe, 0x1, 0xdf, 0x4a, 0x0, 0x7e, 0x48,
    0xea, 0x20, 0xf, 0xfe, 0x18, 0xb5, 0x0, 0x7d,
    0xf6, 0xe2, 0x1, 0xff, 0xff, 0x0, 0xff, 0xff,
    0x80, 0x7f, 0xc0,

    /* U+00A3 "£" */
    0x0, 0xff, 0xe2, 0x13, 0xd6, 0xf7, 0xfb, 0xb2,
    0x54, 0x40, 0x3f, 0xf9, 0x2b, 0x9b, 0xa, 0x42,
    0x0, 0x13, 0x6a, 0xea, 0x20, 0xf, 0xfe, 0x29,
    0x65, 0x18, 0x7, 0xff, 0x1, 0x76, 0x0, 0x3f,
    0xf8, 0x6b, 0xa6, 0x1, 0xff, 0xc4, 0x7c, 0x20,
    0xf, 0xfe, 0x2, 0xd0, 0x7, 0xff, 0x1c, 0xf0,
    0x80, 0x3f, 0xc9, 0x40, 0x1f, 0xfc, 0x91, 0xc1,
    0x0, 0xfe, 0xa0, 0xf, 0xfe, 0x58, 0xa8, 0x7,
    0xe8, 0x10, 0xf, 0xfe, 0x5d, 0x20, 0x7, 0xc2,
    0xe0, 0x1f, 0xfc, 0xba, 0x50, 0xf, 0xcc, 0x1,
    0xff, 0x2d, 0xf7, 0xec, 0x90, 0x7, 0x4a, 0x80,
    0x7f, 0x58, 0x7, 0xfa, 0x69, 0x4, 0x9, 0xb5,
    0x40, 0x29, 0x60, 0xf, 0xf1, 0x80, 0x7f, 0x33,
    0x0, 0x3e, 0xa4, 0x9, 0x60, 0xf, 0xf1, 0x0,
    0x7f, 0xa0, 0x3, 0xfa, 0xe9, 0x80, 0x3f, 0xe6,
    0x0, 0xfe, 0x31, 0x0, 0xff, 0x28, 0x7, 0xff,
    0x0, 0x40, 0x3f, 0x98, 0x3, 0xff, 0x98, 0x60,
    0x1f, 0xff, 0xf0, 0xf, 0xff, 0xf8, 0x7, 0xff,
    0xa5, 0xff, 0xfa, 0x40, 0x3f, 0x97, 0xff, 0xfd,
    0xa0, 0x1f, 0xff, 0xf0, 0xf, 0xff, 0xf8, 0x7,
    0xff, 0xdd, 0x26, 0x79, 0x40, 0x3f, 0x8e, 0x67,
    0xfd, 0x0, 0x1f, 0x1b, 0x37, 0x60, 0x7, 0xf3,
    0x37, 0xfc, 0xa0, 0x1f, 0xff, 0xf0, 0xf, 0xff,
    0xf8, 0x7, 0xff, 0xfc, 0x3, 0xff, 0xe4, 0xdd,
    0xdd, 0x0, 0x1f, 0xcb, 0xdd, 0xff, 0xc4, 0x50,
    0x11, 0xf8, 0x3, 0xfc, 0x23, 0xff, 0xc4, 0x0,
    0xff, 0xff, 0x80, 0x7f, 0xff, 0xc0, 0x3f, 0xff,
    0xe0, 0x1f, 0xfc, 0xa0,

    /* U+00A4 "¤" */
    0x0, 0xc7, 0x60, 0x1f, 0xfc, 0x85, 0x90, 0xf,
    0xc7, 0x89, 0x80, 0x1f, 0xfc, 0x66, 0xa6, 0x90,
    0xf, 0x1e, 0x0, 0xf, 0x0, 0x3c, 0x46, 0x62,
    0x10, 0xe, 0x69, 0x0, 0x34, 0x80, 0x63, 0xc0,
    0xc, 0x78, 0x7, 0x1b, 0xfb, 0x98, 0xde, 0xe5,
    0x28, 0x34, 0x80, 0x66, 0x90, 0x1, 0xe0, 0x7,
    0x8f, 0xf1, 0xc8, 0x3, 0xc2, 0xb5, 0xf2, 0x1,
    0xe6, 0x90, 0xf, 0xfe, 0xb1, 0xe0, 0x7, 0xff,
    0x41, 0xa4, 0x0, 0x78, 0x1, 0xff, 0xce, 0x69,
    0x0, 0xc7, 0x80, 0x1f, 0xfc, 0xc5, 0x90, 0xf,
    0x38, 0x7, 0xff, 0x30, 0x40, 0x3e, 0x80, 0xf,
    0xfe, 0x62, 0x18, 0x7, 0x11, 0x80, 0x7f, 0x1d,
    0xf7, 0xeb, 0x80, 0x7f, 0xa4, 0x3, 0x94, 0x3,
    0xf9, 0x71, 0x4, 0xa, 0x30, 0x3, 0xf9, 0x40,
    0x3b, 0x0, 0x3f, 0xd, 0x0, 0x78, 0xe0, 0x3,
    0xf8, 0x80, 0x33, 0x0, 0x7e, 0x70, 0xf, 0xcc,
    0x1, 0xfc, 0xc0, 0x18, 0xc0, 0x3f, 0x70, 0x7,
    0xe1, 0x0, 0xfe, 0x20, 0xf, 0xfe, 0xa1, 0x80,
    0x63, 0x0, 0xfd, 0xa0, 0x1f, 0x88, 0x3, 0xf8,
    0x40, 0x33, 0x80, 0x7e, 0x51, 0x0, 0xfa, 0xc0,
    0x3f, 0x94, 0x3, 0x60, 0x7, 0xf6, 0x8, 0x7,
    0x3b, 0x0, 0x7e, 0x11, 0x0, 0x67, 0x0, 0xfe,
    0x2e, 0x95, 0x53, 0xe4, 0x0, 0x7f, 0x30, 0x7,
    0xa, 0x80, 0x7f, 0x9a, 0xa9, 0x6, 0x1, 0xfe,
    0x90, 0xf, 0x40, 0x7, 0xff, 0x31, 0xc4, 0x3,
    0xca, 0x1, 0xff, 0xcc, 0x51, 0x0, 0xe7, 0x80,
    0xf, 0xfe, 0x61, 0x60, 0x80, 0x4f, 0x0, 0x1f,
    0xfc, 0xe2, 0xc1, 0x6, 0x80, 0xf, 0xfe, 0x81,
    0x68, 0x39, 0x80, 0x7c, 0x82, 0x1, 0xff, 0x18,
    0x80, 0x7d, 0x0, 0x3a, 0x60, 0x1d, 0x17, 0xd6,
    0xc6, 0x20, 0x11, 0x2c, 0x6e, 0x60, 0x40, 0x3a,
    0x90, 0x0, 0x3a, 0x60, 0x14, 0x38, 0x1, 0x27,
    0x3b, 0xfe, 0xda, 0x72, 0x2, 0xc1, 0x0, 0xa9,
    0x40, 0x30, 0xe9, 0x84, 0x38, 0x7, 0xff, 0x10,
    0xb0, 0x42, 0x94, 0x3, 0xc3, 0xb2, 0xe0, 0x1f,
    0xfc, 0x62, 0xca, 0x50, 0xc,

    /* U+00A5 "¥" */
    0x7, 0x88, 0xfe, 0x70, 0xf, 0xfe, 0x1b, 0x44,
    0x7f, 0x38, 0x3, 0xdd, 0xff, 0xa1, 0x40, 0x3f,
    0xf8, 0x25, 0x2e, 0xff, 0xde, 0x0, 0x90, 0xf,
    0xf4, 0x80, 0x7f, 0xf0, 0x6c, 0x3, 0xfd, 0x20,
    0x1, 0x70, 0xf, 0xe3, 0x30, 0x7, 0xfc, 0x2c,
    0x1, 0xfd, 0x2, 0x1, 0x40, 0x80, 0x7f, 0x48,
    0x7, 0xfc, 0xc0, 0x1f, 0xc2, 0xe0, 0x1d, 0x20,
    0x1f, 0xca, 0x40, 0x1f, 0xe9, 0x0, 0xfe, 0x90,
    0xf, 0x38, 0x80, 0x7f, 0x58, 0x7, 0xf2, 0x88,
    0x7, 0xe1, 0x70, 0xf, 0xa4, 0x3, 0xf9, 0x80,
    0x3f, 0xa4, 0x3, 0xfa, 0x0, 0x3f, 0x38, 0x80,
    0x7f, 0x38, 0x7, 0xc6, 0x60, 0xf, 0xc4, 0xc0,
    0x1f, 0xd0, 0x1, 0xfd, 0x20, 0x1f, 0x48, 0x7,
    0xf4, 0x0, 0x7f, 0x98, 0x80, 0x3f, 0xa, 0x80,
    0x71, 0x28, 0x7, 0xe3, 0x50, 0xf, 0xfa, 0xc0,
    0x3f, 0xa4, 0x3, 0xac, 0x3, 0xfa, 0x0, 0x3f,
    0xf8, 0xc, 0x40, 0x1f, 0x8c, 0xc0, 0x19, 0x80,
    0x3f, 0x1a, 0x0, 0x7f, 0xf0, 0x60, 0x3, 0xfa,
    0x0, 0x27, 0x0, 0xfe, 0xf0, 0xf, 0xfe, 0x12,
    0x90, 0x7, 0xe4, 0x20, 0x4, 0x80, 0x7e, 0x43,
    0x0, 0xfe, 0xdf, 0xfe, 0x20, 0xf, 0xeb, 0x5,
    0x10, 0xf, 0xc9, 0xff, 0xda, 0x1, 0xff, 0xc8,
    0x61, 0x90, 0xf, 0xfe, 0xcd, 0x18, 0x7, 0xff,
    0x65, 0x0, 0x3f, 0xff, 0xe0, 0x1f, 0xfc, 0xcc,
    0xee, 0xfd, 0x60, 0x1f, 0xfc, 0x3d, 0xee, 0xfd,
    0x80, 0x18, 0x47, 0xf9, 0xc, 0x3, 0xff, 0x82,
    0xa4, 0x23, 0xfc, 0x1, 0xff, 0xc2, 0x90, 0xf,
    0xfe, 0xc, 0x80, 0x7f, 0xf3, 0x14, 0x80, 0x3f,
    0xe3, 0x30, 0x7, 0xff, 0x8, 0x47, 0xfe, 0x50,
    0xf, 0xfa, 0x84, 0x7f, 0xe0, 0xd, 0x9d, 0xdf,
    0xe7, 0x0, 0xff, 0xa7, 0xbb, 0xfd, 0x80, 0x1f,
    0xff, 0xf0, 0xf, 0xff, 0xf8, 0x7, 0xff, 0x97,
    0x7f, 0xff, 0xe8, 0x0, 0xfe, 0x5f, 0xff, 0xfb,
    0x40, 0x3f, 0xff, 0xe0, 0x1f, 0xff, 0xf0, 0xf,
    0xff, 0xf8, 0x7, 0xff, 0xfc, 0x3, 0xff, 0xfe,
    0x1, 0xff, 0xff, 0x0, 0xff, 0xf7, 0x80,

    /* U+00A6 "¦" */
    0x57, 0x7f, 0xc1, 0x11, 0xfc, 0x1, 0xff, 0xff,
    0x0, 0xff, 0xff, 0x80, 0x7f, 0xff, 0xc0, 0x3d,
    0xbf, 0xff, 0x80, 0x3f, 0xff, 0xe0, 0x1e, 0x67,
    0x7f, 0xc1, 0x71, 0x1f, 0x80, 0x3f, 0xff, 0xe0,
    0x1f, 0xff, 0xf0, 0xf, 0xff, 0xf8, 0x7, 0x80,

    /* U+00A7 "§" */
    0x0, 0xff, 0x13, 0x4e, 0x77, 0xfb, 0xb6, 0xe1,
    0x0, 0x3f, 0xf8, 0x87, 0x7b, 0x2c, 0x62, 0x0,
    0x12, 0x47, 0xbe, 0x92, 0x0, 0xff, 0xe0, 0x4e,
    0x20, 0x7, 0xff, 0x0, 0x5b, 0x64, 0x3, 0xfd,
    0x8c, 0x1, 0xff, 0xc5, 0x6d, 0x30, 0xf, 0xb0,
    0xc0, 0x3f, 0xf8, 0xe5, 0x88, 0x1, 0xd0, 0x60,
    0x1f, 0xfc, 0xab, 0x20, 0x8, 0x5c, 0x3, 0xff,
    0x99, 0x0, 0x14, 0x80, 0x7f, 0xf3, 0x12, 0x80,
    0x24, 0x0, 0xff, 0x34, 0xd4, 0xb0, 0x80, 0x7c,
    0x76, 0x1, 0x8c, 0x3, 0xf0, 0xf4, 0xb2, 0xb4,
    0xf6, 0x18, 0x6, 0x3c, 0x0, 0xc2, 0x1, 0xfc,
    0xc2, 0x1, 0xe3, 0xc7, 0x0, 0x1e, 0x0, 0x71,
    0x80, 0x7f, 0x78, 0x7, 0xf4, 0x40, 0xb4, 0x3,
    0xc6, 0x1, 0xfd, 0x60, 0x1f, 0xe7, 0xd1, 0x0,
    0xf0, 0x80, 0x7f, 0x1d, 0x8, 0x7, 0xff, 0x18,
    0x80, 0x3f, 0x97, 0xa4, 0xc0, 0x3f, 0xf8, 0x8a,
    0x1, 0xff, 0x36, 0x74, 0x18, 0x7, 0xff, 0x6,
    0x80, 0x3f, 0xf8, 0x22, 0xf9, 0xce, 0x20, 0x1f,
    0xe2, 0x60, 0xf, 0xfe, 0x18, 0xc7, 0x48, 0x80,
    0x7f, 0x49, 0x80, 0x7f, 0xf1, 0x5b, 0x94, 0x3,
    0xfa, 0x80, 0x3f, 0xf8, 0xf5, 0x0, 0x1f, 0x44,
    0x80, 0x7f, 0xf2, 0x1d, 0x40, 0x3a, 0x1c, 0x3,
    0xff, 0x95, 0x42, 0x1, 0x2b, 0x80, 0x7f, 0xf3,
    0x24, 0x2, 0xb0, 0xf, 0xe1, 0x57, 0x40, 0xf,
    0xfe, 0x3, 0x0, 0x14, 0x40, 0x3f, 0x3f, 0x54,
    0x5f, 0x38, 0x7, 0xf8, 0x44, 0x18, 0x1, 0xf8,
    0xa0, 0x3, 0xc, 0x68, 0x80, 0x7f, 0x18, 0x10,
    0x7, 0xe6, 0x0, 0xf8, 0xa0, 0x3, 0xf8, 0x41,
    0xc0, 0x3f, 0x30, 0x7, 0xe2, 0x0, 0xfe, 0x10,
    0x70, 0xf, 0xc4, 0xe0, 0x1f, 0x10, 0x7, 0xf1,
    0x0, 0x80, 0x7f, 0x45, 0x90, 0x6, 0x28, 0x0,
    0xfc, 0x60, 0xd, 0x0, 0xff, 0x26, 0xe3, 0xc5,
    0xe8, 0x80, 0x7e, 0x90, 0x2, 0x80, 0x7f, 0xf0,
    0xe, 0x1d, 0x0, 0x3f, 0x8d, 0x40, 0x4, 0xa0,
    0x1f, 0xfc, 0xb1, 0xd0, 0xd, 0x64, 0x1, 0xff,
    0xc9, 0x2c, 0x10, 0xc, 0x3e, 0x20, 0x1f, 0xfc,
    0x73, 0xc2, 0x0, 0xf1, 0x79, 0x80, 0x7f, 0xf1,
    0x8d, 0x40, 0x3f, 0xe, 0x48, 0x80, 0x7f, 0xf1,
    0x68, 0x40, 0x3f, 0x9b, 0xa8, 0xc0, 0x3f, 0xf8,
    0x63, 0x0, 0x1f, 0xf2, 0xe7, 0x49, 0x80, 0x7f,
    0xf0, 0x58, 0x3, 0xff, 0x82, 0x2d, 0x9d, 0x4,
    0x1, 0xff, 0x20, 0x7, 0xff, 0xc, 0x5f, 0x64,
    0x3, 0xfc, 0x60, 0x1f, 0xfc, 0x66, 0xb0, 0xf,
    0xef, 0x0, 0xf9, 0xb4, 0x40, 0x3f, 0x90, 0x3,
    0xf8, 0x40, 0x3c, 0xd2, 0x58, 0x20, 0x1f, 0xfc,
    0x61, 0x0, 0xe5, 0x90, 0x1, 0x7b, 0x0, 0x7d,
    0x0, 0x1f, 0xde, 0x1, 0x96, 0x80, 0x30, 0xcf,
    0xd3, 0xaa, 0x9f, 0x1c, 0x3, 0xf9, 0x0, 0x24,
    0xa0, 0xf, 0xcb, 0x15, 0x48, 0x30, 0xf, 0xe1,
    0x30, 0x1, 0x58, 0x7, 0xff, 0x31, 0x80, 0x22,
    0x50, 0xf, 0xfe, 0x58, 0xc0, 0x6, 0xa4, 0x0,
    0xff, 0xe5, 0x50, 0x7, 0xad, 0x80, 0x3f, 0xf9,
    0x14, 0x80, 0x1f, 0x4d, 0x10, 0x7, 0xff, 0x10,
    0xb1, 0x40, 0x3f, 0x97, 0x64, 0xc0, 0x3f, 0xf8,
    0x3, 0x1a, 0x60, 0x1f, 0xfc, 0x6, 0xcd, 0x95,
    0x31, 0x0, 0x9, 0x23, 0xdf, 0x38, 0x7, 0xe0,

    /* U+00A8 "¨" */
    0x0, 0x92, 0xb2, 0xe0, 0x80, 0x3f, 0x1c, 0xe6,
    0x24, 0x80, 0x3a, 0xad, 0x4d, 0x1f, 0x54, 0x3,
    0xd3, 0x8c, 0x66, 0x6d, 0x60, 0xa, 0x14, 0x3,
    0xd4, 0x40, 0x19, 0xd8, 0x3, 0xd2, 0x60, 0x2e,
    0x1, 0xfa, 0x0, 0x34, 0x0, 0x7e, 0xf0, 0x40,
    0xf, 0xe5, 0x0, 0x90, 0x3, 0xf8, 0xc0, 0x80,
    0x3f, 0xf8, 0x24, 0x1, 0xfe, 0x21, 0x0, 0xff,
    0xe0, 0x98, 0x7, 0xf8, 0xd0, 0x3, 0xf9, 0x0,
    0x24, 0x0, 0xfe, 0x21, 0x25, 0x0, 0xfd, 0xe0,
    0x10, 0xb0, 0x7, 0xe8, 0x0, 0x59, 0x80, 0x7a,
    0x10, 0x3, 0x4a, 0x0, 0x79, 0x94, 0x0, 0x39,
    0x4, 0x0, 0x4b, 0x70, 0xf, 0x5c, 0x98, 0x0,
    0xea, 0x40, 0x0,

    /* U+00A9 "©" */
    0x0, 0xff, 0xe2, 0x93, 0x4e, 0x77, 0x3f, 0xdd,
    0xb7, 0x2a, 0x20, 0x1f, 0xfd, 0x32, 0x8e, 0xd9,
    0x63, 0x11, 0x0, 0x4, 0x91, 0xab, 0xb1, 0xc4,
    0x3, 0xff, 0x9c, 0x55, 0xae, 0x20, 0x1f, 0xfc,
    0x23, 0x8e, 0x81, 0x0, 0xff, 0xe5, 0xce, 0xa8,
    0x7, 0xa, 0x33, 0xc3, 0xb2, 0x98, 0x7, 0x9f,
    0x98, 0x3, 0xff, 0x90, 0x7a, 0xc0, 0x18, 0xe3,
    0x7a, 0xe6, 0x1e, 0x26, 0xb3, 0xf1, 0xc4, 0x3,
    0x4d, 0x88, 0x7, 0xff, 0x15, 0x70, 0x80, 0x24,
    0xcc, 0x39, 0x0, 0x7f, 0x8e, 0x3a, 0x88, 0x2,
    0x4f, 0x30, 0xf, 0xfe, 0x1b, 0x50, 0x4, 0x37,
    0x63, 0x0, 0xff, 0xe2, 0x2e, 0xc0, 0x4, 0x38,
    0x60, 0x1f, 0xfc, 0x15, 0x90, 0x9, 0x3d, 0x0,
    0x3f, 0xf9, 0xf, 0xa4, 0x1, 0x61, 0x0, 0x7f,
    0xc7, 0x40, 0x13, 0x58, 0x80, 0x7f, 0xf2, 0x8b,
    0xc, 0x2, 0xc1, 0x0, 0xff, 0x68, 0x4, 0xd2,
    0x1, 0xff, 0xcd, 0x1c, 0x30, 0x0, 0xd0, 0x7,
    0xf4, 0x88, 0x1, 0x24, 0x3, 0xfc, 0x6f, 0x59,
    0xb9, 0x72, 0xa2, 0x1, 0xfb, 0x44, 0x0, 0x8c,
    0x1, 0xf1, 0xb0, 0x0, 0x68, 0x3, 0xf9, 0xfb,
    0x21, 0x4c, 0x8d, 0x1a, 0xba, 0xcc, 0x3, 0xc3,
    0xa0, 0x14, 0x8, 0x7, 0xa0, 0x2, 0xb1, 0x0,
    0xf9, 0x7a, 0x4, 0x3, 0xfc, 0x99, 0x40, 0x1e,
    0x36, 0x0, 0xc, 0x80, 0x71, 0x20, 0x0, 0xd4,
    0x3, 0xe8, 0xa1, 0x0, 0xff, 0xe1, 0x2e, 0x8,
    0x7, 0x48, 0x80, 0x18, 0x3, 0xac, 0x2, 0x90,
    0xf, 0xa9, 0xc0, 0x3f, 0xf8, 0xa6, 0x40, 0x1e,
    0x90, 0x0, 0xb0, 0x6, 0x70, 0x1, 0x28, 0x7,
    0x9d, 0x40, 0x3f, 0xf8, 0xd6, 0x60, 0x1e, 0x60,
    0xb, 0x40, 0x23, 0x10, 0x2, 0x80, 0x78, 0xe0,
    0x3, 0xff, 0x8d, 0x68, 0x1, 0xf0, 0xa0, 0x1,
    0x4, 0x0, 0x80, 0x15, 0x80, 0x7b, 0xc0, 0x3f,
    0xf8, 0xd6, 0x80, 0x1f, 0xdc, 0x1, 0x20, 0x3,
    0x40, 0x23, 0x0, 0xe3, 0x30, 0x7, 0xf3, 0xe7,
    0xfb, 0x18, 0x1, 0x48, 0x1, 0xfe, 0x40, 0xb,
    0x40, 0xe, 0x0, 0x20, 0xf, 0x50, 0x7, 0xf6,
    0x41, 0x80, 0xe, 0x72, 0x94, 0x3, 0xfe, 0x11,
    0x0, 0xc, 0x0, 0x40, 0x7, 0x0, 0xf2, 0x0,
    0x7e, 0x93, 0x0, 0xf1, 0xa8, 0x7, 0xff, 0x4,
    0x80, 0xc, 0x1, 0xc6, 0x1, 0xe2, 0x0, 0xf8,
    0x58, 0x3, 0xff, 0x94, 0xc0, 0x2, 0x1, 0x0,
    0x84, 0x3, 0x88, 0x3, 0xf2, 0x80, 0x7f, 0xf2,
    0xcc, 0x3, 0xf7, 0x80, 0x70, 0x80, 0x7e, 0x10,
    0xf, 0xfe, 0xa7, 0x80, 0x70, 0x80, 0x7e, 0x10,
    0xf, 0xfe, 0x59, 0x80, 0x61, 0x0, 0x84, 0x3,
    0x8c, 0x3, 0xf2, 0x0, 0x7f, 0xf4, 0x44, 0x0,
    0x60, 0x1c, 0x22, 0x0, 0xfc, 0xc0, 0x1f, 0xfc,
    0xa6, 0x0, 0x10, 0x0, 0x80, 0xe, 0x1, 0xe4,
    0x0, 0xfd, 0x28, 0x1, 0xe4, 0x90, 0xf, 0xfe,
    0x9, 0x80, 0x18, 0x0, 0xc0, 0x2, 0x0, 0xf7,
    0x0, 0x7f, 0x5c, 0x98, 0x0, 0xe6, 0xda, 0x80,
    0x3f, 0xe2, 0x0, 0x8c, 0x1, 0x80, 0x12, 0x0,
    0x72, 0x10, 0x7, 0xf3, 0x67, 0xfb, 0x18, 0x0,
    0xb2, 0x1, 0xfe, 0x40, 0xb, 0x40, 0x8, 0x1,
    0x68, 0x7, 0xa4, 0x3, 0xff, 0x8c, 0xd2, 0x1,
    0xfd, 0xa0, 0x12, 0x0, 0x8, 0x80, 0x7, 0x0,
    0xf2, 0x30, 0x7, 0xff, 0x19, 0xa4, 0x3, 0xe1,
    0x40, 0x2, 0x8, 0x5, 0x40, 0x1, 0x60, 0xf,
    0x4a, 0x0, 0x7f, 0xf1, 0x99, 0xc0, 0x3d, 0x20,
    0x16, 0x80, 0x66, 0x0, 0xac, 0x3, 0xeb, 0x50,
    0xf, 0xfe, 0x29, 0x30, 0x7, 0x98, 0x0, 0x2c,
    0x1, 0x85, 0x80, 0x4, 0xc0, 0x1f, 0x54, 0x80,
    0x7f, 0xf0, 0xdb, 0x44, 0x3, 0xa4, 0x40, 0xc,
    0x1, 0xe8, 0x0, 0xa4, 0x40, 0x3e, 0x6e, 0x70,
    0xf, 0xf9, 0x32, 0x40, 0x3c, 0x6c, 0x0, 0x19,
    0x0, 0xf0, 0xc0, 0x5, 0xa0, 0x1f, 0x86, 0x3e,
    0xdd, 0xc, 0x88, 0x6d, 0x3d, 0x66, 0x1, 0xe1,
    0xd0, 0xa, 0x4, 0x3, 0xe7, 0x30, 0x1, 0xd0,
    0x7, 0xf9, 0x22, 0xf3, 0x75, 0x92, 0xc2, 0x1,
    0xfb, 0x44, 0x0, 0x8c, 0x1, 0xfd, 0xc2, 0x0,
    0x5a, 0x0, 0xff, 0xe6, 0x8e, 0x18, 0x0, 0x68,
    0x3, 0xfc, 0x5a, 0x1, 0x2d, 0x88, 0x7, 0xff,
    0x28, 0xb0, 0xc0, 0x2d, 0x10, 0xf, 0xf8, 0xec,
    0x2, 0x4f, 0x40, 0xf, 0xfe, 0x43, 0x69, 0x0,
    0x56, 0x60, 0x1f, 0xfc, 0x14, 0xc1, 0x0, 0xd,
    0xd8, 0xc0, 0x3f, 0xf8, 0x8b, 0xb2, 0x1, 0xe,
    0x20, 0x7, 0xff, 0xc, 0xf0, 0xc0, 0x24, 0xcc,
    0x39, 0x0, 0x7f, 0x8e, 0x36, 0x88, 0x2, 0x3f,
    0x30, 0xf, 0xfe, 0x29, 0x64, 0x0, 0x63, 0x8d,
    0xeb, 0x98, 0x78, 0x9a, 0xcf, 0xc7, 0x20, 0xd,
    0x18, 0x20, 0x1f, 0xfc, 0x87, 0xd6, 0x0, 0xe1,
    0x46, 0x78, 0x76, 0x53, 0x0, 0xf3, 0x73, 0x80,
    0x7f, 0xf2, 0xca, 0x7a, 0x8, 0x3, 0xff, 0x84,
    0x51, 0xd2, 0x20, 0x1f, 0xfc, 0xe1, 0x7d, 0xd4,
    0xb2, 0x10, 0x80, 0x4, 0x91, 0xa7, 0x74, 0xe2,
    0x1, 0xff, 0xc2,

    /* U+00AA "ª" */
    0x0, 0xf3, 0x5f, 0x7f, 0xb6, 0x4d, 0x7f, 0xfc,
    0x60, 0x18, 0xfa, 0x50, 0x40, 0x4, 0xd9, 0x0,
    0x1f, 0xe6, 0xc1, 0x0, 0xfc, 0x40, 0x1f, 0xc7,
    0x20, 0x1f, 0xfc, 0x8e, 0x0, 0xff, 0xe4, 0x31,
    0x0, 0x7e, 0x10, 0xf, 0xfa, 0x80, 0x3c, 0x57,
    0xfd, 0xc6, 0x0, 0xfe, 0x30, 0xf, 0x7a, 0x0,
    0x6, 0x54, 0x3, 0xe1, 0x0, 0xf2, 0x90, 0x7,
    0x48, 0x7, 0xc6, 0x1, 0xe2, 0x0, 0xf1, 0x0,
    0x7c, 0x60, 0x1e, 0x20, 0xf, 0x10, 0x7, 0xc2,
    0x1, 0xe5, 0x10, 0xe, 0x90, 0xf, 0xc6, 0x1,
    0xec, 0x40, 0x0, 0xca, 0x80, 0x7e, 0xa0, 0xf,
    0x15, 0xff, 0x71, 0x80, 0x3f, 0x98, 0x40, 0x3f,
    0x8, 0x7, 0xff, 0x2, 0x80, 0x3f, 0xf9, 0x29,
    0x20, 0x1f, 0xfc, 0x96, 0xb1, 0x0, 0xfc, 0x60,
    0x1f, 0xf2, 0x74, 0xa0, 0x80, 0x9, 0xb6, 0xc,
    0xfc, 0x20,

    /* U+00AB "«" */
    0x0, 0xf9, 0x13, 0xf8, 0x3, 0x91, 0x3f, 0x80,
    0x3e, 0x6b, 0xbf, 0xdc, 0x1, 0x96, 0xef, 0xf4,
    0x0, 0x7d, 0x0, 0x1f, 0xac, 0x3, 0x58, 0x7,
    0xee, 0x0, 0xf4, 0x88, 0x7, 0xd0, 0x20, 0x14,
    0x8, 0x7, 0xce, 0x40, 0x1c, 0x4c, 0x1, 0xf1,
    0x38, 0x4, 0x4e, 0x1, 0xf0, 0xc0, 0x7, 0xa4,
    0x3, 0xf7, 0x0, 0x69, 0x0, 0xfd, 0x40, 0x1e,
    0x54, 0x0, 0xf9, 0x8c, 0x2, 0x44, 0x0, 0x7c,
    0xa8, 0x1, 0xe8, 0x0, 0xf8, 0x60, 0x3, 0x48,
    0x7, 0xeb, 0x0, 0xf3, 0x90, 0x7, 0xd6, 0x20,
    0x13, 0x90, 0x7, 0xd0, 0x20, 0x1c, 0x30, 0x1,
    0xf2, 0x28, 0x4, 0x30, 0x1, 0xf1, 0x38, 0x7,
    0xac, 0x3, 0xf4, 0x80, 0x6b, 0x0, 0xfd, 0xc0,
    0x1e, 0x35, 0x0, 0xf9, 0xc8, 0x2, 0x35, 0x0,
    0xf9, 0x8c, 0x3, 0xc2, 0x1, 0xf8, 0xc0, 0x31,
    0x0, 0x7e, 0x50, 0xf, 0x89, 0xc0, 0x3e, 0x44,
    0x0, 0x43, 0x0, 0x1f, 0x1b, 0x0, 0x7d, 0x2,
    0x1, 0xf5, 0x0, 0x67, 0x20, 0xf, 0xa0, 0x40,
    0x3e, 0xb0, 0xf, 0x86, 0x0, 0x34, 0x0, 0x7c,
    0x36, 0x1, 0xf2, 0xa0, 0x7, 0xce, 0x40, 0x12,
    0xa0, 0x7, 0xca, 0x60, 0x1f, 0x48, 0x7, 0xee,
    0x0, 0xd2, 0x1, 0xfb, 0x80, 0x3e, 0x26, 0x0,
    0xf8, 0xd8, 0x2, 0x26, 0x0, 0xf8, 0x9c, 0x3,
    0xe8, 0x10, 0xf, 0xa0, 0x40, 0x29, 0x10, 0xf,
    0xa0, 0x40, 0x3c, 0x30, 0x1, 0xf0, 0xc0, 0x6,
    0x80, 0xf, 0xd4, 0x1, 0xf3, 0x18, 0x7, 0xcc,
    0x60, 0x13, 0x18, 0x7, 0xc8, 0x80, 0xf, 0xbc,
    0x3, 0xf7, 0x0, 0x6f, 0x0, 0xfd, 0x40,

    /* U+00AC "¬" */
    0x22, 0xff, 0xe9, 0x7e, 0xef, 0xff, 0x43, 0x0,
    0x3f, 0xff, 0xe0, 0x1f, 0xff, 0xf0, 0xf, 0xff,
    0x86, 0xff, 0xff, 0xf2, 0x24, 0x3, 0xff, 0xfe,
    0x1, 0xff, 0xff, 0x0, 0xff, 0xff, 0x80, 0x7f,
    0xfa, 0x40,

    /* U+00AE "®" */
    0x0, 0xfe, 0x38, 0xbe, 0xff, 0x76, 0xd3, 0x90,
    0x7, 0xff, 0x11, 0x77, 0x1d, 0x4, 0x0, 0x24,
    0xb1, 0xb8, 0x80, 0x1f, 0xfc, 0x1, 0xba, 0x20,
    0x8, 0x8d, 0xc, 0x40, 0x23, 0xba, 0x0, 0xff,
    0x17, 0xa0, 0x1, 0x2b, 0xf7, 0x2f, 0x3b, 0x92,
    0x40, 0x5, 0xd1, 0x0, 0xf8, 0xb0, 0x40, 0xae,
    0xca, 0x1, 0xe1, 0x6d, 0x90, 0x1, 0x78, 0x80,
    0x7b, 0xc4, 0xf, 0x50, 0x3, 0xfe, 0x6d, 0x20,
    0x1d, 0x0, 0xe9, 0x20, 0x3c, 0x0, 0xff, 0xe1,
    0x16, 0x8, 0x1b, 0x80, 0x44, 0xc0, 0xe, 0x0,
    0x97, 0xff, 0xdd, 0x22, 0x1, 0xe, 0x80, 0x20,
    0x40, 0x16, 0x0, 0x82, 0x0, 0xff, 0xb, 0x79,
    0x0, 0x46, 0xc0, 0x9, 0x0, 0x30, 0x1, 0x80,
    0x3e, 0x17, 0x73, 0x8, 0xf, 0x0, 0x68, 0x0,
    0x30, 0x20, 0x1, 0x44, 0x3, 0xe3, 0x88, 0x4e,
    0x0, 0xc, 0x40, 0x21, 0x40, 0x13, 0x30, 0x3,
    0x0, 0x3f, 0xf8, 0x4, 0x1, 0xfb, 0x40, 0x9,
    0xc0, 0x5, 0x0, 0xff, 0xe0, 0x30, 0x4, 0x20,
    0x19, 0x40, 0x1c, 0x40, 0x1, 0x0, 0xfc, 0x5f,
    0xf4, 0x80, 0x20, 0x3, 0x84, 0x0, 0x40, 0x11,
    0x80, 0x7f, 0xf0, 0x9d, 0xc0, 0x1c, 0x60, 0x10,
    0x80, 0xc, 0x3, 0xf0, 0x90, 0x0, 0xfa, 0x0,
    0x3c, 0x60, 0x1, 0x30, 0x0, 0x80, 0x7e, 0x3f,
    0x0, 0x1a, 0x0, 0x7c, 0xc0, 0x3, 0xf0, 0x2,
    0x80, 0x7f, 0x14, 0x80, 0x28, 0x80, 0x3c, 0x60,
    0xe, 0x50, 0x6, 0x80, 0x7f, 0x99, 0x0, 0x1e,
    0x1, 0xec, 0x0, 0x21, 0x88, 0x20, 0x80, 0x7f,
    0xa8, 0x40, 0xa8, 0x3, 0xa, 0x0, 0x98, 0x30,
    0x2, 0x40, 0x3f, 0xc3, 0x40, 0x5, 0x60, 0xa,
    0x0, 0xc, 0x0, 0x90, 0x3, 0x98, 0x4, 0xf1,
    0x10, 0x4, 0x95, 0x10, 0x0, 0x8d, 0x80, 0x12,
    0x0, 0x18, 0x0, 0x70, 0x80, 0x9, 0xdc, 0xa0,
    0x19, 0x5d, 0xcc, 0x3, 0xa0, 0x8, 0x10, 0x9,
    0xcc, 0xb, 0x4, 0x3, 0xff, 0x82, 0x58, 0x20,
    0x6e, 0x1, 0xda, 0x20, 0x5e, 0xa0, 0x1f, 0xf3,
    0x69, 0x0, 0xe8, 0x7, 0x87, 0xc8, 0x6, 0xb1,
    0x84, 0x3, 0x89, 0xf6, 0x40, 0x5, 0xe2, 0x1,
    0xf0, 0xea, 0x80, 0xe, 0x7b, 0x9b, 0x9b, 0xfb,
    0x4, 0x0, 0x5d, 0x10, 0xf, 0xf5, 0x59, 0x80,
    0x42, 0x46, 0x40, 0x19, 0x32, 0x80, 0x3f, 0xf8,
    0x29, 0x9b, 0x8, 0x40, 0x11, 0x24, 0x6d, 0x98,
    0x7, 0xc0,

    /* U+00AF "¯" */
    0x14, 0x4f, 0xfe, 0x60, 0x35, 0xdf, 0xff, 0x30,
    0x80, 0x3f, 0xff, 0xe0, 0x1f, 0xff, 0xf0, 0xf,
    0x0,

    /* U+00B0 "°" */
    0x0, 0xf8, 0xe7, 0x3b, 0xfd, 0xb4, 0xa0, 0x1f,
    0xfc, 0x3, 0xcc, 0x31, 0x88, 0x0, 0x96, 0xb9,
    0x80, 0x3f, 0x9f, 0xc, 0x3, 0xf8, 0x66, 0xc0,
    0x3e, 0x78, 0x0, 0xff, 0xe0, 0xa6, 0x0, 0x71,
    0xc0, 0x7, 0xff, 0xc, 0xe4, 0x3, 0x70, 0x7,
    0xff, 0x15, 0x8c, 0x0, 0xa4, 0x1, 0xff, 0xc6,
    0x90, 0x7, 0x80, 0x7c, 0x9b, 0xfd, 0x0, 0x1f,
    0x28, 0x1, 0x0, 0x3c, 0x76, 0x40, 0x2f, 0x0,
    0x1f, 0x18, 0x8, 0x7, 0xa4, 0x3, 0x9c, 0x3,
    0xe6, 0x10, 0xf, 0x98, 0x3, 0xc4, 0x1, 0xe3,
    0x10, 0xf, 0x98, 0x3, 0xc4, 0x1, 0xe3, 0x1,
    0x0, 0xf4, 0x80, 0x73, 0x80, 0x7c, 0xc0, 0x80,
    0x1e, 0x3b, 0x20, 0x17, 0x80, 0xf, 0x8c, 0x3c,
    0x3, 0xe4, 0xdf, 0xe8, 0x0, 0xf9, 0x0, 0xa,
    0x40, 0x1f, 0xfc, 0x68, 0x0, 0xa4, 0x3, 0xff,
    0x8a, 0xa6, 0x1, 0x23, 0x80, 0x7f, 0xf0, 0xce,
    0x80, 0x3a, 0x20, 0x1, 0xff, 0xc1, 0x3d, 0x0,
    0xf9, 0xf0, 0x80, 0x3f, 0x86, 0x30, 0x40, 0x3f,
    0x1e, 0xdb, 0x18, 0x80, 0x9, 0x67, 0x9c, 0x3,
    0x80,

    /* U+00B1 "±" */
    0x0, 0xff, 0xf, 0xff, 0xe3, 0x0, 0xff, 0xff,
    0x80, 0x7f, 0xff, 0xc0, 0x3f, 0xc4, 0x5f, 0xe5,
    0x0, 0xfc, 0xc4, 0x5f, 0xef, 0xdd, 0xfe, 0xb0,
    0xf, 0xd5, 0xbb, 0xfd, 0x80, 0x1f, 0xff, 0xf0,
    0xf, 0xff, 0xf8, 0x7, 0xff, 0xc3, 0x7f, 0xff,
    0xb8, 0x3, 0xf6, 0x7f, 0xff, 0x70, 0x7, 0xff,
    0xfc, 0x3, 0xff, 0xfe, 0x1, 0xff, 0x22, 0x7e,
    0x10, 0xf, 0xfe, 0x40, 0xdd, 0xfe, 0x20, 0xf,
    0xf1, 0x17, 0xff, 0x4b, 0xf7, 0x7f, 0xfa, 0x18,
    0x1, 0xff, 0xff, 0x0, 0xff, 0xff, 0x80, 0x7f,
    0xfc, 0x0,

    /* U+00B2 "²" */
    0x0, 0xe5, 0xad, 0xff, 0x76, 0xca, 0x0, 0x7e,
    0x7e, 0xa5, 0x20, 0x0, 0x93, 0x5e, 0x98, 0x6,
    0x1c, 0x81, 0x0, 0xfe, 0x2c, 0x40, 0xb, 0x4c,
    0x3, 0xff, 0x83, 0x64, 0xc, 0x60, 0x1f, 0xfc,
    0x38, 0x6, 0x50, 0xf, 0xfe, 0x1a, 0x80, 0x29,
    0xc0, 0x34, 0x65, 0x90, 0x7, 0xc4, 0x0, 0x89,
    0x0, 0x63, 0x9a, 0x70, 0x7, 0xc2, 0x1, 0x35,
    0x50, 0xc0, 0x21, 0x0, 0xf8, 0x40, 0x32, 0xa8,
    0x3, 0x58, 0x7, 0xc4, 0x1, 0xfd, 0xc, 0x1,
    0xe4, 0x0, 0xfe, 0x87, 0x0, 0xfb, 0xc0, 0x3f,
    0x4b, 0x80, 0x7c, 0xc8, 0x1, 0xf4, 0xb0, 0x7,
    0xc7, 0x20, 0x1f, 0x53, 0x0, 0x7c, 0x78, 0x1,
    0xf5, 0x28, 0x7, 0xcb, 0x80, 0x1f, 0x5a, 0x80,
    0x7c, 0xd4, 0x1, 0xf5, 0xa0, 0x7, 0xe6, 0xff,
    0xeb, 0xb, 0x40, 0xf, 0xfe, 0x22, 0xa0, 0x7,
    0xff, 0xf8,

    /* U+00B3 "³" */
    0x2, 0xff, 0xff, 0xe1, 0xd8, 0x7, 0xff, 0xb0,
    0x40, 0x3f, 0xf8, 0xd2, 0x1, 0xff, 0xc5, 0xb3,
    0x0, 0x17, 0xff, 0x50, 0x7, 0xd4, 0x80, 0x1f,
    0x8e, 0x80, 0x3d, 0xa, 0x1, 0xf8, 0x74, 0x3,
    0xc6, 0xe0, 0x1f, 0xd6, 0x20, 0x1e, 0x3f, 0x80,
    0xf, 0xfe, 0x33, 0xd8, 0x7, 0xff, 0x19, 0x1c,
    0x3, 0xe3, 0x43, 0x0, 0xfd, 0x20, 0x1e, 0xac,
    0xbc, 0xf7, 0x0, 0xf0, 0x90, 0x7, 0xfa, 0x4,
    0x3, 0xcc, 0x1, 0x90, 0x3, 0xc2, 0x1, 0xfe,
    0x7b, 0xc6, 0x21, 0x4c, 0x0, 0xf9, 0x80, 0x11,
    0x0, 0x39, 0xde, 0xb3, 0x0, 0xf0, 0x90, 0x43,
    0x80, 0x7f, 0xf0, 0x98, 0x25, 0xc0, 0x3f, 0xf8,
    0x45, 0x1, 0xa2, 0x1, 0xff, 0xc1, 0x2c, 0x0,
    0x27, 0xa8, 0x7, 0xfc, 0xfa, 0x20, 0x10, 0xd6,
    0xca, 0x10, 0x80, 0x92, 0xcf, 0x40, 0x6,

    /* U+00B4 "´" */
    0x0, 0xff, 0xe7, 0xe, 0x18, 0x7, 0xff, 0x4,
    0xb0, 0xf8, 0x3, 0xff, 0x80, 0x58, 0x40, 0x52,
    0x1, 0xfe, 0x3c, 0x10, 0x9, 0x90, 0x3, 0xf1,
    0xe0, 0x80, 0x75, 0x8, 0x7, 0x93, 0x0, 0x3e,
    0x1a, 0x0, 0xe5, 0xb0, 0xf, 0xe4, 0x60, 0x9,
    0x68, 0x3, 0xfe, 0xa0, 0x3, 0x50, 0x7, 0xf8,
    0xab, 0x0, 0xe4, 0x3, 0xf8, 0x63, 0x54, 0x0,
    0x68, 0x1, 0xf9, 0xf9, 0xc0, 0x3a, 0x80, 0x3c,
    0xdd, 0x0, 0x1f, 0xc, 0x80, 0x49, 0xb2, 0x20,
    0x1f, 0xcc, 0x87, 0x96, 0x40, 0x1f, 0xfc, 0xb,
    0xc3, 0x0, 0xff, 0x80,

    /* U+00B5 "µ" */
    0xdf, 0xff, 0xe0, 0xf, 0xe6, 0xff, 0xfe, 0x60,
    0xf, 0xff, 0xf8, 0x7, 0xff, 0xfc, 0x3, 0xff,
    0xfe, 0x1, 0xff, 0xff, 0x0, 0xff, 0xff, 0x80,
    0x7f, 0xff, 0xc0, 0x3f, 0xff, 0xe0, 0x18, 0x40,
    0x3f, 0xf9, 0x6, 0x1, 0xfb, 0x40, 0x3f, 0x8c,
    0x3, 0xfd, 0x40, 0x1f, 0xa, 0x80, 0x7f, 0x8,
    0x7, 0xf9, 0x98, 0x1, 0xea, 0x0, 0xff, 0x30,
    0x7, 0xfd, 0x36, 0xa6, 0x67, 0xe4, 0x0, 0xff,
    0x10, 0x7, 0xff, 0x1, 0x2b, 0x31, 0x2, 0x1,
    0xfe, 0x50, 0xf, 0xfe, 0x8c, 0x80, 0x7f, 0xf4,
    0x10, 0xc0, 0x3f, 0xfa, 0x12, 0x1, 0xff, 0xd0,
    0xb2, 0x0, 0xff, 0xe7, 0xda, 0x0, 0x7f, 0xf0,
    0x54, 0x3, 0xff, 0x80, 0x7a, 0x80, 0x1f, 0xfc,
    0x2a, 0xb4, 0x0, 0xfc, 0x97, 0x84, 0x1, 0xff,
    0xc4, 0x4b, 0xfb, 0x98, 0x84, 0xdf, 0xda, 0x0,
    0x7f, 0xf2, 0x51, 0x9d, 0xcc, 0x80, 0x1f, 0xff,
    0xf0, 0xf, 0xff, 0xf8, 0x7, 0xff, 0xfc, 0x3,
    0xff, 0xfe, 0x1, 0xfe, 0x72, 0x2f, 0xc6, 0x1,
    0xff, 0xc8,

    /* U+00B6 "¶" */
    0x0, 0xff, 0xa, 0xc5, 0xe6, 0xef, 0xff, 0x3a,
    0xc0, 0x3f, 0x25, 0xf5, 0x3a, 0x19, 0x17, 0xff,
    0x39, 0x80, 0x3c, 0x79, 0x68, 0x1, 0xff, 0xd9,
    0x6c, 0x30, 0xf, 0xfe, 0xd4, 0x48, 0x7, 0xff,
    0x6d, 0xdc, 0x1, 0xff, 0xdb, 0x38, 0x0, 0xff,
    0xee, 0x78, 0x7, 0xff, 0x71, 0xc, 0x3, 0xf8,
    0x5f, 0x3f, 0xda, 0x1, 0xf2, 0xff, 0xca, 0x1,
    0xf6, 0xff, 0xda, 0x1c, 0x1, 0xfc, 0x9f, 0x6,
    0x1, 0xff, 0xd0, 0x50, 0xf, 0xc7, 0x62, 0x1,
    0xff, 0xd1, 0x30, 0xf, 0xee, 0x0, 0xff, 0xe9,
    0xb0, 0x7, 0xe3, 0x20, 0xf, 0xfe, 0x99, 0x0,
    0x7e, 0x50, 0xf, 0xfe, 0xe8, 0x80, 0x7f, 0xf7,
    0x44, 0x3, 0xff, 0xa8, 0x20, 0x1f, 0x94, 0x3,
    0xff, 0xa8, 0xa0, 0x1f, 0x8c, 0x40, 0x3f, 0xfa,
    0x66, 0x1, 0xfd, 0x60, 0x1f, 0xfd, 0x44, 0x0,
    0xfc, 0xb2, 0x1, 0xff, 0xd3, 0xd0, 0xf, 0xe6,
    0xd5, 0x10, 0xf, 0xfe, 0x83, 0x10, 0x7, 0xf1,
    0x57, 0x73, 0x70, 0x3, 0xff, 0x9d, 0x20, 0x1f,
    0xfc, 0x1, 0x21, 0x0, 0xff, 0xe7, 0x23, 0x0,
    0x7f, 0xf7, 0x65, 0x40, 0x3f, 0xfb, 0xb4, 0xc0,
    0x1f, 0xfd, 0xd9, 0xa1, 0x0, 0xff, 0xee, 0x2f,
    0x40, 0x80, 0x7f, 0xf7, 0x1f, 0xb1, 0xd0, 0x80,
    0x3f, 0xfb, 0x47, 0x17, 0xbf, 0xf6, 0x80, 0x7f,
    0xff, 0xc0, 0x3f, 0xff, 0xe0, 0x1f, 0xff, 0xf0,
    0xf, 0xff, 0xf8, 0x7, 0xff, 0xfc, 0x3, 0xff,
    0xfe, 0x1, 0xff, 0xff, 0x0, 0xff, 0xff, 0x80,
    0x7f, 0xff, 0xc0, 0x3f, 0xff, 0xe0, 0x1f, 0xff,
    0xf0, 0xf, 0xff, 0xf8, 0x7, 0xff, 0x90,

    /* U+00B7 "·" */
    0x0, 0x9f, 0x3b, 0x69, 0x0, 0x31, 0x6c, 0x18,
    0x92, 0xdc, 0x80, 0x5e, 0x40, 0x1e, 0x67, 0x7,
    0x20, 0xf, 0xd0, 0x36, 0x1, 0xfe, 0x73, 0x0,
    0xff, 0x78, 0x7, 0xff, 0x0, 0x80, 0x3f, 0xdc,
    0xa0, 0x1f, 0xe5, 0x91, 0x0, 0xfc, 0xc4, 0x3a,
    0x20, 0x1e, 0x59, 0x0, 0x1f, 0xb9, 0x0, 0xe,
    0xa8, 0x0,

    /* U+00B8 "¸" */
    0x0, 0xf0, 0xee, 0xf2, 0x80, 0x7f, 0x90, 0x8b,
    0x90, 0x3, 0xfd, 0xe0, 0x19, 0x4, 0x3, 0xfc,
    0xa0, 0x19, 0x31, 0x40, 0x3f, 0x28, 0x7, 0x8e,
    0xb0, 0x40, 0x3d, 0xe0, 0x1f, 0x8f, 0x0, 0x3c,
    0x80, 0x1f, 0xc4, 0xe0, 0x1d, 0xdf, 0xec, 0x30,
    0xf, 0x50, 0x4, 0x40, 0x18, 0xe0, 0x3, 0xc4,
    0x0, 0x5d, 0x93, 0x0, 0xf, 0x80, 0x78, 0x40,
    0xa8, 0x1b, 0x3f, 0xdc, 0x80, 0x1e, 0x40, 0xe0,
    0xf, 0xfe, 0x14, 0xb9, 0x80, 0x7f, 0xf0, 0x68,
    0xde, 0x48, 0x3, 0xfc, 0x58, 0xa0, 0x6, 0xdb,
    0x63, 0x10, 0x0, 0x93, 0x5e, 0x98, 0x0,

    /* U+00B9 "¹" */
    0xbf, 0xff, 0xf6, 0x0, 0x7f, 0xfc, 0x2f, 0xfe,
    0x60, 0xf, 0xff, 0xf8, 0x7, 0xff, 0xfc, 0x3,
    0xff, 0xca,

    /* U+00BA "º" */
    0x0, 0xf0, 0xb5, 0xf7, 0xfb, 0xb2, 0x8, 0x3,
    0xfe, 0x7e, 0x94, 0x10, 0x0, 0x9b, 0xed, 0x8,
    0x7, 0xc3, 0x70, 0x1, 0xfe, 0x5f, 0x40, 0xf,
    0x6a, 0x0, 0x7f, 0xf0, 0x6, 0xcc, 0x3, 0x49,
    0x80, 0x7f, 0xf0, 0xf8, 0x40, 0x6, 0xc0, 0x1f,
    0xfc, 0x42, 0x80, 0x4, 0x80, 0x78, 0x6b, 0xfd,
    0x88, 0x1, 0xe6, 0x0, 0x28, 0x7, 0xb1, 0x40,
    0x7, 0x66, 0x1, 0xe5, 0x20, 0xf, 0x29, 0x0,
    0x74, 0x80, 0x7b, 0x58, 0x3, 0xda, 0x1, 0xe7,
    0x0, 0xf0, 0x80, 0x7f, 0xf2, 0x98, 0x3, 0xda,
    0x1, 0xe7, 0x0, 0xf7, 0x10, 0x7, 0x94, 0xc0,
    0x3a, 0x40, 0x3c, 0x60, 0xa0, 0x1e, 0xd6, 0x10,
    0x3c, 0x30, 0xf, 0x20, 0x48, 0x7, 0x86, 0x7b,
    0xf0, 0xc0, 0x3c, 0xe0, 0x3, 0x60, 0xf, 0xfe,
    0x21, 0x40, 0x5, 0x26, 0x1, 0xff, 0xc3, 0xf0,
    0xe, 0xd4, 0x0, 0xff, 0xe0, 0x16, 0x10, 0x7,
    0xd, 0xc8, 0x80, 0x7f, 0x36, 0x98, 0x7, 0xe6,
    0xea, 0x52, 0x11, 0x12, 0x46, 0xc8, 0x7, 0x0,

    /* U+00BB "»" */
    0x14, 0x4f, 0xc4, 0x1, 0x85, 0x13, 0xf1, 0x80,
    0x7e, 0xbb, 0xfd, 0x82, 0x1, 0xae, 0xff, 0x60,
    0x80, 0x78, 0x60, 0x3, 0xe1, 0x80, 0x8, 0x64,
    0x3, 0xf5, 0x80, 0x7c, 0xe4, 0x1, 0xf3, 0x18,
    0x4, 0xc6, 0x1, 0xf2, 0xa0, 0x7, 0xdc, 0x1,
    0xfb, 0xc0, 0x37, 0x80, 0x7e, 0x90, 0xf, 0x8d,
    0x80, 0x3e, 0x35, 0x0, 0x8d, 0x80, 0x3e, 0x27,
    0x0, 0xfa, 0x4, 0x3, 0xeb, 0x0, 0xd2, 0x20,
    0x1f, 0x40, 0x80, 0x78, 0x6c, 0x3, 0xe1, 0x80,
    0xd, 0x60, 0x1f, 0xa0, 0x3, 0xe5, 0x30, 0xf,
    0x9c, 0x80, 0x25, 0x40, 0xf, 0x98, 0xc0, 0x3e,
    0xe0, 0xf, 0xd2, 0x1, 0xa4, 0x3, 0xf7, 0x80,
    0x7c, 0x4e, 0x1, 0xf2, 0x20, 0x2, 0x28, 0x0,
    0xf8, 0xd4, 0x3, 0xe8, 0x10, 0xf, 0xa4, 0x3,
    0x39, 0x0, 0x7d, 0x60, 0x1f, 0x8, 0x80, 0x3e,
    0x60, 0xc, 0x24, 0x1, 0xf1, 0x0, 0x7d, 0x40,
    0x1f, 0xa4, 0x3, 0x58, 0x7, 0xef, 0x0, 0xf2,
    0x20, 0x3, 0xe7, 0x20, 0x9, 0x14, 0x3, 0xe6,
    0x30, 0xf, 0x50, 0x7, 0xc3, 0x0, 0x1a, 0x40,
    0x3f, 0x40, 0x7, 0xa0, 0x40, 0x3e, 0xb0, 0xd,
    0x4, 0x1, 0xf4, 0x8, 0x7, 0x13, 0x80, 0x7c,
    0x6a, 0x1, 0x13, 0x80, 0x7c, 0x4e, 0x1, 0xee,
    0x0, 0xfd, 0xe0, 0x1a, 0x40, 0x3f, 0x48, 0x7,
    0x98, 0xc0, 0x3e, 0x63, 0x0, 0x95, 0x0, 0x3e,
    0x44, 0x0, 0x70, 0xc0, 0x7, 0xe8, 0x0, 0x86,
    0xc0, 0x3f, 0x48, 0x7, 0xa0, 0x40, 0x3e, 0x81,
    0x0, 0xa0, 0x40, 0x3e, 0x72, 0x0, 0xe3, 0x60,
    0xf, 0x89, 0xc0, 0x23, 0x60, 0xf, 0x86, 0x0,
    0x3c,

    /* U+00BC "¼" */
    0x0, 0xff, 0xeb, 0x4a, 0x0, 0x7f, 0x67, 0xff,
    0xfb, 0x0, 0x3f, 0xf8, 0xcc, 0xcb, 0x40, 0xf,
    0xfe, 0xc9, 0xc8, 0x2, 0xd0, 0x3, 0xff, 0xae,
    0x3a, 0x1, 0xad, 0x0, 0x3f, 0xfa, 0xda, 0x20,
    0x1d, 0x68, 0x1, 0xff, 0xd4, 0x93, 0x0, 0xfa,
    0xcc, 0x3, 0xff, 0xa4, 0xcc, 0x0, 0xfe, 0xd0,
    0xd, 0x9f, 0xf3, 0x0, 0x7f, 0xf2, 0xe, 0x40,
    0x3f, 0x87, 0x40, 0x3f, 0x8, 0x7, 0xff, 0x1c,
    0x74, 0x3, 0xf8, 0xbc, 0xc0, 0x3f, 0xfa, 0x1a,
    0x20, 0x1f, 0x93, 0x44, 0x3, 0xff, 0xa1, 0x46,
    0x1, 0xf9, 0xac, 0x3, 0xff, 0xa2, 0xea, 0x1,
    0xfa, 0x24, 0x3, 0xff, 0xa2, 0x90, 0x1, 0xfa,
    0x9c, 0x3, 0xff, 0xa2, 0x34, 0x1, 0xf0, 0xe2,
    0x80, 0x7f, 0xf4, 0xb4, 0x40, 0x3c, 0x58, 0x60,
    0x1f, 0xfd, 0x2a, 0x30, 0xf, 0x1e, 0x10, 0x7,
    0xff, 0x49, 0xd4, 0x3, 0xcb, 0x82, 0x1, 0xff,
    0xd2, 0x18, 0x0, 0xf3, 0xd0, 0x7, 0xff, 0x50,
    0x68, 0x3, 0xaa, 0x0, 0x3f, 0xfa, 0xcb, 0x60,
    0x1, 0xc5, 0x0, 0xff, 0xec, 0x25, 0x96, 0x18,
    0x7, 0xff, 0x69, 0x34, 0x80, 0x3f, 0xff, 0xe0,
    0x1f, 0xf0, 0xa2, 0x7c, 0x1, 0xff, 0xc1, 0xba,
    0xaf, 0x40, 0x7, 0xff, 0x6, 0xae, 0xfd, 0x0,
    0x1f, 0xfc, 0x13, 0x55, 0xf2, 0x0, 0x7f, 0xf0,
    0x5, 0x0, 0x3d, 0x20, 0x1f, 0xfc, 0xb1, 0x0,
    0xfe, 0x90, 0xf, 0xa, 0x80, 0x7f, 0xf2, 0x47,
    0x30, 0x20, 0x1f, 0x98, 0x3, 0xcc, 0x1, 0xff,
    0xc9, 0x2c, 0x32, 0xc1, 0x0, 0xf2, 0x88, 0x7,
    0xa4, 0x3, 0xff, 0x90, 0x98, 0x40, 0x2, 0xf2,
    0x0, 0xe9, 0x0, 0xf2, 0x88, 0x7, 0xff, 0x1d,
    0xac, 0x40, 0x30, 0xa8, 0x6, 0x33, 0x0, 0x7a,
    0x40, 0x3f, 0xf8, 0xf1, 0x20, 0x1e, 0x47, 0x0,
    0xd2, 0x1, 0xe3, 0x30, 0x7, 0xff, 0x1a, 0x9c,
    0x3, 0xc5, 0x40, 0x18, 0x54, 0x3, 0xd2, 0x1,
    0xff, 0xc5, 0x1c, 0x50, 0xf, 0xbc, 0x40, 0x33,
    0x0, 0x78, 0x55, 0x15, 0x7c, 0x1, 0xfc, 0x7e,
    0x60, 0x1f, 0x51, 0x0, 0x74, 0x80, 0x7a, 0x42,
    0xab, 0xe0, 0xf, 0xc9, 0x82, 0x1, 0xf3, 0xa8,
    0x7, 0x20, 0x80, 0x79, 0x80, 0x3f, 0xf8, 0x6f,
    0x60, 0x1f, 0x92, 0x0, 0x3d, 0xe0, 0x1e, 0x51,
    0x0, 0xff, 0xe1, 0x4c, 0x0, 0x7e, 0x2b, 0x0,
    0xf1, 0x20, 0x7, 0x97, 0xfc, 0x20, 0x1e, 0xf8,
    0x0, 0xad, 0x80, 0x3f, 0xf, 0x80, 0x7d, 0x60,
    0x1f, 0xfc, 0x82, 0xd4, 0x0, 0xfe, 0xa2, 0x0,
    0xf9, 0x0, 0x3f, 0xf8, 0xe7, 0x84, 0x1, 0xfd,
    0x8, 0x1, 0xff, 0xd0, 0x61, 0x0, 0xfe, 0x57,
    0x0, 0xff, 0xe8, 0xad, 0x0, 0x7e, 0x3a, 0x0,
    0xff, 0xe9, 0xac, 0x80, 0x78, 0x74, 0x3, 0xfe,
    0xdf, 0xff, 0xf0, 0x80, 0x7b, 0xa0, 0x0, 0xd2,
    0x1, 0xd4, 0x20, 0x1f, 0xfd, 0x11, 0x0, 0xcd,
    0x20, 0x14, 0xa0, 0x7, 0xff, 0x61, 0xa0, 0x19,
    0x80, 0x1f, 0xfd, 0xa7, 0xa9, 0x0, 0xff, 0xe6,
    0xf7, 0xff, 0x80, 0x0,

    /* U+00BD "½" */
    0x0, 0xff, 0xeb, 0x42, 0x0, 0x7f, 0x67, 0xff,
    0xfb, 0x0, 0x3f, 0xf8, 0xcc, 0xf6, 0x80, 0x1f,
    0xfd, 0x93, 0x90, 0x5, 0xa0, 0x7, 0xff, 0x5c,
    0x74, 0x3, 0x5a, 0x0, 0x7f, 0xf5, 0xa8, 0x40,
    0x3a, 0xd0, 0x3, 0xff, 0xa9, 0x8, 0x1, 0xf5,
    0x98, 0x7, 0xff, 0x49, 0x5c, 0x3, 0xfb, 0x40,
    0x36, 0x7f, 0xcc, 0x1, 0xff, 0xc8, 0x2a, 0x0,
    0xfe, 0x1d, 0x0, 0xfc, 0x20, 0x1f, 0xfc, 0x8f,
    0x0, 0xfe, 0x2c, 0x30, 0xf, 0xfe, 0x85, 0x90,
    0x7, 0xe3, 0xc2, 0x0, 0xff, 0xe8, 0x3a, 0x0,
    0x7e, 0x5c, 0x10, 0xf, 0xfe, 0x82, 0x40, 0x7,
    0xe6, 0xa0, 0xf, 0xfe, 0x89, 0x50, 0x7, 0xe8,
    0x90, 0xf, 0xfe, 0x97, 0x88, 0x7, 0xd4, 0xe0,
    0x1f, 0xfd, 0x2a, 0x20, 0xf, 0xe, 0x28, 0x7,
    0xff, 0x49, 0x94, 0x3, 0xc3, 0x86, 0x1, 0xff,
    0xd2, 0x39, 0x0, 0xf1, 0xf9, 0x0, 0x7f, 0xf4,
    0x87, 0x40, 0x3c, 0x98, 0x20, 0x1f, 0xfd, 0x31,
    0x40, 0xe, 0x6b, 0x0, 0xff, 0xeb, 0x53, 0x0,
    0x51, 0x20, 0x1f, 0xfd, 0x89, 0x60, 0x97, 0x0,
    0xff, 0xed, 0x4e, 0xb0, 0x7, 0xff, 0x70, 0x80,
    0x3f, 0xfc, 0x64, 0x41, 0x0, 0xff, 0xe2, 0x71,
    0x9f, 0x94, 0x3, 0xfe, 0x39, 0xef, 0xdd, 0x77,
    0xda, 0x80, 0x7f, 0xf0, 0x5b, 0x33, 0xd2, 0x1,
    0xfc, 0x59, 0x86, 0x10, 0xe, 0x4a, 0xd3, 0x0,
    0xff, 0xe7, 0xa6, 0x98, 0x7, 0xf8, 0xb0, 0xc0,
    0x3f, 0xf8, 0xf4, 0x80, 0x18, 0xec, 0x3, 0xff,
    0x85, 0xa0, 0x1f, 0xfc, 0x51, 0xd5, 0xb5, 0x0,
    0xa4, 0x3, 0xff, 0x86, 0x2e, 0x1, 0xff, 0xc3,
    0x3f, 0x20, 0x5, 0x28, 0x2, 0x94, 0x3, 0xff,
    0x87, 0x60, 0x1f, 0xfc, 0x25, 0xc1, 0x0, 0xd4,
    0x60, 0xa, 0x60, 0x8, 0xb3, 0xf0, 0x80, 0x3c,
    0x40, 0x1f, 0xfc, 0x17, 0xa0, 0xf, 0x29, 0x80,
    0x53, 0x0, 0x7a, 0x60, 0x70, 0x1, 0xe1, 0x0,
    0xff, 0xe0, 0x4c, 0x0, 0x78, 0xa8, 0x3, 0x9e,
    0xb8, 0x3, 0xfe, 0x10, 0xf, 0xf0, 0xdb, 0x0,
    0x78, 0x7c, 0x3, 0xe5, 0x20, 0xd, 0x0, 0x1e,
    0x20, 0xf, 0xe2, 0xc4, 0x0, 0xfa, 0x88, 0x3,
    0xff, 0x81, 0x64, 0x1, 0xea, 0x0, 0xfc, 0x78,
    0x40, 0x1f, 0x42, 0x0, 0x7f, 0xf0, 0x31, 0x0,
    0x3c, 0x2e, 0x1, 0xf2, 0xe0, 0x80, 0x7c, 0xae,
    0x1, 0xff, 0xc0, 0xc3, 0x0, 0xfa, 0xc4, 0x3,
    0xd1, 0x40, 0x1f, 0x8a, 0x80, 0x3f, 0xe1, 0xc3,
    0x0, 0xf9, 0xd4, 0x3, 0xd4, 0xe0, 0x1f, 0x87,
    0xc0, 0x3f, 0xe1, 0xd3, 0x0, 0xf9, 0xe0, 0x3,
    0x87, 0x14, 0x3, 0xfa, 0x88, 0x3, 0xfc, 0x38,
    0x60, 0x1f, 0x44, 0x0, 0x38, 0xb0, 0xc0, 0x3f,
    0xa1, 0x0, 0x3f, 0xc3, 0x84, 0x1, 0xf4, 0xb8,
    0x7, 0x90, 0x80, 0x3f, 0x95, 0xc0, 0x3f, 0xc3,
    0x84, 0x1, 0xfa, 0x7f, 0xf9, 0xc1, 0xa4, 0x3,
    0xf1, 0xd0, 0x7, 0xf8, 0x70, 0x80, 0x3f, 0xf8,
    0xcd, 0x0, 0x1e, 0x1d, 0x0, 0xff, 0xa4, 0x80,
    0x3f, 0xf9, 0xf, 0x0, 0x1d, 0xa2, 0x1, 0xff,
    0xd6, 0x78, 0x0, 0xa4, 0xc0, 0x3f, 0xfb, 0xf,
    0x0, 0xcc, 0x0, 0xff, 0xed, 0x3d, 0x48, 0x7,
    0xff, 0xa, 0x3f, 0xff, 0xf8, 0xae, 0x0,

    /* U+00BE "¾" */
    0x0, 0xff, 0xeb, 0x1c, 0x0, 0x7f, 0x37, 0xff,
    0xff, 0xd, 0x80, 0x3f, 0xf8, 0x5c, 0xf0, 0x1,
    0xff, 0xda, 0x92, 0x7, 0x80, 0xf, 0xfe, 0xc2,
    0x30, 0x4, 0xf0, 0x1, 0xff, 0xd7, 0x90, 0xe,
    0x78, 0x0, 0xff, 0xe4, 0x13, 0x80, 0x7f, 0xd2,
    0x40, 0x1e, 0x78, 0x0, 0xff, 0xe3, 0xf, 0x88,
    0x7, 0xf9, 0x18, 0x3, 0xf3, 0xa0, 0x4, 0xdf,
    0xfc, 0xc0, 0x1f, 0x69, 0x0, 0x7f, 0xd4, 0x1,
    0xfc, 0xc8, 0x1, 0xf9, 0x58, 0x3, 0xd4, 0x60,
    0x1f, 0xf4, 0x88, 0x7, 0xe6, 0x90, 0xf, 0xc5,
    0x40, 0x1e, 0x75, 0x0, 0xff, 0x91, 0x80, 0x3f,
    0x34, 0x80, 0x7f, 0x78, 0x7, 0xcf, 0x44, 0x1,
    0xfc, 0x34, 0x1, 0xf9, 0xa4, 0x3, 0xfc, 0x40,
    0x1f, 0x97, 0x4c, 0x3, 0xf5, 0x88, 0x7, 0xcd,
    0x20, 0x1f, 0xfc, 0xad, 0x0, 0xf9, 0x54, 0x1,
    0xf3, 0x48, 0x7, 0xff, 0x2c, 0x5c, 0x3, 0x86,
    0xc0, 0x3e, 0x69, 0x0, 0xff, 0xe0, 0xbc, 0xd4,
    0xa0, 0x7, 0xd6, 0x1, 0xd6, 0x20, 0x1e, 0x69,
    0x0, 0xff, 0xe1, 0x43, 0x2b, 0x5b, 0x80, 0x78,
    0xc0, 0x32, 0xa8, 0x3, 0xcd, 0x20, 0x1f, 0xfc,
    0x8a, 0x0, 0xff, 0xd, 0x80, 0x79, 0x64, 0x3,
    0xff, 0x84, 0x2c, 0x1, 0xce, 0x1, 0xfe, 0xb1,
    0x0, 0xe5, 0xa0, 0xf, 0xfe, 0x10, 0xec, 0xe2,
    0x91, 0x1a, 0xc0, 0x3c, 0x40, 0x2, 0x50, 0xe,
    0x5a, 0x0, 0xff, 0xe1, 0xe, 0x98, 0x1d, 0x6e,
    0xa4, 0x40, 0x3c, 0xa0, 0x2, 0xa0, 0xc, 0xb4,
    0x1, 0xff, 0xc2, 0x1c, 0x30, 0xf, 0xfe, 0x15,
    0x0, 0x4b, 0x60, 0x5, 0xa0, 0xf, 0xfe, 0x1e,
    0x10, 0x7, 0xff, 0xa, 0x8, 0x3, 0x26, 0x35,
    0x0, 0x7f, 0xf1, 0x28, 0x3, 0xff, 0x84, 0xee,
    0x0, 0xf1, 0xc8, 0x7, 0xff, 0x15, 0xf0, 0xc0,
    0x3f, 0xc5, 0x70, 0x1, 0xff, 0xcf, 0x3c, 0xc3,
    0x98, 0x80, 0x4, 0xda, 0xf5, 0x0, 0x3f, 0xd9,
    0xff, 0xea, 0x0, 0xff, 0xe0, 0x1c, 0x67, 0x7f,
    0xbb, 0x25, 0x0, 0x3f, 0xe3, 0x30, 0x7, 0xb8,
    0x3, 0xff, 0x94, 0xc4, 0x1, 0xfd, 0x20, 0x1e,
    0x24, 0x0, 0xff, 0xe4, 0xbc, 0xe1, 0x80, 0x7c,
    0x2a, 0x1, 0xeb, 0x0, 0xff, 0xe4, 0xc4, 0x0,
    0x71, 0x0, 0x3d, 0x20, 0x1e, 0x16, 0x0, 0xff,
    0xe4, 0x4b, 0x80, 0x6b, 0x30, 0xe, 0x60, 0xf,
    0x30, 0x7, 0xff, 0x22, 0x58, 0x3, 0x88, 0xc0,
    0x33, 0x8, 0x7, 0xa4, 0x3, 0xff, 0x8f, 0x4c,
    0x1, 0xee, 0x0, 0xea, 0x0, 0xf3, 0x8, 0x7,
    0xff, 0x1a, 0xd4, 0x3, 0xd0, 0x60, 0x18, 0xcc,
    0x1, 0xeb, 0x0, 0xff, 0xe3, 0x62, 0x0, 0x78,
    0xdc, 0x3, 0xa4, 0x3, 0xc8, 0x4a, 0xbe, 0x30,
    0xf, 0xe1, 0xc3, 0x0, 0xf0, 0xe8, 0x7, 0xa,
    0x80, 0x7b, 0xca, 0xab, 0xde, 0x1, 0xf8, 0x70,
    0xc0, 0x3e, 0xb1, 0x0, 0xe9, 0x0, 0xf1, 0x20,
    0x7, 0xff, 0xc, 0x70, 0x80, 0x3e, 0x55, 0x0,
    0x79, 0x80, 0x3d, 0x60, 0x1f, 0xfc, 0x32, 0xf2,
    0x0, 0xf8, 0xa8, 0x3, 0xcc, 0x20, 0x1e, 0x9f,
    0xd0, 0xf, 0x1f, 0xa0, 0x4, 0x58, 0x20, 0x1f,
    0xb8, 0x3, 0xeb, 0x0, 0xff, 0xe4, 0x9e, 0x8,
    0x7, 0xe8, 0x30, 0xf, 0x9, 0x0, 0x7f, 0xf2,
    0x13, 0x4, 0x3, 0xf1, 0xb8, 0x7, 0xff, 0x44,
    0x40, 0x3f, 0xdc, 0x1, 0xff, 0xd2, 0x5a, 0x0,
    0xfd, 0x44, 0x1, 0xff, 0xd3, 0x59, 0x0, 0xf2,
    0xa8, 0x3, 0xf8, 0x7f, 0xff, 0xd8, 0x1, 0xe3,
    0xf4, 0x0, 0x9a, 0x40, 0x30, 0xd0, 0x7, 0xff,
    0x24, 0x40, 0x3f, 0xf8, 0x2d, 0x20, 0x16, 0x80,
    0x7f, 0xf6, 0x5a, 0x1, 0xcc, 0x3, 0xff, 0xb4,
    0xf5, 0x0, 0x1f, 0xfc, 0xb2, 0xff, 0xf6, 0x0,
    0x40,

    /* U+00BF "¿" */
    0x0, 0xff, 0x8d, 0x9d, 0x84, 0x3, 0xff, 0x94,
    0x39, 0x89, 0x89, 0xe9, 0x0, 0xff, 0xe4, 0xf,
    0x98, 0x7, 0x35, 0x80, 0x7f, 0xf1, 0xec, 0x40,
    0x3e, 0x47, 0x0, 0xff, 0xe2, 0x8a, 0x80, 0x7f,
    0x48, 0x7, 0xff, 0x15, 0x0, 0x3f, 0xc2, 0x20,
    0xf, 0xfe, 0x21, 0x80, 0x7f, 0xc6, 0x1, 0xff,
    0xc4, 0x20, 0xf, 0xf8, 0xc0, 0x3f, 0xf8, 0x8a,
    0x1, 0xfe, 0x21, 0x0, 0xff, 0xe2, 0xb, 0x0,
    0x7f, 0x58, 0x7, 0xff, 0x1a, 0x48, 0x3, 0xe5,
    0x60, 0xf, 0xfe, 0x3e, 0x30, 0x7, 0x45, 0x0,
    0x7f, 0xf2, 0x6, 0x7a, 0xeb, 0x3d, 0xc0, 0x3f,
    0xf9, 0x62, 0x8a, 0x60, 0x1f, 0xff, 0xf0, 0xf,
    0xff, 0xa4, 0x7f, 0xfc, 0x60, 0x1f, 0xfc, 0x82,
    0x0, 0xf9, 0xc0, 0x3f, 0xf9, 0x2, 0x1, 0xf0,
    0x80, 0x7f, 0xf1, 0xc5, 0x40, 0x3e, 0x30, 0xf,
    0xfe, 0x29, 0x57, 0x8, 0x7, 0xff, 0x31, 0xf5,
    0x40, 0x3f, 0x84, 0x3, 0xff, 0x87, 0x70, 0x1,
    0xff, 0x78, 0x7, 0xff, 0xa, 0xd0, 0x3, 0xff,
    0x80, 0x20, 0x1f, 0xfc, 0x19, 0x40, 0xf, 0xfe,
    0x9, 0x80, 0x7f, 0xf0, 0x11, 0x80, 0x3f, 0xf9,
    0xf0, 0x1, 0xfc, 0x33, 0xbf, 0xf5, 0x0, 0x7f,
    0xc4, 0x60, 0x1f, 0x8f, 0xd8, 0x80, 0x3f, 0xf8,
    0x68, 0x1, 0xfd, 0xc2, 0x1, 0xff, 0xc5, 0xc0,
    0xf, 0xc6, 0x40, 0x1f, 0xfc, 0x61, 0x0, 0xfc,
    0xc0, 0x1f, 0xf1, 0xc0, 0x7, 0x9c, 0x3, 0xf0,
    0x80, 0x7f, 0xdc, 0xf4, 0x1, 0xff, 0xc2, 0x41,
    0x0, 0xfe, 0xb2, 0x5, 0xc1, 0x0, 0x9c, 0x3,
    0xfa, 0x80, 0x3e, 0x2c, 0x40, 0x8, 0xf0, 0x40,
    0x6, 0x1, 0xfc, 0x9a, 0xa2, 0x2, 0x73, 0xa6,
    0x1, 0xc5, 0xe4, 0x16, 0x1, 0xfe, 0x2a, 0xef,
    0xec, 0x60, 0xf, 0xc3, 0x84, 0x62, 0x1, 0xff,
    0xce, 0x20, 0x80, 0xf, 0xfe, 0x6d, 0x80, 0x18,
    0xc0, 0x3f, 0xf9, 0x6c, 0xa0, 0x17, 0x8, 0x7,
    0xff, 0x25, 0x24, 0x3, 0x16, 0x88, 0x7, 0xff,
    0x1d, 0x6c, 0x3, 0xc7, 0xe6, 0x1, 0xff, 0xc5,
    0x9a, 0x0, 0xfc, 0x39, 0x22, 0x1, 0xff, 0xc1,
    0x5d, 0x60, 0xf, 0xf9, 0xba, 0x94, 0x40, 0x3c,
    0x29, 0x1d, 0x44, 0x1, 0xff, 0xc2, 0x5a, 0xee,
    0x6e, 0x63, 0x7b, 0x96, 0xe2, 0x1, 0xf8,

    /* U+00C0 "À" */
    0x0, 0xff, 0xe3, 0x88, 0x7, 0xff, 0x87, 0x68,
    0x3, 0xff, 0xbf, 0x6, 0xb6, 0x1, 0xff, 0xdd,
    0x37, 0x0, 0x25, 0x80, 0x7f, 0xf7, 0x38, 0x3,
    0x26, 0x8, 0x7, 0xff, 0x66, 0x88, 0x3, 0x8f,
    0x44, 0x3, 0xff, 0xae, 0xaa, 0x0, 0xf8, 0xf0,
    0x40, 0x3f, 0xfa, 0xa3, 0x60, 0x1f, 0xc5, 0xe4,
    0x1, 0xff, 0xd4, 0x23, 0x0, 0xff, 0xe, 0x10,
    0x7, 0xff, 0x4c, 0xf6, 0x44, 0x3, 0xf8, 0x70,
    0xc0, 0x3f, 0xfa, 0x8d, 0xd0, 0x1, 0xfc, 0x30,
    0x1, 0xff, 0xd6, 0x7e, 0x60, 0xf, 0xd2, 0x1,
    0xff, 0xd7, 0x19, 0xd5, 0x0, 0xe9, 0x20, 0xf,
    0xfe, 0xc9, 0x56, 0x20, 0x1, 0x18, 0x3, 0xff,
    0xb8, 0x77, 0x63, 0xa0, 0xf, 0xfe, 0xfa, 0x60,
    0x80, 0x7f, 0xff, 0xc0, 0x3f, 0xfd, 0x23, 0x11,
    0xf9, 0xc0, 0x3f, 0xfb, 0x12, 0xef, 0xfa, 0x14,
    0x3, 0xff, 0xae, 0xc0, 0x1f, 0xdc, 0x1, 0xff,
    0xd6, 0x41, 0x0, 0xfe, 0x42, 0x0, 0xff, 0xea,
    0xf8, 0x7, 0xfd, 0x40, 0x1f, 0xfd, 0x41, 0x40,
    0xf, 0xf9, 0x80, 0x3f, 0xfa, 0x8c, 0x1, 0xff,
    0xc0, 0x14, 0x0, 0xff, 0xe9, 0xd0, 0x7, 0xff,
    0x7, 0xc0, 0x3f, 0xfa, 0x48, 0x40, 0x1f, 0xfc,
    0x14, 0x10, 0xf, 0xfe, 0x8f, 0x0, 0x7f, 0xf0,
    0xd8, 0x3, 0xff, 0xa0, 0x2a, 0x1, 0xff, 0xc3,
    0xa0, 0xf, 0xfe, 0x83, 0x0, 0x7f, 0xf1, 0x9,
    0x0, 0x3f, 0xf9, 0xf4, 0x1, 0xff, 0xc5, 0xe0,
    0xf, 0xfe, 0x71, 0x90, 0x7, 0xe2, 0x0, 0xfc,
    0xa2, 0x1, 0xff, 0xcd, 0x90, 0xf, 0xc3, 0x20,
    0x1f, 0xce, 0x1, 0xff, 0xcc, 0x15, 0x0, 0xfc,
    0xc8, 0x20, 0x1f, 0xac, 0x3, 0xff, 0x98, 0xe0,
    0x1f, 0xd4, 0xe, 0x1, 0xf8, 0x8c, 0x3, 0xff,
    0x97, 0x60, 0x1f, 0x88, 0x81, 0x40, 0x1f, 0xd4,
    0x1, 0xff, 0xca, 0x32, 0x0, 0xfd, 0x40, 0x3,
    0x10, 0xf, 0xcc, 0x1, 0xff, 0xca, 0xa0, 0xf,
    0xe6, 0x0, 0x98, 0x3, 0xf9, 0x40, 0x3f, 0xf9,
    0x2c, 0x1, 0xf9, 0x4, 0x2, 0xa0, 0xf, 0xe9,
    0x0, 0xff, 0xe4, 0x30, 0x7, 0xf7, 0x0, 0x62,
    0x20, 0x7, 0xe3, 0x20, 0xf, 0xfe, 0x3d, 0x0,
    0x7f, 0x28, 0x7, 0x50, 0x7, 0xf5, 0x0, 0x7f,
    0xf1, 0x88, 0xc0, 0x3f, 0x28, 0x7, 0x98, 0x3,
    0xf9, 0x80, 0x3f, 0xf8, 0xd6, 0x1, 0xfd, 0xc0,
    0x1e, 0x14, 0x0, 0xfc, 0x2a, 0x1, 0xff, 0xc5,
    0x70, 0xf, 0xc2, 0x80, 0x1f, 0x68, 0x7, 0xf7,
    0x0, 0x7f, 0xf1, 0x14, 0x40, 0x3f, 0x38, 0x7,
    0xe6, 0x0, 0xfe, 0x41, 0x0, 0xff, 0xe1, 0xc8,
    0x7, 0xf5, 0x0, 0x7f, 0x28, 0x7, 0xf3, 0x0,
    0x7f, 0xf0, 0x88, 0xc0, 0x3f, 0x11, 0x80, 0x7f,
    0x78, 0x7, 0xf5, 0x0, 0x7f, 0xf0, 0xa8, 0x3,
    0xf9, 0xd1, 0x3f, 0xc2, 0x1, 0xfc, 0x48, 0x1,
    0xff, 0xc1, 0x60, 0xf, 0xe5, 0xbb, 0xff, 0x80,
    0x3f, 0xdc, 0x1, 0xff, 0xc0, 0x51, 0x0, 0xff,
    0xe9, 0xa8, 0x80, 0x7f, 0xdc, 0x1, 0xff, 0xd5,
    0x60, 0xf, 0xf1, 0x20, 0x7, 0xff, 0x56, 0x80,
    0x3f, 0xd4, 0x1, 0xff, 0xd6, 0x23, 0x0, 0xfe,
    0x60, 0xf, 0xfe, 0xbd, 0x0, 0x7e, 0x41, 0x0,
    0xff, 0xeb, 0xb0, 0x7, 0xef, 0x0, 0xff, 0xec,
    0xb0, 0x7, 0x85, 0x0, 0x3f, 0xb3, 0xff, 0xff,
    0x8a, 0x60, 0x1f, 0xd4, 0x1, 0xe6, 0x0, 0xfe,
    0x23, 0x0, 0xff, 0xe2, 0xd0, 0x7, 0xf1, 0x90,
    0x7, 0x50, 0x7, 0xf5, 0x0, 0x7f, 0xf1, 0x98,
    0x3, 0xfd, 0x40, 0x19, 0x8, 0x3, 0xf9, 0x80,
    0x3f, 0xf8, 0xec, 0x1, 0xfc, 0xc0, 0x1b, 0x80,
    0x3f, 0x90, 0x40, 0x3f, 0xf8, 0xf4, 0x1, 0xfc,
    0x2a, 0x0, 0x15, 0x0, 0xfe, 0xe0, 0xf, 0xfe,
    0x41, 0x90, 0x7, 0xf7, 0x0, 0x18, 0x3, 0xf8,
    0x54, 0x3, 0xff, 0x93, 0x40, 0x1f, 0xc8, 0x41,
    0x40, 0x1f, 0xce, 0x1, 0xff, 0xca, 0x60, 0xf,
    0xf5, 0x0,

    /* U+00C1 "Á" */
    0x0, 0xff, 0xe6, 0x88, 0x7, 0xff, 0x80, 0xfd,
    0x40, 0x3f, 0xfb, 0xc9, 0x83, 0x62, 0x1, 0xff,
    0xdc, 0x4b, 0x0, 0xd, 0x0, 0x7f, 0xf6, 0xd6,
    0xc0, 0x32, 0x38, 0x7, 0xff, 0x65, 0xa8, 0x3,
    0xd0, 0x40, 0x1f, 0xfd, 0x77, 0x90, 0xf, 0xde,
    0x1, 0xff, 0xd6, 0x88, 0x0, 0x7f, 0x14, 0x80,
    0x7f, 0xf5, 0x25, 0xc0, 0x3f, 0xfb, 0xf4, 0xc0,
    0x1f, 0xe5, 0xd9, 0x0, 0xff, 0xe9, 0x1a, 0x80,
    0x7f, 0x1e, 0x51, 0x0, 0x7f, 0xf4, 0xcd, 0x80,
    0x3e, 0x2b, 0xc3, 0x0, 0xff, 0xeb, 0x48, 0x80,
    0x61, 0x9d, 0x40, 0xf, 0xfe, 0xcd, 0x0, 0x51,
    0xcc, 0x1, 0xff, 0xdb, 0x47, 0x6e, 0x70, 0xf,
    0xfe, 0xf4, 0x48, 0x80, 0x7f, 0xff, 0xc0, 0x3f,
    0xfe, 0x3, 0x11, 0xf9, 0xc0, 0x3f, 0xfb, 0x12,
    0xef, 0xfa, 0x14, 0x3, 0xff, 0xae, 0xc0, 0x1f,
    0xdc, 0x1, 0xff, 0xd6, 0x41, 0x0, 0xfe, 0x42,
    0x0, 0xff, 0xea, 0xf8, 0x7, 0xfd, 0x40, 0x1f,
    0xfd, 0x41, 0x40, 0xf, 0xf9, 0x80, 0x3f, 0xfa,
    0x8c, 0x1, 0xff, 0xc0, 0x14, 0x0, 0xff, 0xe9,
    0xd0, 0x7, 0xff, 0x7, 0xc0, 0x3f, 0xfa, 0x48,
    0x40, 0x1f, 0xfc, 0x14, 0x10, 0xf, 0xfe, 0x8f,
    0x0, 0x7f, 0xf0, 0xd8, 0x3, 0xff, 0xa0, 0x2a,
    0x1, 0xff, 0xc3, 0xa0, 0xf, 0xfe, 0x83, 0x0,
    0x7f, 0xf1, 0x9, 0x0, 0x3f, 0xf9, 0xf4, 0x1,
    0xff, 0xc5, 0xe0, 0xf, 0xfe, 0x71, 0x90, 0x7,
    0xe2, 0x0, 0xfc, 0xa2, 0x1, 0xff, 0xcd, 0x90,
    0xf, 0xc3, 0x20, 0x1f, 0xce, 0x1, 0xff, 0xcc,
    0x15, 0x0, 0xfc, 0xc8, 0x20, 0x1f, 0xac, 0x3,
    0xff, 0x98, 0xe0, 0x1f, 0xd4, 0xe, 0x1, 0xf8,
    0x8c, 0x3, 0xff, 0x97, 0x60, 0x1f, 0x88, 0x81,
    0x40, 0x1f, 0xd4, 0x1, 0xff, 0xca, 0x32, 0x0,
    0xfd, 0x40, 0x3, 0x10, 0xf, 0xcc, 0x1, 0xff,
    0xca, 0xa0, 0xf, 0xe6, 0x0, 0x98, 0x3, 0xf9,
    0x40, 0x3f, 0xf9, 0x2c, 0x1, 0xf9, 0x4, 0x2,
    0xa0, 0xf, 0xe9, 0x0, 0xff, 0xe4, 0x30, 0x7,
    0xf7, 0x0, 0x62, 0x20, 0x7, 0xe3, 0x20, 0xf,
    0xfe, 0x3d, 0x0, 0x7f, 0x28, 0x7, 0x50, 0x7,
    0xf5, 0x0, 0x7f, 0xf1, 0x88, 0xc0, 0x3f, 0x28,
    0x7, 0x98, 0x3, 0xf9, 0x80, 0x3f, 0xf8, 0xd6,
    0x1, 0xfd, 0xc0, 0x1e, 0x14, 0x0, 0xfc, 0x2a,
    0x1, 0xff, 0xc5, 0x70, 0xf, 0xc2, 0x80, 0x1f,
    0x68, 0x7, 0xf7, 0x0, 0x7f, 0xf1, 0x14, 0x40,
    0x3f, 0x38, 0x7, 0xe6, 0x0, 0xfe, 0x41, 0x0,
    0xff, 0xe1, 0xc8, 0x7, 0xf5, 0x0, 0x7f, 0x28,
    0x7, 0xf3, 0x0, 0x7f, 0xf0, 0x88, 0xc0, 0x3f,
    0x11, 0x80, 0x7f, 0x78, 0x7, 0xf5, 0x0, 0x7f,
    0xf0, 0xa8, 0x3, 0xf9, 0xd1, 0x3f, 0xc2, 0x1,
    0xfc, 0x48, 0x1, 0xff, 0xc1, 0x60, 0xf, 0xe5,
    0xbb, 0xff, 0x80, 0x3f, 0xdc, 0x1, 0xff, 0xc0,
    0x51, 0x0, 0xff, 0xe9, 0xa8, 0x80, 0x7f, 0xdc,
    0x1, 0xff, 0xd5, 0x60, 0xf, 0xf1, 0x20, 0x7,
    0xff, 0x56, 0x80, 0x3f, 0xd4, 0x1, 0xff, 0xd6,
    0x23, 0x0, 0xfe, 0x60, 0xf, 0xfe, 0xbd, 0x0,
    0x7e, 0x41, 0x0, 0xff, 0xeb, 0xb0, 0x7, 0xef,
    0x0, 0xff, 0xec, 0xb0, 0x7, 0x85, 0x0, 0x3f,
    0xb3, 0xff, 0xff, 0x8a, 0x60, 0x1f, 0xd4, 0x1,
    0xe6, 0x0, 0xfe, 0x23, 0x0, 0xff, 0xe2, 0xd0,
    0x7, 0xf1, 0x90, 0x7, 0x50, 0x7, 0xf5, 0x0,
    0x7f, 0xf1, 0x98, 0x3, 0xfd, 0x40, 0x19, 0x8,
    0x3, 0xf9, 0x80, 0x3f, 0xf8, 0xec, 0x1, 0xfc,
    0xc0, 0x1b, 0x80, 0x3f, 0x90, 0x40, 0x3f, 0xf8,
    0xf4, 0x1, 0xfc, 0x2a, 0x0, 0x15, 0x0, 0xfe,
    0xe0, 0xf, 0xfe, 0x41, 0x90, 0x7, 0xf7, 0x0,
    0x18, 0x3, 0xf8, 0x54, 0x3, 0xff, 0x93, 0x40,
    0x1f, 0xc8, 0x41, 0x40, 0x1f, 0xce, 0x1, 0xff,
    0xca, 0x60, 0xf, 0xf5, 0x0,

    /* U+00C2 "Â" */
    0x0, 0xff, 0xe4, 0x34, 0x47, 0x10, 0x7, 0xff,
    0x6a, 0x25, 0xdf, 0xb0, 0x80, 0x3f, 0xfb, 0x10,
    0xe0, 0x1e, 0x1c, 0x20, 0xf, 0xfe, 0xb3, 0xb8,
    0x3, 0xf0, 0xe1, 0x0, 0x7f, 0xf5, 0x1e, 0x0,
    0x3f, 0xc3, 0x84, 0x1, 0xff, 0xd2, 0x78, 0x0,
    0xff, 0xe0, 0xe, 0x10, 0x7, 0xff, 0x41, 0xe0,
    0x3, 0xff, 0x84, 0x38, 0x40, 0x1f, 0xfc, 0xe7,
    0x80, 0xf, 0xfe, 0x20, 0xe1, 0x0, 0x7f, 0xf3,
    0x1e, 0x0, 0x3f, 0x8c, 0x3, 0xf0, 0xe1, 0x0,
    0x7f, 0xf2, 0x9e, 0x0, 0x3f, 0x1e, 0xe5, 0x8,
    0x7, 0xc3, 0x84, 0x1, 0xff, 0xc9, 0x10, 0xf,
    0x86, 0xb0, 0x81, 0x79, 0x80, 0x3f, 0x18, 0x7,
    0xff, 0x25, 0x94, 0x3, 0x9b, 0xd4, 0x3, 0xa7,
    0x8, 0x3, 0xa8, 0x40, 0x3f, 0xf9, 0x54, 0x40,
    0x2, 0xc9, 0x10, 0xf, 0x8f, 0x60, 0x2, 0x74,
    0x0, 0xff, 0xe6, 0x78, 0xc6, 0x98, 0x7, 0xfc,
    0xfa, 0x87, 0x0, 0x1f, 0xfc, 0xd2, 0xe7, 0x0,
    0xff, 0xe1, 0x15, 0xe0, 0x7, 0xff, 0xfc, 0x3,
    0xff, 0xc8, 0x31, 0x1f, 0x9c, 0x3, 0xff, 0xb1,
    0x2e, 0xff, 0xa1, 0x40, 0x3f, 0xfa, 0xec, 0x1,
    0xfd, 0xc0, 0x1f, 0xfd, 0x64, 0x10, 0xf, 0xe4,
    0x20, 0xf, 0xfe, 0xaf, 0x80, 0x7f, 0xd4, 0x1,
    0xff, 0xd4, 0x14, 0x0, 0xff, 0x98, 0x3, 0xff,
    0xa8, 0xc0, 0x1f, 0xfc, 0x1, 0x40, 0xf, 0xfe,
    0x9d, 0x0, 0x7f, 0xf0, 0x7c, 0x3, 0xff, 0xa4,
    0x84, 0x1, 0xff, 0xc1, 0x41, 0x0, 0xff, 0xe8,
    0xf0, 0x7, 0xff, 0xd, 0x80, 0x3f, 0xfa, 0x2,
    0xa0, 0x1f, 0xfc, 0x3a, 0x0, 0xff, 0xe8, 0x30,
    0x7, 0xff, 0x10, 0x90, 0x3, 0xff, 0x9f, 0x40,
    0x1f, 0xfc, 0x5e, 0x0, 0xff, 0xe7, 0x19, 0x0,
    0x7e, 0x20, 0xf, 0xca, 0x20, 0x1f, 0xfc, 0xd9,
    0x0, 0xfc, 0x32, 0x1, 0xfc, 0xe0, 0x1f, 0xfc,
    0xc1, 0x50, 0xf, 0xcc, 0x82, 0x1, 0xfa, 0xc0,
    0x3f, 0xf9, 0x8e, 0x1, 0xfd, 0x40, 0xe0, 0x1f,
    0x88, 0xc0, 0x3f, 0xf9, 0x76, 0x1, 0xf8, 0x88,
    0x14, 0x1, 0xfd, 0x40, 0x1f, 0xfc, 0xa3, 0x20,
    0xf, 0xd4, 0x0, 0x31, 0x0, 0xfc, 0xc0, 0x1f,
    0xfc, 0xaa, 0x0, 0xfe, 0x60, 0x9, 0x80, 0x3f,
    0x94, 0x3, 0xff, 0x92, 0xc0, 0x1f, 0x90, 0x40,
    0x2a, 0x0, 0xfe, 0x90, 0xf, 0xfe, 0x43, 0x0,
    0x7f, 0x70, 0x6, 0x22, 0x0, 0x7e, 0x32, 0x0,
    0xff, 0xe3, 0xd0, 0x7, 0xf2, 0x80, 0x75, 0x0,
    0x7f, 0x50, 0x7, 0xff, 0x18, 0x8c, 0x3, 0xf2,
    0x80, 0x79, 0x80, 0x3f, 0x98, 0x3, 0xff, 0x8d,
    0x60, 0x1f, 0xdc, 0x1, 0xe1, 0x40, 0xf, 0xc2,
    0xa0, 0x1f, 0xfc, 0x57, 0x0, 0xfc, 0x28, 0x1,
    0xf6, 0x80, 0x7f, 0x70, 0x7, 0xff, 0x11, 0x44,
    0x3, 0xf3, 0x80, 0x7e, 0x60, 0xf, 0xe4, 0x10,
    0xf, 0xfe, 0x1c, 0x80, 0x7f, 0x50, 0x7, 0xf2,
    0x80, 0x7f, 0x30, 0x7, 0xff, 0x8, 0x8c, 0x3,
    0xf1, 0x18, 0x7, 0xf7, 0x80, 0x7f, 0x50, 0x7,
    0xff, 0xa, 0x80, 0x3f, 0x9d, 0x13, 0xfc, 0x20,
    0x1f, 0xc4, 0x80, 0x1f, 0xfc, 0x16, 0x0, 0xfe,
    0x5b, 0xbf, 0xf8, 0x3, 0xfd, 0xc0, 0x1f, 0xfc,
    0x5, 0x10, 0xf, 0xfe, 0x9a, 0x88, 0x7, 0xfd,
    0xc0, 0x1f, 0xfd, 0x56, 0x0, 0xff, 0x12, 0x0,
    0x7f, 0xf5, 0x68, 0x3, 0xfd, 0x40, 0x1f, 0xfd,
    0x62, 0x30, 0xf, 0xe6, 0x0, 0xff, 0xeb, 0xd0,
    0x7, 0xe4, 0x10, 0xf, 0xfe, 0xbb, 0x0, 0x7e,
    0xf0, 0xf, 0xfe, 0xcb, 0x0, 0x78, 0x50, 0x3,
    0xfb, 0x3f, 0xff, 0xf8, 0xa6, 0x1, 0xfd, 0x40,
    0x1e, 0x60, 0xf, 0xe2, 0x30, 0xf, 0xfe, 0x2d,
    0x0, 0x7f, 0x19, 0x0, 0x75, 0x0, 0x7f, 0x50,
    0x7, 0xff, 0x19, 0x80, 0x3f, 0xd4, 0x1, 0x90,
    0x80, 0x3f, 0x98, 0x3, 0xff, 0x8e, 0xc0, 0x1f,
    0xcc, 0x1, 0xb8, 0x3, 0xf9, 0x4, 0x3, 0xff,
    0x8f, 0x40, 0x1f, 0xc2, 0xa0, 0x1, 0x50, 0xf,
    0xee, 0x0, 0xff, 0xe4, 0x19, 0x0, 0x7f, 0x70,
    0x1, 0x80, 0x3f, 0x85, 0x40, 0x3f, 0xf9, 0x34,
    0x1, 0xfc, 0x84, 0x14, 0x1, 0xfc, 0xe0, 0x1f,
    0xfc, 0xa6, 0x0, 0xff, 0x50,

    /* U+00C3 "Ã" */
    0x0, 0xff, 0xe1, 0x8b, 0x4d, 0x4b, 0x90, 0x7,
    0xff, 0x64, 0x6b, 0xa5, 0x95, 0xa3, 0x6c, 0x80,
    0x3e, 0x6c, 0x0, 0xff, 0xe6, 0x9f, 0xa8, 0x7,
    0xc9, 0xb2, 0x40, 0x19, 0xe4, 0xf0, 0x3, 0xff,
    0x96, 0x78, 0x20, 0x1f, 0xe6, 0xdc, 0xaa, 0x74,
    0x0, 0xf, 0x0, 0x3f, 0xf9, 0x25, 0xa0, 0x1f,
    0xfc, 0x23, 0x55, 0x8, 0x6, 0x3c, 0x0, 0xff,
    0xe4, 0x70, 0x80, 0x7f, 0xf2, 0xce, 0x40, 0x3f,
    0xf8, 0xf6, 0x1, 0xff, 0xcd, 0xb0, 0xf, 0xfe,
    0x3b, 0xc0, 0x7, 0xff, 0x2e, 0xc8, 0x3, 0xff,
    0x90, 0xf0, 0x1, 0x2e, 0x7f, 0x5a, 0x0, 0x7f,
    0xf0, 0x29, 0x0, 0x3f, 0xf9, 0x4f, 0x1, 0x14,
    0x60, 0x29, 0x78, 0x80, 0x1f, 0x8b, 0x14, 0x3,
    0xff, 0x98, 0xf6, 0xe0, 0x1e, 0x3b, 0xb3, 0x10,
    0x0, 0x56, 0xb4, 0xc0, 0x3f, 0xf9, 0xc8, 0x1,
    0xfc, 0x93, 0xbf, 0xee, 0xa5, 0x0, 0xff, 0xff,
    0x80, 0x7f, 0xf9, 0x45, 0x9b, 0xf2, 0x80, 0x7f,
    0xf6, 0x1a, 0x67, 0xf5, 0x20, 0x7, 0xff, 0x5e,
    0x80, 0x3f, 0xbc, 0x3, 0xff, 0xac, 0x84, 0x1,
    0xfc, 0x82, 0x1, 0xff, 0xd5, 0xe0, 0xf, 0xf9,
    0x80, 0x3f, 0xfa, 0x82, 0xa0, 0x1f, 0xf5, 0x0,
    0x7f, 0xf5, 0x18, 0x3, 0xff, 0x80, 0x48, 0x1,
    0xff, 0xd3, 0xa0, 0xf, 0xfe, 0xf, 0x0, 0x7f,
    0xf4, 0x8c, 0x80, 0x3f, 0xf8, 0x2a, 0x20, 0x1f,
    0xfd, 0x19, 0x0, 0xff, 0xe1, 0xb8, 0x7, 0xff,
    0x40, 0x54, 0x3, 0xff, 0x87, 0x60, 0x1f, 0xfd,
    0x7, 0x0, 0xff, 0xe2, 0x11, 0x80, 0x7f, 0xf3,
    0xec, 0x3, 0xff, 0x8b, 0x40, 0x1f, 0xfc, 0xe3,
    0x20, 0xf, 0xc2, 0x1, 0xf9, 0x80, 0x3f, 0xf9,
    0xd4, 0x1, 0xf8, 0x6c, 0x3, 0xf9, 0x80, 0x3f,
    0xf9, 0xac, 0x1, 0xf9, 0x94, 0x40, 0x3f, 0x50,
    0x7, 0xff, 0x31, 0x80, 0x3f, 0xac, 0x1c, 0x3,
    0xf1, 0x90, 0x7, 0xff, 0x2e, 0x80, 0x3f, 0x11,
    0x86, 0x80, 0x7f, 0x58, 0x7, 0xff, 0x28, 0x8c,
    0x3, 0xf5, 0x0, 0x10, 0x40, 0x3f, 0x38, 0x7,
    0xff, 0x2a, 0xc0, 0x3f, 0x98, 0x2, 0x60, 0xf,
    0xc2, 0xa0, 0x1f, 0xfc, 0x96, 0x0, 0xfc, 0x82,
    0x1, 0x50, 0x7, 0xf7, 0x0, 0x7f, 0xf2, 0x14,
    0x3, 0xfb, 0x40, 0x31, 0x10, 0x3, 0xf2, 0x10,
    0x7, 0xff, 0x1e, 0x40, 0x3f, 0x98, 0x3, 0xa8,
    0x3, 0xfa, 0x80, 0x3f, 0xf8, 0xc4, 0x60, 0x1f,
    0x94, 0x3, 0xcc, 0x1, 0xfc, 0xc0, 0x1f, 0xfc,
    0x6a, 0x0, 0xfe, 0xe0, 0xf, 0x9, 0x80, 0x7e,
    0x14, 0x0, 0xff, 0xe2, 0xb0, 0x7, 0xe1, 0x40,
    0xf, 0xa8, 0x3, 0xfb, 0xc0, 0x3f, 0xf8, 0x8a,
    0x20, 0x1f, 0x9c, 0x3, 0xf3, 0x80, 0x7f, 0x20,
    0x80, 0x7f, 0xf0, 0xf8, 0x3, 0xfa, 0x80, 0x3f,
    0xa, 0x80, 0x7f, 0x30, 0x7, 0xff, 0x8, 0x90,
    0x3, 0xf1, 0x18, 0x7, 0xf7, 0x80, 0x7f, 0x50,
    0x7, 0xff, 0xa, 0x80, 0x3f, 0x9d, 0x13, 0xfc,
    0x20, 0x1f, 0xc4, 0x80, 0x1f, 0xfc, 0x16, 0x0,
    0xfe, 0x5b, 0xbf, 0xf8, 0x3, 0xfd, 0xc0, 0x1f,
    0xfc, 0x5, 0x10, 0xf, 0xfe, 0x9a, 0x88, 0x7,
    0xfd, 0xc0, 0x1f, 0xfd, 0x57, 0x0, 0xff, 0xa,
    0x0, 0x7f, 0xf5, 0x6c, 0x3, 0xfd, 0x20, 0x1f,
    0xfd, 0x62, 0x30, 0xf, 0xe6, 0x0, 0xff, 0xeb,
    0xd0, 0x7, 0xe4, 0x10, 0xf, 0xfe, 0xbb, 0x0,
    0x7e, 0xf0, 0xf, 0xfe, 0xcb, 0x0, 0x78, 0x50,
    0x3, 0xfb, 0x3f, 0xff, 0xf8, 0xa6, 0x1, 0xfd,
    0x40, 0x1e, 0x60, 0xf, 0xe2, 0x30, 0xf, 0xfe,
    0x2d, 0x0, 0x7f, 0x19, 0x0, 0x75, 0x0, 0x7f,
    0x50, 0x7, 0xff, 0x19, 0x80, 0x3f, 0xd4, 0x1,
    0x90, 0x80, 0x3f, 0x98, 0x3, 0xff, 0x8e, 0xc0,
    0x1f, 0xcc, 0x1, 0xb8, 0x3, 0xf9, 0x4, 0x3,
    0xff, 0x8f, 0x40, 0x1f, 0xc2, 0xa0, 0x1, 0x50,
    0xf, 0xee, 0x0, 0xff, 0xe4, 0x19, 0x0, 0x7f,
    0x70, 0x1, 0x80, 0x3f, 0x85, 0x40, 0x3f, 0xf9,
    0x34, 0x1, 0xfc, 0x82, 0x14, 0x1, 0xfc, 0xe0,
    0x1f, 0xfc, 0xa6, 0x0, 0xff, 0x48,

    /* U+00C4 "Ä" */
    0x0, 0xff, 0xe0, 0x9d, 0x77, 0xec, 0x8, 0x7,
    0xc5, 0x5d, 0xfb, 0x22, 0x1, 0xff, 0xcc, 0x6c,
    0x51, 0x2, 0x7c, 0x10, 0xe, 0x5d, 0x51, 0x2,
    0x6f, 0x20, 0xf, 0xfe, 0x51, 0x48, 0x7, 0x8b,
    0x40, 0x31, 0x50, 0x7, 0x87, 0xc0, 0x3f, 0xf9,
    0x50, 0x1, 0xf8, 0xcc, 0x1, 0x58, 0x7, 0xe2,
    0x40, 0xf, 0xfe, 0x4a, 0x0, 0x7f, 0x20, 0x4,
    0x80, 0x1f, 0xd8, 0x1, 0xff, 0xc9, 0x10, 0xf,
    0xef, 0x0, 0x8c, 0x3, 0xf8, 0x40, 0x3f, 0xf9,
    0x24, 0x1, 0xfd, 0xe0, 0x11, 0x0, 0x7f, 0x8,
    0x7, 0xff, 0x25, 0x0, 0x3f, 0x94, 0x2, 0xb0,
    0xf, 0xeb, 0x0, 0xff, 0xe4, 0xc0, 0x80, 0x7c,
    0xa4, 0x1, 0x30, 0x80, 0x7c, 0x86, 0x1, 0xff,
    0xc9, 0x1d, 0x10, 0xe, 0x4a, 0x0, 0xc3, 0xa2,
    0x1, 0xc7, 0x40, 0x1f, 0xfc, 0xb3, 0xf8, 0x43,
    0x5a, 0xb0, 0xf, 0x1f, 0x42, 0x1a, 0x4e, 0x8,
    0x7, 0xff, 0x30, 0x5e, 0xf2, 0x94, 0x3, 0xf9,
    0xef, 0x2d, 0x80, 0x3f, 0xff, 0xe0, 0x1f, 0xfe,
    0x53, 0x3f, 0xe0, 0xf, 0xfe, 0xc3, 0x66, 0x7f,
    0x18, 0x7, 0xff, 0x5e, 0x80, 0x3f, 0xa4, 0x3,
    0xff, 0xac, 0x66, 0x0, 0xfe, 0x51, 0x0, 0xff,
    0xea, 0xd0, 0x7, 0xfc, 0xe0, 0x1f, 0xfd, 0x56,
    0x0, 0xff, 0xac, 0x3, 0xff, 0xa8, 0xc0, 0x1f,
    0xfc, 0x2, 0x30, 0xf, 0xfe, 0x9d, 0x0, 0x7f,
    0xf0, 0x68, 0x3, 0xff, 0xa4, 0x46, 0x1, 0xff,
    0xc1, 0x60, 0xf, 0xfe, 0x95, 0x80, 0x7f, 0xf0,
    0xd8, 0x3, 0xff, 0xa2, 0xe0, 0x1f, 0xfc, 0x3a,
    0x0, 0xff, 0xe8, 0x28, 0x80, 0x7f, 0xf0, 0xcc,
    0x80, 0x3f, 0xf9, 0xf2, 0x1, 0xff, 0xc5, 0xa0,
    0xf, 0xfe, 0x71, 0x18, 0x7, 0xe1, 0x0, 0xfc,
    0xc0, 0x1f, 0xfc, 0xea, 0x0, 0xfc, 0x30, 0x1,
    0xf8, 0x54, 0x3, 0xff, 0x9a, 0xc0, 0x1f, 0x9d,
    0x80, 0x3f, 0xb8, 0x3, 0xff, 0x98, 0xa2, 0x1,
    0xfa, 0x81, 0x40, 0x3f, 0x21, 0x0, 0x7f, 0xf2,
    0xe4, 0x3, 0xf1, 0x18, 0x70, 0x7, 0xf5, 0x0,
    0x7f, 0xf2, 0x88, 0xc0, 0x3f, 0x50, 0x1, 0x4,
    0x3, 0xf3, 0x0, 0x7f, 0xf2, 0xa8, 0x3, 0xf9,
    0x40, 0x26, 0x0, 0xfc, 0x28, 0x1, 0xff, 0xc9,
    0x60, 0xf, 0xc6, 0x40, 0x15, 0x80, 0x7f, 0x78,
    0x7, 0xff, 0x21, 0x44, 0x3, 0xf5, 0x0, 0x63,
    0x20, 0xf, 0xc8, 0x20, 0x1f, 0xfc, 0x7e, 0x0,
    0xfe, 0x70, 0xe, 0xa0, 0xf, 0xe6, 0x0, 0xff,
    0xe3, 0x12, 0x0, 0x7e, 0x51, 0x0, 0xe5, 0x0,
    0xfe, 0xa0, 0xf, 0xfe, 0x35, 0x0, 0x7f, 0x70,
    0x7, 0x88, 0xc0, 0x3f, 0x12, 0x0, 0x7f, 0xf1,
    0x58, 0x3, 0xf0, 0xa0, 0x7, 0xd4, 0x1, 0xfd,
    0xc0, 0x1f, 0xfc, 0x45, 0x10, 0xf, 0xce, 0x1,
    0xf9, 0xc0, 0x3f, 0x94, 0x40, 0x3f, 0xf8, 0x7c,
    0x1, 0xfd, 0x40, 0x1f, 0x85, 0x40, 0x3f, 0x98,
    0x3, 0xff, 0x84, 0x28, 0x1, 0xf8, 0x8c, 0x3,
    0xfb, 0xc0, 0x3f, 0xa8, 0x3, 0xff, 0x85, 0x20,
    0x1f, 0xce, 0x89, 0xfe, 0x10, 0xf, 0xe2, 0x30,
    0xf, 0xfe, 0xb, 0x0, 0x7f, 0x2d, 0xdf, 0xfc,
    0x1, 0xfe, 0xa0, 0xf, 0xfe, 0x2, 0x8, 0x7,
    0xff, 0x4d, 0x80, 0x3f, 0xf8, 0x1e, 0x1, 0xff,
    0xd5, 0x60, 0xf, 0xf0, 0xa0, 0x7, 0xff, 0x56,
    0x80, 0x3f, 0xcc, 0x1, 0xff, 0xd6, 0x33, 0x0,
    0x7f, 0x48, 0x7, 0xff, 0x5e, 0x80, 0x3f, 0x20,
    0x80, 0x7f, 0xf5, 0xdc, 0x3, 0xf7, 0x0, 0x7f,
    0xf6, 0x5, 0x40, 0x3c, 0x2a, 0x1, 0xfd, 0x9f,
    0xff, 0xfc, 0x53, 0x0, 0xfe, 0x90, 0xf, 0x30,
    0x7, 0xf1, 0x18, 0x7, 0xff, 0x16, 0x80, 0x3f,
    0x8c, 0x80, 0x3a, 0x80, 0x3f, 0xa8, 0x3, 0xff,
    0x8c, 0xc0, 0x1f, 0xea, 0x0, 0xc8, 0x40, 0x1f,
    0xcc, 0x1, 0xff, 0xc7, 0x60, 0xf, 0xe6, 0x0,
    0xdc, 0x1, 0xfc, 0x82, 0x1, 0xff, 0xc7, 0xa0,
    0xf, 0xe1, 0x50, 0x0, 0xa8, 0x7, 0xf7, 0x0,
    0x7f, 0xf2, 0xc, 0x80, 0x3f, 0xb8, 0x0, 0xc0,
    0x1f, 0xc2, 0xa0, 0x1f, 0xfc, 0x9a, 0x0, 0xfe,
    0x41, 0xa, 0x0, 0xfe, 0x70, 0xf, 0xfe, 0x53,
    0x0, 0x7f, 0xa4,

    /* U+00C5 "Å" */
    0x0, 0xff, 0xe3, 0x8c, 0x67, 0xfb, 0xad, 0x80,
    0x3f, 0xfb, 0x2f, 0xce, 0x60, 0x1, 0x49, 0xd2,
    0x0, 0xff, 0xeb, 0x54, 0x0, 0x7e, 0x2d, 0x40,
    0xf, 0xfe, 0xa3, 0xa8, 0x7, 0xfd, 0x42, 0x1,
    0xff, 0xd2, 0x28, 0x0, 0xff, 0xe0, 0xd, 0x0,
    0x7f, 0xf4, 0xac, 0x3, 0xca, 0xe6, 0x1, 0xc8,
    0x40, 0x1f, 0xfd, 0x14, 0x0, 0xeb, 0xa8, 0xc5,
    0x0, 0xe5, 0x0, 0xff, 0xe8, 0x90, 0x6, 0x44,
    0x0, 0x56, 0x1, 0xdc, 0x1, 0xff, 0xd0, 0x10,
    0xe, 0x20, 0xc, 0x22, 0x0, 0xc6, 0x1, 0xff,
    0xd0, 0x10, 0xe, 0x20, 0xc, 0x22, 0x0, 0xc6,
    0x1, 0xff, 0xd1, 0x20, 0xc, 0x88, 0x0, 0xac,
    0x3, 0xb8, 0x3, 0xff, 0xa2, 0x80, 0x1d, 0x75,
    0x18, 0xa0, 0x1c, 0xa0, 0x1f, 0xfd, 0x1b, 0x0,
    0xf2, 0xb9, 0x80, 0x72, 0x10, 0x7, 0xff, 0x44,
    0x9c, 0x3, 0xff, 0x83, 0x20, 0x1f, 0xfd, 0x38,
    0x40, 0xf, 0xfa, 0x88, 0x3, 0xff, 0xa9, 0x60,
    0x1f, 0xe3, 0x50, 0xf, 0xfe, 0xa9, 0x0, 0x7f,
    0x8c, 0x3, 0xff, 0xad, 0x40, 0x1f, 0xf3, 0x0,
    0x7f, 0xf5, 0x58, 0x3, 0xfe, 0xa0, 0xf, 0xfe,
    0xa2, 0x88, 0x7, 0xfc, 0x64, 0x1, 0xff, 0xd3,
    0xe0, 0xf, 0xfe, 0xd, 0x0, 0x7f, 0xf4, 0x89,
    0x0, 0x3f, 0xf8, 0x2c, 0x1, 0xff, 0xd2, 0xa0,
    0xf, 0xfe, 0x10, 0xa8, 0x7, 0xff, 0x45, 0x80,
    0x3f, 0xf8, 0x7c, 0x1, 0xff, 0xd0, 0x51, 0x0,
    0xff, 0xe1, 0xa1, 0x0, 0x7f, 0xf3, 0xf8, 0x3,
    0xff, 0x8b, 0x40, 0x1f, 0xfc, 0xe2, 0x40, 0xf,
    0xfe, 0x2b, 0x0, 0x7f, 0xf3, 0xa8, 0x3, 0xfa,
    0x40, 0x3f, 0xa, 0x80, 0x7f, 0xf3, 0x58, 0x3,
    0xf3, 0x30, 0x3, 0xfb, 0x80, 0x3f, 0xf9, 0x8a,
    0x20, 0x1f, 0xa8, 0x14, 0x3, 0xf2, 0x8, 0x7,
    0xff, 0x2f, 0x80, 0x3f, 0x11, 0x87, 0x0, 0x7f,
    0x30, 0x7, 0xff, 0x28, 0x90, 0x3, 0xf2, 0x80,
    0x10, 0x40, 0x3f, 0x48, 0x7, 0xff, 0x2a, 0x80,
    0x3f, 0xa8, 0x2, 0x70, 0xf, 0xc2, 0x80, 0x1f,
    0xfc, 0x96, 0x0, 0xfc, 0x64, 0x1, 0x50, 0x7,
    0xf7, 0x0, 0x7f, 0xf2, 0x14, 0x40, 0x3f, 0x50,
    0x6, 0x32, 0x0, 0xfc, 0xa2, 0x1, 0xff, 0xc7,
    0xe0, 0xf, 0xe7, 0x0, 0xea, 0x0, 0xfe, 0x60,
    0xf, 0xfe, 0x30, 0xa0, 0x7, 0xe5, 0x10, 0xe,
    0x50, 0xf, 0xea, 0x0, 0xff, 0xe3, 0x48, 0x7,
    0xf7, 0x80, 0x78, 0x8c, 0x3, 0xf1, 0x18, 0x7,
    0xff, 0x15, 0x80, 0x3f, 0xa, 0x80, 0x7d, 0x40,
    0x1f, 0xd2, 0x1, 0xff, 0xc4, 0x41, 0x0, 0xfc,
    0xe0, 0x1f, 0x9c, 0x3, 0xf9, 0x44, 0x3, 0xff,
    0x87, 0xe0, 0x1f, 0xd4, 0x1, 0xf8, 0x50, 0x3,
    0xf9, 0xc0, 0x3f, 0xf8, 0x42, 0x80, 0x1f, 0x88,
    0xc0, 0x3f, 0xb8, 0x3, 0xfa, 0xc0, 0x3f, 0xf8,
    0x4c, 0x1, 0xfc, 0xe8, 0x9f, 0xe1, 0x0, 0xfe,
    0x23, 0x0, 0xff, 0xe0, 0xc8, 0x7, 0xf2, 0xdd,
    0xff, 0xc0, 0x1f, 0xea, 0x0, 0xff, 0xe0, 0x20,
    0x80, 0x7f, 0xf4, 0xd8, 0x3, 0xff, 0x81, 0xc0,
    0x1f, 0xfd, 0x56, 0x0, 0xff, 0xa, 0x80, 0x7f,
    0xf5, 0x68, 0x3, 0xfc, 0xc0, 0x1f, 0xfd, 0x63,
    0x20, 0xf, 0xea, 0x0, 0xff, 0xeb, 0xd8, 0x7,
    0xe4, 0x20, 0xf, 0xfe, 0xbb, 0x80, 0x7e, 0xe0,
    0xf, 0xfe, 0xc0, 0xa8, 0x7, 0x85, 0x40, 0x3f,
    0xb3, 0xff, 0xff, 0x8a, 0x60, 0x1f, 0xd2, 0x1,
    0xe6, 0x0, 0xfe, 0x23, 0x0, 0xff, 0xe2, 0xd0,
    0x7, 0xf1, 0x90, 0x7, 0x50, 0x7, 0xf5, 0x0,
    0x7f, 0xf1, 0x98, 0x3, 0xfd, 0x40, 0x19, 0x8,
    0x3, 0xf9, 0x80, 0x3f, 0xf8, 0xec, 0x1, 0xfc,
    0xc0, 0x1b, 0x80, 0x3f, 0x90, 0x40, 0x3f, 0xf8,
    0xf4, 0x1, 0xfc, 0x2a, 0x0, 0x15, 0x0, 0xfe,
    0xe0, 0xf, 0xfe, 0x41, 0x90, 0x7, 0xf7, 0x0,
    0x18, 0x3, 0xf8, 0x54, 0x3, 0xff, 0x93, 0x40,
    0x1f, 0xc8, 0x21, 0x40, 0x1f, 0xce, 0x1, 0xff,
    0xca, 0x60, 0xf, 0xf4, 0x80,

    /* U+00C6 "Æ" */
    0x0, 0xff, 0xe3, 0x15, 0xdf, 0xff, 0x76, 0x0,
    0x3f, 0xf8, 0xf6, 0x89, 0xff, 0xdd, 0x30, 0xf,
    0xfe, 0x3b, 0x0, 0x7f, 0xfc, 0x18, 0x3, 0xff,
    0xe3, 0x40, 0x1f, 0xff, 0x2, 0x30, 0xf, 0xff,
    0x85, 0x0, 0x7f, 0xfc, 0x58, 0x3, 0xff, 0xe0,
    0xa2, 0x1, 0xff, 0xf0, 0xe0, 0xf, 0xc9, 0xff,
    0xcc, 0x1, 0xfc, 0xff, 0xff, 0xfc, 0x7b, 0x0,
    0xff, 0xe1, 0x92, 0x0, 0x7e, 0xe0, 0xf, 0xff,
    0x3d, 0x0, 0x7f, 0x28, 0x7, 0xff, 0x9d, 0x80,
    0x3f, 0x28, 0x7, 0xff, 0x9d, 0x4, 0x3, 0xf7,
    0x0, 0x7f, 0xf9, 0xfc, 0x3, 0xf0, 0xa0, 0x7,
    0xff, 0x98, 0x50, 0x3, 0xf3, 0x0, 0x7f, 0xf9,
    0xd8, 0x3, 0xfa, 0x80, 0x3f, 0xfc, 0xf4, 0x1,
    0xf8, 0x88, 0x1, 0xff, 0xe6, 0x42, 0x0, 0xfd,
    0x40, 0x1f, 0xfc, 0x63, 0x77, 0xff, 0xe2, 0xa8,
    0x7, 0xff, 0xb, 0x80, 0x3f, 0x98, 0x3, 0xff,
    0x8c, 0x91, 0x1f, 0xfc, 0x60, 0xf, 0xfe, 0x8,
    0xa8, 0x7, 0xe4, 0x10, 0xf, 0xff, 0x33, 0x0,
    0x7f, 0x68, 0x7, 0xff, 0x9e, 0x80, 0x3f, 0x98,
    0x3, 0xff, 0xcc, 0x64, 0x1, 0xf9, 0x40, 0x3f,
    0xfc, 0xf4, 0x1, 0xfc, 0x48, 0x9f, 0xe2, 0x0,
    0xff, 0xee, 0x30, 0x7, 0xf3, 0xdd, 0xff, 0x90,
    0x3, 0xff, 0xb6, 0xc0, 0x1f, 0xff, 0x1a, 0x0,
    0xff, 0xe9, 0xbf, 0xff, 0xff, 0x17, 0x40, 0x3f,
    0xc4, 0x60, 0x1f, 0xff, 0xb, 0x0, 0xff, 0xf8,
    0xb8, 0x7, 0xff, 0xc1, 0x44, 0x3, 0xff, 0xe1,
    0x20, 0x1f, 0xff, 0x2, 0x30, 0xf, 0xef, 0xff,
    0xfe, 0x13, 0x0, 0x7f, 0xf6, 0x28, 0x3, 0xf9,
    0x40, 0x3f, 0xfc, 0xec, 0x1, 0xfd, 0xc0, 0x1f,
    0xfe, 0x65, 0x10, 0xf, 0xc2, 0x80, 0x1f, 0xfe,
    0x6e, 0x0, 0xfe, 0x60, 0xf, 0xfe, 0x6b, 0x66,
    0x7f, 0xf2, 0x4, 0x2, 0x14, 0x0, 0xfe, 0xa0,
    0xf, 0xfe, 0x68, 0x99, 0xff, 0xf2, 0x40, 0x29,
    0x0, 0xfe, 0x32, 0x0, 0xff, 0xf3, 0x30, 0x7,
    0xf5, 0x0, 0x7f, 0xf9, 0x90, 0x40, 0x3f, 0x9c,
    0x3, 0xff, 0xcd, 0xc0, 0x1f, 0xca, 0x20, 0x1f,
    0xfe, 0x51, 0x50, 0xf, 0xee, 0x0, 0xff, 0xf3,
    0x30, 0x7, 0xf0, 0xa0, 0x7, 0xff, 0x9a, 0x80,
    0x3f, 0x9c, 0x3, 0xff, 0xcc,

    /* U+00C7 "Ç" */
    0x0, 0xff, 0xe2, 0x9b, 0xd6, 0x77, 0xfd, 0xdb,
    0x72, 0xc4, 0x1, 0xff, 0xcc, 0x4a, 0xfc, 0x85,
    0x31, 0x0, 0x84, 0x91, 0xa7, 0x7a, 0x8, 0x3,
    0xff, 0x8e, 0xbb, 0x6a, 0x1, 0xff, 0xc3, 0x17,
    0xdb, 0x30, 0xf, 0xfe, 0x19, 0xe5, 0x10, 0x7,
    0xff, 0x21, 0x32, 0x84, 0x3, 0xff, 0x80, 0xf8,
    0x60, 0x1f, 0xfc, 0xc5, 0xf4, 0x0, 0xff, 0x5c,
    0x0, 0x7f, 0xf3, 0xc6, 0xdc, 0x3, 0xf6, 0x20,
    0x7, 0xff, 0x4a, 0x14, 0x3, 0xd8, 0x60, 0x1f,
    0xfd, 0x35, 0x50, 0x7, 0x51, 0x80, 0x7f, 0xf4,
    0xd6, 0x80, 0x39, 0x94, 0x3, 0xff, 0x82, 0x4d,
    0x37, 0x98, 0xb9, 0x51, 0x0, 0xfc, 0x94, 0x1,
    0xc5, 0x20, 0x1f, 0xfc, 0x5, 0xdd, 0x4b, 0x21,
    0x99, 0x1a, 0xba, 0x88, 0x3, 0x92, 0xc0, 0x3d,
    0x20, 0x1f, 0xf1, 0x65, 0x10, 0x7, 0xf9, 0x76,
    0x40, 0x24, 0xb0, 0xf, 0x22, 0x0, 0x3f, 0xc7,
    0xa6, 0x1, 0xff, 0xc2, 0x6c, 0x13, 0xb0, 0xf,
    0xa0, 0x3, 0xfc, 0x78, 0x1, 0xff, 0xc5, 0x3c,
    0xc0, 0x7, 0xc6, 0x60, 0xf, 0xe1, 0xd0, 0xf,
    0xfe, 0x39, 0x0, 0x7e, 0xa0, 0xf, 0xf4, 0x8,
    0x7, 0xff, 0x41, 0xc0, 0x3f, 0x89, 0x80, 0x3f,
    0xfa, 0x4, 0x20, 0x1f, 0xd6, 0x1, 0xff, 0xd1,
    0x40, 0xf, 0xf3, 0x80, 0x7f, 0xf4, 0x7c, 0x3,
    0xf8, 0x84, 0x3, 0xff, 0xa2, 0x40, 0x1f, 0xce,
    0x1, 0xff, 0xd2, 0x60, 0xf, 0xed, 0x0, 0xff,
    0xe9, 0x18, 0x7, 0xf0, 0x80, 0x7f, 0xf4, 0x84,
    0x3, 0xf8, 0xc0, 0x3f, 0xfa, 0x42, 0x1, 0xfc,
    0x60, 0x1f, 0xfd, 0xc1, 0x0, 0xff, 0xe9, 0x10,
    0x7, 0xf7, 0x0, 0x7f, 0xf4, 0x98, 0x3, 0xf8,
    0x80, 0x3f, 0xfa, 0x44, 0x1, 0xfc, 0x80, 0x1f,
    0xfd, 0x2c, 0x0, 0xff, 0x20, 0x7, 0xff, 0x45,
    0x0, 0x3f, 0xdc, 0x1, 0xff, 0xd2, 0x40, 0xf,
    0xe5, 0x20, 0xf, 0xfe, 0x8e, 0x80, 0x7f, 0xa4,
    0x3, 0xff, 0xa2, 0xc0, 0x1f, 0xe4, 0x60, 0xf,
    0xfe, 0x8b, 0x80, 0x7f, 0xa5, 0x0, 0x3f, 0xf8,
    0xcb, 0x0, 0x1f, 0xa4, 0x40, 0x3f, 0xd6, 0xc0,
    0x1f, 0xfc, 0x47, 0xa7, 0x80, 0xf, 0x86, 0x0,
    0x3f, 0xe9, 0xa2, 0x0, 0xff, 0xe0, 0x1e, 0x40,
    0x1, 0xe0, 0x3, 0xe6, 0x30, 0xf, 0xf9, 0x76,
    0x94, 0x3, 0xe1, 0x5b, 0xc3, 0x0, 0xcf, 0x0,
    0x1f, 0x68, 0x80, 0x7f, 0xf0, 0x16, 0xbf, 0x72,
    0xed, 0x9d, 0xca, 0x40, 0xf, 0x9d, 0xc0, 0x1e,
    0x1a, 0x0, 0xff, 0xe1, 0x91, 0xa2, 0xc, 0x40,
    0x3f, 0xe8, 0x70, 0xf, 0x25, 0x0, 0x7f, 0xf5,
    0x21, 0xc0, 0x3c, 0xb4, 0x1, 0xff, 0xd4, 0x20,
    0xf, 0x97, 0x4, 0x3, 0xff, 0xa0, 0x38, 0xa0,
    0x1f, 0x8f, 0xd4, 0x3, 0xff, 0x9c, 0xbe, 0x60,
    0x1f, 0xe1, 0xab, 0x20, 0xf, 0xfe, 0x51, 0x5d,
    0x8, 0x7, 0xff, 0x5, 0x36, 0x8c, 0x3, 0xff,
    0x8c, 0x97, 0xa8, 0x1, 0xff, 0xc5, 0x5c, 0xd8,
    0x40, 0xf, 0xf8, 0x52, 0x3a, 0xd0, 0x3, 0xff,
    0x92, 0x4f, 0x7e, 0x1, 0xe9, 0x95, 0xef, 0x5b,
    0x88, 0x7, 0xff, 0x38, 0xc0, 0x3b, 0x19, 0x88,
    0x40, 0x1f, 0xfd, 0x2b, 0x0, 0xec, 0xb4, 0x0,
    0xff, 0xea, 0x28, 0x7, 0x92, 0xe0, 0x3, 0xff,
    0xa4, 0x44, 0x0, 0xfc, 0xee, 0x0, 0xff, 0xe8,
    0xa8, 0x7, 0xfa, 0x4, 0x3, 0xff, 0xa0, 0xff,
    0xee, 0x80, 0xf, 0x90, 0x3, 0xff, 0x9c, 0x40,
    0x18, 0x5c, 0xc0, 0x3c, 0x40, 0x1f, 0xfc, 0xef,
    0xe7, 0x20, 0x16, 0x30, 0xf, 0x8, 0x7, 0xff,
    0x36, 0x88, 0x63, 0x7f, 0xa4, 0x3, 0xe4, 0x0,
    0xff, 0xe6, 0x2a, 0x80, 0x3f, 0xf8, 0x2c, 0x40,
    0x1f, 0xfc, 0xcb, 0x0, 0xff, 0xe0, 0xa4, 0x80,
    0x7f, 0xf3, 0x7d, 0x80, 0x3f, 0xe8, 0xb0, 0xf,
    0xfe, 0x70, 0xcf, 0x4b, 0x18, 0x8c, 0x4b, 0x3c,
    0xe0, 0x1f, 0xfc, 0x20,

    /* U+00C8 "È" */
    0x0, 0xff, 0xe0, 0x98, 0x7, 0xff, 0x4d, 0x71,
    0xc0, 0x3f, 0xfa, 0x23, 0x61, 0x10, 0x0, 0xff,
    0xe8, 0x50, 0x80, 0x1e, 0x40, 0x3f, 0xf9, 0xce,
    0x80, 0x19, 0xa8, 0x3, 0xff, 0x98, 0x50, 0x1,
    0xe5, 0xb0, 0xf, 0xfe, 0x5f, 0x80, 0x7e, 0x4b,
    0x0, 0xff, 0xe4, 0xc1, 0x0, 0x7f, 0x26, 0x8,
    0x7, 0xff, 0x1f, 0x48, 0x3, 0xfc, 0x78, 0x20,
    0x1f, 0xfc, 0x65, 0xd9, 0x10, 0xf, 0xe2, 0xc1,
    0x0, 0xff, 0xe3, 0xb7, 0x38, 0x7, 0xf1, 0x28,
    0x7, 0xff, 0x26, 0x39, 0x80, 0x3e, 0x64, 0x0,
    0xff, 0xe5, 0xc, 0xea, 0x80, 0x61, 0x90, 0xf,
    0xfe, 0x69, 0x56, 0x18, 0x2, 0x80, 0x3f, 0xfa,
    0x7, 0x97, 0x8, 0x1, 0xff, 0xd2, 0x47, 0x0,
    0xff, 0xff, 0x80, 0x4f, 0x77, 0xff, 0xd3, 0x5d,
    0x44, 0xff, 0xe9, 0x90, 0x7, 0xff, 0xfc, 0x3,
    0xff, 0xfe, 0x1, 0xff, 0xff, 0x0, 0xff, 0xe2,
    0x4f, 0xff, 0xff, 0x25, 0xc0, 0x3f, 0xff, 0xe0,
    0x1f, 0xff, 0xf0, 0xf, 0xff, 0xf8, 0x7, 0xff,
    0x97, 0x1d, 0xff, 0xf8, 0xe6, 0x1, 0xff, 0xc0,
    0x58, 0x8f, 0xfe, 0x3d, 0x0, 0x7f, 0xff, 0xc0,
    0x3f, 0xff, 0xe0, 0x1f, 0xff, 0xf0, 0xf, 0xfe,
    0x34, 0xff, 0xff, 0xf1, 0xe4, 0x3, 0xff, 0xfe,
    0x1, 0xff, 0xff, 0x0, 0xff, 0xff, 0x80, 0x7f,
    0xff, 0xc0, 0x3f, 0xaf, 0x33, 0xff, 0x93, 0x20,
    0x1f, 0xe2, 0x33, 0xff, 0xe4, 0xa8, 0x7, 0xff,
    0xfc, 0x3, 0xff, 0xfe, 0x1, 0xff, 0xff, 0x0,
    0xf0,

    /* U+00C9 "É" */
    0x0, 0xff, 0xe3, 0x98, 0x7, 0xff, 0x4e, 0xb0,
    0x80, 0x3f, 0xfa, 0x36, 0xa1, 0xc0, 0x1f, 0xfc,
    0xf1, 0xc4, 0x0, 0x1b, 0x80, 0x7f, 0xf3, 0x47,
    0x4c, 0x3, 0x41, 0x80, 0x7f, 0xf2, 0xc7, 0xc,
    0x3, 0xdc, 0x1, 0xff, 0xca, 0x2f, 0x20, 0xf,
    0x8a, 0x40, 0x3f, 0xf9, 0x5, 0x82, 0x1, 0xfc,
    0xca, 0x1, 0xff, 0xc6, 0x3c, 0x10, 0xf, 0xf2,
    0x30, 0x7, 0xff, 0x15, 0x30, 0x40, 0x3f, 0x8a,
    0xec, 0x60, 0x1f, 0xfc, 0x5c, 0x0, 0xfe, 0x19,
    0xd4, 0x0, 0xff, 0xe3, 0xc1, 0x0, 0x78, 0x63,
    0x98, 0x3, 0xff, 0x95, 0xe0, 0x1c, 0xfe, 0xe0,
    0x1f, 0xfc, 0xc2, 0x80, 0x2, 0xf4, 0x8, 0x7,
    0xff, 0x39, 0xdb, 0x28, 0x40, 0x3f, 0xfa, 0x32,
    0x60, 0x1f, 0xff, 0xf0, 0xf, 0xf3, 0xdd, 0xff,
    0xf4, 0xd7, 0x51, 0x3f, 0xfa, 0x64, 0x1, 0xff,
    0xff, 0x0, 0xff, 0xff, 0x80, 0x7f, 0xff, 0xc0,
    0x3f, 0xf8, 0x93, 0xff, 0xff, 0xc9, 0x70, 0xf,
    0xff, 0xf8, 0x7, 0xff, 0xfc, 0x3, 0xff, 0xfe,
    0x1, 0xff, 0xe5, 0xc7, 0x7f, 0xfe, 0x39, 0x80,
    0x7f, 0xf0, 0x16, 0x23, 0xff, 0x8f, 0x40, 0x1f,
    0xff, 0xf0, 0xf, 0xff, 0xf8, 0x7, 0xff, 0xfc,
    0x3, 0xff, 0x8d, 0x3f, 0xff, 0xfc, 0x79, 0x0,
    0xff, 0xff, 0x80, 0x7f, 0xff, 0xc0, 0x3f, 0xff,
    0xe0, 0x1f, 0xff, 0xf0, 0xf, 0xeb, 0xcc, 0xff,
    0xe4, 0xc8, 0x7, 0xf8, 0x8c, 0xff, 0xf9, 0x2a,
    0x1, 0xff, 0xff, 0x0, 0xff, 0xff, 0x80, 0x7f,
    0xff, 0xc0, 0x3c,

    /* U+00CA "Ê" */
    0x0, 0xff, 0xe0, 0x8b, 0xc4, 0x67, 0x0, 0xff,
    0xe6, 0x8e, 0x43, 0xbe, 0x8b, 0x0, 0xff, 0xe5,
    0x8e, 0x10, 0x7, 0x92, 0xc0, 0x3f, 0xf9, 0x23,
    0x84, 0x1, 0xf9, 0x2c, 0x3, 0xff, 0x8e, 0x38,
    0x40, 0x1f, 0xe4, 0xb0, 0xf, 0xfe, 0x28, 0xe1,
    0x0, 0x7f, 0xf0, 0x12, 0xc0, 0x3f, 0xf8, 0x63,
    0x84, 0x1, 0xff, 0xc2, 0x4b, 0x0, 0xff, 0xe0,
    0x8e, 0x10, 0x7, 0xff, 0x11, 0x2c, 0x3, 0xfe,
    0x1c, 0x20, 0xf, 0xc6, 0x40, 0x1f, 0x92, 0xc0,
    0x3f, 0xd8, 0x40, 0x1f, 0xa7, 0x36, 0x0, 0x3f,
    0x25, 0x80, 0x7f, 0x30, 0x7, 0xcb, 0xcc, 0x0,
    0x7e, 0x40, 0xf, 0x8c, 0x3, 0xfa, 0x84, 0x3,
    0x15, 0xd0, 0x80, 0x61, 0xba, 0x10, 0xc, 0x70,
    0x1, 0xfc, 0x3a, 0x1, 0x46, 0xa0, 0x7, 0xe5,
    0xe6, 0x0, 0xe, 0x80, 0x7f, 0xc7, 0x9, 0xae,
    0x1, 0xff, 0xc0, 0x9c, 0x3a, 0x10, 0xf, 0xfe,
    0x3, 0xd9, 0x0, 0x7f, 0xf0, 0x8f, 0x10, 0x3,
    0xff, 0xf8, 0xf7, 0x7f, 0xfd, 0x35, 0xd4, 0x4f,
    0xfe, 0x99, 0x0, 0x7f, 0xff, 0xc0, 0x3f, 0xff,
    0xe0, 0x1f, 0xff, 0xf0, 0xf, 0xfe, 0x24, 0xff,
    0xff, 0xf2, 0x5c, 0x3, 0xff, 0xfe, 0x1, 0xff,
    0xff, 0x0, 0xff, 0xff, 0x80, 0x7f, 0xf9, 0x71,
    0xdf, 0xff, 0x8e, 0x60, 0x1f, 0xfc, 0x5, 0x88,
    0xff, 0xe3, 0xd0, 0x7, 0xff, 0xfc, 0x3, 0xff,
    0xfe, 0x1, 0xff, 0xff, 0x0, 0xff, 0xe3, 0x4f,
    0xff, 0xff, 0x1e, 0x40, 0x3f, 0xff, 0xe0, 0x1f,
    0xff, 0xf0, 0xf, 0xff, 0xf8, 0x7, 0xff, 0xfc,
    0x3, 0xfa, 0xf3, 0x3f, 0xf9, 0x32, 0x1, 0xfe,
    0x23, 0x3f, 0xfe, 0x4a, 0x80, 0x7f, 0xff, 0xc0,
    0x3f, 0xff, 0xe0, 0x1f, 0xff, 0xf0, 0xf, 0x0,

    /* U+00CB "Ë" */
    0x0, 0xf9, 0xb3, 0xfd, 0x8a, 0x1, 0xf9, 0x73,
    0xfd, 0x8c, 0x1, 0xff, 0xc0, 0xb9, 0x30, 0x1,
    0xd4, 0x80, 0x7a, 0xa8, 0x60, 0x3, 0x9a, 0x0,
    0xff, 0x42, 0x0, 0x79, 0x98, 0x1, 0x9d, 0x40,
    0x3c, 0xae, 0x1, 0xfc, 0xe0, 0x1f, 0xac, 0x3,
    0x48, 0x7, 0xe9, 0x0, 0xfc, 0x80, 0x1f, 0xc4,
    0x20, 0x3, 0x10, 0xf, 0xc2, 0x60, 0x1f, 0x8,
    0x7, 0xf8, 0xc0, 0xe, 0x1, 0xfe, 0x70, 0xf,
    0x98, 0x3, 0xfc, 0x60, 0x6, 0x0, 0xff, 0x30,
    0x7, 0xc6, 0x20, 0x1f, 0x8c, 0x40, 0x4, 0x40,
    0xf, 0xc2, 0x40, 0x1f, 0xa0, 0x3, 0xf4, 0x0,
    0x68, 0x0, 0xfd, 0x60, 0x1f, 0xcc, 0xe0, 0x1e,
    0x94, 0x0, 0xcb, 0x0, 0x1e, 0x75, 0x0, 0xff,
    0x46, 0x31, 0x99, 0xb5, 0x80, 0x3c, 0xf8, 0xc6,
    0x66, 0xc8, 0x0, 0xff, 0xe0, 0x1c, 0xe6, 0x24,
    0x80, 0x3f, 0x1c, 0xe6, 0x24, 0xc0, 0x3f, 0xff,
    0x8f, 0x77, 0xff, 0xd3, 0x5d, 0x44, 0xff, 0xe9,
    0x90, 0x7, 0xff, 0xfc, 0x3, 0xff, 0xfe, 0x1,
    0xff, 0xff, 0x0, 0xff, 0xe2, 0x4f, 0xff, 0xff,
    0x25, 0xc0, 0x3f, 0xff, 0xe0, 0x1f, 0xff, 0xf0,
    0xf, 0xff, 0xf8, 0x7, 0xff, 0x97, 0x1d, 0xff,
    0xf8, 0xe6, 0x1, 0xff, 0xc0, 0x58, 0x8f, 0xfe,
    0x3d, 0x0, 0x7f, 0xff, 0xc0, 0x3f, 0xff, 0xe0,
    0x1f, 0xff, 0xf0, 0xf, 0xfe, 0x34, 0xff, 0xff,
    0xf1, 0xe4, 0x3, 0xff, 0xfe, 0x1, 0xff, 0xff,
    0x0, 0xff, 0xff, 0x80, 0x7f, 0xff, 0xc0, 0x3f,
    0xaf, 0x33, 0xff, 0x93, 0x20, 0x1f, 0xe2, 0x33,
    0xff, 0xe4, 0xa8, 0x7, 0xff, 0xfc, 0x3, 0xff,
    0xfe, 0x1, 0xff, 0xff, 0x0, 0xf0,

    /* U+00CC "Ì" */
    0x0, 0xff, 0xe4, 0xdd, 0x0, 0x7f, 0xf0, 0x59,
    0x16, 0x80, 0x3f, 0xe2, 0x90, 0x2, 0xd8, 0x7,
    0xfb, 0xc0, 0x32, 0x60, 0x80, 0x7d, 0x4, 0x1,
    0xc7, 0xa2, 0x1, 0xc8, 0xe0, 0x1f, 0x1e, 0x8,
    0x4, 0x34, 0x1, 0xfc, 0x5e, 0x40, 0x2, 0x30,
    0xf, 0xf0, 0xe1, 0x1, 0xec, 0x88, 0x7, 0xf0,
    0xe1, 0x80, 0x1b, 0x9c, 0x3, 0xf8, 0x7c, 0x3,
    0x47, 0x30, 0x7, 0xef, 0x0, 0xe1, 0x9d, 0x50,
    0xe, 0x73, 0x0, 0xf8, 0xab, 0xc, 0x0, 0x70,
    0x1, 0xfe, 0x3c, 0xa2, 0xe0, 0xf, 0xfe, 0xa,
    0xe9, 0x0, 0x7f, 0xf6, 0x91, 0xdf, 0xf8, 0x80,
    0x3b, 0xa2, 0x3f, 0x90, 0x3, 0xff, 0xfe, 0x1,
    0xff, 0xff, 0x0, 0xff, 0xff, 0x80, 0x7f, 0xff,
    0xc0, 0x3f, 0xff, 0xe0, 0x1f, 0xff, 0xf0, 0xf,
    0xff, 0xf8, 0x7, 0xff, 0xfc, 0x3, 0xff, 0xfe,
    0x1, 0xff, 0xd2,

    /* U+00CD "Í" */
    0x0, 0xff, 0x8, 0x7, 0xff, 0xc, 0xbd, 0x40,
    0x3f, 0xf8, 0x27, 0x83, 0x62, 0x1, 0xff, 0x1e,
    0x8, 0xd, 0x0, 0x7f, 0x93, 0x0, 0x32, 0x38,
    0x7, 0xe5, 0xb0, 0xf, 0x41, 0x80, 0x79, 0x68,
    0x3, 0xf7, 0x0, 0x73, 0x50, 0x7, 0xf1, 0x48,
    0x4, 0xf2, 0x1, 0xff, 0x18, 0x2, 0x20, 0x1,
    0xfe, 0x3c, 0xa0, 0x37, 0x0, 0xfe, 0x2b, 0xc3,
    0x0, 0x1b, 0x0, 0x7c, 0x33, 0xa8, 0x1, 0xd2,
    0x40, 0x18, 0x63, 0x98, 0x3, 0xf7, 0x0, 0x4f,
    0xee, 0x1, 0xfe, 0x37, 0x5e, 0x81, 0x0, 0xff,
    0xe0, 0x45, 0x8, 0x7, 0xff, 0x91, 0x1d, 0xff,
    0x88, 0x3, 0xdd, 0x11, 0xfc, 0x80, 0x1f, 0xff,
    0xf0, 0xf, 0xff, 0xf8, 0x7, 0xff, 0xfc, 0x3,
    0xff, 0xfe, 0x1, 0xff, 0xff, 0x0, 0xff, 0xff,
    0x80, 0x7f, 0xff, 0xc0, 0x3f, 0xff, 0xe0, 0x1f,
    0xff, 0xf0, 0xf, 0xff, 0xf8, 0x0,

    /* U+00CE "Î" */
    0x0, 0xfe, 0x58, 0x8e, 0x30, 0xf, 0xfe, 0x2b,
    0xd3, 0xbf, 0x61, 0x80, 0x7f, 0xf0, 0xde, 0x0,
    0x3e, 0xd3, 0x0, 0xff, 0xe0, 0xbc, 0x0, 0x7e,
    0x1d, 0x30, 0xf, 0xf9, 0xa0, 0x3, 0xfc, 0x3a,
    0x60, 0x1f, 0xcd, 0x20, 0x1f, 0xfc, 0x1, 0xd2,
    0x0, 0xf9, 0xa4, 0x3, 0xff, 0x84, 0x38, 0x40,
    0x1c, 0xd2, 0x1, 0xff, 0xc4, 0x1c, 0x20, 0x9,
    0xa4, 0x3, 0xf8, 0xc0, 0x3f, 0xe, 0x10, 0x34,
    0x80, 0x7e, 0x3c, 0xc5, 0x8, 0x7, 0xc3, 0x84,
    0x1, 0xfd, 0x38, 0x60, 0xbc, 0xc0, 0x1f, 0x8,
    0x32, 0x80, 0x72, 0xf3, 0x0, 0x74, 0xe1, 0x0,
    0x75, 0x10, 0x51, 0x0, 0xa, 0xe8, 0x40, 0x3e,
    0x3d, 0x80, 0x9, 0x94, 0x2, 0xf1, 0x7d, 0x40,
    0xf, 0xf9, 0xf5, 0xe, 0x40, 0x31, 0x74, 0x0,
    0x7f, 0xf0, 0x8a, 0xf0, 0x3, 0xff, 0xe0, 0x8e,
    0xff, 0xc4, 0x1, 0xff, 0xc2, 0xe8, 0x8f, 0xe4,
    0x0, 0xff, 0xff, 0x80, 0x7f, 0xff, 0xc0, 0x3f,
    0xff, 0xe0, 0x1f, 0xff, 0xf0, 0xf, 0xff, 0xf8,
    0x7, 0xff, 0xfc, 0x3, 0xff, 0xfe, 0x1, 0xff,
    0xff, 0x0, 0xff, 0xff, 0x80, 0x7f, 0xff, 0xc0,
    0x3f, 0xff, 0xe0, 0x1f, 0xff, 0xf0, 0xf, 0xff,
    0xf8, 0x7, 0xff, 0xfc, 0x3, 0xff, 0xda,

    /* U+00CF "Ï" */
    0x0, 0x15, 0x77, 0xec, 0x8, 0x7, 0xc5, 0x5d,
    0xfd, 0x22, 0x1, 0x2e, 0xa8, 0x81, 0x3f, 0x90,
    0x7, 0x26, 0xa8, 0x80, 0xb7, 0x90, 0x15, 0x0,
    0x78, 0x78, 0x3, 0xd, 0x80, 0x78, 0x7c, 0x2c,
    0x3, 0xf1, 0xa0, 0x5, 0x20, 0x1f, 0x89, 0x50,
    0x3, 0xfb, 0x0, 0x24, 0x0, 0xfe, 0xc3, 0x0,
    0xfe, 0x10, 0x8, 0x40, 0x3f, 0x8c, 0xc0, 0x1f,
    0xdc, 0x1, 0x30, 0x7, 0xf1, 0xa8, 0x7, 0xf2,
    0x0, 0x58, 0x1, 0xfd, 0xb2, 0x20, 0x1f, 0x29,
    0x80, 0x4e, 0x40, 0x1f, 0x1a, 0xe, 0x88, 0x7,
    0x1d, 0x80, 0x77, 0x88, 0x7, 0x1e, 0x80, 0xf,
    0xe1, 0xd, 0x6b, 0x4, 0x3, 0x8b, 0xa1, 0xd,
    0x27, 0x4, 0x2, 0x17, 0xbc, 0xa5, 0x0, 0xfe,
    0x7b, 0xcb, 0x60, 0xf, 0xff, 0x82, 0x3b, 0xff,
    0x10, 0x7, 0xff, 0xb, 0xa2, 0x3f, 0x90, 0x3,
    0xff, 0xfe, 0x1, 0xff, 0xff, 0x0, 0xff, 0xff,
    0x80, 0x7f, 0xff, 0xc0, 0x3f, 0xff, 0xe0, 0x1f,
    0xff, 0xf0, 0xf, 0xff, 0xf8, 0x7, 0xff, 0xfc,
    0x3, 0xff, 0xfe, 0x1, 0xff, 0xff, 0x0, 0xff,
    0xff, 0x80, 0x7f, 0xff, 0xc0, 0x3f, 0xff, 0xe0,
    0x1f, 0xff, 0xf0, 0xf, 0xff, 0x68,

    /* U+00D0 "Ð" */
    0x0, 0xc9, 0xbb, 0xff, 0xc6, 0xcc, 0x54, 0x31,
    0x80, 0x7f, 0xf2, 0x88, 0xbf, 0xf8, 0xe6, 0x65,
    0x79, 0xcf, 0xa5, 0x0, 0xff, 0xf0, 0xad, 0x74,
    0x8, 0x7, 0xff, 0x80, 0x5f, 0xa0, 0x3, 0xff,
    0xc4, 0xfa, 0x60, 0x1f, 0xfe, 0x12, 0xc6, 0x0,
    0xff, 0xf1, 0x4c, 0x0, 0x7f, 0xf8, 0x9e, 0x0,
    0x3f, 0xfc, 0x4e, 0xc0, 0x1f, 0xfc, 0x74, 0xff,
    0xfd, 0xdb, 0x6e, 0x60, 0x1f, 0xfc, 0x19, 0x30,
    0xf, 0xfe, 0x78, 0x92, 0x46, 0x6a, 0x80, 0x7f,
    0xf0, 0x38, 0x3, 0xff, 0xa8, 0x55, 0x82, 0x1,
    0xfe, 0x28, 0x0, 0xff, 0xea, 0x9f, 0x98, 0x7,
    0xf9, 0xc4, 0x3, 0xff, 0xaa, 0x3a, 0x40, 0x1f,
    0xe9, 0x0, 0xff, 0xeb, 0xf, 0x80, 0x7f, 0x98,
    0x3, 0xff, 0xae, 0x4e, 0x1, 0xfc, 0x28, 0x1,
    0xff, 0xd7, 0x90, 0xf, 0xf6, 0x80, 0x7f, 0xf5,
    0xc5, 0x40, 0x3f, 0x90, 0x3, 0xff, 0xb1, 0x80,
    0x1f, 0xc4, 0x2f, 0x77, 0x80, 0x3f, 0x96, 0xef,
    0xfa, 0x80, 0x3f, 0xc8, 0x1, 0xfe, 0x2d, 0x44,
    0x88, 0x3, 0xf8, 0x51, 0x3f, 0xc0, 0x1f, 0xe2,
    0x0, 0xff, 0x30, 0x7, 0xff, 0x60, 0x40, 0x3f,
    0x8c, 0x3, 0xff, 0xb0, 0x60, 0x1f, 0xc2, 0x1,
    0xff, 0xff, 0x0, 0xfc, 0x60, 0x1f, 0xc2, 0x1,
    0xff, 0xd8, 0x10, 0xf, 0xe3, 0x0, 0xff, 0xeb,
    0x90, 0x7, 0xf9, 0xab, 0xfe, 0x90, 0xf, 0xe4,
    0xff, 0xfe, 0xe0, 0xf, 0xf2, 0x0, 0x7f, 0x88,
    0x3, 0xff, 0xaf, 0x80, 0x1f, 0xc2, 0x20, 0xf,
    0xfe, 0xb0, 0xa8, 0x7, 0xf2, 0x0, 0x7f, 0xf5,
    0xd8, 0x3, 0xfd, 0xe0, 0x1f, 0xfd, 0x61, 0x90,
    0xf, 0xf2, 0x80, 0x7f, 0xf5, 0xb4, 0x40, 0x3f,
    0x98, 0x3, 0xff, 0xad, 0x46, 0x1, 0xfe, 0xb0,
    0xf, 0xfe, 0xa0, 0xe2, 0x80, 0x7f, 0x98, 0x80,
    0x3f, 0xfa, 0x6f, 0xe6, 0x1, 0xfe, 0x18, 0x0,
    0xff, 0xe8, 0x13, 0x57, 0x40, 0x80, 0x7f, 0xd6,
    0x20, 0x1f, 0xfc, 0x54, 0xee, 0xfd, 0xfe, 0xd9,
    0x51, 0x0, 0xff, 0xe0, 0x32, 0x80, 0x7f, 0xf1,
    0xc4, 0x7f, 0x0, 0x7f, 0xf1, 0x52, 0x40, 0x3f,
    0xfc, 0x9, 0x60, 0x1f, 0xfe, 0x6, 0xb0, 0xf,
    0xff, 0x4, 0xc8, 0x3, 0xff, 0xbe, 0x9a, 0xc0,
    0x1f, 0xfd, 0xe4, 0xbb, 0x10, 0x7, 0xff, 0x70,
    0x5f, 0x6d, 0x0, 0x3f, 0xfb, 0x2, 0x48, 0xd3,
    0xbd, 0x4, 0x1, 0xff, 0xc2,

    /* U+00D1 "Ñ" */
    0x0, 0xff, 0xe0, 0x2c, 0x54, 0xb9, 0x80, 0x7f,
    0xf4, 0xe3, 0xe9, 0xd5, 0xa3, 0x35, 0x0, 0x3e,
    0x3e, 0x30, 0xf, 0xfe, 0x28, 0xe3, 0x80, 0x7c,
    0x57, 0x86, 0x1, 0x93, 0x47, 0x48, 0x3, 0xff,
    0x86, 0x38, 0x60, 0x1f, 0xe3, 0xcd, 0xaa, 0x6d,
    0x88, 0xe, 0x10, 0x7, 0xff, 0xb, 0x48, 0x3,
    0xff, 0x82, 0x4a, 0xa2, 0x0, 0xc3, 0x84, 0x1,
    0xff, 0xc0, 0x83, 0x0, 0xff, 0xe5, 0x8f, 0x80,
    0x7f, 0xf0, 0x30, 0x3, 0xff, 0x9b, 0x0, 0x1f,
    0xfc, 0x4, 0xb0, 0xf, 0xfe, 0x5b, 0xa8, 0x7,
    0xff, 0x5, 0x2c, 0x2, 0x3a, 0xef, 0xc6, 0x0,
    0xff, 0xe0, 0x34, 0x0, 0x7f, 0xf0, 0xd2, 0xc1,
    0x31, 0x44, 0xe, 0x79, 0x80, 0x3f, 0xc, 0xc8,
    0x3, 0xff, 0x8a, 0x97, 0x60, 0xf, 0xc, 0xeb,
    0x90, 0x80, 0xa4, 0x7b, 0x0, 0x7f, 0xf1, 0xd0,
    0x3, 0xf8, 0xa3, 0x7b, 0xfa, 0xdc, 0x40, 0x3f,
    0xff, 0xe0, 0x1f, 0xfc, 0x14, 0x77, 0xf2, 0x0,
    0x7f, 0xf2, 0x5, 0xdf, 0xf9, 0xba, 0x23, 0xd6,
    0x40, 0x1f, 0xfc, 0x73, 0x88, 0xff, 0x0, 0x7e,
    0xf0, 0xf, 0xfe, 0xd1, 0x50, 0x7, 0xff, 0x69,
    0x5c, 0x3, 0xff, 0xb5, 0x6, 0x1, 0xff, 0xda,
    0xd1, 0x0, 0xff, 0xec, 0x8e, 0x80, 0x7f, 0xf6,
    0x8e, 0x0, 0x3f, 0xfb, 0x4e, 0xa0, 0x1f, 0xfd,
    0xaa, 0x20, 0xf, 0xfe, 0xd7, 0x80, 0x7f, 0xf6,
    0x8a, 0x80, 0x3f, 0xfb, 0x4a, 0xe0, 0x1f, 0xfd,
    0xa8, 0x30, 0xf, 0xfe, 0xd6, 0x88, 0x7, 0xff,
    0x64, 0x74, 0x3, 0xff, 0xb4, 0x70, 0x1, 0xff,
    0xda, 0x75, 0x0, 0xff, 0xe7, 0xb8, 0x80, 0x7f,
    0x51, 0x0, 0x7f, 0xf3, 0xba, 0x80, 0x3f, 0xde,
    0x1, 0xff, 0xcf, 0x48, 0x0, 0xfe, 0x2a, 0x0,
    0xff, 0xe7, 0xba, 0x0, 0x7f, 0x2b, 0x0, 0x7f,
    0xf3, 0xe8, 0x80, 0x3f, 0xa4, 0xc0, 0x3f, 0xf9,
    0xc3, 0xe0, 0x1f, 0xed, 0x10, 0xf, 0xfe, 0x71,
    0x50, 0x7, 0xf0, 0xd0, 0x7, 0xff, 0x3d, 0x58,
    0x3, 0xf9, 0x20, 0x3, 0xff, 0x9f, 0x26, 0x1,
    0xfc, 0xea, 0x1, 0xff, 0xcf, 0xd1, 0x0, 0xfe,
    0x80, 0xf, 0xfe, 0x78, 0xd0, 0x7, 0xff, 0x69,
    0x1c, 0x3, 0xff, 0xb5, 0x8, 0x1, 0xff, 0xda,
    0xa1, 0x0, 0xff, 0xec, 0x8e, 0x80, 0x7f, 0xf6,
    0x8e, 0x40, 0x3f, 0xfb, 0x4c, 0xa0, 0x1f, 0xfd,
    0xaa, 0x20, 0xf, 0xfe, 0xd7, 0x88, 0x7, 0xff,
    0x64, 0xa8, 0x3, 0xff, 0xb4, 0x8e, 0x1, 0xff,
    0xda, 0x84, 0x0, 0xff, 0xed, 0x50, 0x80, 0x7f,
    0xf6, 0x47, 0x40, 0x3f, 0xfb, 0x47, 0x20, 0x1f,
    0xfd, 0xa6, 0x50, 0xf, 0xfe, 0xd5, 0x10, 0x7,
    0xc0,

    /* U+00D2 "Ò" */
    0x0, 0xff, 0xfb, 0x9d, 0x80, 0x7f, 0xf8, 0xb9,
    0x30, 0x40, 0x3f, 0xfb, 0xf2, 0x40, 0x78, 0x20,
    0x1f, 0xfd, 0xd5, 0x60, 0x8, 0xb0, 0x40, 0x3f,
    0xfb, 0x63, 0x60, 0x1c, 0x5e, 0x40, 0x1f, 0xfd,
    0xaa, 0x10, 0xf, 0xe, 0x18, 0x7, 0xff, 0x61,
    0xd0, 0x3, 0xf0, 0xe1, 0x80, 0x7f, 0xf5, 0xe8,
    0x3, 0xfe, 0xc4, 0x0, 0xff, 0xeb, 0x6c, 0x8,
    0x7, 0xfa, 0xd4, 0x3, 0xff, 0xac, 0xfc, 0xe0,
    0x1f, 0xea, 0x20, 0xf, 0xfe, 0xbc, 0x73, 0x0,
    0x7e, 0x42, 0x0, 0xff, 0xec, 0xc, 0xea, 0x0,
    0x7a, 0x80, 0x3f, 0xfb, 0x65, 0x78, 0x60, 0x15,
    0x8, 0x7, 0xff, 0x74, 0xf2, 0x89, 0x54, 0x1,
    0xff, 0xe0, 0x5d, 0xa0, 0xf, 0xff, 0xf8, 0x7,
    0xff, 0xb8, 0xde, 0xb3, 0xbf, 0xee, 0xdb, 0x95,
    0x10, 0xf, 0xfe, 0x9a, 0x57, 0xe4, 0x29, 0x88,
    0x4, 0x24, 0x8d, 0x5d, 0x8e, 0x20, 0x1f, 0xfc,
    0xe5, 0xdb, 0x50, 0xf, 0xfe, 0x19, 0xc7, 0x48,
    0x80, 0x7f, 0xf2, 0x8f, 0x28, 0x80, 0x3f, 0xf9,
    0xd, 0xce, 0x1, 0xff, 0xc8, 0x7c, 0x30, 0xf,
    0xfe, 0x64, 0x69, 0x0, 0x7f, 0xf1, 0x6e, 0x0,
    0x3f, 0xf9, 0xe5, 0xaa, 0x1, 0xff, 0xc2, 0x1c,
    0x40, 0xf, 0xfe, 0x95, 0x30, 0x7, 0xff, 0x7,
    0x4c, 0x3, 0xff, 0xa9, 0x2a, 0x1, 0xff, 0x51,
    0x80, 0x7f, 0xf5, 0xa9, 0x0, 0x3f, 0x9d, 0x40,
    0x3f, 0xf8, 0x24, 0xd3, 0x79, 0x8b, 0x85, 0x0,
    0xff, 0xe1, 0x50, 0x80, 0x7c, 0x50, 0x1, 0xff,
    0xc0, 0x5d, 0xd4, 0xb2, 0x19, 0x91, 0xeb, 0xe8,
    0x80, 0x3f, 0xe1, 0xa0, 0xf, 0xa4, 0x3, 0xfe,
    0x2c, 0xa2, 0x0, 0xff, 0x2e, 0xb8, 0x7, 0xfc,
    0x88, 0x0, 0xe4, 0x40, 0x7, 0xf9, 0x34, 0xc0,
    0x3f, 0xf8, 0x51, 0x60, 0x1f, 0xf4, 0x80, 0x74,
    0x0, 0x7f, 0x8e, 0xc0, 0x3f, 0xf8, 0xa9, 0x60,
    0x1f, 0xe2, 0x50, 0x8, 0xcc, 0x1, 0xfc, 0x3a,
    0x1, 0xff, 0xc7, 0x48, 0x0, 0xff, 0x48, 0x5,
    0x40, 0x1f, 0xeb, 0x10, 0xf, 0xfe, 0x43, 0x90,
    0x7, 0xf1, 0x90, 0x1, 0xc0, 0x3f, 0x89, 0x40,
    0x3f, 0xf9, 0x52, 0x1, 0xfe, 0x50, 0x21, 0x0,
    0xfe, 0xb0, 0xf, 0xfe, 0x5a, 0x10, 0x7, 0xf6,
    0x2, 0x0, 0x7f, 0x9c, 0x3, 0xff, 0x98, 0xa0,
    0x1f, 0xc8, 0x1e, 0x1, 0xfc, 0x42, 0x1, 0xff,
    0xcc, 0xb0, 0xf, 0xf1, 0x10, 0x3, 0xf9, 0xc0,
    0x3f, 0xf9, 0xa6, 0x1, 0xfe, 0x66, 0x0, 0x7f,
    0x68, 0x7, 0xff, 0x38, 0x40, 0x3f, 0x88, 0xc0,
    0x3f, 0x84, 0x3, 0xff, 0x9c, 0x60, 0x1f, 0xc2,
    0x20, 0xf, 0xe3, 0x0, 0xff, 0xe7, 0x8, 0x7,
    0xf7, 0x88, 0x7, 0xf1, 0x80, 0x7f, 0xf6, 0x3c,
    0xc0, 0x3f, 0x84, 0x3, 0xff, 0x9c, 0x20, 0x1f,
    0xe1, 0x0, 0xfe, 0xe0, 0xf, 0xfe, 0x71, 0x0,
    0x7f, 0xb, 0x0, 0x7f, 0x10, 0x7, 0xff, 0x34,
    0x80, 0x3f, 0xca, 0x40, 0x1f, 0xc8, 0x1, 0xff,
    0xcd, 0x40, 0xf, 0xf1, 0x60, 0x7, 0xf9, 0x0,
    0x3f, 0xf9, 0x9a, 0x1, 0xfc, 0x42, 0x80, 0x1f,
    0xee, 0x0, 0xff, 0xe5, 0x8a, 0x0, 0x7f, 0x20,
    0x1, 0x0, 0x3f, 0x94, 0x80, 0x3f, 0xf9, 0x50,
    0x1, 0xfe, 0xd0, 0x7, 0x0, 0x7f, 0xa4, 0x3,
    0xff, 0x92, 0x4c, 0x1, 0xfc, 0x28, 0x0, 0x51,
    0x0, 0xfe, 0x46, 0x0, 0xff, 0xe4, 0x78, 0x7,
    0xf9, 0x80, 0x34, 0x80, 0x7f, 0xa5, 0x0, 0x3f,
    0xf8, 0xd6, 0x40, 0x1f, 0xe9, 0x0, 0xce, 0x20,
    0x1f, 0xeb, 0x60, 0xf, 0xfe, 0x18, 0xda, 0x0,
    0x7f, 0x98, 0x40, 0x3a, 0xc0, 0x3f, 0xe9, 0xb2,
    0x0, 0xff, 0xe0, 0x2f, 0xa0, 0x7, 0xf8, 0x60,
    0x3, 0xca, 0x80, 0x1f, 0xf2, 0x6d, 0x28, 0x80,
    0x78, 0x9f, 0x68, 0x40, 0x3f, 0xeb, 0x10, 0xf,
    0xa8, 0x40, 0x3f, 0xf8, 0xb, 0x5d, 0xcc, 0xbb,
    0x67, 0xec, 0x10, 0x7, 0xff, 0x1, 0x94, 0x3,
    0xf0, 0xe0, 0x7, 0xff, 0xc, 0x4d, 0x10, 0x60,
    0x1f, 0xfc, 0x34, 0x90, 0xf, 0xf1, 0x60, 0x7,
    0xff, 0x54, 0xec, 0x3, 0xff, 0x80, 0x78, 0x20,
    0x1f, 0xfd, 0x24, 0xc0, 0xf, 0xfe, 0x11, 0xe1,
    0x80, 0x7f, 0xf4, 0x1a, 0xc0, 0x3f, 0xf8, 0x85,
    0x8e, 0x1, 0xff, 0xcd, 0x1a, 0x90, 0xf, 0xfe,
    0x3c, 0x6a, 0x0, 0x7f, 0xf2, 0x9b, 0xd4, 0x3,
    0xff, 0x92, 0x57, 0x8a, 0x1, 0xff, 0xc5, 0x17,
    0xe9, 0x10, 0xf, 0xfe, 0x61, 0xd7, 0x4a, 0x88,
    0x7, 0xf8, 0x9a, 0xfa, 0x4, 0x3, 0xff, 0xa0,
    0x2d, 0x5d, 0xcb, 0x98, 0x8a, 0x6b, 0x3b, 0x65,
    0x0, 0x3f, 0xf8, 0x80,

    /* U+00D3 "Ó" */
    0x0, 0xff, 0xfe, 0xbc, 0x0, 0x7f, 0xf8, 0x5e,
    0x1d, 0x0, 0x3f, 0xfb, 0xf1, 0x0, 0x5, 0x8,
    0x7, 0xff, 0x76, 0x5c, 0x2, 0x1b, 0x0, 0xff,
    0xee, 0x53, 0x0, 0x72, 0xb0, 0x7, 0xff, 0x6a,
    0xd4, 0x3, 0xe9, 0x20, 0xf, 0xfe, 0xc6, 0x20,
    0x7, 0xf7, 0x0, 0x7f, 0xf5, 0x87, 0xc, 0x3,
    0xfc, 0x68, 0x1, 0xff, 0xd4, 0x1c, 0x30, 0xf,
    0xf2, 0xf2, 0x0, 0x7f, 0xf5, 0x34, 0x80, 0x3f,
    0x93, 0x68, 0x40, 0x3f, 0xfa, 0xb2, 0x1, 0xf8,
    0xee, 0xc4, 0x1, 0xff, 0xd7, 0x55, 0x0, 0x71,
    0x56, 0x20, 0x7, 0xff, 0x6a, 0xc4, 0x0, 0x31,
    0xaa, 0x1, 0xff, 0xdc, 0x1b, 0x7, 0xe7, 0x0,
    0xff, 0xef, 0xaf, 0x40, 0x7, 0xff, 0x88, 0x40,
    0x3f, 0xff, 0xe0, 0x1f, 0xfc, 0x63, 0x7a, 0xce,
    0xff, 0xbb, 0x6e, 0x54, 0x40, 0x3f, 0xfa, 0x69,
    0x5f, 0x90, 0xa6, 0x20, 0x10, 0x92, 0x35, 0x76,
    0x38, 0x80, 0x7f, 0xf3, 0x97, 0x6d, 0x40, 0x3f,
    0xf8, 0x67, 0x1d, 0x22, 0x1, 0xff, 0xca, 0x3c,
    0xa2, 0x0, 0xff, 0xe4, 0x37, 0x38, 0x7, 0xff,
    0x21, 0xf0, 0xc0, 0x3f, 0xf9, 0x91, 0xa4, 0x1,
    0xff, 0xc5, 0xb8, 0x0, 0xff, 0xe7, 0x96, 0xa8,
    0x7, 0xff, 0x8, 0x71, 0x0, 0x3f, 0xfa, 0x54,
    0xc0, 0x1f, 0xfc, 0x1d, 0x30, 0xf, 0xfe, 0xa4,
    0xa8, 0x7, 0xfd, 0x46, 0x1, 0xff, 0xd6, 0xa4,
    0x0, 0xfe, 0x75, 0x0, 0xff, 0xe0, 0x93, 0x4d,
    0xe6, 0x2e, 0x14, 0x3, 0xff, 0x85, 0x42, 0x1,
    0xf1, 0x40, 0x7, 0xff, 0x1, 0x77, 0x52, 0xc8,
    0x66, 0x47, 0xaf, 0xa2, 0x0, 0xff, 0x86, 0x80,
    0x3e, 0x90, 0xf, 0xf8, 0xb2, 0x88, 0x3, 0xfc,
    0xba, 0xe0, 0x1f, 0xf2, 0x20, 0x3, 0x91, 0x0,
    0x1f, 0xe4, 0xd3, 0x0, 0xff, 0xe1, 0x45, 0x80,
    0x7f, 0xd2, 0x1, 0xd0, 0x1, 0xfe, 0x3b, 0x0,
    0xff, 0xe2, 0xa5, 0x80, 0x7f, 0x89, 0x40, 0x23,
    0x30, 0x7, 0xf0, 0xe8, 0x7, 0xff, 0x1d, 0x20,
    0x3, 0xfd, 0x20, 0x15, 0x0, 0x7f, 0xac, 0x40,
    0x3f, 0xf9, 0xe, 0x40, 0x1f, 0xc6, 0x40, 0x7,
    0x0, 0xfe, 0x25, 0x0, 0xff, 0xe5, 0x48, 0x7,
    0xf9, 0x40, 0x84, 0x3, 0xfa, 0xc0, 0x3f, 0xf9,
    0x68, 0x40, 0x1f, 0xd8, 0x8, 0x1, 0xfe, 0x70,
    0xf, 0xfe, 0x62, 0x80, 0x7f, 0x20, 0x78, 0x7,
    0xf1, 0x8, 0x7, 0xff, 0x32, 0xc0, 0x3f, 0xc4,
    0x40, 0xf, 0xe7, 0x0, 0xff, 0xe6, 0x98, 0x7,
    0xf9, 0x98, 0x1, 0xfd, 0xa0, 0x1f, 0xfc, 0xe1,
    0x0, 0xfe, 0x23, 0x0, 0xfe, 0x10, 0xf, 0xfe,
    0x71, 0x80, 0x7f, 0x8, 0x80, 0x3f, 0x8c, 0x3,
    0xff, 0x9c, 0x20, 0x1f, 0xde, 0x20, 0x1f, 0xc6,
    0x1, 0xff, 0xd8, 0xf3, 0x0, 0xfe, 0x10, 0xf,
    0xfe, 0x70, 0x80, 0x7f, 0x84, 0x3, 0xfb, 0x80,
    0x3f, 0xf9, 0xc4, 0x1, 0xfc, 0x2c, 0x1, 0xfc,
    0x40, 0x1f, 0xfc, 0xd2, 0x0, 0xff, 0x29, 0x0,
    0x7f, 0x20, 0x7, 0xff, 0x35, 0x0, 0x3f, 0xc5,
    0x80, 0x1f, 0xe4, 0x0, 0xff, 0xe6, 0x68, 0x7,
    0xf1, 0xa, 0x0, 0x7f, 0xb8, 0x3, 0xff, 0x96,
    0x28, 0x1, 0xfc, 0x80, 0x4, 0x0, 0xfe, 0x52,
    0x0, 0xff, 0xe5, 0x40, 0x7, 0xfb, 0x40, 0x1c,
    0x1, 0xfe, 0x90, 0xf, 0xfe, 0x49, 0x30, 0x7,
    0xf0, 0xa0, 0x1, 0x44, 0x3, 0xf9, 0x18, 0x3,
    0xff, 0x91, 0xe0, 0x1f, 0xe6, 0x0, 0xd2, 0x1,
    0xfe, 0x94, 0x0, 0xff, 0xe3, 0x59, 0x0, 0x7f,
    0xa4, 0x3, 0x38, 0x80, 0x7f, 0xad, 0x80, 0x3f,
    0xf8, 0x63, 0x68, 0x1, 0xfe, 0x61, 0x0, 0xeb,
    0x0, 0xff, 0xa6, 0xc8, 0x3, 0xff, 0x80, 0xbe,
    0x80, 0x1f, 0xe1, 0x80, 0xf, 0x2a, 0x0, 0x7f,
    0xc9, 0xb4, 0xa2, 0x1, 0xe2, 0x7d, 0xa1, 0x0,
    0xff, 0xac, 0x40, 0x3e, 0xa1, 0x0, 0xff, 0xe0,
    0x2d, 0x77, 0x32, 0xed, 0x9f, 0xb0, 0x40, 0x1f,
    0xfc, 0x6, 0x50, 0xf, 0xc3, 0x80, 0x1f, 0xfc,
    0x31, 0x34, 0x41, 0x80, 0x7f, 0xf0, 0xd2, 0x40,
    0x3f, 0xc5, 0x80, 0x1f, 0xfd, 0x53, 0xb0, 0xf,
    0xfe, 0x1, 0xe0, 0x80, 0x7f, 0xf4, 0x93, 0x0,
    0x3f, 0xf8, 0x47, 0x86, 0x1, 0xff, 0xd0, 0x6b,
    0x0, 0xff, 0xe2, 0x16, 0x38, 0x7, 0xff, 0x34,
    0x6a, 0x40, 0x3f, 0xf8, 0xf1, 0xa8, 0x1, 0xff,
    0xca, 0x6f, 0x50, 0xf, 0xfe, 0x49, 0x5e, 0x28,
    0x7, 0xff, 0x14, 0x5f, 0xa4, 0x40, 0x3f, 0xf9,
    0x87, 0x5d, 0x2a, 0x20, 0x1f, 0xe2, 0x6b, 0xe8,
    0x10, 0xf, 0xfe, 0x80, 0xb5, 0x77, 0x2e, 0x62,
    0x29, 0xac, 0xed, 0x94, 0x0, 0xff, 0xe2, 0x0,

    /* U+00D4 "Ô" */
    0x0, 0xff, 0xe4, 0x14, 0x47, 0x30, 0x7, 0xff,
    0x70, 0xb1, 0xdf, 0xa6, 0x80, 0x3f, 0xfb, 0x47,
    0x82, 0x1, 0xe5, 0xa0, 0xf, 0xfe, 0xc1, 0xe8,
    0x80, 0x7e, 0x5b, 0x0, 0xff, 0xeb, 0x1e, 0x8,
    0x7, 0xf9, 0x2c, 0x3, 0xff, 0xa8, 0x98, 0x1,
    0xff, 0xc1, 0x4c, 0x0, 0xff, 0xe9, 0x25, 0x80,
    0x7f, 0xf0, 0xcf, 0x4, 0x3, 0xff, 0x9e, 0xb6,
    0x1, 0xff, 0xc5, 0x3d, 0x10, 0xf, 0xfe, 0x6a,
    0xd0, 0x7, 0xf4, 0x28, 0x7, 0xe3, 0xc1, 0x0,
    0xff, 0xe5, 0x95, 0x0, 0x7e, 0x5e, 0x7a, 0xc2,
    0x0, 0xf8, 0xa8, 0x3, 0xff, 0x96, 0x4c, 0x1,
    0xe2, 0xba, 0x10, 0x1, 0xec, 0x80, 0x7d, 0x0,
    0x1f, 0xfc, 0xc9, 0x20, 0xc, 0xfa, 0x80, 0x1e,
    0x6e, 0x50, 0xd, 0x26, 0x1, 0xff, 0xcd, 0xf0,
    0x2, 0x6c, 0x0, 0x7f, 0xd, 0x61, 0x3, 0x30,
    0x3, 0xff, 0x9c, 0x55, 0x4b, 0x20, 0xf, 0xfe,
    0x1, 0xed, 0x48, 0x7, 0xff, 0x41, 0x54, 0x1,
    0xff, 0xc4, 0x50, 0xf, 0xff, 0xf8, 0x7, 0x1b,
    0xd6, 0x77, 0xfd, 0xdb, 0x72, 0xa2, 0x1, 0xff,
    0xd3, 0x4a, 0xfc, 0x85, 0x31, 0x0, 0x84, 0x91,
    0xab, 0xb1, 0xc4, 0x3, 0xff, 0x9c, 0xbb, 0x6a,
    0x1, 0xff, 0xc3, 0x38, 0xe9, 0x10, 0xf, 0xfe,
    0x51, 0xe5, 0x10, 0x7, 0xff, 0x21, 0xb9, 0xc0,
    0x3f, 0xf9, 0xf, 0x86, 0x1, 0xff, 0xcc, 0x8d,
    0x20, 0xf, 0xfe, 0x2d, 0xc0, 0x7, 0xff, 0x3c,
    0xb5, 0x40, 0x3f, 0xf8, 0x43, 0x88, 0x1, 0xff,
    0xd2, 0xa6, 0x0, 0xff, 0xe0, 0xe9, 0x80, 0x7f,
    0xf5, 0x25, 0x40, 0x3f, 0xea, 0x30, 0xf, 0xfe,
    0xb5, 0x20, 0x7, 0xf3, 0xa8, 0x7, 0xff, 0x4,
    0x9a, 0x6f, 0x31, 0x70, 0xa0, 0x1f, 0xfc, 0x2a,
    0x10, 0xf, 0x8a, 0x0, 0x3f, 0xf8, 0xb, 0xba,
    0x96, 0x43, 0x32, 0x3d, 0x7d, 0x10, 0x7, 0xfc,
    0x34, 0x1, 0xf4, 0x80, 0x7f, 0xc5, 0x94, 0x40,
    0x1f, 0xe5, 0xd7, 0x0, 0xff, 0x91, 0x0, 0x1c,
    0x88, 0x0, 0xff, 0x26, 0x98, 0x7, 0xff, 0xa,
    0x2c, 0x3, 0xfe, 0x90, 0xe, 0x80, 0xf, 0xf1,
    0xd8, 0x7, 0xff, 0x15, 0x2c, 0x3, 0xfc, 0x4a,
    0x1, 0x19, 0x80, 0x3f, 0x87, 0x40, 0x3f, 0xf8,
    0xe9, 0x0, 0x1f, 0xe9, 0x0, 0xa8, 0x3, 0xfd,
    0x62, 0x1, 0xff, 0xc8, 0x72, 0x0, 0xfe, 0x32,
    0x0, 0x38, 0x7, 0xf1, 0x28, 0x7, 0xff, 0x2a,
    0x40, 0x3f, 0xca, 0x4, 0x20, 0x1f, 0xd6, 0x1,
    0xff, 0xcb, 0x42, 0x0, 0xfe, 0xc0, 0x40, 0xf,
    0xf3, 0x80, 0x7f, 0xf3, 0x14, 0x3, 0xf9, 0x3,
    0xc0, 0x3f, 0x88, 0x40, 0x3f, 0xf9, 0x96, 0x1,
    0xfe, 0x22, 0x0, 0x7f, 0x38, 0x7, 0xff, 0x34,
    0xc0, 0x3f, 0xcc, 0xc0, 0xf, 0xed, 0x0, 0xff,
    0xe7, 0x8, 0x7, 0xf1, 0x18, 0x7, 0xf0, 0x80,
    0x7f, 0xf3, 0x8c, 0x3, 0xf8, 0x44, 0x1, 0xfc,
    0x60, 0x1f, 0xfc, 0xe1, 0x0, 0xfe, 0xf1, 0x0,
    0xfe, 0x30, 0xf, 0xfe, 0xc7, 0x98, 0x7, 0xf0,
    0x80, 0x7f, 0xf3, 0x84, 0x3, 0xfc, 0x20, 0x1f,
    0xdc, 0x1, 0xff, 0xce, 0x20, 0xf, 0xe1, 0x60,
    0xf, 0xe2, 0x0, 0xff, 0xe6, 0x90, 0x7, 0xf9,
    0x48, 0x3, 0xf9, 0x0, 0x3f, 0xf9, 0xa8, 0x1,
    0xfe, 0x2c, 0x0, 0xff, 0x20, 0x7, 0xff, 0x33,
    0x40, 0x3f, 0x88, 0x50, 0x3, 0xfd, 0xc0, 0x1f,
    0xfc, 0xb1, 0x40, 0xf, 0xe4, 0x0, 0x20, 0x7,
    0xf2, 0x90, 0x7, 0xff, 0x2a, 0x0, 0x3f, 0xda,
    0x0, 0xe0, 0xf, 0xf4, 0x80, 0x7f, 0xf2, 0x49,
    0x80, 0x3f, 0x85, 0x0, 0xa, 0x20, 0x1f, 0xc8,
    0xc0, 0x1f, 0xfc, 0x8f, 0x0, 0xff, 0x30, 0x6,
    0x90, 0xf, 0xf4, 0xa0, 0x7, 0xff, 0x1a, 0xc8,
    0x3, 0xfd, 0x20, 0x19, 0xc4, 0x3, 0xfd, 0x6c,
    0x1, 0xff, 0xc3, 0x1b, 0x40, 0xf, 0xf3, 0x8,
    0x7, 0x58, 0x7, 0xfd, 0x36, 0x40, 0x1f, 0xfc,
    0x5, 0xf4, 0x0, 0xff, 0xc, 0x0, 0x79, 0x50,
    0x3, 0xfe, 0x4d, 0xa5, 0x10, 0xf, 0x13, 0xed,
    0x8, 0x7, 0xfd, 0x62, 0x1, 0xf5, 0x8, 0x7,
    0xff, 0x1, 0x6b, 0xb9, 0x97, 0x6c, 0xfd, 0x82,
    0x0, 0xff, 0xe0, 0x32, 0x80, 0x7e, 0x1c, 0x0,
    0xff, 0xe1, 0x89, 0xa2, 0xc, 0x3, 0xff, 0x86,
    0x92, 0x1, 0xfe, 0x2c, 0x0, 0xff, 0xea, 0x9d,
    0x80, 0x7f, 0xf0, 0xf, 0x4, 0x3, 0xff, 0xa4,
    0x98, 0x1, 0xff, 0xc2, 0x3c, 0x30, 0xf, 0xfe,
    0x83, 0x58, 0x7, 0xff, 0x10, 0xb1, 0xc0, 0x3f,
    0xf9, 0xa3, 0x52, 0x1, 0xff, 0xc7, 0x8d, 0x40,
    0xf, 0xfe, 0x53, 0x7a, 0x80, 0x7f, 0xf2, 0x4a,
    0xf1, 0x40, 0x3f, 0xf8, 0xa2, 0xfd, 0x22, 0x1,
    0xff, 0xcc, 0x3a, 0xe9, 0x51, 0x0, 0xff, 0x13,
    0x5f, 0x40, 0x80, 0x7f, 0xf4, 0x5, 0xab, 0xb9,
    0x73, 0x11, 0x4d, 0x67, 0x6c, 0xa0, 0x7, 0xff,
    0x10,

    /* U+00D5 "Õ" */
    0x0, 0xff, 0xe2, 0x24, 0x4c, 0xa1, 0x40, 0x3f,
    0xc2, 0x1, 0xff, 0xd1, 0x7e, 0xb7, 0x66, 0x3d,
    0x7c, 0x88, 0x7, 0x8f, 0xd8, 0x3, 0xff, 0x9c,
    0x39, 0x2, 0x1, 0xf3, 0x75, 0x20, 0x81, 0x46,
    0xc, 0xb0, 0x7, 0xff, 0x37, 0xc, 0x3, 0xfe,
    0x5b, 0xef, 0xd7, 0x0, 0xa5, 0x80, 0x3f, 0xf9,
    0x76, 0x40, 0x1f, 0xfc, 0xa9, 0x60, 0xf, 0xfe,
    0x4b, 0x20, 0x7, 0xff, 0x32, 0x44, 0x3, 0xff,
    0x90, 0xc6, 0x1, 0xff, 0xcc, 0xa1, 0x0, 0xff,
    0xe4, 0xe2, 0x0, 0x7f, 0xf2, 0xa1, 0x40, 0x3f,
    0xf9, 0x76, 0x80, 0x3, 0xae, 0xfd, 0x92, 0x0,
    0xff, 0xa5, 0xc0, 0x3f, 0xf9, 0xb6, 0x8b, 0x8a,
    0x20, 0x4d, 0xb6, 0x60, 0x1f, 0x26, 0xb0, 0x7,
    0xff, 0x3e, 0xe8, 0x3, 0xe4, 0xcd, 0x97, 0x67,
    0x9e, 0xb2, 0x0, 0xff, 0xed, 0x93, 0x44, 0xc3,
    0x8, 0x7, 0xff, 0xfc, 0x3, 0xc6, 0xf5, 0x9d,
    0xff, 0x76, 0xdc, 0xa8, 0x80, 0x7f, 0xf4, 0xd2,
    0xbf, 0x21, 0x4c, 0x40, 0x21, 0x24, 0x6a, 0xec,
    0x71, 0x0, 0xff, 0xe7, 0x2e, 0xda, 0x80, 0x7f,
    0xf0, 0xce, 0x3a, 0x44, 0x3, 0xff, 0x94, 0x79,
    0x44, 0x1, 0xff, 0xc8, 0x6e, 0x70, 0xf, 0xfe,
    0x43, 0xe1, 0x80, 0x7f, 0xf3, 0x23, 0x48, 0x3,
    0xff, 0x8b, 0x70, 0x1, 0xff, 0xcf, 0x2d, 0x50,
    0xf, 0xfe, 0x10, 0xe2, 0x0, 0x7f, 0xf4, 0xa9,
    0x80, 0x3f, 0xf8, 0x3a, 0x60, 0x1f, 0xfd, 0x49,
    0x50, 0xf, 0xfa, 0x8c, 0x3, 0xff, 0xad, 0x48,
    0x1, 0xfc, 0xea, 0x1, 0xff, 0xc1, 0x26, 0x9b,
    0xcc, 0x5c, 0x28, 0x7, 0xff, 0xa, 0x84, 0x3,
    0xe2, 0x80, 0xf, 0xfe, 0x2, 0xee, 0xa5, 0x90,
    0xcc, 0x8f, 0x5f, 0x44, 0x1, 0xff, 0xd, 0x0,
    0x7d, 0x20, 0x1f, 0xf1, 0x65, 0x10, 0x7, 0xf9,
    0x75, 0xc0, 0x3f, 0xe4, 0x40, 0x7, 0x22, 0x0,
    0x3f, 0xc9, 0xa6, 0x1, 0xff, 0xc2, 0x8b, 0x0,
    0xff, 0xa4, 0x3, 0xa0, 0x3, 0xfc, 0x76, 0x1,
    0xff, 0xc5, 0x4b, 0x0, 0xff, 0x12, 0x80, 0x46,
    0x60, 0xf, 0xe1, 0xd0, 0xf, 0xfe, 0x3a, 0x40,
    0x7, 0xfa, 0x40, 0x2a, 0x0, 0xff, 0x58, 0x80,
    0x7f, 0xf2, 0x1c, 0x80, 0x3f, 0x8c, 0x80, 0xe,
    0x1, 0xfc, 0x4a, 0x1, 0xff, 0xca, 0x90, 0xf,
    0xf2, 0x81, 0x8, 0x7, 0xf5, 0x80, 0x7f, 0xf2,
    0xd0, 0x80, 0x3f, 0xb0, 0x10, 0x3, 0xfc, 0xe0,
    0x1f, 0xfc, 0xc5, 0x0, 0xfe, 0x40, 0xf0, 0xf,
    0xe2, 0x10, 0xf, 0xfe, 0x65, 0x80, 0x7f, 0x88,
    0x80, 0x1f, 0xce, 0x1, 0xff, 0xcd, 0x30, 0xf,
    0xf3, 0x30, 0x3, 0xfb, 0x40, 0x3f, 0xf9, 0xc2,
    0x1, 0xfc, 0x46, 0x1, 0xfc, 0x20, 0x1f, 0xfc,
    0xe3, 0x0, 0xfe, 0x11, 0x0, 0x7f, 0x18, 0x7,
    0xff, 0x38, 0x40, 0x3f, 0xbc, 0x40, 0x3f, 0x8c,
    0x3, 0xff, 0xb1, 0xe6, 0x1, 0xfc, 0x20, 0x1f,
    0xfc, 0xe1, 0x0, 0xff, 0x8, 0x7, 0xf7, 0x0,
    0x7f, 0xf3, 0x88, 0x3, 0xf8, 0x58, 0x3, 0xf8,
    0x80, 0x3f, 0xf9, 0xa4, 0x1, 0xfe, 0x52, 0x0,
    0xfe, 0x40, 0xf, 0xfe, 0x6a, 0x0, 0x7f, 0x8b,
    0x0, 0x3f, 0xc8, 0x1, 0xff, 0xcc, 0xd0, 0xf,
    0xe2, 0x14, 0x0, 0xff, 0x70, 0x7, 0xff, 0x2c,
    0x50, 0x3, 0xf9, 0x0, 0x8, 0x1, 0xfc, 0xa4,
    0x1, 0xff, 0xca, 0x80, 0xf, 0xf6, 0x80, 0x38,
    0x3, 0xfd, 0x20, 0x1f, 0xfc, 0x92, 0x60, 0xf,
    0xe1, 0x40, 0x2, 0x88, 0x7, 0xf2, 0x30, 0x7,
    0xff, 0x23, 0xc0, 0x3f, 0xcc, 0x1, 0xa4, 0x3,
    0xfd, 0x28, 0x1, 0xff, 0xc6, 0xb2, 0x0, 0xff,
    0x48, 0x6, 0x71, 0x0, 0xff, 0x5b, 0x0, 0x7f,
    0xf0, 0xc6, 0xd0, 0x3, 0xfc, 0xc2, 0x1, 0xd6,
    0x1, 0xff, 0x4d, 0x90, 0x7, 0xff, 0x1, 0x7d,
    0x0, 0x3f, 0xc3, 0x0, 0x1e, 0x54, 0x0, 0xff,
    0x93, 0x69, 0x44, 0x3, 0xc4, 0xfb, 0x42, 0x1,
    0xff, 0x58, 0x80, 0x7d, 0x42, 0x1, 0xff, 0xc0,
    0x5a, 0xee, 0x65, 0xdb, 0x3f, 0x60, 0x80, 0x3f,
    0xf8, 0xc, 0xa0, 0x1f, 0x87, 0x0, 0x3f, 0xf8,
    0x62, 0x68, 0x83, 0x0, 0xff, 0xe1, 0xa4, 0x80,
    0x7f, 0x8b, 0x0, 0x3f, 0xfa, 0xa7, 0x60, 0x1f,
    0xfc, 0x3, 0xc1, 0x0, 0xff, 0xe9, 0x26, 0x0,
    0x7f, 0xf0, 0x8f, 0xc, 0x3, 0xff, 0xa0, 0xd6,
    0x1, 0xff, 0xc4, 0x2c, 0x70, 0xf, 0xfe, 0x68,
    0xd4, 0x80, 0x7f, 0xf1, 0xe3, 0x50, 0x3, 0xff,
    0x94, 0xde, 0xa0, 0x1f, 0xfc, 0x92, 0xbc, 0x50,
    0xf, 0xfe, 0x28, 0xbf, 0x48, 0x80, 0x7f, 0xf3,
    0xe, 0xba, 0x54, 0x40, 0x3f, 0xc4, 0xd7, 0xd0,
    0x20, 0x1f, 0xfd, 0x1, 0x6a, 0xee, 0x5c, 0xc4,
    0x53, 0x59, 0xdb, 0x28, 0x1, 0xff, 0xc4,

    /* U+00D6 "Ö" */
    0x0, 0xff, 0xe1, 0x25, 0x65, 0xc0, 0x80, 0x7e,
    0x49, 0xcc, 0x41, 0x0, 0x7f, 0xf3, 0xea, 0xd4,
    0xd1, 0xf9, 0x40, 0x3d, 0x36, 0xc6, 0x67, 0xd5,
    0x0, 0xff, 0xe6, 0xc2, 0x80, 0x7a, 0x88, 0x3,
    0x3b, 0x0, 0x7a, 0x8c, 0x3, 0xff, 0x96, 0x2e,
    0x1, 0xfa, 0x0, 0x34, 0x0, 0x7e, 0x80, 0xf,
    0xfe, 0x5b, 0x80, 0x7f, 0x28, 0x4, 0x80, 0x1f,
    0xc8, 0x1, 0xff, 0xcb, 0x10, 0xf, 0xfe, 0x9,
    0x0, 0x7f, 0x84, 0x3, 0xff, 0x94, 0x20, 0x1f,
    0xfc, 0x13, 0x0, 0xff, 0x8, 0x7, 0xff, 0x29,
    0x0, 0x3f, 0x90, 0x2, 0x40, 0xf, 0xe3, 0x0,
    0xff, 0xe5, 0x92, 0x80, 0x7e, 0xf0, 0x8, 0x58,
    0x3, 0xf4, 0x80, 0x7f, 0xf3, 0x2c, 0xc0, 0x3d,
    0x8, 0x1, 0xa4, 0xc0, 0x3c, 0xea, 0x1, 0xff,
    0xcc, 0x1c, 0x82, 0x0, 0x25, 0xb8, 0x7, 0xb2,
    0x8, 0x0, 0x75, 0x0, 0x1f, 0xfc, 0xf7, 0xdf,
    0xf5, 0xa0, 0x7, 0xe7, 0xdf, 0xf6, 0x28, 0x7,
    0xff, 0xfc, 0x3, 0xff, 0xd0, 0x6f, 0x59, 0xdf,
    0xf7, 0x6d, 0xca, 0x88, 0x7, 0xff, 0x4d, 0x2b,
    0xf2, 0x14, 0xc4, 0x2, 0x12, 0x46, 0xae, 0xc7,
    0x10, 0xf, 0xfe, 0x72, 0xed, 0xa8, 0x7, 0xff,
    0xc, 0xe3, 0xa4, 0x40, 0x3f, 0xf9, 0x47, 0x94,
    0x40, 0x1f, 0xfc, 0x86, 0xe7, 0x0, 0xff, 0xe4,
    0x3e, 0x18, 0x7, 0xff, 0x32, 0x34, 0x80, 0x3f,
    0xf8, 0xb7, 0x0, 0x1f, 0xfc, 0xf2, 0xd5, 0x0,
    0xff, 0xe1, 0xe, 0x20, 0x7, 0xff, 0x4a, 0x98,
    0x3, 0xff, 0x83, 0xa6, 0x1, 0xff, 0xd4, 0x95,
    0x0, 0xff, 0xa8, 0xc0, 0x3f, 0xfa, 0xd4, 0x80,
    0x1f, 0xce, 0xa0, 0x1f, 0xfc, 0x12, 0x69, 0xbc,
    0xc5, 0xc2, 0x80, 0x7f, 0xf0, 0xa8, 0x40, 0x3e,
    0x28, 0x0, 0xff, 0xe0, 0x2e, 0xea, 0x59, 0xc,
    0xc8, 0xf5, 0xf4, 0x40, 0x1f, 0xf0, 0xd0, 0x7,
    0xd2, 0x1, 0xff, 0x16, 0x51, 0x0, 0x7f, 0x97,
    0x5c, 0x3, 0xfe, 0x44, 0x0, 0x72, 0x20, 0x3,
    0xfc, 0x9a, 0x60, 0x1f, 0xfc, 0x28, 0xb0, 0xf,
    0xfa, 0x40, 0x3a, 0x0, 0x3f, 0xc7, 0x60, 0x1f,
    0xfc, 0x54, 0xb0, 0xf, 0xf1, 0x28, 0x4, 0x66,
    0x0, 0xfe, 0x1d, 0x0, 0xff, 0xe3, 0xa4, 0x0,
    0x7f, 0xa4, 0x2, 0xa0, 0xf, 0xf5, 0x88, 0x7,
    0xff, 0x21, 0xc8, 0x3, 0xf8, 0xc8, 0x0, 0xe0,
    0x1f, 0xc4, 0xa0, 0x1f, 0xfc, 0xa9, 0x0, 0xff,
    0x28, 0x10, 0x80, 0x7f, 0x58, 0x7, 0xff, 0x2d,
    0x8, 0x3, 0xfb, 0x1, 0x0, 0x3f, 0xce, 0x1,
    0xff, 0xcc, 0x50, 0xf, 0xe4, 0xf, 0x0, 0xfe,
    0x21, 0x0, 0xff, 0xe6, 0x58, 0x7, 0xf8, 0x88,
    0x1, 0xfc, 0xe0, 0x1f, 0xfc, 0xd3, 0x0, 0xff,
    0x33, 0x0, 0x3f, 0xb4, 0x3, 0xff, 0x9c, 0x20,
    0x1f, 0xc4, 0x60, 0x1f, 0xc2, 0x1, 0xff, 0xce,
    0x30, 0xf, 0xe1, 0x10, 0x7, 0xf1, 0x80, 0x7f,
    0xf3, 0x84, 0x3, 0xfb, 0xc4, 0x3, 0xf8, 0xc0,
    0x3f, 0xfb, 0x1e, 0x60, 0x1f, 0xc2, 0x1, 0xff,
    0xce, 0x10, 0xf, 0xf0, 0x80, 0x7f, 0x70, 0x7,
    0xff, 0x38, 0x80, 0x3f, 0x85, 0x80, 0x3f, 0x88,
    0x3, 0xff, 0x9a, 0x40, 0x1f, 0xe5, 0x20, 0xf,
    0xe4, 0x0, 0xff, 0xe6, 0xa0, 0x7, 0xf8, 0xb0,
    0x3, 0xfc, 0x80, 0x1f, 0xfc, 0xcd, 0x0, 0xfe,
    0x21, 0x40, 0xf, 0xf7, 0x0, 0x7f, 0xf2, 0xc5,
    0x0, 0x3f, 0x90, 0x0, 0x80, 0x1f, 0xca, 0x40,
    0x1f, 0xfc, 0xa8, 0x0, 0xff, 0x68, 0x3, 0x80,
    0x3f, 0xd2, 0x1, 0xff, 0xc9, 0x26, 0x0, 0xfe,
    0x14, 0x0, 0x28, 0x80, 0x7f, 0x23, 0x0, 0x7f,
    0xf2, 0x3c, 0x3, 0xfc, 0xc0, 0x1a, 0x40, 0x3f,
    0xd2, 0x80, 0x1f, 0xfc, 0x6b, 0x20, 0xf, 0xf4,
    0x80, 0x67, 0x10, 0xf, 0xf5, 0xb0, 0x7, 0xff,
    0xc, 0x6d, 0x0, 0x3f, 0xcc, 0x20, 0x1d, 0x60,
    0x1f, 0xf4, 0xd9, 0x0, 0x7f, 0xf0, 0x17, 0xd0,
    0x3, 0xfc, 0x30, 0x1, 0xe5, 0x40, 0xf, 0xf9,
    0x36, 0x94, 0x40, 0x3c, 0x4f, 0xb4, 0x20, 0x1f,
    0xf5, 0x88, 0x7, 0xd4, 0x20, 0x1f, 0xfc, 0x5,
    0xae, 0xe6, 0x5d, 0xb3, 0xf6, 0x8, 0x3, 0xff,
    0x80, 0xca, 0x1, 0xf8, 0x70, 0x3, 0xff, 0x86,
    0x26, 0x88, 0x30, 0xf, 0xfe, 0x1a, 0x48, 0x7,
    0xf8, 0xb0, 0x3, 0xff, 0xaa, 0x76, 0x1, 0xff,
    0xc0, 0x3c, 0x10, 0xf, 0xfe, 0x92, 0x60, 0x7,
    0xff, 0x8, 0xf0, 0xc0, 0x3f, 0xfa, 0xd, 0x60,
    0x1f, 0xfc, 0x42, 0xc7, 0x0, 0xff, 0xe6, 0x8d,
    0x48, 0x7, 0xff, 0x1e, 0x35, 0x0, 0x3f, 0xf9,
    0x4d, 0xea, 0x1, 0xff, 0xc9, 0x2b, 0xc5, 0x0,
    0xff, 0xe2, 0x8b, 0xf4, 0x88, 0x7, 0xff, 0x30,
    0xeb, 0xa5, 0x44, 0x3, 0xfc, 0x4d, 0x7d, 0x2,
    0x1, 0xff, 0xd0, 0x16, 0xae, 0xe5, 0xcc, 0x45,
    0x35, 0x9d, 0xb2, 0x80, 0x1f, 0xfc, 0x40,

    /* U+00D7 "×" */
    0x0, 0xff, 0xe5, 0x8a, 0x0, 0x7f, 0xc7, 0xa4,
    0x1, 0xff, 0xc2, 0x1c, 0xb5, 0x0, 0xfe, 0x3c,
    0x2f, 0x10, 0xf, 0xfe, 0x0, 0xe1, 0x5, 0x28,
    0x7, 0xc7, 0x80, 0x2, 0xc1, 0x0, 0xff, 0xe,
    0x10, 0x5, 0x4a, 0x1, 0xc7, 0x80, 0x18, 0xb0,
    0x40, 0x3f, 0xe, 0x10, 0x7, 0x52, 0x80, 0x47,
    0x80, 0x1e, 0x2c, 0x10, 0xf, 0xe, 0x10, 0x7,
    0xd4, 0xa0, 0x78, 0x1, 0xf8, 0xb0, 0x40, 0x30,
    0xe1, 0x0, 0x7f, 0x48, 0x19, 0x80, 0x3f, 0x8b,
    0x4, 0x0, 0x38, 0x40, 0x1f, 0xc7, 0x80, 0xc,
    0x30, 0xf, 0xe2, 0xc1, 0x16, 0x10, 0x7, 0xf1,
    0xe0, 0x6, 0xc3, 0x0, 0xfe, 0x2c, 0xc1, 0x0,
    0x7f, 0x1e, 0x0, 0x7b, 0xc, 0x3, 0xf8, 0x88,
    0x1, 0xfc, 0x78, 0x1, 0xfb, 0xc, 0x3, 0xff,
    0x8c, 0x78, 0x1, 0xfe, 0xd3, 0x0, 0xff, 0xe2,
    0x1e, 0x80, 0x7f, 0xc3, 0xa6, 0x1, 0xff, 0xc2,
    0x3d, 0x10, 0xf, 0xfe, 0x0, 0xe9, 0x0, 0x7f,
    0xf0, 0xf, 0x44, 0x3, 0xff, 0x84, 0x3e, 0x1,
    0xff, 0xc0, 0xe1, 0x0, 0xff, 0xe1, 0x8f, 0x80,
    0x7f, 0xf0, 0x38, 0x40, 0x3f, 0xf8, 0x43, 0x84,
    0x1, 0xff, 0xc0, 0x3d, 0x10, 0xf, 0xfe, 0x0,
    0xe9, 0x0, 0x7f, 0xf0, 0x8f, 0x44, 0x3, 0xfc,
    0x3a, 0x60, 0x1f, 0xfc, 0x43, 0xd1, 0x0, 0xfc,
    0x3a, 0x60, 0x1f, 0xfc, 0x63, 0xd1, 0x0, 0xf0,
    0xe9, 0x80, 0x7f, 0x11, 0x0, 0x3f, 0x8f, 0x44,
    0x3, 0xe, 0x98, 0x7, 0xf1, 0x66, 0x8, 0x3,
    0xf8, 0xf4, 0x40, 0x2d, 0x30, 0xf, 0xe2, 0xc1,
    0x16, 0x10, 0x7, 0xf1, 0xe8, 0x85, 0x18, 0x7,
    0xf1, 0x60, 0x80, 0x7, 0x8, 0x3, 0xf8, 0x88,
    0x10, 0x20, 0x1f, 0x8b, 0x4, 0x3, 0xe, 0x10,
    0x7, 0xed, 0x30, 0x2c, 0x10, 0xf, 0x16, 0x8,
    0x7, 0x87, 0x8, 0x3, 0xd8, 0x60, 0x11, 0x60,
    0x80, 0x62, 0xc1, 0x0, 0xfc, 0x38, 0x40, 0x1b,
    0xc, 0x3, 0x8b, 0x4, 0x0, 0x58, 0x20, 0x1f,
    0xe1, 0xc2, 0x0, 0x61, 0x80, 0x7c, 0x58, 0x25,
    0x82, 0x1, 0xff, 0xc0, 0x1c, 0x3c, 0x30, 0xf,
    0xe2, 0xcc, 0x8, 0x7, 0xff, 0x8, 0x70, 0xc0,
    0x3c,

    /* U+00D8 "Ø" */
    0x0, 0xff, 0xef, 0x40, 0x80, 0x7f, 0xf2, 0xcd,
    0xeb, 0x3b, 0xfe, 0xed, 0xb8, 0x41, 0x0, 0xfe,
    0xa7, 0xd0, 0xf, 0xfe, 0x42, 0x4f, 0xe4, 0x29,
    0x88, 0x4, 0x24, 0x8f, 0x7d, 0x8c, 0x1, 0xea,
    0x50, 0x3c, 0x0, 0xff, 0xe2, 0xae, 0x5b, 0x0,
    0x7f, 0xf0, 0xce, 0x7e, 0x44, 0x1, 0x4a, 0x1,
    0x1e, 0x0, 0x7f, 0xf0, 0x8b, 0x28, 0xc0, 0x3f,
    0xf9, 0xd, 0xcf, 0x4a, 0x1, 0xc7, 0x80, 0x1f,
    0xfc, 0x7, 0xd3, 0x0, 0xff, 0xe6, 0x42, 0x80,
    0x7c, 0x78, 0x1, 0xfe, 0xb8, 0x0, 0xff, 0xec,
    0x1d, 0x0, 0x7e, 0xc4, 0x0, 0xff, 0xec, 0x8c,
    0x0, 0x7d, 0x86, 0x1, 0xff, 0xd9, 0x1c, 0x20,
    0xf, 0x51, 0x80, 0x7f, 0xf6, 0x47, 0x8, 0x3,
    0xcc, 0xa0, 0x1f, 0xfc, 0x12, 0x69, 0xbc, 0xc5,
    0xc2, 0x80, 0x7f, 0xf0, 0xc7, 0x8, 0x3, 0xc5,
    0x20, 0x1f, 0xfc, 0x5, 0xdd, 0x4b, 0x21, 0x99,
    0x1e, 0xbe, 0x80, 0x3f, 0xf8, 0x2a, 0x40, 0x1f,
    0x48, 0x7, 0xfc, 0x59, 0x44, 0x1, 0xfe, 0xd0,
    0xf, 0xfe, 0xa, 0x20, 0x3, 0xc8, 0x80, 0xf,
    0xf2, 0x69, 0x80, 0x7f, 0xd0, 0xe0, 0x1f, 0xfc,
    0x29, 0x0, 0xf4, 0x0, 0x7f, 0x8e, 0xc0, 0x3f,
    0xf8, 0xe, 0xe0, 0xf, 0xfe, 0x19, 0x28, 0x6,
    0x33, 0x0, 0x7f, 0xe, 0x80, 0x7f, 0xf0, 0x1e,
    0x0, 0x3f, 0xf8, 0xbc, 0x1, 0xa8, 0x3, 0xfd,
    0x62, 0x1, 0xff, 0x3c, 0x0, 0x7f, 0xf1, 0x90,
    0x40, 0x27, 0x0, 0xfe, 0x25, 0x0, 0xff, 0x9a,
    0x0, 0x3f, 0xf9, 0xc, 0x0, 0x21, 0x0, 0xfe,
    0xb0, 0xf, 0xf9, 0xa4, 0x3, 0xfe, 0x10, 0xf,
    0xeb, 0x0, 0x20, 0x7, 0xf9, 0xc0, 0x3f, 0xcd,
    0x20, 0x1f, 0xf6, 0x30, 0x7, 0xf1, 0x80, 0x3c,
    0x3, 0xf8, 0x84, 0x3, 0xf9, 0xa4, 0x3, 0xfe,
    0xb3, 0xc0, 0xf, 0xf1, 0x1, 0x0, 0x7f, 0x38,
    0x7, 0xf2, 0xc8, 0x7, 0xfd, 0x68, 0x8, 0x1,
    0xfe, 0x70, 0x60, 0xf, 0xed, 0x0, 0xfc, 0xb4,
    0x1, 0xff, 0x5a, 0x0, 0x42, 0x1, 0xfc, 0x60,
    0x60, 0x1f, 0xc2, 0x1, 0xf2, 0xd0, 0x7, 0xfd,
    0x68, 0x1, 0x8c, 0x3, 0xf8, 0x40, 0x40, 0x3f,
    0x8c, 0x3, 0xc9, 0x40, 0x1f, 0xf5, 0x20, 0x7,
    0x8, 0x7, 0xf7, 0x80, 0x80, 0x7f, 0x18, 0x7,
    0x25, 0x80, 0x7f, 0xd4, 0xa0, 0x1f, 0xfc, 0x4f,
    0x0, 0xff, 0x84, 0x3, 0x25, 0x80, 0x7f, 0xd4,
    0xa0, 0x1f, 0x8, 0x7, 0xfc, 0x40, 0x1f, 0xde,
    0x1, 0x25, 0x80, 0x7f, 0xd2, 0xa0, 0x1f, 0x88,
    0x3, 0xf8, 0x81, 0x80, 0x3f, 0x8c, 0x0, 0x76,
    0x1, 0xff, 0x4b, 0x0, 0x7e, 0x20, 0xf, 0xf3,
    0x1, 0x0, 0x7f, 0x28, 0x1e, 0x0, 0x7f, 0xd2,
    0xc0, 0x1f, 0xc8, 0x1, 0xfe, 0x20, 0xc0, 0xf,
    0xe1, 0x7c, 0x0, 0xff, 0xa1, 0x80, 0x3f, 0xda,
    0x1, 0xfc, 0x42, 0xa, 0x1, 0xfe, 0x80, 0xf,
    0xfa, 0x1c, 0x3, 0xfc, 0x28, 0x1, 0xfc, 0x80,
    0x1, 0x40, 0xf, 0xfe, 0x43, 0xb8, 0x3, 0xfe,
    0x90, 0xf, 0xf6, 0x80, 0x5c, 0x1, 0xff, 0xc7,
    0x78, 0x0, 0xff, 0x89, 0xc0, 0x3f, 0x85, 0x0,
    0x25, 0x10, 0xf, 0xfe, 0x2b, 0xc0, 0x7, 0xff,
    0x3, 0xc0, 0x3f, 0xcc, 0x1, 0xcc, 0x1, 0xff,
    0xc4, 0x68, 0x0, 0xff, 0xe0, 0x59, 0x0, 0x7f,
    0xa4, 0x3, 0xa0, 0x40, 0x3f, 0xf8, 0x4d, 0x20,
    0x1f, 0xf0, 0xda, 0x0, 0x7f, 0x9c, 0x40, 0x3d,
    0x60, 0x1f, 0xfc, 0x15, 0x90, 0xf, 0xf9, 0x7d,
    0x0, 0x3f, 0xc3, 0x0, 0x1f, 0x20, 0x7, 0xff,
    0x5, 0x69, 0x44, 0x3, 0xc4, 0xfb, 0x42, 0x1,
    0xff, 0x58, 0x7, 0xc3, 0x80, 0x1f, 0xfc, 0x25,
    0xae, 0xe6, 0x5d, 0xb3, 0xf6, 0x8, 0x3, 0xff,
    0x80, 0xca, 0x1, 0xe1, 0xc2, 0x0, 0xff, 0xe2,
    0x89, 0xa2, 0xc, 0x3, 0xff, 0x86, 0x92, 0x1,
    0xe1, 0xc2, 0x0, 0xff, 0xec, 0x9d, 0x80, 0x7d,
    0xa4, 0x1, 0xff, 0xd9, 0x4c, 0x0, 0xfc, 0xc0,
    0x1f, 0xfd, 0x96, 0xb0, 0xf, 0xea, 0x50, 0xf,
    0xc4, 0x1, 0xff, 0xcd, 0x1a, 0x90, 0xf, 0xfa,
    0x94, 0x3, 0xcb, 0xba, 0x40, 0xf, 0xfe, 0x53,
    0x7a, 0x80, 0x7f, 0xf0, 0x69, 0x40, 0x32, 0xd0,
    0x15, 0xd9, 0x40, 0x3f, 0xf8, 0xa2, 0xfd, 0x22,
    0x1, 0xff, 0xc3, 0xa5, 0x0, 0x2d, 0x0, 0x64,
    0xae, 0x95, 0x10, 0xf, 0xf1, 0x35, 0xf4, 0x8,
    0x7, 0xff, 0x1a, 0x91, 0x14, 0x1, 0xf0, 0xb5,
    0x77, 0x2e, 0xa6, 0x21, 0x35, 0x9d, 0xb2, 0x80,
    0x1f, 0xfc, 0xab, 0xb0, 0x7, 0xff, 0x0, 0x51,
    0x59, 0xdc, 0xca, 0x62, 0x1, 0xff, 0xc7,

    /* U+00D9 "Ù" */
    0x0, 0xff, 0xe1, 0x88, 0x7, 0xff, 0x6a, 0xac,
    0x3, 0xff, 0xb0, 0xc8, 0x8c, 0x0, 0xff, 0xeb,
    0x14, 0x80, 0xf, 0x4, 0x3, 0xff, 0xa9, 0xc0,
    0x18, 0xf0, 0x40, 0x3f, 0xfa, 0x50, 0x60, 0x1c,
    0x58, 0x40, 0x1f, 0xfd, 0x4, 0x70, 0xf, 0x8b,
    0x8, 0x3, 0xff, 0x9c, 0x34, 0x1, 0xfc, 0x38,
    0x60, 0x1f, 0xfc, 0xd3, 0x20, 0xf, 0xf0, 0xe1,
    0x80, 0x7f, 0xf3, 0xb, 0x28, 0x80, 0x3f, 0xd8,
    0x80, 0x1f, 0xfc, 0xd5, 0xd9, 0x10, 0xf, 0xe9,
    0x0, 0xff, 0xe7, 0xb7, 0x38, 0x7, 0xee, 0x0,
    0xff, 0xe8, 0xc7, 0x30, 0x7, 0x39, 0x80, 0x7f,
    0xf4, 0x86, 0x75, 0x0, 0x5, 0x0, 0x1f, 0xfd,
    0x52, 0xbc, 0x3e, 0x0, 0xff, 0xec, 0x1e, 0x18,
    0x7, 0xff, 0xfc, 0x3, 0xff, 0x8c, 0x51, 0x1f,
    0xcc, 0x1, 0xff, 0xc5, 0x68, 0x8f, 0xe2, 0x77,
    0xff, 0x50, 0x7, 0xff, 0x16, 0xdd, 0xff, 0x98,
    0x3, 0xff, 0xfe, 0x1, 0xff, 0xff, 0x0, 0xff,
    0xff, 0x80, 0x7f, 0xff, 0xc0, 0x3f, 0xff, 0xe0,
    0x1f, 0xff, 0xf0, 0xf, 0xff, 0xf8, 0x7, 0xff,
    0xfc, 0x3, 0xff, 0xfe, 0x1, 0xff, 0xff, 0x0,
    0xff, 0xff, 0x80, 0x7f, 0xff, 0xc0, 0x3f, 0xff,
    0xe0, 0x1f, 0xff, 0xf0, 0x8, 0x40, 0x3f, 0x84,
    0x3, 0xff, 0x8a, 0x60, 0x1f, 0xce, 0xe0, 0xf,
    0xe2, 0x0, 0xff, 0xe2, 0x88, 0x7, 0xf0, 0x98,
    0x7, 0xf8, 0xc0, 0x3f, 0xf8, 0x68, 0x1, 0xfe,
    0x20, 0x20, 0xf, 0xea, 0x0, 0xff, 0xe1, 0xe8,
    0x7, 0xf1, 0x80, 0x10, 0x3, 0xf9, 0x88, 0x3,
    0xff, 0x82, 0x4c, 0x1, 0xfc, 0xa0, 0xd, 0x0,
    0xff, 0x78, 0x7, 0xff, 0x7, 0xc0, 0x3f, 0xd4,
    0x0, 0x41, 0x0, 0xfe, 0x2d, 0x20, 0xf, 0xe2,
    0xd2, 0x0, 0xfe, 0x13, 0x0, 0xa4, 0x3, 0xfc,
    0x5b, 0x24, 0x1, 0xc5, 0x1a, 0x40, 0x1f, 0xe8,
    0x0, 0xce, 0x20, 0x1f, 0xf3, 0x6f, 0x65, 0xe7,
    0x6b, 0x80, 0x7f, 0xc2, 0xc0, 0x1d, 0x40, 0x1f,
    0xfc, 0x11, 0x34, 0x31, 0x0, 0xff, 0xe0, 0xd0,
    0x7, 0x91, 0x80, 0x3f, 0xfa, 0x2a, 0x80, 0x1f,
    0x4a, 0x0, 0x7f, 0xf3, 0xce, 0x80, 0x3f, 0xad,
    0x0, 0x3f, 0xf9, 0xa7, 0xa0, 0x1f, 0xf5, 0xb0,
    0x7, 0xff, 0x2d, 0x70, 0x40, 0x3f, 0xf8, 0x13,
    0x62, 0x1, 0xff, 0xc7, 0x1a, 0xa0, 0x7, 0xff,
    0xd, 0x3a, 0x4, 0x3, 0xff, 0x86, 0x2f, 0xea,
    0x1, 0xff, 0xc6, 0x7e, 0xa5, 0x10, 0xf, 0xf2,
    0xd7, 0x40, 0x80, 0x7f, 0xf2, 0x56, 0xbb, 0x97,
    0x31, 0x14, 0xde, 0xfd, 0x28, 0x7, 0xff, 0x0,

    /* U+00DA "Ú" */
    0x0, 0xff, 0xe4, 0x88, 0x7, 0xff, 0x64, 0xbd,
    0x80, 0x3f, 0xfa, 0xe7, 0x83, 0x24, 0x1, 0xff,
    0xd5, 0x3c, 0x10, 0x7, 0x0, 0x7f, 0xf5, 0x13,
    0x0, 0x31, 0xc0, 0x7, 0xff, 0x49, 0x6c, 0x3,
    0xce, 0x80, 0x1f, 0xfd, 0x5, 0xa0, 0xf, 0xd4,
    0x20, 0x1f, 0xfc, 0xe6, 0xa0, 0xf, 0xe1, 0xb0,
    0xf, 0xfe, 0x6b, 0xc8, 0x7, 0xff, 0x62, 0x20,
    0x1, 0xfe, 0x4c, 0xa0, 0xf, 0xfe, 0x59, 0x38,
    0x7, 0xf1, 0xdd, 0x8c, 0x3, 0xff, 0x98, 0x4e,
    0x1, 0xf0, 0xd6, 0x20, 0x7, 0xff, 0x3e, 0xc,
    0x3, 0xc, 0x72, 0x80, 0x7f, 0xf4, 0xb8, 0x2,
    0x7f, 0x70, 0xf, 0xfe, 0xa1, 0x43, 0x74, 0x8,
    0x7, 0xff, 0x59, 0xe4, 0x40, 0x3f, 0xff, 0xe0,
    0x1f, 0xfc, 0xd2, 0x88, 0xfe, 0x60, 0xf, 0xfe,
    0x2b, 0x44, 0x7f, 0x13, 0xbf, 0xfa, 0x80, 0x3f,
    0xf8, 0xb6, 0xef, 0xfc, 0xc0, 0x1f, 0xff, 0xf0,
    0xf, 0xff, 0xf8, 0x7, 0xff, 0xfc, 0x3, 0xff,
    0xfe, 0x1, 0xff, 0xff, 0x0, 0xff, 0xff, 0x80,
    0x7f, 0xff, 0xc0, 0x3f, 0xff, 0xe0, 0x1f, 0xff,
    0xf0, 0xf, 0xff, 0xf8, 0x7, 0xff, 0xfc, 0x3,
    0xff, 0xfe, 0x1, 0xff, 0xff, 0x0, 0xff, 0xff,
    0x80, 0x42, 0x1, 0xfc, 0x20, 0x1f, 0xfc, 0x53,
    0x0, 0xfe, 0x77, 0x0, 0x7f, 0x10, 0x7, 0xff,
    0x14, 0x40, 0x3f, 0x84, 0xc0, 0x3f, 0xc6, 0x1,
    0xff, 0xc3, 0x40, 0xf, 0xf1, 0x1, 0x0, 0x7f,
    0x50, 0x7, 0xff, 0xf, 0x40, 0x3f, 0x8c, 0x0,
    0x80, 0x1f, 0xcc, 0x40, 0x1f, 0xfc, 0x12, 0x60,
    0xf, 0xe5, 0x0, 0x68, 0x7, 0xfb, 0xc0, 0x3f,
    0xf8, 0x3e, 0x1, 0xfe, 0xa0, 0x2, 0x8, 0x7,
    0xf1, 0x69, 0x0, 0x7f, 0x16, 0x90, 0x7, 0xf0,
    0x98, 0x5, 0x20, 0x1f, 0xe2, 0xd9, 0x20, 0xe,
    0x28, 0xd2, 0x0, 0xff, 0x40, 0x6, 0x71, 0x0,
    0xff, 0x9b, 0x7b, 0x2f, 0x3b, 0x5c, 0x3, 0xfe,
    0x16, 0x0, 0xea, 0x0, 0xff, 0xe0, 0x89, 0xa1,
    0x88, 0x7, 0xff, 0x6, 0x80, 0x3c, 0x8c, 0x1,
    0xff, 0xd1, 0x54, 0x0, 0xfa, 0x50, 0x3, 0xff,
    0x9e, 0x74, 0x1, 0xfd, 0x68, 0x1, 0xff, 0xcd,
    0x3d, 0x0, 0xff, 0xad, 0x80, 0x3f, 0xf9, 0x6b,
    0x82, 0x1, 0xff, 0xc0, 0x9b, 0x10, 0xf, 0xfe,
    0x38, 0xd5, 0x0, 0x3f, 0xf8, 0x69, 0xd0, 0x20,
    0x1f, 0xfc, 0x31, 0x7f, 0x50, 0xf, 0xfe, 0x33,
    0xf5, 0x28, 0x80, 0x7f, 0x96, 0xba, 0x4, 0x3,
    0xff, 0x92, 0xb5, 0xdc, 0xb9, 0x88, 0xa6, 0xf7,
    0xe9, 0x40, 0x3f, 0xf8, 0x0,

    /* U+00DB "Û" */
    0x0, 0xff, 0xe2, 0x24, 0x47, 0x20, 0x7, 0xff,
    0x4d, 0x6d, 0xdf, 0xad, 0x0, 0x3f, 0xfa, 0x2b,
    0x40, 0x1f, 0x5a, 0x0, 0x7f, 0xf3, 0xd6, 0x80,
    0x3f, 0xad, 0x0, 0x3f, 0xf9, 0xab, 0x40, 0x1f,
    0xf5, 0xa0, 0x7, 0xff, 0x2d, 0x68, 0x3, 0xff,
    0x83, 0x68, 0x1, 0xff, 0xc9, 0x5a, 0x0, 0xff,
    0xe1, 0xda, 0x0, 0x7f, 0xf1, 0xd6, 0x80, 0x3f,
    0xf8, 0xb6, 0x80, 0x1f, 0xfc, 0x55, 0xa0, 0xf,
    0xe3, 0x0, 0xfe, 0xb4, 0x0, 0xff, 0xe1, 0xa5,
    0x0, 0x7e, 0x2c, 0xc8, 0x80, 0x3f, 0x5a, 0x0,
    0x7f, 0xf2, 0xe3, 0x4c, 0xf, 0x60, 0x3, 0xf3,
    0x80, 0x7f, 0xf0, 0x91, 0xc0, 0x39, 0x35, 0xc0,
    0x39, 0xf5, 0x0, 0x3a, 0x4c, 0x3, 0xff, 0x87,
    0x8, 0x0, 0x1a, 0xb2, 0x0, 0xf8, 0xae, 0x84,
    0x0, 0xac, 0x1, 0xff, 0xc5, 0xa1, 0x7e, 0x50,
    0xf, 0xf9, 0x7d, 0x8a, 0xc0, 0x3f, 0xf8, 0xc3,
    0xd0, 0x1, 0xff, 0xc2, 0x19, 0xd1, 0x0, 0xff,
    0xff, 0x80, 0x7f, 0xf0, 0xa, 0x23, 0xf9, 0x80,
    0x3f, 0xf8, 0xad, 0x11, 0xfc, 0x4e, 0xff, 0xea,
    0x0, 0xff, 0xe2, 0xdb, 0xbf, 0xf3, 0x0, 0x7f,
    0xff, 0xc0, 0x3f, 0xff, 0xe0, 0x1f, 0xff, 0xf0,
    0xf, 0xff, 0xf8, 0x7, 0xff, 0xfc, 0x3, 0xff,
    0xfe, 0x1, 0xff, 0xff, 0x0, 0xff, 0xff, 0x80,
    0x7f, 0xff, 0xc0, 0x3f, 0xff, 0xe0, 0x1f, 0xff,
    0xf0, 0xf, 0xff, 0xf8, 0x7, 0xff, 0xfc, 0x3,
    0xff, 0xfe, 0x1, 0x8, 0x7, 0xf0, 0x80, 0x7f,
    0xf1, 0x4c, 0x3, 0xf9, 0xdc, 0x1, 0xfc, 0x40,
    0x1f, 0xfc, 0x51, 0x0, 0xfe, 0x13, 0x0, 0xff,
    0x18, 0x7, 0xff, 0xd, 0x0, 0x3f, 0xc4, 0x4,
    0x1, 0xfd, 0x40, 0x1f, 0xfc, 0x3d, 0x0, 0xfe,
    0x30, 0x2, 0x0, 0x7f, 0x31, 0x0, 0x7f, 0xf0,
    0x49, 0x80, 0x3f, 0x94, 0x1, 0xa0, 0x1f, 0xef,
    0x0, 0xff, 0xe0, 0xf8, 0x7, 0xfa, 0x80, 0x8,
    0x20, 0x1f, 0xc5, 0xa4, 0x1, 0xfc, 0x5a, 0x40,
    0x1f, 0xc2, 0x60, 0x14, 0x80, 0x7f, 0x8b, 0x64,
    0x80, 0x38, 0xa3, 0x48, 0x3, 0xfd, 0x0, 0x19,
    0xc4, 0x3, 0xfe, 0x6d, 0xec, 0xbc, 0xed, 0x70,
    0xf, 0xf8, 0x58, 0x3, 0xa8, 0x3, 0xff, 0x82,
    0x26, 0x86, 0x20, 0x1f, 0xfc, 0x1a, 0x0, 0xf2,
    0x30, 0x7, 0xff, 0x45, 0x50, 0x3, 0xe9, 0x40,
    0xf, 0xfe, 0x79, 0xd0, 0x7, 0xf5, 0xa0, 0x7,
    0xff, 0x34, 0xf4, 0x3, 0xfe, 0xb6, 0x0, 0xff,
    0xe5, 0xae, 0x8, 0x7, 0xff, 0x2, 0x6c, 0x40,
    0x3f, 0xf8, 0xe3, 0x54, 0x0, 0xff, 0xe1, 0xa7,
    0x40, 0x80, 0x7f, 0xf0, 0xc5, 0xfd, 0x40, 0x3f,
    0xf8, 0xcf, 0xd4, 0xa2, 0x1, 0xfe, 0x5a, 0xe8,
    0x10, 0xf, 0xfe, 0x4a, 0xd7, 0x72, 0xe6, 0x22,
    0x9b, 0xdf, 0xa5, 0x0, 0xff, 0xe0, 0x0,

    /* U+00DC "Ü" */
    0x0, 0xff, 0x35, 0xe5, 0xb0, 0x7, 0xf3, 0x5e,
    0x5b, 0x80, 0x7f, 0xf1, 0x8b, 0x65, 0xd, 0x27,
    0x44, 0x3, 0x87, 0x65, 0xd, 0x23, 0x48, 0x3,
    0xff, 0x89, 0xe4, 0x1, 0xc5, 0xa0, 0x1d, 0xa4,
    0x1, 0xc5, 0xe0, 0x1f, 0xfc, 0x36, 0x20, 0xf,
    0x8d, 0x40, 0x25, 0x30, 0xf, 0x89, 0x80, 0x3f,
    0xf8, 0x5a, 0x1, 0xfd, 0x80, 0x17, 0x80, 0x7f,
    0x68, 0x7, 0xff, 0x9, 0xc0, 0x3f, 0x88, 0x2,
    0x10, 0xf, 0xe7, 0x0, 0xff, 0xe1, 0x38, 0x7,
    0xf0, 0x80, 0x42, 0x1, 0xfc, 0xe0, 0x1f, 0xfc,
    0x2c, 0x0, 0xfe, 0xc0, 0xb, 0x0, 0x3f, 0xb0,
    0x3, 0xff, 0x84, 0xc2, 0x1, 0xf0, 0xb0, 0x4,
    0xc2, 0x1, 0xf0, 0xb0, 0x7, 0xff, 0x8, 0x68,
    0x3, 0xc3, 0xa0, 0x1d, 0xa2, 0x1, 0xea, 0x10,
    0xf, 0xfe, 0x1a, 0x6b, 0x8, 0xb, 0x79, 0x80,
    0x71, 0xfb, 0x8, 0xa, 0xea, 0x0, 0x7f, 0xf1,
    0x4a, 0x7b, 0xfa, 0x44, 0x3, 0xe1, 0x9e, 0xfe,
    0xa2, 0x0, 0xff, 0xff, 0x80, 0x7f, 0xf9, 0xd7,
    0xff, 0xfb, 0x0, 0x3f, 0xf8, 0xbb, 0xff, 0xfc,
    0x80, 0x1f, 0xff, 0xf0, 0xf, 0xff, 0xf8, 0x7,
    0xff, 0xfc, 0x3, 0xff, 0xfe, 0x1, 0xff, 0xff,
    0x0, 0xff, 0xff, 0x80, 0x7f, 0xff, 0xc0, 0x3f,
    0xff, 0xe0, 0x1f, 0xff, 0xf0, 0xf, 0xff, 0xf8,
    0x7, 0xff, 0xfc, 0x3, 0xff, 0xfe, 0x1, 0xff,
    0xff, 0x0, 0xff, 0xff, 0x80, 0x7f, 0xf7, 0x5c,
    0x40, 0x3f, 0x84, 0x3, 0xff, 0x8a, 0x60, 0x1f,
    0xe7, 0x0, 0xfe, 0x20, 0xf, 0xfe, 0x28, 0x80,
    0x7f, 0x11, 0x80, 0x7f, 0x8c, 0x3, 0xff, 0x86,
    0x80, 0x1f, 0xe1, 0x2, 0x0, 0xfe, 0xa0, 0xf,
    0xfe, 0x1f, 0x0, 0x7f, 0x18, 0x1, 0x0, 0x3f,
    0x98, 0x80, 0x3f, 0xf8, 0x24, 0xa0, 0x1f, 0xc8,
    0x0, 0xd0, 0xf, 0xf7, 0x88, 0x7, 0xfc, 0x3e,
    0x1, 0xfe, 0xb0, 0x2, 0x10, 0x7, 0xf1, 0x61,
    0x0, 0x7f, 0x16, 0x10, 0x7, 0xf1, 0x18, 0x5,
    0x60, 0x1f, 0xe2, 0xd9, 0x30, 0xe, 0x29, 0xd2,
    0x0, 0xff, 0x58, 0x6, 0x62, 0x0, 0xff, 0x9b,
    0x3b, 0x2f, 0x3b, 0x58, 0x3, 0xfe, 0x26, 0x0,
    0xe9, 0x0, 0xff, 0xe0, 0x89, 0xa1, 0x88, 0x7,
    0xff, 0x6, 0x40, 0x3c, 0x8e, 0x1, 0xff, 0xd1,
    0x64, 0x0, 0xfa, 0x10, 0x3, 0xff, 0x9e, 0x92,
    0x1, 0xfd, 0x68, 0x1, 0xff, 0xcd, 0x4b, 0x0,
    0xff, 0xad, 0x80, 0x3f, 0xf9, 0x6d, 0x60, 0x1f,
    0xfc, 0x19, 0xb1, 0x0, 0xff, 0xe3, 0x8d, 0x48,
    0x7, 0xff, 0xd, 0x3a, 0x4, 0x3, 0xff, 0x86,
    0x2f, 0xea, 0x1, 0xff, 0xc6, 0x7e, 0xa5, 0x10,
    0xf, 0xf2, 0xd7, 0x40, 0x80, 0x7f, 0xf2, 0x56,
    0xbb, 0x97, 0x31, 0x14, 0xde, 0xfd, 0x28, 0x7,
    0xff, 0x0,

    /* U+00DD "Ý" */
    0x0, 0xff, 0xe6, 0x8, 0x7, 0xff, 0x79, 0xfc,
    0x40, 0x3f, 0xfb, 0x91, 0x1, 0xb0, 0xf, 0xfe,
    0xdc, 0xb8, 0x1, 0x58, 0x3, 0xff, 0xb3, 0x4c,
    0x1, 0xa4, 0x80, 0x3f, 0xfa, 0xf6, 0xa0, 0x1e,
    0xe0, 0xf, 0xfe, 0xb5, 0xa0, 0x7, 0xc7, 0x0,
    0x1f, 0xfd, 0x31, 0xc4, 0x0, 0xfe, 0x73, 0x0,
    0xff, 0xe8, 0x8e, 0x18, 0x7, 0xf8, 0x58, 0x3,
    0xff, 0xa0, 0x38, 0x40, 0x1f, 0xe8, 0xe5, 0x0,
    0xff, 0xe8, 0x41, 0x0, 0x7f, 0x37, 0x38, 0x7,
    0xff, 0x4a, 0x4, 0x3, 0xe5, 0xd9, 0x10, 0xf,
    0xfe, 0x98, 0xd0, 0x7, 0x26, 0x51, 0x0, 0x7f,
    0xf5, 0x91, 0x80, 0x5, 0x76, 0x30, 0xf, 0xfe,
    0xcc, 0x9c, 0xea, 0x0, 0x7f, 0xf7, 0x31, 0x80,
    0x3f, 0xff, 0xe0, 0x1f, 0xfd, 0xb7, 0x88, 0xff,
    0x28, 0x7, 0xff, 0x18, 0xe2, 0x3f, 0xce, 0x0,
    0xe7, 0x7f, 0xf5, 0x8, 0x7, 0xff, 0x17, 0x9d,
    0xff, 0xde, 0x0, 0x91, 0x0, 0xff, 0x58, 0x7,
    0xff, 0x11, 0x88, 0x3, 0xf8, 0xa0, 0x2, 0xb0,
    0xf, 0xf2, 0x98, 0x7, 0xff, 0x8, 0x60, 0x3,
    0xfd, 0x20, 0x19, 0x50, 0x3, 0xfd, 0xe0, 0x1f,
    0xfc, 0x28, 0x10, 0xf, 0xe5, 0x40, 0xe, 0x90,
    0xf, 0xf1, 0xa8, 0x7, 0xff, 0x0, 0x98, 0x3,
    0xfd, 0x60, 0x1e, 0x27, 0x0, 0xff, 0x58, 0x7,
    0xff, 0x2, 0x40, 0x3f, 0xd0, 0x20, 0x1f, 0x41,
    0x0, 0x7f, 0xc, 0x0, 0x7f, 0x95, 0x0, 0x3f,
    0x89, 0xc0, 0x3f, 0xa4, 0x3, 0xfc, 0xe4, 0x1,
    0xfd, 0x0, 0x1f, 0xee, 0x0, 0xff, 0x22, 0x80,
    0x7f, 0xa0, 0x3, 0xf3, 0x90, 0x7, 0xf3, 0x18,
    0x7, 0xfd, 0x60, 0x1f, 0xe5, 0x40, 0xf, 0xc,
    0x0, 0x7f, 0xc, 0x0, 0x7f, 0xf0, 0x6, 0x0,
    0x3f, 0xd2, 0x1, 0xeb, 0x0, 0xff, 0x58, 0x80,
    0x7f, 0xf0, 0x5c, 0x80, 0x3f, 0x89, 0x80, 0x31,
    0xa8, 0x7, 0xf1, 0xa8, 0x7, 0xff, 0xf, 0x80,
    0x3f, 0xd0, 0x20, 0x17, 0x80, 0x7f, 0xb8, 0x3,
    0xff, 0x88, 0x6a, 0x1, 0xfc, 0x30, 0x0, 0x63,
    0x0, 0xfe, 0x72, 0x0, 0xff, 0xe2, 0xd8, 0x80,
    0x7f, 0x31, 0x4, 0x0, 0x7f, 0x14, 0x0, 0x7f,
    0xf1, 0x86, 0x0, 0x3f, 0xd3, 0x2, 0x1, 0xfd,
    0x20, 0x1f, 0xfc, 0x86, 0x30, 0xf, 0xe4, 0x70,
    0xf, 0xe5, 0x40, 0xf, 0xfe, 0x4f, 0x80, 0x7f,
    0xf2, 0x2c, 0x3, 0xff, 0x94, 0x6c, 0x1, 0xff,
    0xc6, 0x81, 0x0, 0xff, 0xe5, 0xc8, 0x80, 0x7f,
    0xf1, 0x9, 0xc0, 0x3f, 0xf9, 0xb6, 0x1, 0xff,
    0xc4, 0xe0, 0xf, 0xfe, 0x72, 0xa0, 0x7, 0xff,
    0x9, 0x8c, 0x3, 0xff, 0x9f, 0x20, 0x1f, 0xfc,
    0x11, 0x80, 0xf, 0xfe, 0x81, 0x38, 0x7, 0xff,
    0x2, 0xc4, 0x3, 0xff, 0xa3, 0x4, 0x1, 0xfe,
    0x45, 0x0, 0xff, 0xe9, 0xc8, 0x7, 0xfa, 0x40,
    0x3f, 0xfa, 0x88, 0x1, 0xfe, 0x30, 0xf, 0xff,
    0xf8, 0x7, 0xff, 0xfc, 0x3, 0xff, 0xfe, 0x1,
    0xff, 0xff, 0x0, 0xff, 0xff, 0x80, 0x7f, 0xff,
    0xc0, 0x3f, 0xff, 0xe0, 0x1f, 0xff, 0xf0, 0xf,
    0xff, 0xf8, 0x7, 0xff, 0xfc, 0x3, 0xff, 0xdc,

    /* U+00DE "Þ" */
    0x47, 0x7f, 0xe2, 0x0, 0xff, 0xe6, 0x74, 0x47,
    0xf2, 0x0, 0x7f, 0xff, 0xc0, 0x3f, 0xff, 0xe0,
    0x1f, 0xff, 0xf0, 0xf, 0xfe, 0x3c, 0x6e, 0xff,
    0x65, 0xc2, 0x88, 0x7, 0xff, 0x20, 0x48, 0xbf,
    0x8d, 0x1e, 0xba, 0xd0, 0x3, 0xff, 0xaa, 0x97,
    0x84, 0x1, 0xff, 0xd5, 0x3d, 0x60, 0xf, 0xfe,
    0xb4, 0xc0, 0x7, 0xff, 0x59, 0xd8, 0x3, 0xff,
    0xad, 0x24, 0x1, 0xff, 0xd6, 0xe0, 0xf, 0xfe,
    0x4, 0xff, 0xfe, 0xc7, 0x10, 0xf, 0xf1, 0xa0,
    0x7, 0xff, 0x20, 0xe3, 0xd0, 0x3, 0xfd, 0xc0,
    0x1f, 0xfc, 0xa1, 0xb3, 0x0, 0xfe, 0x50, 0xf,
    0xfe, 0x67, 0x0, 0x7f, 0x88, 0x3, 0xff, 0x96,
    0x46, 0x1, 0xfc, 0xe0, 0x1f, 0xfc, 0xc5, 0x0,
    0xfe, 0x30, 0xf, 0xfe, 0x60, 0x80, 0x7f, 0x8,
    0x7, 0xff, 0x30, 0x40, 0x3f, 0x84, 0x3, 0xff,
    0x98, 0xa0, 0x1f, 0xc6, 0x1, 0xff, 0xcb, 0x13,
    0x0, 0xfe, 0x60, 0xf, 0xfe, 0x5d, 0x80, 0x7f,
    0x8c, 0x3, 0xff, 0x95, 0x2a, 0x1, 0xfc, 0x80,
    0x1f, 0xfc, 0x81, 0x5d, 0x60, 0xf, 0xf7, 0x0,
    0x7f, 0xd1, 0xbb, 0xf7, 0x72, 0x88, 0x3, 0xfc,
    0x4a, 0x1, 0xff, 0x9, 0x17, 0xc2, 0x1, 0xff,
    0xc1, 0x90, 0xf, 0xfe, 0xab, 0xa0, 0x7, 0xff,
    0x51, 0x60, 0x3, 0xff, 0xa8, 0xf4, 0x1, 0xff,
    0xd3, 0x1b, 0x80, 0xf, 0xfe, 0x91, 0x47, 0x20,
    0x7, 0xff, 0x38, 0x49, 0x23, 0x35, 0xc0, 0x3f,
    0xf8, 0xd3, 0xff, 0xfd, 0xdb, 0x6e, 0x60, 0x1f,
    0xff, 0xf0, 0xf, 0xff, 0xf8, 0x7, 0xff, 0xfc,
    0x3, 0xff, 0xea,

    /* U+00DF "ß" */
    0x0, 0xff, 0x85, 0x19, 0xe2, 0xe, 0xa4, 0x1,
    0xff, 0xca, 0x17, 0xce, 0xb9, 0x87, 0x74, 0x56,
    0xf4, 0x90, 0x7, 0xff, 0x1a, 0x3a, 0xc, 0x3,
    0xf8, 0x5b, 0x68, 0x40, 0x3f, 0xf8, 0x45, 0xae,
    0x1, 0xff, 0xc3, 0x5f, 0x30, 0xf, 0xfe, 0x1,
    0xe1, 0x0, 0x7f, 0xf1, 0x47, 0x10, 0x3, 0xfc,
    0x58, 0x20, 0x1f, 0xfc, 0x8b, 0x30, 0xf, 0xef,
    0x0, 0xff, 0xe5, 0xf0, 0x7, 0xe8, 0x20, 0xf,
    0xfe, 0x59, 0x40, 0x7, 0x85, 0xc0, 0x3f, 0xf9,
    0xae, 0x20, 0x1d, 0x20, 0x1f, 0xe3, 0xae, 0xfe,
    0xa2, 0x0, 0xff, 0x38, 0x7, 0x28, 0x7, 0xf3,
    0x62, 0x88, 0xa, 0xea, 0x0, 0x7f, 0x68, 0x6,
    0x22, 0x0, 0x7e, 0x29, 0x0, 0xfa, 0x80, 0x3f,
    0x94, 0x3, 0x38, 0x7, 0xf5, 0x80, 0x7e, 0x16,
    0x0, 0xfc, 0x22, 0x0, 0x88, 0x3, 0xf9, 0x0,
    0x3f, 0xbc, 0x3, 0xf8, 0xc0, 0x2f, 0x0, 0xfe,
    0x30, 0xf, 0xe3, 0x0, 0xfe, 0x30, 0xf, 0xfe,
    0x59, 0x80, 0x7f, 0x8, 0x7, 0xff, 0x2f, 0xc0,
    0x3f, 0x10, 0x7, 0xff, 0x2c, 0x58, 0x3, 0xf2,
    0x0, 0x7f, 0xf2, 0xe8, 0x3, 0xfa, 0x80, 0x3f,
    0xf9, 0x2, 0x98, 0x80, 0x1f, 0x90, 0xc0, 0x3f,
    0xf8, 0xdd, 0xfd, 0x66, 0x1, 0xfd, 0x20, 0x1f,
    0xfd, 0x4a, 0x20, 0xf, 0xfe, 0x9b, 0xa8, 0x7,
    0xff, 0x51, 0xe8, 0x40, 0x3f, 0xfa, 0x8b, 0xe8,
    0x1, 0xff, 0xd4, 0x1b, 0x40, 0xf, 0xfe, 0xad,
    0x8, 0x7, 0xff, 0x50, 0x68, 0x3, 0xff, 0x89,
    0xdf, 0xf6, 0xc0, 0x80, 0x7f, 0x91, 0x0, 0x1f,
    0xfc, 0x72, 0x7e, 0x50, 0xf, 0xf7, 0x0, 0x7f,
    0xf2, 0xa9, 0x0, 0x3f, 0x94, 0x3, 0xff, 0x97,
    0x40, 0x1f, 0xe3, 0x0, 0xff, 0xe5, 0xa, 0x80,
    0x7f, 0x28, 0x7, 0xff, 0x2f, 0x40, 0x3f, 0x84,
    0x3, 0xff, 0xab, 0xe0, 0x1f, 0xfc, 0xbe, 0x0,
    0xfe, 0xf0, 0xf, 0xfe, 0x5a, 0x0, 0x7f, 0x8,
    0x7, 0xff, 0x29, 0x88, 0x3, 0xf9, 0x40, 0x3f,
    0xf9, 0x29, 0x20, 0x1f, 0xc2, 0x60, 0x1f, 0xfc,
    0x26, 0x82, 0x0, 0x1d, 0x58, 0x7, 0xf9, 0xc0,
    0x3f, 0xf8, 0x70, 0xfb, 0xfe, 0xc5, 0x0, 0xff,
    0xac, 0x3, 0xff, 0x84, 0xa2, 0x1, 0xff, 0xc4,
    0x62, 0x0, 0xff, 0xe1, 0x48, 0x7, 0xff, 0x10,
    0xa4, 0x3, 0xff, 0x84, 0x66, 0x0, 0xff, 0xe2,
    0x78, 0x7, 0xff, 0xe, 0x40, 0x3f, 0xf8, 0x63,
    0x84, 0x1, 0xff, 0xc2, 0x25, 0x0, 0xff, 0xe1,
    0x16, 0x18, 0x7, 0xff, 0xd, 0x80, 0x3f, 0xf8,
    0x51, 0xa4, 0x1, 0xff, 0xc4, 0x4d, 0x60, 0xf,
    0xe3, 0x8f, 0x70, 0xf, 0xa3, 0xff, 0xf8, 0x40,
    0xa7, 0xf2, 0x62, 0x29, 0xce, 0xc7, 0x0, 0xfe,

    /* U+00E0 "à" */
    0x0, 0xff, 0xe1, 0x21, 0x0, 0x7f, 0xf4, 0xc6,
    0xb0, 0x80, 0x3f, 0xfa, 0x54, 0x22, 0xc3, 0x0,
    0xff, 0xe8, 0x3a, 0x0, 0x7, 0xc, 0x3, 0xff,
    0x9c, 0x50, 0x1, 0xd8, 0x80, 0x1f, 0xfc, 0xdf,
    0x0, 0xfa, 0xd4, 0x3, 0xff, 0x97, 0x4, 0x1,
    0xfa, 0x98, 0x3, 0xff, 0x92, 0x8e, 0x1, 0xfe,
    0x96, 0x0, 0xff, 0xe4, 0x23, 0x80, 0x7f, 0xd2,
    0xe0, 0x1f, 0xfc, 0x88, 0xe6, 0x0, 0xff, 0x44,
    0x0, 0x3f, 0xf9, 0x3, 0x3a, 0xa0, 0x1f, 0xc2,
    0x1, 0xff, 0xca, 0x2a, 0xc4, 0x0, 0xf1, 0x48,
    0x7, 0xff, 0x30, 0xee, 0xc4, 0x1, 0xb8, 0x3,
    0xff, 0x9e, 0x9b, 0x22, 0xe, 0x60, 0x1f, 0xfd,
    0x16, 0xe9, 0x80, 0xf, 0xfe, 0xa3, 0x0, 0x7f,
    0xfb, 0x8d, 0x5d, 0xcc, 0xa2, 0x1, 0xff, 0xcc,
    0x4a, 0xfc, 0xa8, 0x84, 0xd7, 0x6b, 0x88, 0x3,
    0xff, 0xfa, 0x80, 0x3e, 0x3c, 0xb5, 0x0, 0xfc,
    0x51, 0xce, 0x1, 0xff, 0xc5, 0x7c, 0x30, 0xf,
    0xfe, 0xc, 0x58, 0x7, 0xff, 0xe, 0x60, 0x3,
    0xff, 0x88, 0x80, 0x1f, 0xfc, 0x29, 0x60, 0xf,
    0xfe, 0x9a, 0xb0, 0x7, 0xff, 0x4c, 0x6c, 0x3,
    0xff, 0xa9, 0x2, 0x1, 0xff, 0xd3, 0x16, 0x0,
    0xff, 0xe0, 0x2c, 0x4c, 0x28, 0x7, 0xff, 0xd,
    0x80, 0x3f, 0xe6, 0xea, 0x76, 0x7a, 0xe6, 0x0,
    0xff, 0xe0, 0xd8, 0x7, 0xfa, 0x64, 0x20, 0x1c,
    0x33, 0x0, 0x1f, 0xfc, 0x3, 0x0, 0xfe, 0x66,
    0x0, 0x7f, 0x3a, 0x80, 0x7f, 0x8c, 0x3, 0xfd,
    0x0, 0x1f, 0xf4, 0x0, 0x7f, 0x98, 0x3, 0xf9,
    0x4, 0x3, 0xfe, 0x22, 0x0, 0x7f, 0x18, 0x7,
    0xf1, 0x80, 0x7f, 0xf0, 0x5c, 0x3, 0xf8, 0x40,
    0x3f, 0xbc, 0x3, 0xff, 0x82, 0x60, 0x1f, 0xc2,
    0x1, 0xfd, 0xe0, 0x1f, 0xfc, 0x13, 0x0, 0xfe,
    0x30, 0xf, 0xe3, 0x0, 0xff, 0xe0, 0xb8, 0x7,
    0xf3, 0x0, 0x7f, 0x20, 0x80, 0x7f, 0xc4, 0x40,
    0xf, 0xe3, 0x0, 0xff, 0x48, 0x7, 0xfd, 0x0,
    0x1f, 0xf1, 0x80, 0x7f, 0x3a, 0x80, 0x7f, 0x32,
    0x80, 0x7f, 0xd6, 0x1, 0xfe, 0xa7, 0x0, 0xfa,
    0x64, 0x1, 0xff, 0xc0, 0x60, 0xf, 0xfa, 0x3a,
    0x9d, 0x9e, 0xbd, 0x80, 0x3f, 0xf8, 0x22, 0xc0,
    0x1f, 0xf0, 0xac, 0x4c, 0x28, 0x7, 0xff, 0x12,
    0x0, 0x3f, 0xfa, 0xa3, 0x20, 0x1f, 0xfd, 0x56,
    0x60, 0x7, 0xff, 0x56, 0x58, 0x3, 0xff, 0xab,
    0x30, 0x1, 0xff, 0xc4, 0x30, 0xf, 0xfe, 0x23,
    0xe1, 0x80, 0x7f, 0xf0, 0x5f, 0x0, 0x3f, 0xf8,
    0xa7, 0x96, 0xa0, 0x1f, 0x85, 0xfa, 0x0, 0x3f,
    0xf9, 0x9, 0x5f, 0x95, 0x10, 0x9a, 0xde, 0x81,
    0x0, 0x7f, 0xff, 0x50,

    /* U+00E1 "á" */
    0x0, 0xff, 0xe4, 0x28, 0x7, 0xff, 0x51, 0xea,
    0x40, 0x3f, 0xfa, 0x51, 0x0, 0x64, 0x0, 0xff,
    0xe8, 0x4b, 0x80, 0x54, 0x20, 0x1f, 0xfc, 0xea,
    0x60, 0xc, 0x34, 0x1, 0xff, 0xcd, 0xb5, 0x0,
    0xf2, 0x30, 0x7, 0xff, 0x2f, 0x10, 0x3, 0xf4,
    0x90, 0x7, 0xff, 0x20, 0x70, 0xc0, 0x3f, 0xde,
    0x1, 0xff, 0xc7, 0x1c, 0x30, 0xf, 0xf1, 0xc8,
    0x7, 0xff, 0x18, 0x70, 0x80, 0x3f, 0x8a, 0xb1,
    0x0, 0x3f, 0xf8, 0xe6, 0x1, 0xf8, 0x67, 0x54,
    0x3, 0xff, 0x90, 0x36, 0x1, 0xf3, 0xf3, 0x0,
    0x7f, 0xf2, 0xd5, 0x40, 0x19, 0xba, 0x0, 0x3f,
    0xf9, 0xd6, 0x20, 0xbb, 0x22, 0x1, 0xff, 0xcf,
    0x1d, 0xca, 0x20, 0xf, 0xfe, 0x91, 0x98, 0x3,
    0xff, 0xea, 0x6a, 0xee, 0x65, 0x10, 0xf, 0xfe,
    0x62, 0x57, 0xe5, 0x44, 0x26, 0xbb, 0x5c, 0x40,
    0x1f, 0xff, 0xd4, 0x1, 0xf1, 0xe5, 0xa8, 0x7,
    0xe2, 0x8e, 0x70, 0xf, 0xfe, 0x2b, 0xe1, 0x80,
    0x7f, 0xf0, 0x62, 0xc0, 0x3f, 0xf8, 0x73, 0x0,
    0x1f, 0xfc, 0x44, 0x0, 0xff, 0xe1, 0x4b, 0x0,
    0x7f, 0xf4, 0xd5, 0x80, 0x3f, 0xfa, 0x63, 0x60,
    0x1f, 0xfd, 0x48, 0x10, 0xf, 0xfe, 0x98, 0xb0,
    0x7, 0xff, 0x1, 0x62, 0x61, 0x40, 0x3f, 0xf8,
    0x6c, 0x1, 0xff, 0x37, 0x53, 0xb3, 0xd7, 0x30,
    0x7, 0xff, 0x6, 0xc0, 0x3f, 0xd3, 0x21, 0x0,
    0xe1, 0x98, 0x0, 0xff, 0xe0, 0x18, 0x7, 0xf3,
    0x30, 0x3, 0xf9, 0xd4, 0x3, 0xfc, 0x60, 0x1f,
    0xe8, 0x0, 0xff, 0xa0, 0x3, 0xfc, 0xc0, 0x1f,
    0xc8, 0x20, 0x1f, 0xf1, 0x10, 0x3, 0xf8, 0xc0,
    0x3f, 0x8c, 0x3, 0xff, 0x82, 0xe0, 0x1f, 0xc2,
    0x1, 0xfd, 0xe0, 0x1f, 0xfc, 0x13, 0x0, 0xfe,
    0x10, 0xf, 0xef, 0x0, 0xff, 0xe0, 0x98, 0x7,
    0xf1, 0x80, 0x7f, 0x18, 0x7, 0xff, 0x5, 0xc0,
    0x3f, 0x98, 0x3, 0xf9, 0x4, 0x3, 0xfe, 0x22,
    0x0, 0x7f, 0x18, 0x7, 0xfa, 0x40, 0x3f, 0xe8,
    0x0, 0xff, 0x8c, 0x3, 0xf9, 0xd4, 0x3, 0xf9,
    0x94, 0x3, 0xfe, 0xb0, 0xf, 0xf5, 0x38, 0x7,
    0xd3, 0x20, 0xf, 0xfe, 0x3, 0x0, 0x7f, 0xd1,
    0xd4, 0xec, 0xf5, 0xec, 0x1, 0xff, 0xc1, 0x16,
    0x0, 0xff, 0x85, 0x62, 0x61, 0x40, 0x3f, 0xf8,
    0x90, 0x1, 0xff, 0xd5, 0x19, 0x0, 0xff, 0xea,
    0xb3, 0x0, 0x3f, 0xfa, 0xb2, 0xc0, 0x1f, 0xfd,
    0x59, 0x80, 0xf, 0xfe, 0x21, 0x80, 0x7f, 0xf1,
    0x1f, 0xc, 0x3, 0xff, 0x82, 0xf8, 0x1, 0xff,
    0xc5, 0x3c, 0xb5, 0x0, 0xfc, 0x2f, 0xd0, 0x1,
    0xff, 0xc8, 0x4a, 0xfc, 0xa8, 0x84, 0xd6, 0xf4,
    0x8, 0x3, 0xff, 0xfa, 0x80,

    /* U+00E2 "â" */
    0x0, 0xff, 0xe1, 0xac, 0x47, 0x18, 0x7, 0xff,
    0x39, 0xe9, 0xdf, 0xb4, 0x80, 0x3f, 0xf9, 0x8d,
    0x0, 0x1e, 0x1c, 0x20, 0xf, 0xfe, 0x52, 0xc8,
    0x7, 0xe1, 0xc1, 0x0, 0xff, 0xe4, 0x2d, 0x0,
    0x7f, 0x87, 0x4, 0x3, 0xff, 0x8c, 0x94, 0x1,
    0xff, 0xc0, 0x2c, 0x10, 0xf, 0xfe, 0x22, 0x58,
    0x7, 0xff, 0x8, 0xb4, 0x40, 0x3f, 0xf8, 0x47,
    0x60, 0x1f, 0xfc, 0x43, 0xd0, 0xf, 0xfe, 0x9,
    0xe8, 0x7, 0xff, 0x18, 0xec, 0x3, 0xfe, 0x2d,
    0x10, 0xf, 0xd1, 0xca, 0x1, 0xf9, 0x2c, 0x3,
    0xfd, 0x62, 0x1, 0xf2, 0x6b, 0x8d, 0x50, 0x40,
    0x3e, 0x44, 0x0, 0x7f, 0x49, 0x0, 0x70, 0xd5,
    0x90, 0x4, 0xbe, 0xc0, 0x1e, 0x64, 0x0, 0xff,
    0x78, 0x6, 0x6e, 0x50, 0xf, 0xc, 0xd8, 0x80,
    0x45, 0x20, 0x1f, 0xf1, 0x48, 0x1e, 0x48, 0x7,
    0xf9, 0x39, 0x80, 0x1c, 0x1, 0xff, 0xc1, 0x6b,
    0xc3, 0x0, 0xff, 0xe0, 0xce, 0x51, 0x80, 0x7f,
    0xf0, 0x90, 0x3, 0xff, 0x88, 0x6a, 0x1, 0xff,
    0xe8, 0x35, 0x77, 0x32, 0x88, 0x7, 0xff, 0x31,
    0x2b, 0xf2, 0xa2, 0x13, 0x5d, 0xae, 0x20, 0xf,
    0xff, 0xea, 0x0, 0xf8, 0xf2, 0xd4, 0x3, 0xf1,
    0x47, 0x38, 0x7, 0xff, 0x15, 0xf0, 0xc0, 0x3f,
    0xf8, 0x31, 0x60, 0x1f, 0xfc, 0x39, 0x80, 0xf,
    0xfe, 0x22, 0x0, 0x7f, 0xf0, 0xa5, 0x80, 0x3f,
    0xfa, 0x6a, 0xc0, 0x1f, 0xfd, 0x31, 0xb0, 0xf,
    0xfe, 0xa4, 0x8, 0x7, 0xff, 0x4c, 0x58, 0x3,
    0xff, 0x80, 0xb1, 0x30, 0xa0, 0x1f, 0xfc, 0x36,
    0x0, 0xff, 0x9b, 0xa9, 0xd9, 0xeb, 0x98, 0x3,
    0xff, 0x83, 0x60, 0x1f, 0xe9, 0x90, 0x80, 0x70,
    0xcc, 0x0, 0x7f, 0xf0, 0xc, 0x3, 0xf9, 0x98,
    0x1, 0xfc, 0xea, 0x1, 0xfe, 0x30, 0xf, 0xf4,
    0x0, 0x7f, 0xd0, 0x1, 0xfe, 0x60, 0xf, 0xe4,
    0x10, 0xf, 0xf8, 0x88, 0x1, 0xfc, 0x60, 0x1f,
    0xc6, 0x1, 0xff, 0xc1, 0x70, 0xf, 0xe1, 0x0,
    0xfe, 0xf0, 0xf, 0xfe, 0x9, 0x80, 0x7f, 0x8,
    0x7, 0xf7, 0x80, 0x7f, 0xf0, 0x4c, 0x3, 0xf8,
    0xc0, 0x3f, 0x8c, 0x3, 0xff, 0x82, 0xe0, 0x1f,
    0xcc, 0x1, 0xfc, 0x82, 0x1, 0xff, 0x11, 0x0,
    0x3f, 0x8c, 0x3, 0xfd, 0x20, 0x1f, 0xf4, 0x0,
    0x7f, 0xc6, 0x1, 0xfc, 0xea, 0x1, 0xfc, 0xca,
    0x1, 0xff, 0x58, 0x7, 0xfa, 0x9c, 0x3, 0xe9,
    0x90, 0x7, 0xff, 0x1, 0x80, 0x3f, 0xe8, 0xea,
    0x76, 0x7a, 0xf6, 0x0, 0xff, 0xe0, 0x8b, 0x0,
    0x7f, 0xc2, 0xb1, 0x30, 0xa0, 0x1f, 0xfc, 0x48,
    0x0, 0xff, 0xea, 0x8c, 0x80, 0x7f, 0xf5, 0x59,
    0x80, 0x1f, 0xfd, 0x59, 0x60, 0xf, 0xfe, 0xac,
    0xc0, 0x7, 0xff, 0x10, 0xc0, 0x3f, 0xf8, 0x8f,
    0x86, 0x1, 0xff, 0xc1, 0x7c, 0x0, 0xff, 0xe2,
    0x9e, 0x5a, 0x80, 0x7e, 0x17, 0xe8, 0x0, 0xff,
    0xe4, 0x25, 0x7e, 0x54, 0x42, 0x6b, 0x7a, 0x4,
    0x1, 0xff, 0xfd, 0x40,

    /* U+00E3 "ã" */
    0x0, 0xff, 0xb, 0x4d, 0x4b, 0x90, 0x7, 0xff,
    0x34, 0x6b, 0xa5, 0x95, 0xa3, 0x6c, 0xc0, 0x3e,
    0x6d, 0x10, 0xf, 0xfe, 0x1, 0xfa, 0x80, 0x7c,
    0x99, 0x44, 0x1, 0x9e, 0x4b, 0x44, 0x3, 0xfc,
    0x78, 0x20, 0x1f, 0xe5, 0xdc, 0xaa, 0x74, 0x0,
    0xf, 0x40, 0x3f, 0x87, 0x40, 0x3f, 0xf8, 0x46,
    0xaa, 0x10, 0xc, 0x78, 0x1, 0xfb, 0x44, 0x3,
    0xff, 0x96, 0x72, 0x1, 0xf5, 0x80, 0x7f, 0xf3,
    0x6c, 0x3, 0xe7, 0x80, 0xf, 0xfe, 0x5d, 0x10,
    0x7, 0xe7, 0x80, 0x9, 0x73, 0xb9, 0x8a, 0x1,
    0xff, 0xc0, 0xa5, 0x0, 0xff, 0x3c, 0x3, 0xd1,
    0x88, 0x8e, 0xb5, 0x0, 0x3f, 0x16, 0x28, 0x7,
    0xff, 0x1, 0xee, 0x0, 0x3c, 0x57, 0x8c, 0x40,
    0x1, 0x4a, 0xd3, 0x0, 0xff, 0xe1, 0x20, 0x7,
    0xf1, 0xce, 0xff, 0xba, 0xd4, 0x3, 0xff, 0xfe,
    0x1, 0xff, 0xc0, 0x35, 0x77, 0x32, 0x88, 0x7,
    0xff, 0x31, 0x2b, 0xf2, 0xa2, 0x13, 0x5d, 0xae,
    0x20, 0xf, 0xff, 0xea, 0x0, 0xf8, 0xf2, 0xd4,
    0x3, 0xf1, 0x47, 0x38, 0x7, 0xff, 0x15, 0xf0,
    0xc0, 0x3f, 0xf8, 0x31, 0x60, 0x1f, 0xfc, 0x39,
    0x80, 0xf, 0xfe, 0x22, 0x0, 0x7f, 0xf0, 0xa5,
    0x80, 0x3f, 0xfa, 0x6a, 0xc0, 0x1f, 0xfd, 0x31,
    0xb0, 0xf, 0xfe, 0xa4, 0x8, 0x7, 0xff, 0x4c,
    0x58, 0x3, 0xff, 0x80, 0xb1, 0x30, 0xa0, 0x1f,
    0xfc, 0x36, 0x0, 0xff, 0x9b, 0xa9, 0xd9, 0xeb,
    0x98, 0x3, 0xff, 0x83, 0x60, 0x1f, 0xe9, 0x90,
    0x80, 0x70, 0xcc, 0x0, 0x7f, 0xf0, 0xc, 0x3,
    0xf9, 0x98, 0x1, 0xfc, 0xea, 0x1, 0xfe, 0x30,
    0xf, 0xf4, 0x0, 0x7f, 0xd0, 0x1, 0xfe, 0x60,
    0xf, 0xe4, 0x10, 0xf, 0xf8, 0x88, 0x1, 0xfc,
    0x60, 0x1f, 0xc6, 0x1, 0xff, 0xc1, 0x70, 0xf,
    0xe1, 0x0, 0xfe, 0xf0, 0xf, 0xfe, 0x9, 0x80,
    0x7f, 0x8, 0x7, 0xf7, 0x80, 0x7f, 0xf0, 0x4c,
    0x3, 0xf8, 0xc0, 0x3f, 0x8c, 0x3, 0xff, 0x82,
    0xe0, 0x1f, 0xcc, 0x1, 0xfc, 0x82, 0x1, 0xff,
    0x11, 0x0, 0x3f, 0x8c, 0x3, 0xfd, 0x20, 0x1f,
    0xf4, 0x0, 0x7f, 0xc6, 0x1, 0xfc, 0xea, 0x1,
    0xfc, 0xca, 0x1, 0xff, 0x58, 0x7, 0xfa, 0x9c,
    0x3, 0xe9, 0x90, 0x7, 0xff, 0x1, 0x80, 0x3f,
    0xe8, 0xea, 0x76, 0x7a, 0xf6, 0x0, 0xff, 0xe0,
    0x8b, 0x0, 0x7f, 0xc2, 0xb1, 0x30, 0xa0, 0x1f,
    0xfc, 0x48, 0x0, 0xff, 0xea, 0x8c, 0x80, 0x7f,
    0xf5, 0x59, 0x80, 0x1f, 0xfd, 0x59, 0x60, 0xf,
    0xfe, 0xac, 0xc0, 0x7, 0xff, 0x10, 0xc0, 0x3f,
    0xf8, 0x8f, 0x86, 0x1, 0xff, 0xc1, 0x7c, 0x0,
    0xff, 0xe2, 0x9e, 0x5a, 0x80, 0x7e, 0x17, 0xe8,
    0x0, 0xff, 0xe4, 0x25, 0x7e, 0x54, 0x42, 0x6b,
    0x7a, 0x4, 0x1, 0xff, 0xfd, 0x40,

    /* U+00E4 "ä" */
    0x0, 0xfc, 0x75, 0xdf, 0xb0, 0x20, 0x1f, 0x15,
    0x77, 0xf4, 0x88, 0x7, 0xff, 0x1, 0x71, 0x44,
    0x9, 0xf0, 0x80, 0x39, 0x35, 0x44, 0x5, 0xbc,
    0x80, 0x3f, 0xc5, 0x40, 0x1e, 0x2e, 0x0, 0xc3,
    0x60, 0x1e, 0x1f, 0x0, 0xff, 0x58, 0x7, 0xe3,
    0x40, 0xa, 0x40, 0x3f, 0x12, 0x80, 0x7f, 0x20,
    0x7, 0xf6, 0x0, 0x48, 0x1, 0xfd, 0x80, 0x1f,
    0xc6, 0x1, 0xfc, 0x20, 0x10, 0x80, 0x7f, 0x18,
    0x7, 0xf1, 0x80, 0x7f, 0x70, 0x4, 0x20, 0x1f,
    0xc6, 0x1, 0xfc, 0xa0, 0x1f, 0xc8, 0x1, 0x58,
    0x7, 0xf6, 0x80, 0x7f, 0x48, 0x80, 0x7c, 0xa6,
    0x1, 0x38, 0x80, 0x7c, 0x68, 0x1, 0xfc, 0x3a,
    0x20, 0x1c, 0x74, 0x1, 0xd8, 0x20, 0x1c, 0x7a,
    0x1, 0xff, 0x1f, 0xc2, 0x1a, 0xd6, 0x0, 0x78,
    0xba, 0x10, 0xd2, 0x70, 0x40, 0x3f, 0xf8, 0x2,
    0xf7, 0x94, 0xa0, 0x1f, 0xcf, 0x79, 0x6c, 0x1,
    0xff, 0xff, 0x0, 0xff, 0xf0, 0x9a, 0xbb, 0x99,
    0x44, 0x3, 0xff, 0x98, 0x95, 0xf9, 0x51, 0x9,
    0xae, 0xd7, 0x10, 0x7, 0xff, 0xf5, 0x0, 0x7c,
    0x79, 0x6a, 0x1, 0xf8, 0xa3, 0x9c, 0x3, 0xff,
    0x8a, 0xf8, 0x60, 0x1f, 0xfc, 0x18, 0xb0, 0xf,
    0xfe, 0x1c, 0xc0, 0x7, 0xff, 0x11, 0x0, 0x3f,
    0xf8, 0x52, 0xc0, 0x1f, 0xfd, 0x35, 0x60, 0xf,
    0xfe, 0x98, 0xd8, 0x7, 0xff, 0x52, 0x4, 0x3,
    0xff, 0xa6, 0x2c, 0x1, 0xff, 0xc0, 0x58, 0x98,
    0x50, 0xf, 0xfe, 0x1b, 0x0, 0x7f, 0xcd, 0xd4,
    0xec, 0xf5, 0xcc, 0x1, 0xff, 0xc1, 0xb0, 0xf,
    0xf4, 0xc8, 0x40, 0x38, 0x66, 0x0, 0x3f, 0xf8,
    0x6, 0x1, 0xfc, 0xcc, 0x0, 0xfe, 0x75, 0x0,
    0xff, 0x18, 0x7, 0xfa, 0x0, 0x3f, 0xe8, 0x0,
    0xff, 0x30, 0x7, 0xf2, 0x8, 0x7, 0xfc, 0x44,
    0x0, 0xfe, 0x30, 0xf, 0xe3, 0x0, 0xff, 0xe0,
    0xb8, 0x7, 0xf0, 0x80, 0x7f, 0x78, 0x7, 0xff,
    0x4, 0xc0, 0x3f, 0x84, 0x3, 0xfb, 0xc0, 0x3f,
    0xf8, 0x26, 0x1, 0xfc, 0x60, 0x1f, 0xc6, 0x1,
    0xff, 0xc1, 0x70, 0xf, 0xe6, 0x0, 0xfe, 0x41,
    0x0, 0xff, 0x88, 0x80, 0x1f, 0xc6, 0x1, 0xfe,
    0x90, 0xf, 0xfa, 0x0, 0x3f, 0xe3, 0x0, 0xfe,
    0x75, 0x0, 0xfe, 0x65, 0x0, 0xff, 0xac, 0x3,
    0xfd, 0x4e, 0x1, 0xf4, 0xc8, 0x3, 0xff, 0x80,
    0xc0, 0x1f, 0xf4, 0x75, 0x3b, 0x3d, 0x7b, 0x0,
    0x7f, 0xf0, 0x45, 0x80, 0x3f, 0xe1, 0x58, 0x98,
    0x50, 0xf, 0xfe, 0x24, 0x0, 0x7f, 0xf5, 0x46,
    0x40, 0x3f, 0xfa, 0xac, 0xc0, 0xf, 0xfe, 0xac,
    0xb0, 0x7, 0xff, 0x56, 0x60, 0x3, 0xff, 0x88,
    0x60, 0x1f, 0xfc, 0x47, 0xc3, 0x0, 0xff, 0xe0,
    0xbe, 0x0, 0x7f, 0xf1, 0x4f, 0x2d, 0x40, 0x3f,
    0xb, 0xf4, 0x0, 0x7f, 0xf2, 0x12, 0xbf, 0x2a,
    0x21, 0x35, 0xbd, 0x2, 0x0, 0xff, 0xfe, 0xa0,

    /* U+00E5 "å" */
    0x0, 0xff, 0xe1, 0x14, 0x67, 0xfb, 0xad, 0x80,
    0x3f, 0xf9, 0xaf, 0xae, 0x60, 0x1, 0x49, 0xe3,
    0x0, 0xff, 0xe5, 0x54, 0x0, 0x7e, 0x1c, 0x50,
    0xf, 0xfe, 0x44, 0x28, 0x7, 0xfd, 0x46, 0x1,
    0xff, 0xc6, 0x27, 0x0, 0xff, 0xe0, 0xf0, 0x7,
    0xff, 0x1a, 0xc0, 0x3c, 0xae, 0x80, 0x1c, 0x48,
    0x1, 0xff, 0xc5, 0x70, 0xe, 0xca, 0x8b, 0x70,
    0xe, 0xc0, 0xf, 0xfe, 0x28, 0x80, 0x64, 0x30,
    0xa, 0x0, 0x38, 0x80, 0x3f, 0xf9, 0x42, 0x1,
    0xc2, 0x1, 0x84, 0x3, 0xff, 0x94, 0x80, 0x18,
    0xc4, 0x3, 0x10, 0x7, 0xff, 0x15, 0x0, 0x30,
    0xd9, 0x2, 0x68, 0x7, 0x78, 0x7, 0xff, 0x17,
    0x40, 0x39, 0x37, 0xec, 0x40, 0x39, 0xc0, 0x3f,
    0xf8, 0xac, 0x40, 0x1f, 0xfc, 0x17, 0x10, 0xf,
    0xfe, 0x37, 0x80, 0x7f, 0xf0, 0x12, 0x0, 0x3f,
    0xf8, 0xe5, 0x82, 0x1, 0xfc, 0xb6, 0x1, 0xff,
    0xc9, 0x3f, 0x71, 0x0, 0xe2, 0x9a, 0x0, 0xff,
    0xe5, 0x8c, 0x76, 0x54, 0xd6, 0xe9, 0x80, 0x3f,
    0xf9, 0xe6, 0xac, 0xa4, 0x1, 0xff, 0xef, 0x35,
    0x77, 0x32, 0x88, 0x7, 0xff, 0x31, 0x2b, 0xf2,
    0xa2, 0x13, 0x5d, 0xae, 0x20, 0xf, 0xff, 0xea,
    0x0, 0xf8, 0xf2, 0xd4, 0x3, 0xf1, 0x47, 0x38,
    0x7, 0xff, 0x15, 0xf0, 0xc0, 0x3f, 0xf8, 0x31,
    0x60, 0x1f, 0xfc, 0x39, 0x80, 0xf, 0xfe, 0x22,
    0x0, 0x7f, 0xf0, 0xa5, 0x80, 0x3f, 0xfa, 0x6a,
    0xc0, 0x1f, 0xfd, 0x31, 0xb0, 0xf, 0xfe, 0xa4,
    0x8, 0x7, 0xff, 0x4c, 0x58, 0x3, 0xff, 0x80,
    0xb1, 0x30, 0xa0, 0x1f, 0xfc, 0x36, 0x0, 0xff,
    0x9b, 0xa9, 0xd9, 0xeb, 0x98, 0x3, 0xff, 0x83,
    0x60, 0x1f, 0xe9, 0x90, 0x80, 0x70, 0xcc, 0x0,
    0x7f, 0xf0, 0xc, 0x3, 0xf9, 0x98, 0x1, 0xfc,
    0xea, 0x1, 0xfe, 0x30, 0xf, 0xf4, 0x0, 0x7f,
    0xd0, 0x1, 0xfe, 0x60, 0xf, 0xe4, 0x10, 0xf,
    0xf8, 0x88, 0x1, 0xfc, 0x60, 0x1f, 0xc6, 0x1,
    0xff, 0xc1, 0x70, 0xf, 0xe1, 0x0, 0xfe, 0xf0,
    0xf, 0xfe, 0x9, 0x80, 0x7f, 0x8, 0x7, 0xf7,
    0x80, 0x7f, 0xf0, 0x4c, 0x3, 0xf8, 0xc0, 0x3f,
    0x8c, 0x3, 0xff, 0x82, 0xe0, 0x1f, 0xcc, 0x1,
    0xfc, 0x82, 0x1, 0xff, 0x11, 0x0, 0x3f, 0x8c,
    0x3, 0xfd, 0x20, 0x1f, 0xf4, 0x0, 0x7f, 0xc6,
    0x1, 0xfc, 0xea, 0x1, 0xfc, 0xca, 0x1, 0xff,
    0x58, 0x7, 0xfa, 0x9c, 0x3, 0xe9, 0x90, 0x7,
    0xff, 0x1, 0x80, 0x3f, 0xe8, 0xea, 0x76, 0x7a,
    0xf6, 0x0, 0xff, 0xe0, 0x8b, 0x0, 0x7f, 0xc2,
    0xb1, 0x30, 0xa0, 0x1f, 0xfc, 0x48, 0x0, 0xff,
    0xea, 0x8c, 0x80, 0x7f, 0xf5, 0x59, 0x80, 0x1f,
    0xfd, 0x59, 0x60, 0xf, 0xfe, 0xac, 0xc0, 0x7,
    0xff, 0x10, 0xc0, 0x3f, 0xf8, 0x8f, 0x86, 0x1,
    0xff, 0xc1, 0x7c, 0x0, 0xff, 0xe2, 0x9e, 0x5a,
    0x80, 0x7e, 0x17, 0xe8, 0x0, 0xff, 0xe4, 0x25,
    0x7e, 0x54, 0x42, 0x6b, 0x7a, 0x4, 0x1, 0xff,
    0xfd, 0x40,

    /* U+00E6 "æ" */
    0x0, 0xff, 0xe0, 0x1a, 0xbb, 0x99, 0x44, 0x3,
    0xff, 0x8e, 0x4a, 0xce, 0xe6, 0x41, 0x0, 0xff,
    0xe4, 0xa5, 0x7e, 0x54, 0x42, 0x6b, 0xb5, 0xc4,
    0x1, 0xff, 0xfd, 0x40, 0xb7, 0xfb, 0x53, 0x10,
    0x9b, 0xee, 0x49, 0x80, 0x7f, 0xf1, 0xf, 0x2d,
    0x40, 0x3f, 0x14, 0x73, 0x80, 0x7f, 0x97, 0xa9,
    0x0, 0x3f, 0x85, 0xb2, 0xc8, 0x3, 0xff, 0x82,
    0xf8, 0x60, 0x1f, 0xfc, 0x18, 0xb0, 0xf, 0xf0,
    0x80, 0x7f, 0xf0, 0x93, 0x5c, 0x3, 0xfe, 0x98,
    0x0, 0xff, 0xe2, 0x20, 0x7, 0xff, 0x3e, 0x28,
    0x3, 0xfa, 0x58, 0x3, 0xff, 0xc4, 0xb6, 0x1,
    0xf2, 0xb0, 0x7, 0xff, 0x91, 0x20, 0x3, 0x86,
    0xc0, 0x3f, 0xfc, 0xce, 0x60, 0x1a, 0x4, 0x3,
    0xff, 0xac, 0x95, 0xbf, 0xdb, 0x24, 0x1, 0xfd,
    0xe0, 0x10, 0xb0, 0x7, 0xff, 0x1, 0x1e, 0x1d,
    0x0, 0x3f, 0xf8, 0xb5, 0x6a, 0x40, 0x24, 0xda,
    0xc0, 0x1f, 0x8d, 0x0, 0xc, 0x1, 0xff, 0x37,
    0x5c, 0x3c, 0x5f, 0x28, 0x7, 0xff, 0xb, 0x14,
    0x3, 0xf4, 0xa0, 0x7, 0xee, 0x0, 0x58, 0x7,
    0xfa, 0x24, 0x40, 0x38, 0x6a, 0x0, 0x3f, 0xf8,
    0x10, 0x60, 0x1f, 0xe9, 0x0, 0xfc, 0xa0, 0x3,
    0x0, 0xfe, 0x67, 0x0, 0xfe, 0x74, 0x0, 0xff,
    0x98, 0x3, 0xfe, 0x23, 0x0, 0xfc, 0x66, 0x0,
    0xff, 0x40, 0x7, 0xfd, 0x20, 0x1f, 0xf7, 0x7f,
    0xff, 0xf0, 0xc, 0x3, 0xf2, 0xb0, 0x7, 0xf2,
    0x8, 0x7, 0xfc, 0x44, 0x0, 0xff, 0xea, 0x9,
    0x80, 0x7f, 0x18, 0x7, 0xff, 0x5, 0xc0, 0x3f,
    0xfa, 0x9e, 0x20, 0x1f, 0xde, 0x1, 0xff, 0xc1,
    0x30, 0xf, 0xfe, 0xa8, 0x80, 0x7f, 0x78, 0x7,
    0xff, 0x4, 0xc0, 0x3f, 0xfa, 0x9e, 0x60, 0x1f,
    0xc6, 0x1, 0xff, 0xc1, 0x70, 0xf, 0xfe, 0xa1,
    0x30, 0x7, 0xf2, 0x8, 0x7, 0xfc, 0x44, 0x0,
    0xff, 0x19, 0xff, 0xf2, 0x9c, 0xc0, 0x3f, 0xd2,
    0x1, 0xff, 0x40, 0x7, 0xfd, 0xd9, 0x9f, 0xfc,
    0x92, 0x3, 0x0, 0xfe, 0x75, 0x0, 0xfe, 0x75,
    0x0, 0xff, 0xa0, 0x3, 0xff, 0x97, 0x60, 0x1f,
    0xea, 0x80, 0xf, 0xc, 0xc0, 0x7, 0xff, 0x1,
    0x58, 0x3, 0xff, 0x81, 0x72, 0x1, 0xf9, 0x80,
    0x3f, 0xe7, 0xfa, 0x87, 0x8b, 0xe6, 0x0, 0xff,
    0xe1, 0x4c, 0x0, 0x7f, 0x26, 0xa3, 0x48, 0x7,
    0xc2, 0xc0, 0x1f, 0xfc, 0x5, 0x78, 0x74, 0x0,
    0xff, 0xe2, 0xbf, 0x42, 0x10, 0x92, 0x46, 0x59,
    0x0, 0x1a, 0x40, 0x3e, 0x80, 0xf, 0xfe, 0xb8,
    0xbd, 0xef, 0x6d, 0xb9, 0x80, 0x73, 0x50, 0x7,
    0x86, 0x40, 0x3f, 0xfc, 0xab, 0x40, 0x1e, 0x66,
    0x0, 0x7f, 0xf9, 0x5c, 0x40, 0x3d, 0x2c, 0x1,
    0xff, 0xe3, 0x2f, 0x10, 0xf, 0xa6, 0x0, 0x3f,
    0xf8, 0x88, 0x1, 0xff, 0xd0, 0x5d, 0x20, 0xf,
    0xe7, 0xc3, 0x0, 0xff, 0xe0, 0xbd, 0x80, 0x7f,
    0x88, 0x3, 0xff, 0x86, 0x77, 0x40, 0x1f, 0xfc,
    0x3, 0xcb, 0x50, 0xf, 0xc2, 0xfd, 0x0, 0x1f,
    0xe5, 0xdb, 0x61, 0x0, 0xfe, 0x16, 0xbc, 0x40,
    0xf, 0xfe, 0x1a, 0x57, 0xe5, 0x44, 0x26, 0xb7,
    0xa0, 0x40, 0x1f, 0xff, 0xd4, 0x9, 0x3d, 0xcb,
    0x98, 0x8a, 0x6f, 0xb9, 0x28, 0x1, 0xf8,

    /* U+00E7 "ç" */
    0x0, 0xff, 0xe0, 0x89, 0xb3, 0x1d, 0xcc, 0x82,
    0x1, 0xff, 0xc6, 0x28, 0xde, 0xc9, 0x94, 0x42,
    0x6f, 0xb6, 0x8, 0x3, 0xff, 0x82, 0x77, 0xae,
    0x40, 0x1f, 0xc4, 0xfb, 0x42, 0x1, 0xfe, 0x8c,
    0x40, 0xf, 0xfe, 0x1a, 0xf3, 0x0, 0x7c, 0x38,
    0xe0, 0x1f, 0xfc, 0x79, 0x90, 0x7, 0x17, 0x98,
    0x7, 0xff, 0x25, 0x9c, 0x2, 0x1f, 0x10, 0xf,
    0xfe, 0x52, 0x38, 0x5, 0x44, 0x1, 0xff, 0xca,
    0x4b, 0x0, 0x99, 0x0, 0x3f, 0xf9, 0x49, 0x60,
    0x1a, 0x0, 0x3f, 0xf8, 0x8, 0xf0, 0xea, 0x20,
    0x19, 0x6c, 0x3, 0x30, 0x80, 0x7f, 0x9b, 0xae,
    0x1e, 0x2b, 0xa8, 0x81, 0x68, 0x3, 0xa8, 0x3,
    0xfd, 0x32, 0x10, 0xf, 0x2e, 0x45, 0x0, 0x70,
    0x98, 0x7, 0xf3, 0xb0, 0x7, 0xf0, 0xb8, 0x7,
    0x94, 0x3, 0xf8, 0x60, 0x3, 0xff, 0x8c, 0x60,
    0x1f, 0xc8, 0x1, 0xff, 0xc7, 0xf0, 0xf, 0xed,
    0x0, 0xff, 0xe3, 0x88, 0x7, 0xf0, 0x80, 0x7f,
    0xf1, 0xc4, 0x3, 0xf8, 0x40, 0x3f, 0xf8, 0xfe,
    0x1, 0xfd, 0xa0, 0x1f, 0xfc, 0x73, 0x0, 0xfe,
    0x50, 0xf, 0xfe, 0x3a, 0x80, 0x7f, 0xa0, 0x3,
    0xff, 0x8c, 0x24, 0x1, 0xfc, 0xec, 0x1, 0xfe,
    0xa2, 0x0, 0xf5, 0x0, 0x7f, 0xa6, 0x42, 0x1,
    0xe4, 0xd5, 0xc2, 0x0, 0xe6, 0x0, 0xff, 0x9b,
    0xae, 0x1e, 0x2b, 0xac, 0x80, 0x70, 0x80, 0x30,
    0xc0, 0x7, 0xff, 0x1, 0x1e, 0x1d, 0x44, 0x3,
    0xe, 0x10, 0x6, 0x73, 0x0, 0xff, 0xe5, 0xe,
    0x10, 0x6, 0xe1, 0x0, 0xff, 0xe5, 0xe, 0x10,
    0x4, 0x5a, 0x1, 0xff, 0xcb, 0x1a, 0x0, 0xc7,
    0xa4, 0x1, 0xff, 0xc9, 0x78, 0x0, 0xe2, 0xc5,
    0x0, 0xff, 0xe3, 0xd, 0x40, 0x7, 0xc3, 0x56,
    0x60, 0x1f, 0xfc, 0x36, 0xf5, 0x0, 0xff, 0x26,
    0x61, 0x88, 0x3, 0xf8, 0xe3, 0xa4, 0x40, 0x3f,
    0xf8, 0x27, 0x3a, 0xc0, 0x1d, 0x37, 0xd8, 0xe2,
    0x1, 0xff, 0xc6, 0x40, 0xc, 0xac, 0x82, 0x1,
    0xff, 0xc8, 0x22, 0x0, 0x65, 0xe7, 0x0, 0xff,
    0xe4, 0xa8, 0x7, 0x86, 0x34, 0x40, 0x3f, 0xf8,
    0xf8, 0x1, 0xf8, 0xb0, 0x3, 0xff, 0x8c, 0x28,
    0x1, 0xfc, 0x4e, 0x1, 0xff, 0xc5, 0x1f, 0xfa,
    0xc8, 0x3, 0xd8, 0x1, 0xff, 0xc4, 0x20, 0xc,
    0x90, 0x1, 0xe6, 0x0, 0xff, 0xe1, 0xbe, 0xc9,
    0x80, 0xe, 0x40, 0x3c, 0x20, 0x1f, 0xfc, 0x23,
    0x80, 0x6c, 0xff, 0x61, 0x80, 0x79, 0x0, 0x3f,
    0xf8, 0x23, 0xa0, 0x1f, 0xfc, 0x11, 0x90, 0xf,
    0xfe, 0xc, 0x88, 0x7, 0xff, 0x7, 0x44, 0x3,
    0xff, 0x83, 0x12, 0x40, 0x1f, 0xe4, 0xd3, 0x0,
    0xff, 0xe1, 0xb6, 0xdb, 0xa1, 0x8, 0xc8, 0xf9,
    0x64, 0x1, 0xf8,

    /* U+00E8 "è" */
    0x0, 0xff, 0xe0, 0xa8, 0x7, 0xff, 0x4d, 0x2a,
    0xc0, 0x3f, 0xfa, 0x23, 0x40, 0x96, 0x1, 0xff,
    0xd0, 0xb1, 0x0, 0x26, 0x8, 0x7, 0xff, 0x35,
    0x94, 0x3, 0x1e, 0x8, 0x7, 0xff, 0x2c, 0xa4,
    0x3, 0xc5, 0x82, 0x1, 0xff, 0xca, 0xe0, 0xf,
    0xc5, 0xe4, 0x1, 0xff, 0xc8, 0x83, 0x0, 0xfe,
    0x1c, 0x20, 0xf, 0xfe, 0x3d, 0x20, 0x7, 0xf8,
    0x70, 0xc0, 0x3f, 0xf8, 0xc5, 0x76, 0x30, 0xf,
    0xe1, 0xc4, 0x0, 0xff, 0xe3, 0xa6, 0x51, 0x0,
    0x7f, 0x8, 0x7, 0xff, 0x25, 0x76, 0x44, 0x3,
    0xca, 0xa0, 0xf, 0xfe, 0x5b, 0x73, 0x80, 0x61,
    0xb0, 0xf, 0xfe, 0x74, 0x73, 0x0, 0x28, 0x40,
    0x3f, 0xf9, 0xe3, 0x3b, 0x28, 0x1, 0xff, 0xd2,
    0x26, 0x0, 0xff, 0xf7, 0x12, 0x33, 0xb9, 0x94,
    0x80, 0x3f, 0xf9, 0x49, 0x3d, 0xb7, 0x31, 0x9,
    0xad, 0xfa, 0x40, 0xf, 0xfe, 0x2a, 0xed, 0xb0,
    0x80, 0x7f, 0x2d, 0xea, 0x0, 0x7f, 0xf0, 0x46,
    0xe8, 0x80, 0x3f, 0xf8, 0x45, 0x74, 0x1, 0xff,
    0x1f, 0xa0, 0x7, 0xff, 0x19, 0x74, 0x40, 0x3f,
    0x1e, 0x8, 0x7, 0xff, 0x20, 0xb0, 0x40, 0x3c,
    0x5a, 0x1, 0xff, 0xcb, 0x2d, 0x0, 0xf7, 0x8,
    0x7, 0xff, 0x30, 0xdc, 0x3, 0x39, 0x80, 0x7f,
    0x14, 0x67, 0x7e, 0xd2, 0x0, 0x7f, 0x40, 0x80,
    0x6, 0x0, 0x3f, 0xa3, 0x5c, 0xc4, 0x9, 0x6e,
    0x40, 0x3f, 0xa4, 0x0, 0xc0, 0x1f, 0xd2, 0xe0,
    0x1f, 0x9a, 0x0, 0x3f, 0x30, 0x2, 0x80, 0x3f,
    0x23, 0x0, 0x7f, 0x9c, 0x40, 0x3e, 0x13, 0x12,
    0x0, 0xfd, 0xe0, 0x1f, 0xfc, 0x6, 0x0, 0xfc,
    0x8a, 0x1, 0xfd, 0x7f, 0xff, 0xfc, 0x7, 0x0,
    0xfd, 0xc6, 0x1, 0xff, 0xd3, 0x2f, 0x0, 0xff,
    0xe9, 0xb8, 0x80, 0x7f, 0xf5, 0x4, 0x3, 0xff,
    0xa6, 0xfe, 0x1, 0xff, 0xd3, 0x32, 0x0, 0xfe,
    0x33, 0xff, 0xe5, 0x62, 0x0, 0x7f, 0x4e, 0x67,
    0xff, 0x25, 0x4, 0x80, 0x3f, 0x40, 0x7, 0xff,
    0x2e, 0x80, 0x3f, 0x14, 0x80, 0x7f, 0xf0, 0x23,
    0x0, 0x3f, 0x30, 0x7, 0xf3, 0x50, 0x80, 0x7e,
    0x2b, 0x73, 0xc0, 0xf, 0x85, 0xc0, 0x3f, 0x97,
    0xa5, 0x48, 0x48, 0xda, 0xf5, 0x0, 0x7, 0x82,
    0x1, 0xe8, 0x20, 0xf, 0xf3, 0x56, 0xf6, 0xe4,
    0xa0, 0x7, 0x1e, 0x8, 0x7, 0xbc, 0x3, 0xff,
    0x98, 0x58, 0x20, 0x1c, 0x58, 0x1, 0xff, 0xcc,
    0x22, 0x0, 0x78, 0xf0, 0x40, 0x3f, 0xf9, 0x23,
    0x86, 0x1, 0xf1, 0xfa, 0x80, 0x7f, 0xf1, 0xcf,
    0xc, 0x3, 0xf8, 0x6a, 0xcc, 0x3, 0xff, 0x86,
    0x33, 0x84, 0x1, 0xff, 0xc0, 0x4c, 0xc3, 0x90,
    0x7, 0xf0, 0xad, 0x73, 0x0, 0x7f, 0xf1, 0xe,
    0x37, 0xb2, 0x65, 0x10, 0x9a, 0xde, 0xa5, 0x0,
    0xfc,

    /* U+00E9 "é" */
    0x0, 0xff, 0xe3, 0xa8, 0x7, 0xff, 0x4e, 0xa8,
    0x80, 0x1f, 0xfd, 0x1b, 0x50, 0xa1, 0x0, 0xff,
    0xe7, 0xe2, 0x0, 0x6, 0x80, 0x3f, 0xf9, 0xa3,
    0x86, 0x1, 0x91, 0x80, 0x3f, 0xf9, 0x63, 0x86,
    0x1, 0xe9, 0x20, 0xf, 0xfe, 0x49, 0x79, 0x0,
    0x7e, 0xe0, 0xf, 0xfe, 0x41, 0x60, 0x80, 0x7f,
    0x1c, 0x0, 0x7f, 0xf1, 0x8f, 0x4, 0x3, 0xfc,
    0x96, 0x1, 0xff, 0xc5, 0x4c, 0x10, 0xf, 0xe3,
    0xbb, 0x18, 0x7, 0xff, 0x14, 0x40, 0x3f, 0x8a,
    0xb1, 0x0, 0x3f, 0xf8, 0xea, 0xa0, 0xf, 0xc,
    0xea, 0x80, 0x7f, 0xf2, 0xac, 0x40, 0x33, 0xf3,
    0x0, 0x7f, 0xf3, 0x6, 0x80, 0xd, 0xd0, 0x1,
    0xff, 0xcf, 0x49, 0xd9, 0x10, 0xf, 0xfe, 0x8b,
    0x10, 0x7, 0xff, 0xd4, 0x91, 0x9d, 0xcc, 0xa4,
    0x1, 0xff, 0xca, 0x49, 0xed, 0xb9, 0x88, 0x4d,
    0x6f, 0xd2, 0x0, 0x7f, 0xf1, 0x57, 0x6d, 0x84,
    0x3, 0xf9, 0x6f, 0x50, 0x3, 0xff, 0x82, 0x37,
    0x44, 0x1, 0xff, 0xc2, 0x2b, 0xa0, 0xf, 0xf8,
    0xfd, 0x0, 0x3f, 0xf8, 0xcb, 0xa2, 0x1, 0xf8,
    0xf0, 0x40, 0x3f, 0xf9, 0x5, 0x82, 0x1, 0xe2,
    0xd0, 0xf, 0xfe, 0x59, 0x68, 0x7, 0xb8, 0x40,
    0x3f, 0xf9, 0x86, 0xe0, 0x19, 0xcc, 0x3, 0xf8,
    0xa3, 0x3b, 0xf6, 0x90, 0x3, 0xfa, 0x4, 0x0,
    0x30, 0x1, 0xfd, 0x1a, 0xe6, 0x20, 0x4b, 0x72,
    0x1, 0xfd, 0x20, 0x6, 0x0, 0xfe, 0x97, 0x0,
    0xfc, 0xd0, 0x1, 0xf9, 0x80, 0x14, 0x1, 0xf9,
    0x18, 0x3, 0xfc, 0xe2, 0x1, 0xf0, 0x98, 0x90,
    0x7, 0xef, 0x0, 0xff, 0xe0, 0x30, 0x7, 0xe4,
    0x50, 0xf, 0xeb, 0xff, 0xff, 0xe0, 0x38, 0x7,
    0xee, 0x30, 0xf, 0xfe, 0x99, 0x78, 0x7, 0xff,
    0x4d, 0xc4, 0x3, 0xff, 0xa8, 0x20, 0x1f, 0xfd,
    0x37, 0xf0, 0xf, 0xfe, 0x99, 0x90, 0x7, 0xf1,
    0x9f, 0xff, 0x2b, 0x10, 0x3, 0xfa, 0x73, 0x3f,
    0xf9, 0x28, 0x24, 0x1, 0xfa, 0x0, 0x3f, 0xf9,
    0x74, 0x1, 0xf8, 0xa4, 0x3, 0xff, 0x81, 0x18,
    0x1, 0xf9, 0x80, 0x3f, 0x9a, 0x84, 0x3, 0xf1,
    0x5b, 0x9e, 0x0, 0x7c, 0x2e, 0x1, 0xfc, 0xbd,
    0x2a, 0x42, 0x46, 0xd7, 0xa8, 0x0, 0x3c, 0x10,
    0xf, 0x41, 0x0, 0x7f, 0x9a, 0xb7, 0xb7, 0x25,
    0x0, 0x38, 0xf0, 0x40, 0x3d, 0xe0, 0x1f, 0xfc,
    0xc2, 0xc1, 0x0, 0xe2, 0xc0, 0xf, 0xfe, 0x61,
    0x10, 0x3, 0xc7, 0x82, 0x1, 0xff, 0xc9, 0x1c,
    0x30, 0xf, 0x8f, 0xd4, 0x3, 0xff, 0x8e, 0x78,
    0x60, 0x1f, 0xc3, 0x56, 0x60, 0x1f, 0xfc, 0x31,
    0x9c, 0x20, 0xf, 0xfe, 0x2, 0x66, 0x1c, 0x80,
    0x3f, 0x85, 0x6b, 0x98, 0x3, 0xff, 0x88, 0x71,
    0xbd, 0x93, 0x28, 0x84, 0xd6, 0xf5, 0x28, 0x7,
    0xe0,

    /* U+00EA "ê" */
    0x0, 0xff, 0xe1, 0x3c, 0x46, 0x71, 0x0, 0xff,
    0xe6, 0xd4, 0x3b, 0xe8, 0xd1, 0x0, 0xff, 0xe5,
    0xca, 0x80, 0x78, 0xf4, 0x3, 0xff, 0x95, 0xc,
    0x1, 0xf8, 0xec, 0x3, 0xff, 0x91, 0xe, 0x1,
    0xfe, 0x4b, 0x0, 0xff, 0xe3, 0x3b, 0x80, 0x3f,
    0xf8, 0x9, 0x40, 0x1f, 0xfc, 0x46, 0x80, 0xf,
    0xfe, 0x12, 0xc8, 0x7, 0xff, 0x9, 0x64, 0x3,
    0xff, 0x88, 0xd2, 0x1, 0xff, 0xc0, 0x5a, 0x0,
    0xff, 0xe3, 0x34, 0x0, 0x7f, 0x92, 0x80, 0x3f,
    0xc, 0xe1, 0x0, 0x7e, 0x77, 0x0, 0x7f, 0x48,
    0x7, 0xe5, 0xf6, 0x3d, 0x80, 0xf, 0xd0, 0x20,
    0x1f, 0xb8, 0x3, 0xc5, 0x94, 0x20, 0x13, 0xe9,
    0x80, 0x7a, 0x44, 0x3, 0xf1, 0xc8, 0x6, 0x8d,
    0x30, 0xf, 0x16, 0x40, 0x6, 0x46, 0x0, 0xff,
    0x32, 0x82, 0x6b, 0x80, 0x7f, 0x9f, 0x4c, 0x6,
    0x80, 0x3f, 0xf8, 0x15, 0x4b, 0x20, 0xf, 0xfe,
    0x1, 0x64, 0xd0, 0x80, 0x7f, 0xf0, 0x54, 0x3,
    0xff, 0x88, 0xc8, 0x1, 0xff, 0xe8, 0x24, 0x67,
    0x73, 0x29, 0x0, 0x7f, 0xf2, 0x92, 0x7b, 0x6e,
    0x62, 0x13, 0x5b, 0xf4, 0x80, 0x1f, 0xfc, 0x55,
    0xdb, 0x61, 0x0, 0xfe, 0x5b, 0xd4, 0x0, 0xff,
    0xe0, 0x8d, 0xd1, 0x0, 0x7f, 0xf0, 0x8a, 0xe8,
    0x3, 0xfe, 0x3f, 0x40, 0xf, 0xfe, 0x32, 0xe8,
    0x80, 0x7e, 0x3c, 0x10, 0xf, 0xfe, 0x41, 0x60,
    0x80, 0x78, 0xb4, 0x3, 0xff, 0x96, 0x5a, 0x1,
    0xee, 0x10, 0xf, 0xfe, 0x61, 0xb8, 0x6, 0x73,
    0x0, 0xfe, 0x28, 0xce, 0xfd, 0xa4, 0x0, 0xfe,
    0x81, 0x0, 0xc, 0x0, 0x7f, 0x46, 0xb9, 0x88,
    0x12, 0xdc, 0x80, 0x7f, 0x48, 0x1, 0x80, 0x3f,
    0xa5, 0xc0, 0x3f, 0x34, 0x0, 0x7e, 0x60, 0x5,
    0x0, 0x7e, 0x46, 0x0, 0xff, 0x38, 0x80, 0x7c,
    0x26, 0x24, 0x1, 0xfb, 0xc0, 0x3f, 0xf8, 0xc,
    0x1, 0xf9, 0x14, 0x3, 0xfa, 0xff, 0xff, 0xf8,
    0xe, 0x1, 0xfb, 0x8c, 0x3, 0xff, 0xa6, 0x5e,
    0x1, 0xff, 0xd3, 0x71, 0x0, 0xff, 0xea, 0x8,
    0x7, 0xff, 0x4d, 0xfc, 0x3, 0xff, 0xa6, 0x64,
    0x1, 0xfc, 0x67, 0xff, 0xca, 0xc4, 0x0, 0xfe,
    0x9c, 0xcf, 0xfe, 0x4a, 0x9, 0x0, 0x7e, 0x80,
    0xf, 0xfe, 0x5d, 0x0, 0x7e, 0x29, 0x0, 0xff,
    0xe0, 0x46, 0x0, 0x7e, 0x60, 0xf, 0xe6, 0xa1,
    0x0, 0xfc, 0x56, 0xe7, 0x80, 0x1f, 0xb, 0x80,
    0x7f, 0x2f, 0x4a, 0x90, 0x91, 0xb5, 0xea, 0x0,
    0xf, 0x4, 0x3, 0xd0, 0x40, 0x1f, 0xe6, 0xad,
    0xed, 0xc9, 0x40, 0xe, 0x3c, 0x10, 0xf, 0x78,
    0x7, 0xff, 0x30, 0xb0, 0x40, 0x38, 0xb0, 0x3,
    0xff, 0x98, 0x44, 0x0, 0xf1, 0xe0, 0x80, 0x7f,
    0xf2, 0x47, 0xc, 0x3, 0xe3, 0xf5, 0x0, 0xff,
    0xe3, 0x9e, 0x18, 0x7, 0xf0, 0xd5, 0x98, 0x7,
    0xff, 0xc, 0x67, 0x8, 0x3, 0xff, 0x80, 0x99,
    0x87, 0x20, 0xf, 0xe1, 0x5a, 0xe6, 0x0, 0xff,
    0xe2, 0x1c, 0x6f, 0x64, 0xca, 0x21, 0x35, 0xbd,
    0x4a, 0x1, 0xf8,

    /* U+00EB "ë" */
    0x0, 0xf9, 0x2f, 0xfd, 0xae, 0x1, 0xf9, 0x2f,
    0xbf, 0x5c, 0x3, 0xff, 0x81, 0x16, 0x80, 0x2,
    0x8b, 0x0, 0xf3, 0xda, 0x8, 0x14, 0x60, 0x7,
    0xf9, 0x5c, 0x3, 0xc9, 0x20, 0x19, 0x20, 0x3,
    0xc7, 0x40, 0x1f, 0xd0, 0x1, 0xf9, 0x84, 0x2,
    0x80, 0xf, 0xca, 0x40, 0x1f, 0x9, 0x0, 0x7f,
    0x28, 0x4, 0x60, 0x1f, 0xc8, 0x1, 0xf1, 0x80,
    0x7f, 0x84, 0x0, 0x20, 0x1f, 0xe1, 0x0, 0xf8,
    0x80, 0x3f, 0xc2, 0x0, 0x10, 0xf, 0xf1, 0x0,
    0x7e, 0x30, 0xf, 0xe4, 0x0, 0x94, 0x3, 0xf9,
    0x0, 0x3f, 0x78, 0x7, 0xe8, 0x0, 0xd0, 0x1,
    0xf9, 0xc4, 0x3, 0xf1, 0xd0, 0x7, 0x99, 0xc0,
    0x31, 0x50, 0x7, 0x96, 0x0, 0x3f, 0xcb, 0xae,
    0x66, 0x5b, 0x90, 0xf, 0x2f, 0x3a, 0x1a, 0xdd,
    0x0, 0x7f, 0xf0, 0xa, 0x33, 0x14, 0x80, 0x1f,
    0x86, 0x2f, 0x29, 0x0, 0x3f, 0xff, 0xe0, 0x1f,
    0xfd, 0xf2, 0x46, 0x77, 0x32, 0x90, 0x7, 0xff,
    0x29, 0x27, 0xb6, 0xe6, 0x21, 0x35, 0xbf, 0x48,
    0x1, 0xff, 0xc5, 0x5d, 0xb6, 0x10, 0xf, 0xe5,
    0xbd, 0x40, 0xf, 0xfe, 0x8, 0xdd, 0x10, 0x7,
    0xff, 0x8, 0xae, 0x80, 0x3f, 0xe3, 0xf4, 0x0,
    0xff, 0xe3, 0x2e, 0x88, 0x7, 0xe3, 0xc1, 0x0,
    0xff, 0xe4, 0x16, 0x8, 0x7, 0x8b, 0x40, 0x3f,
    0xf9, 0x65, 0xa0, 0x1e, 0xe1, 0x0, 0xff, 0xe6,
    0x1b, 0x80, 0x67, 0x30, 0xf, 0xe2, 0x8c, 0xef,
    0xda, 0x40, 0xf, 0xe8, 0x10, 0x0, 0xc0, 0x7,
    0xf4, 0x6b, 0x98, 0x81, 0x2d, 0xc8, 0x7, 0xf4,
    0x80, 0x18, 0x3, 0xfa, 0x5c, 0x3, 0xf3, 0x40,
    0x7, 0xe6, 0x0, 0x50, 0x7, 0xe4, 0x60, 0xf,
    0xf3, 0x88, 0x7, 0xc2, 0x62, 0x40, 0x1f, 0xbc,
    0x3, 0xff, 0x80, 0xc0, 0x1f, 0x91, 0x40, 0x3f,
    0xaf, 0xff, 0xff, 0x80, 0xe0, 0x1f, 0xb8, 0xc0,
    0x3f, 0xfa, 0x65, 0xe0, 0x1f, 0xfd, 0x37, 0x10,
    0xf, 0xfe, 0xa0, 0x80, 0x7f, 0xf4, 0xdf, 0xc0,
    0x3f, 0xfa, 0x66, 0x40, 0x1f, 0xc6, 0x7f, 0xfc,
    0xac, 0x40, 0xf, 0xe9, 0xcc, 0xff, 0xe4, 0xa0,
    0x90, 0x7, 0xe8, 0x0, 0xff, 0xe5, 0xd0, 0x7,
    0xe2, 0x90, 0xf, 0xfe, 0x4, 0x60, 0x7, 0xe6,
    0x0, 0xfe, 0x6a, 0x10, 0xf, 0xc5, 0x6e, 0x78,
    0x1, 0xf0, 0xb8, 0x7, 0xf2, 0xf4, 0xa9, 0x9,
    0x1b, 0x5e, 0xa0, 0x0, 0xf0, 0x40, 0x3d, 0x4,
    0x1, 0xfe, 0x6a, 0xde, 0xdc, 0x94, 0x0, 0xe3,
    0xc1, 0x0, 0xf7, 0x80, 0x7f, 0xf3, 0xb, 0x4,
    0x3, 0x8b, 0x0, 0x3f, 0xf9, 0x84, 0x40, 0xf,
    0x1e, 0x8, 0x7, 0xff, 0x24, 0x70, 0xc0, 0x3e,
    0x3f, 0x50, 0xf, 0xfe, 0x39, 0xe1, 0x80, 0x7f,
    0xd, 0x59, 0x80, 0x7f, 0xf0, 0xc6, 0x70, 0x80,
    0x3f, 0xf8, 0x9, 0x98, 0x72, 0x0, 0xfe, 0x15,
    0xae, 0x60, 0xf, 0xfe, 0x21, 0xc6, 0xf6, 0x4c,
    0xa2, 0x13, 0x5b, 0xd4, 0xa0, 0x1f, 0x80,

    /* U+00EC "ì" */
    0x0, 0xe6, 0x30, 0xf, 0xfe, 0x9, 0x4e, 0x20,
    0x7, 0xff, 0x3, 0xc0, 0x16, 0x80, 0x1f, 0xe9,
    0x20, 0xa, 0xd4, 0x3, 0xf2, 0x30, 0x7, 0x53,
    0x0, 0x78, 0x68, 0x3, 0xe9, 0x70, 0xe, 0xb1,
    0x0, 0xfd, 0x10, 0x0, 0x95, 0x40, 0x1f, 0xe7,
    0x90, 0x2, 0xd1, 0x0, 0x7f, 0x9a, 0x80, 0xb,
    0xb2, 0x20, 0x1f, 0xcb, 0x40, 0x13, 0x73, 0x80,
    0x7f, 0x68, 0x7, 0x47, 0x30, 0x7, 0x8d, 0xc0,
    0x3c, 0x33, 0xaa, 0x1, 0xb8, 0x3, 0xf8, 0xab,
    0xc, 0x24, 0x80, 0x3f, 0xe3, 0xcb, 0x60, 0xf,
    0xfe, 0x12, 0x0, 0x7f, 0xf6, 0xe3, 0xff, 0xf9,
    0x0, 0x3f, 0xff, 0xe0, 0x1f, 0xff, 0xf0, 0xf,
    0xff, 0xf8, 0x7, 0xff, 0xfc, 0x3, 0xff, 0xfe,
    0x1, 0xff, 0xff, 0x0, 0xff, 0xe9, 0x80,

    /* U+00ED "í" */
    0x0, 0xff, 0x40, 0x80, 0x7f, 0xf0, 0xa9, 0xe8,
    0x3, 0xff, 0x83, 0x6a, 0x8, 0xc0, 0x1f, 0xf5,
    0xa0, 0x5, 0x24, 0x1, 0xf8, 0x71, 0x0, 0x3b,
    0x80, 0x3e, 0x1c, 0x30, 0xf, 0x1c, 0x0, 0x70,
    0xe1, 0x0, 0x7e, 0x73, 0x0, 0x8b, 0xc8, 0x3,
    0xfd, 0xc0, 0x2, 0xc1, 0x0, 0xff, 0x2f, 0x81,
    0x60, 0x80, 0x7f, 0x26, 0x51, 0x1, 0x18, 0x7,
    0xe3, 0xbb, 0x18, 0x6, 0xe0, 0xf, 0x15, 0x62,
    0x0, 0x78, 0xdc, 0x2, 0x18, 0xd5, 0x0, 0xfe,
    0x82, 0x7, 0xe7, 0x0, 0xff, 0xe0, 0x7f, 0x40,
    0x7, 0xff, 0x8, 0x84, 0x3, 0xff, 0xcb, 0x1f,
    0xff, 0xc8, 0x1, 0xff, 0xff, 0x0, 0xff, 0xff,
    0x80, 0x7f, 0xff, 0xc0, 0x3f, 0xff, 0xe0, 0x1f,
    0xff, 0xf0, 0xf, 0xff, 0xf8, 0x7, 0xff, 0xcc,

    /* U+00EE "î" */
    0x0, 0xfc, 0x3d, 0xff, 0xd4, 0x1, 0xff, 0xc4,
    0x1c, 0x10, 0xe, 0x59, 0x0, 0xff, 0xe1, 0xe,
    0x10, 0x7, 0xcd, 0x20, 0x1f, 0xfc, 0x1, 0xc2,
    0x0, 0xfe, 0x69, 0x0, 0xff, 0xe, 0x10, 0x7,
    0xfc, 0xd2, 0x1, 0xf8, 0x70, 0x80, 0x3f, 0xf8,
    0x2d, 0x20, 0x1e, 0x1c, 0x20, 0xf, 0xfe, 0x1b,
    0x48, 0x6, 0x1c, 0x20, 0xf, 0xfe, 0x2b, 0x48,
    0x0, 0x70, 0x80, 0x3f, 0x2d, 0x98, 0x7, 0xe6,
    0x90, 0xb2, 0x0, 0xf8, 0xae, 0x93, 0x24, 0x3,
    0xf3, 0x25, 0x88, 0x7, 0xa3, 0x50, 0x2, 0x6e,
    0x40, 0xf, 0x2a, 0xd, 0x0, 0x64, 0xd7, 0x0,
    0xf0, 0xdd, 0x8, 0x4, 0x54, 0x0, 0x47, 0x1,
    0xab, 0x20, 0xf, 0xe5, 0xe6, 0x0, 0x70, 0x6,
    0x89, 0xe5, 0x0, 0xff, 0xe0, 0xce, 0x51, 0x80,
    0x73, 0x0, 0x7f, 0xf1, 0xd, 0x40, 0x3f, 0xfe,
    0x11, 0xff, 0xfc, 0x80, 0x1f, 0xff, 0xf0, 0xf,
    0xff, 0xf8, 0x7, 0xff, 0xfc, 0x3, 0xff, 0xfe,
    0x1, 0xff, 0xff, 0x0, 0xff, 0xff, 0x80, 0x7f,
    0xff, 0xc0, 0x3f, 0xff, 0xe0, 0x1f, 0xff, 0xf0,
    0xf, 0xff, 0xf8, 0x7, 0xc0,

    /* U+00EF "ï" */
    0x0, 0x1d, 0x77, 0xec, 0x8, 0x7, 0xc5, 0x5d,
    0xfd, 0x22, 0x1, 0x2e, 0x28, 0x81, 0x3e, 0x8,
    0x7, 0x26, 0xa8, 0x80, 0xb7, 0x90, 0x15, 0x0,
    0x78, 0xb4, 0x3, 0xd, 0x80, 0x78, 0x7c, 0x20,
    0x3, 0xf1, 0xa0, 0x5, 0x20, 0x1f, 0x89, 0x50,
    0x3, 0xfb, 0x0, 0x24, 0x0, 0xfe, 0xc1, 0x0,
    0xfe, 0x10, 0x8, 0x40, 0x3f, 0x8c, 0x80, 0x3f,
    0xb8, 0x2, 0x10, 0xf, 0xe2, 0x50, 0xf, 0xe4,
    0x0, 0xac, 0x3, 0xfb, 0x24, 0x40, 0x3e, 0x53,
    0x0, 0x98, 0x40, 0x3e, 0x44, 0xe, 0x88, 0x7,
    0x25, 0x0, 0x61, 0xc1, 0x0, 0xe3, 0xa0, 0x1,
    0xfc, 0x21, 0xad, 0x58, 0x7, 0x8b, 0xa1, 0xd,
    0x27, 0x4, 0x2, 0x17, 0xbc, 0xa5, 0x0, 0xfe,
    0x7b, 0xcb, 0x60, 0xf, 0xff, 0xf8, 0x7, 0xff,
    0x5e, 0x3f, 0xff, 0x90, 0x3, 0xff, 0xfe, 0x1,
    0xff, 0xff, 0x0, 0xff, 0xff, 0x80, 0x7f, 0xff,
    0xc0, 0x3f, 0xff, 0xe0, 0x1f, 0xff, 0xf0, 0xf,
    0xff, 0xf8, 0x7, 0xff, 0xfc, 0x3, 0xff, 0xfe,
    0x1, 0xff, 0xff, 0x0, 0xf8,

    /* U+00F0 "ð" */
    0x0, 0xf3, 0x44, 0x7f, 0x90, 0x3, 0xf1, 0x18,
    0x7, 0xff, 0x5, 0x5d, 0xff, 0xd6, 0x40, 0x18,
    0x5b, 0x37, 0xc0, 0x3f, 0xf8, 0x26, 0xe0, 0x1f,
    0xee, 0x0, 0x2d, 0xf4, 0x98, 0x19, 0x80, 0x3f,
    0xf8, 0x30, 0x60, 0x1f, 0xc7, 0x9f, 0x48, 0x1,
    0xd4, 0x1, 0xff, 0xc2, 0xe0, 0xf, 0xf1, 0x80,
    0x7e, 0x70, 0xf, 0xfe, 0x11, 0x50, 0x7, 0xff,
    0x18, 0x54, 0x3, 0xff, 0x84, 0xa4, 0x1, 0xff,
    0xc4, 0x4a, 0x50, 0xf, 0xfe, 0x2, 0x57, 0x90,
    0x7, 0xff, 0x4, 0xa3, 0xad, 0x40, 0x3f, 0xc5,
    0x1d, 0x6a, 0x1, 0xff, 0xc2, 0xcd, 0x71, 0x0,
    0xff, 0xab, 0x5c, 0x40, 0x3f, 0xf8, 0x94, 0x1,
    0xff, 0xc2, 0xd0, 0xf, 0xfe, 0x3b, 0x20, 0x7,
    0xff, 0x5, 0x80, 0x3f, 0x8c, 0x40, 0x3f, 0xa8,
    0x40, 0x3f, 0xf8, 0x2, 0xa0, 0x1c, 0x2f, 0xb9,
    0x40, 0x1f, 0xc3, 0x60, 0x1f, 0xfc, 0x1e, 0x0,
    0x96, 0xfa, 0x8, 0x11, 0x80, 0x3f, 0x95, 0x40,
    0x1f, 0xfc, 0x4, 0x59, 0xfa, 0x40, 0xe, 0x93,
    0x0, 0xfe, 0xb1, 0x0, 0xff, 0xe0, 0x53, 0x0,
    0x61, 0x47, 0x89, 0x70, 0xf, 0xe1, 0xa0, 0xf,
    0xfe, 0x22, 0xdf, 0x5c, 0x3b, 0x20, 0x7, 0xf9,
    0x18, 0x3, 0xff, 0x82, 0x9b, 0x48, 0x1, 0xff,
    0xc5, 0x92, 0x0, 0xff, 0xa6, 0xc8, 0x3, 0xff,
    0x91, 0xc0, 0x1f, 0xeb, 0x60, 0xf, 0xfe, 0x51,
    0xb0, 0x7, 0xeb, 0x40, 0xf, 0xfe, 0x64, 0x8,
    0x7, 0xa1, 0x0, 0x3f, 0xf9, 0xa3, 0x0, 0x1c,
    0x6e, 0x1, 0xff, 0xcf, 0x62, 0x0, 0xde, 0x1,
    0xff, 0x35, 0xf7, 0xf5, 0x20, 0x7, 0xfd, 0x40,
    0x11, 0x98, 0x3, 0xf8, 0xb6, 0x50, 0x40, 0x56,
    0xe8, 0x3, 0xfc, 0xc0, 0x15, 0x0, 0x7f, 0xe,
    0x10, 0x7, 0xcb, 0x40, 0x1f, 0xc2, 0x80, 0x7,
    0x0, 0xfe, 0xb1, 0x0, 0xfe, 0x55, 0x0, 0x7f,
    0x60, 0x8, 0x80, 0x3f, 0x12, 0x80, 0x7f, 0xd0,
    0x1, 0xfc, 0x80, 0xa0, 0x1f, 0xc8, 0x1, 0xff,
    0xc0, 0x22, 0x0, 0x7e, 0x30, 0x10, 0xf, 0xee,
    0x0, 0xff, 0xe0, 0xb0, 0x7, 0xf8, 0xc0, 0x3f,
    0x84, 0x3, 0xff, 0x82, 0x20, 0x1f, 0xc2, 0x60,
    0x1f, 0xc2, 0x1, 0xff, 0xc1, 0x60, 0xf, 0xf0,
    0x80, 0x7f, 0x60, 0x7, 0xff, 0x4, 0xc0, 0x3f,
    0x85, 0x40, 0x3f, 0x90, 0x40, 0x3f, 0xe4, 0x0,
    0xfe, 0x20, 0x11, 0x0, 0x7f, 0x48, 0x7, 0xfd,
    0x0, 0x1f, 0xce, 0x0, 0x70, 0xf, 0xe7, 0x50,
    0xf, 0xe9, 0x30, 0xf, 0xec, 0x0, 0x50, 0x7,
    0xfa, 0x9c, 0x3, 0xc3, 0x4c, 0x1, 0xfe, 0x60,
    0x1, 0xa0, 0x7, 0xfa, 0x3a, 0x59, 0x5a, 0xb9,
    0x40, 0x3f, 0xcc, 0x1, 0xa0, 0x3, 0xfe, 0x16,
    0x9a, 0x95, 0x0, 0xff, 0xe0, 0x40, 0x6, 0x37,
    0x0, 0xff, 0xe7, 0xc8, 0x80, 0x74, 0x18, 0x7,
    0xff, 0x35, 0x58, 0x3, 0xec, 0x30, 0xf, 0xfe,
    0x5a, 0x50, 0x7, 0xf6, 0x20, 0x7, 0xff, 0x25,
    0x6c, 0x3, 0xfe, 0xb7, 0x0, 0xff, 0xe3, 0xcd,
    0x0, 0x7f, 0xf0, 0x63, 0x50, 0x3, 0xff, 0x86,
    0xdc, 0xc0, 0x1f, 0xfc, 0x32, 0xbd, 0x72, 0x0,
    0xfe, 0x38, 0xe9, 0x10, 0xf, 0xfe, 0x31, 0x46,
    0xf5, 0xcc, 0x45, 0x39, 0xf8, 0xe2, 0x1, 0xfe,

    /* U+00F1 "ñ" */
    0x0, 0xf8, 0x5a, 0x6a, 0x5c, 0x80, 0x3f, 0xf9,
    0x43, 0x5d, 0x2c, 0xad, 0x1b, 0x66, 0x1, 0xf3,
    0xe8, 0x80, 0x7f, 0x27, 0xa8, 0x7, 0xc9, 0x94,
    0x40, 0x19, 0xe0, 0xb4, 0x40, 0x3e, 0x4b, 0x10,
    0xf, 0xf2, 0xee, 0x55, 0x3a, 0x0, 0x7, 0xa0,
    0x1e, 0x2a, 0x0, 0xff, 0xe1, 0x1a, 0xa8, 0x40,
    0x31, 0xe0, 0x7, 0x70, 0x80, 0x7f, 0xf2, 0xce,
    0x40, 0x35, 0x80, 0x7f, 0xf3, 0x6c, 0x3, 0x3c,
    0x0, 0x7f, 0xf2, 0xec, 0x80, 0x39, 0xe0, 0x2,
    0x5c, 0xee, 0x5a, 0x80, 0x7f, 0xf0, 0x29, 0x0,
    0x3e, 0x78, 0x8, 0xa3, 0x11, 0x25, 0x62, 0x0,
    0x7e, 0x2c, 0x50, 0xf, 0xe7, 0xb7, 0x0, 0xf1,
    0xde, 0x31, 0x0, 0x5, 0x6b, 0x4c, 0x3, 0xfe,
    0x40, 0xf, 0xe3, 0x9d, 0xff, 0x75, 0x28, 0x7,
    0xff, 0xfc, 0x3, 0xf8, 0x51, 0x9d, 0xcc, 0x60,
    0x1f, 0xd1, 0xff, 0xfc, 0x80, 0x6, 0xde, 0xb9,
    0x88, 0x4e, 0x7c, 0x90, 0x7, 0xff, 0x15, 0x7a,
    0x48, 0x3, 0xf3, 0x6c, 0x0, 0x7f, 0xf0, 0xe2,
    0x84, 0x3, 0xff, 0x80, 0xf8, 0x20, 0x1f, 0xfc,
    0x13, 0x0, 0xff, 0xe1, 0x9e, 0x80, 0x7f, 0xf4,
    0x8e, 0x80, 0x3f, 0xfa, 0x4a, 0x80, 0x1f, 0xfd,
    0x28, 0x0, 0xff, 0xe9, 0x19, 0x0, 0x7f, 0xf0,
    0x5e, 0xf7, 0x20, 0x80, 0x3f, 0xe5, 0x0, 0xff,
    0x8b, 0x61, 0x8, 0xdf, 0x54, 0x3, 0xfd, 0xa0,
    0x1f, 0xf7, 0x90, 0x7, 0xa8, 0x80, 0x3f, 0x84,
    0x3, 0xfc, 0xc4, 0x1, 0xfa, 0x0, 0x3f, 0x9c,
    0x3, 0xfd, 0x80, 0x1f, 0xc8, 0x1, 0xff, 0xc8,
    0x10, 0xf, 0xe1, 0x0, 0xff, 0xff, 0x80, 0x7f,
    0xff, 0xc0, 0x3f, 0xff, 0xe0, 0x1f, 0xff, 0xf0,
    0xf, 0xff, 0xf8, 0x7, 0xff, 0xfc, 0x3, 0xff,
    0xfe, 0x1, 0xff, 0xc0,

    /* U+00F2 "ò" */
    0x0, 0xff, 0xe0, 0x98, 0x80, 0x7f, 0xf5, 0x7,
    0x7c, 0x80, 0x3f, 0xfa, 0x76, 0x22, 0xc2, 0x0,
    0xff, 0xe8, 0xaa, 0x80, 0x3, 0x86, 0x1, 0xff,
    0xcf, 0x2a, 0x0, 0xc3, 0x88, 0x1, 0xff, 0xce,
    0xe0, 0xf, 0xad, 0x40, 0x3f, 0xf9, 0x8e, 0x60,
    0x1f, 0xa9, 0x40, 0x3f, 0xf9, 0x47, 0x0, 0x1f,
    0xea, 0x60, 0xf, 0xfe, 0x49, 0x38, 0x7, 0xfd,
    0x2e, 0x1, 0xff, 0xc8, 0x18, 0xe5, 0x0, 0xff,
    0x44, 0x0, 0x3f, 0xf9, 0x23, 0x5a, 0x80, 0x1f,
    0xc4, 0x1, 0xff, 0xcb, 0x2b, 0xc3, 0x0, 0xf0,
    0xd8, 0x7, 0xff, 0x34, 0xf2, 0x88, 0x3, 0x50,
    0x80, 0x7f, 0xf3, 0xd7, 0x64, 0x41, 0x50, 0x3,
    0xff, 0xa4, 0xdd, 0x14, 0x1, 0xff, 0xd5, 0x70,
    0xf, 0xff, 0x90, 0xa3, 0x3b, 0xcc, 0x62, 0x1,
    0xff, 0xcb, 0x38, 0xde, 0xb9, 0x88, 0xa7, 0x3b,
    0x60, 0x80, 0x3f, 0xf8, 0xc7, 0x98, 0x72, 0x0,
    0xfe, 0x27, 0xdb, 0x20, 0xf, 0xfe, 0x1c, 0xe1,
    0x80, 0x7f, 0xf0, 0xd3, 0x60, 0x3, 0xff, 0x80,
    0x5a, 0xc0, 0x1f, 0xfc, 0x77, 0xc1, 0x0, 0xfe,
    0x2c, 0x20, 0xf, 0xfe, 0x49, 0xe0, 0x80, 0x7c,
    0x38, 0x20, 0x1f, 0xfc, 0xb2, 0xc0, 0xf, 0xb4,
    0x40, 0x3f, 0xf9, 0xa5, 0x40, 0x1c, 0xe6, 0x1,
    0xff, 0xcf, 0x54, 0x0, 0xd2, 0x1, 0xff, 0xc0,
    0x47, 0x87, 0x40, 0xf, 0xfe, 0x4, 0x80, 0x4e,
    0x20, 0x1f, 0xe7, 0xfb, 0x87, 0x8b, 0xe5, 0x0,
    0xff, 0x12, 0x0, 0x2c, 0x3, 0xfd, 0x50, 0x1,
    0xe1, 0xa8, 0x0, 0xff, 0x70, 0x9, 0x80, 0x7f,
    0x3a, 0x80, 0x7f, 0x3a, 0x80, 0x7f, 0x28, 0x28,
    0x7, 0xf0, 0xc0, 0x7, 0xfd, 0x60, 0x1f, 0xe2,
    0x30, 0xf, 0xe4, 0x0, 0xff, 0xe0, 0x9, 0x80,
    0x7f, 0x3f, 0x80, 0x7f, 0x68, 0x7, 0xff, 0x5,
    0x40, 0x3f, 0x8c, 0x40, 0x3f, 0x84, 0x3, 0xff,
    0x82, 0x20, 0x1f, 0xe1, 0x0, 0xfe, 0x10, 0xf,
    0xfe, 0x8, 0x80, 0x7f, 0xbc, 0x3, 0xfb, 0x40,
    0x3f, 0xf8, 0x2a, 0x1, 0xfc, 0x66, 0x0, 0xfe,
    0x40, 0xf, 0xfe, 0x1, 0x18, 0x7, 0xf3, 0xa8,
    0x7, 0xf0, 0xb8, 0x7, 0xfd, 0x0, 0x1f, 0xc2,
    0x42, 0x60, 0x1f, 0xd0, 0x80, 0x1f, 0xcc, 0xa0,
    0x1f, 0xc8, 0x0, 0xa0, 0xf, 0xf5, 0xc0, 0x7,
    0x86, 0x64, 0x1, 0xfe, 0xe0, 0x3, 0x8, 0x7,
    0xf9, 0xfe, 0xa1, 0xe2, 0xf9, 0x80, 0x3f, 0xc6,
    0x80, 0x14, 0x0, 0x7f, 0xf0, 0x15, 0xe1, 0xd0,
    0x3, 0xff, 0x81, 0x0, 0x19, 0x90, 0x3, 0xff,
    0x9e, 0xc8, 0x1, 0xd4, 0x20, 0x1f, 0xfc, 0xd3,
    0x90, 0xf, 0xe, 0x8, 0x7, 0xff, 0x2c, 0xb4,
    0x3, 0xf1, 0x61, 0x0, 0x7f, 0xf2, 0x4f, 0x4,
    0x3, 0xf8, 0xb5, 0x80, 0x3f, 0xf8, 0xef, 0x82,
    0x1, 0xff, 0xc0, 0x9c, 0x40, 0xf, 0xfe, 0x1a,
    0xec, 0x0, 0x7f, 0xf0, 0xce, 0xf1, 0xc8, 0x3,
    0xf8, 0x9f, 0x68, 0x80, 0x3f, 0xf8, 0xc7, 0x1b,
    0xd7, 0x31, 0x14, 0xe7, 0x6c, 0x10, 0x7, 0xf8,

    /* U+00F3 "ó" */
    0x0, 0xff, 0xe3, 0xa0, 0x7, 0xff, 0x55, 0xae,
    0x40, 0x3f, 0xfa, 0x6f, 0x20, 0xc8, 0x1, 0xff,
    0xd1, 0x88, 0x0, 0x54, 0x20, 0x1f, 0xfc, 0xf9,
    0x70, 0xc, 0x34, 0x1, 0xff, 0xce, 0x96, 0x0,
    0xf2, 0x30, 0x7, 0xff, 0x32, 0x98, 0x3, 0xf4,
    0x90, 0x7, 0xff, 0x2a, 0xd4, 0x3, 0xfd, 0xc0,
    0x1f, 0xfc, 0x9c, 0x40, 0xf, 0xf1, 0x48, 0x7,
    0xff, 0x1c, 0x70, 0xc0, 0x3f, 0x86, 0x75, 0x40,
    0x3f, 0xf9, 0x4, 0x1, 0xfc, 0xfc, 0xc0, 0x1f,
    0xfc, 0x91, 0xb0, 0xf, 0x9b, 0xa0, 0x3, 0xff,
    0x98, 0xaa, 0x0, 0xcb, 0xb2, 0x20, 0x1f, 0xfc,
    0xeb, 0x10, 0x3c, 0xa2, 0x0, 0xff, 0xe8, 0xd,
    0x5e, 0x18, 0x7, 0xff, 0x4d, 0x10, 0x1, 0xff,
    0xf9, 0x14, 0x67, 0x79, 0x8c, 0x40, 0x3f, 0xf9,
    0x67, 0x1b, 0xd7, 0x31, 0x14, 0xe7, 0x6c, 0x10,
    0x7, 0xff, 0x18, 0xf3, 0xe, 0x40, 0x1f, 0xc4,
    0xfb, 0x64, 0x1, 0xff, 0xc3, 0x9c, 0x30, 0xf,
    0xfe, 0x1a, 0x6c, 0x0, 0x7f, 0xf0, 0xb, 0x58,
    0x3, 0xff, 0x8e, 0xf8, 0x20, 0x1f, 0xc5, 0x84,
    0x1, 0xff, 0xc9, 0x3c, 0x10, 0xf, 0x87, 0x4,
    0x3, 0xff, 0x96, 0x58, 0x1, 0xf6, 0x88, 0x7,
    0xff, 0x34, 0xa8, 0x3, 0x9c, 0xc0, 0x3f, 0xf9,
    0xea, 0x80, 0x1a, 0x40, 0x3f, 0xf8, 0x8, 0xf0,
    0xe8, 0x1, 0xff, 0xc0, 0x90, 0x9, 0xc4, 0x3,
    0xfc, 0xff, 0x70, 0xf1, 0x7c, 0xa0, 0x1f, 0xe2,
    0x40, 0x5, 0x80, 0x7f, 0xaa, 0x0, 0x3c, 0x35,
    0x0, 0x1f, 0xee, 0x1, 0x30, 0xf, 0xe7, 0x50,
    0xf, 0xe7, 0x50, 0xf, 0xe5, 0x5, 0x0, 0xfe,
    0x18, 0x0, 0xff, 0xac, 0x3, 0xfc, 0x46, 0x1,
    0xfc, 0x80, 0x1f, 0xfc, 0x1, 0x30, 0xf, 0xe7,
    0xf0, 0xf, 0xed, 0x0, 0xff, 0xe0, 0xa8, 0x7,
    0xf1, 0x88, 0x7, 0xf0, 0x80, 0x7f, 0xf0, 0x44,
    0x3, 0xfc, 0x20, 0x1f, 0xc2, 0x1, 0xff, 0xc1,
    0x10, 0xf, 0xf7, 0x80, 0x7f, 0x68, 0x7, 0xff,
    0x5, 0x40, 0x3f, 0x8c, 0xc0, 0x1f, 0xc8, 0x1,
    0xff, 0xc0, 0x23, 0x0, 0xfe, 0x75, 0x0, 0xfe,
    0x17, 0x0, 0xff, 0xa0, 0x3, 0xf8, 0x48, 0x4c,
    0x3, 0xfa, 0x10, 0x3, 0xf9, 0x94, 0x3, 0xf9,
    0x0, 0x14, 0x1, 0xfe, 0xb8, 0x0, 0xf0, 0xcc,
    0x80, 0x3f, 0xdc, 0x0, 0x61, 0x0, 0xff, 0x3f,
    0xd4, 0x3c, 0x5f, 0x30, 0x7, 0xf8, 0xd0, 0x2,
    0x80, 0xf, 0xfe, 0x2, 0xbc, 0x3a, 0x0, 0x7f,
    0xf0, 0x20, 0x3, 0x32, 0x0, 0x7f, 0xf3, 0xd9,
    0x0, 0x3a, 0x84, 0x3, 0xff, 0x9a, 0x72, 0x1,
    0xe1, 0xc1, 0x0, 0xff, 0xe5, 0x96, 0x80, 0x7e,
    0x2c, 0x20, 0xf, 0xfe, 0x49, 0xe0, 0x80, 0x7f,
    0x16, 0xb0, 0x7, 0xff, 0x1d, 0xf0, 0x40, 0x3f,
    0xf8, 0x13, 0x88, 0x1, 0xff, 0xc3, 0x5d, 0x80,
    0xf, 0xfe, 0x19, 0xde, 0x39, 0x0, 0x7f, 0x13,
    0xed, 0x10, 0x7, 0xff, 0x18, 0xe3, 0x7a, 0xe6,
    0x22, 0x9c, 0xed, 0x82, 0x0, 0xff, 0x0,

    /* U+00F4 "ô" */
    0x0, 0xff, 0xe1, 0x2c, 0x47, 0x18, 0x7, 0xff,
    0x3d, 0x69, 0xdf, 0xb0, 0xc0, 0x3f, 0xf9, 0xa9,
    0x40, 0x1f, 0x61, 0x80, 0x7f, 0xf2, 0xd2, 0xc0,
    0x3f, 0xb4, 0x80, 0x3f, 0xf9, 0x27, 0x60, 0x1f,
    0xe1, 0xc2, 0x0, 0xff, 0xe3, 0x9e, 0x0, 0x7f,
    0xf0, 0x7, 0x4, 0x3, 0xff, 0x8a, 0x5a, 0x1,
    0xff, 0xc2, 0x1c, 0x10, 0xf, 0xfe, 0x19, 0x60,
    0x80, 0x7f, 0xf0, 0xcb, 0x4, 0x3, 0xff, 0x82,
    0x38, 0x20, 0x1f, 0xfc, 0x52, 0xd0, 0xf, 0xfe,
    0x0, 0xe0, 0x80, 0x7e, 0x6d, 0x50, 0xf, 0xc7,
    0x80, 0x1f, 0xf4, 0x90, 0x7, 0xc7, 0x92, 0x55,
    0x62, 0x1, 0xf1, 0xb0, 0x7, 0xfa, 0x8, 0x3,
    0xd1, 0x86, 0x1, 0x27, 0x30, 0x7, 0x91, 0x80,
    0x3f, 0xef, 0x0, 0xc9, 0xce, 0x1, 0xf4, 0xd9,
    0x0, 0x43, 0x40, 0x1f, 0xfc, 0x2, 0xa0, 0x1b,
    0xb0, 0x80, 0x7f, 0x26, 0xb8, 0x2, 0xc4, 0x3,
    0xff, 0x82, 0xb5, 0xc8, 0x1, 0xff, 0xc1, 0x8c,
    0x85, 0x0, 0xff, 0xe1, 0xa8, 0x7, 0xff, 0x10,
    0xdc, 0x3, 0xff, 0xd8, 0x28, 0xce, 0xf3, 0x18,
    0x80, 0x7f, 0xf2, 0xce, 0x37, 0xae, 0x62, 0x29,
    0xce, 0xd8, 0x20, 0xf, 0xfe, 0x31, 0xe6, 0x1c,
    0x80, 0x3f, 0x89, 0xf6, 0xc8, 0x3, 0xff, 0x87,
    0x38, 0x60, 0x1f, 0xfc, 0x34, 0xd8, 0x0, 0xff,
    0xe0, 0x16, 0xb0, 0x7, 0xff, 0x1d, 0xf0, 0x40,
    0x3f, 0x8b, 0x8, 0x3, 0xff, 0x92, 0x78, 0x20,
    0x1f, 0xe, 0x8, 0x7, 0xff, 0x2c, 0xb0, 0x3,
    0xed, 0x10, 0xf, 0xfe, 0x69, 0x50, 0x7, 0x39,
    0x80, 0x7f, 0xf3, 0xd5, 0x0, 0x34, 0x80, 0x7f,
    0xf0, 0x11, 0xe1, 0xd0, 0x3, 0xff, 0x81, 0x20,
    0x13, 0x88, 0x7, 0xf9, 0xfe, 0xe1, 0xe2, 0xf9,
    0x40, 0x3f, 0xc4, 0x80, 0xb, 0x0, 0xff, 0x54,
    0x0, 0x78, 0x6a, 0x0, 0x3f, 0xdc, 0x2, 0x60,
    0x1f, 0xce, 0xa0, 0x1f, 0xce, 0xa0, 0x1f, 0xca,
    0xa, 0x1, 0xfc, 0x30, 0x1, 0xff, 0x58, 0x7,
    0xf8, 0x8c, 0x3, 0xf9, 0x0, 0x3f, 0xf8, 0x2,
    0x60, 0x1f, 0xcf, 0xe0, 0x1f, 0xda, 0x1, 0xff,
    0xc1, 0x50, 0xf, 0xe3, 0x10, 0xf, 0xe1, 0x0,
    0xff, 0xe0, 0x88, 0x7, 0xf8, 0x40, 0x3f, 0x84,
    0x3, 0xff, 0x82, 0x20, 0x1f, 0xef, 0x0, 0xfe,
    0xd0, 0xf, 0xfe, 0xa, 0x80, 0x7f, 0x19, 0x80,
    0x3f, 0x90, 0x3, 0xff, 0x80, 0x46, 0x1, 0xfc,
    0xea, 0x1, 0xfc, 0x2e, 0x1, 0xff, 0x40, 0x7,
    0xf0, 0x90, 0x98, 0x7, 0xf4, 0x20, 0x7, 0xf3,
    0x28, 0x7, 0xf2, 0x0, 0x28, 0x3, 0xfd, 0x70,
    0x1, 0xe1, 0x99, 0x0, 0x7f, 0xb8, 0x0, 0xc2,
    0x1, 0xfe, 0x7f, 0xa8, 0x78, 0xbe, 0x60, 0xf,
    0xf1, 0xa0, 0x5, 0x0, 0x1f, 0xfc, 0x5, 0x78,
    0x74, 0x0, 0xff, 0xe0, 0x40, 0x6, 0x64, 0x0,
    0xff, 0xe7, 0xb2, 0x0, 0x75, 0x8, 0x7, 0xff,
    0x34, 0xe4, 0x3, 0xc3, 0x82, 0x1, 0xff, 0xcb,
    0x2d, 0x0, 0xfc, 0x58, 0x40, 0x1f, 0xfc, 0x93,
    0xc1, 0x0, 0xfe, 0x2d, 0x60, 0xf, 0xfe, 0x3b,
    0xe0, 0x80, 0x7f, 0xf0, 0x27, 0x10, 0x3, 0xff,
    0x86, 0xbb, 0x0, 0x1f, 0xfc, 0x33, 0xbc, 0x72,
    0x0, 0xfe, 0x27, 0xda, 0x20, 0xf, 0xfe, 0x31,
    0xc6, 0xf5, 0xcc, 0x45, 0x39, 0xdb, 0x4, 0x1,
    0xfe,

    /* U+00F5 "õ" */
    0x0, 0xfe, 0x16, 0x9a, 0x97, 0x20, 0xf, 0xfe,
    0x70, 0xd7, 0x4b, 0x2b, 0x46, 0xe1, 0x80, 0x7c,
    0xba, 0x20, 0x1f, 0xfc, 0x13, 0xf5, 0x0, 0xf8,
    0xf2, 0x88, 0x3, 0x35, 0x16, 0x8, 0x7, 0xfc,
    0x78, 0x20, 0x1f, 0xe5, 0xdc, 0xaa, 0x74, 0x80,
    0xb, 0x4, 0x3, 0xf8, 0x74, 0x3, 0xff, 0x84,
    0x6a, 0xa1, 0x0, 0xc5, 0xa2, 0x1, 0xfa, 0x84,
    0x3, 0xff, 0x96, 0x76, 0x1, 0xfb, 0x40, 0x3f,
    0xf9, 0xb2, 0x1, 0xf9, 0xa4, 0x3, 0xff, 0x97,
    0x46, 0x1, 0xfc, 0xd2, 0x1, 0x25, 0xf7, 0xe2,
    0x80, 0x7f, 0xf0, 0x25, 0x40, 0x3f, 0xe6, 0x90,
    0x7b, 0x41, 0x3, 0xad, 0x40, 0xf, 0xc3, 0x6c,
    0x1, 0xff, 0xc1, 0x6b, 0x80, 0xf, 0x15, 0xe3,
    0x10, 0x0, 0x52, 0x79, 0x0, 0x3f, 0xf8, 0x68,
    0x1, 0xfc, 0x73, 0xbf, 0xee, 0xb6, 0x0, 0xff,
    0xff, 0x80, 0x7f, 0xf1, 0x45, 0x19, 0xde, 0x63,
    0x10, 0xf, 0xfe, 0x59, 0xc6, 0xf5, 0xcc, 0x45,
    0x39, 0xdb, 0x4, 0x1, 0xff, 0xc6, 0x3c, 0xc3,
    0x90, 0x7, 0xf1, 0x3e, 0xd9, 0x0, 0x7f, 0xf0,
    0xe7, 0xc, 0x3, 0xff, 0x86, 0x9b, 0x0, 0x1f,
    0xfc, 0x2, 0xd6, 0x0, 0xff, 0xe3, 0xbe, 0x8,
    0x7, 0xf1, 0x61, 0x0, 0x7f, 0xf2, 0x4f, 0x4,
    0x3, 0xe1, 0xc1, 0x0, 0xff, 0xe5, 0x96, 0x0,
    0x7d, 0xa2, 0x1, 0xff, 0xcd, 0x2a, 0x0, 0xe7,
    0x30, 0xf, 0xfe, 0x7a, 0xa0, 0x6, 0x90, 0xf,
    0xfe, 0x2, 0x3c, 0x3a, 0x0, 0x7f, 0xf0, 0x24,
    0x2, 0x71, 0x0, 0xff, 0x3f, 0xdc, 0x3c, 0x5f,
    0x28, 0x7, 0xf8, 0x90, 0x1, 0x60, 0x1f, 0xea,
    0x80, 0xf, 0xd, 0x40, 0x7, 0xfb, 0x80, 0x4c,
    0x3, 0xf9, 0xd4, 0x3, 0xf9, 0xd4, 0x3, 0xf9,
    0x41, 0x40, 0x3f, 0x86, 0x0, 0x3f, 0xeb, 0x0,
    0xff, 0x11, 0x80, 0x7f, 0x20, 0x7, 0xff, 0x0,
    0x4c, 0x3, 0xf9, 0xfc, 0x3, 0xfb, 0x40, 0x3f,
    0xf8, 0x2a, 0x1, 0xfc, 0x62, 0x1, 0xfc, 0x20,
    0x1f, 0xfc, 0x11, 0x0, 0xff, 0x8, 0x7, 0xf0,
    0x80, 0x7f, 0xf0, 0x44, 0x3, 0xfd, 0xe0, 0x1f,
    0xda, 0x1, 0xff, 0xc1, 0x50, 0xf, 0xe3, 0x30,
    0x7, 0xf2, 0x0, 0x7f, 0xf0, 0x8, 0xc0, 0x3f,
    0x9d, 0x40, 0x3f, 0x85, 0xc0, 0x3f, 0xe8, 0x0,
    0xfe, 0x12, 0x13, 0x0, 0xfe, 0x84, 0x0, 0xfe,
    0x65, 0x0, 0xfe, 0x40, 0x5, 0x0, 0x7f, 0xae,
    0x0, 0x3c, 0x33, 0x20, 0xf, 0xf7, 0x0, 0x18,
    0x40, 0x3f, 0xcf, 0xf5, 0xf, 0x17, 0xcc, 0x1,
    0xfe, 0x34, 0x0, 0xa0, 0x3, 0xff, 0x80, 0xaf,
    0xe, 0x80, 0x1f, 0xfc, 0x8, 0x0, 0xcc, 0x80,
    0x1f, 0xfc, 0xf6, 0x40, 0xe, 0xa1, 0x0, 0xff,
    0xe6, 0x9c, 0x80, 0x78, 0x70, 0x40, 0x3f, 0xf9,
    0x65, 0xa0, 0x1f, 0x8b, 0x8, 0x3, 0xff, 0x92,
    0x78, 0x20, 0x1f, 0xc5, 0xac, 0x1, 0xff, 0xc7,
    0x7c, 0x10, 0xf, 0xfe, 0x4, 0xe2, 0x0, 0x7f,
    0xf0, 0xd7, 0x60, 0x3, 0xff, 0x86, 0x77, 0x8e,
    0x40, 0x1f, 0xc4, 0xfb, 0x44, 0x1, 0xff, 0xc6,
    0x38, 0xde, 0xb9, 0x88, 0xa7, 0x3b, 0x60, 0x80,
    0x3f, 0xc0,

    /* U+00F6 "ö" */
    0x0, 0xf8, 0xab, 0xbf, 0xa4, 0x40, 0x3e, 0x19,
    0xef, 0xea, 0x20, 0xf, 0xfe, 0xa, 0x6a, 0x88,
    0xb, 0x79, 0x80, 0x71, 0xfb, 0x8, 0xa, 0xe9,
    0x80, 0x7f, 0xc3, 0x60, 0x1e, 0x1e, 0x0, 0xed,
    0x10, 0xf, 0x68, 0x7, 0xfd, 0x20, 0x1f, 0x89,
    0x40, 0x27, 0x10, 0xf, 0x85, 0xc0, 0x3f, 0xc8,
    0x1, 0xfd, 0x80, 0x16, 0x0, 0x7f, 0x60, 0x7,
    0xf8, 0x40, 0x3f, 0x8c, 0x2, 0x70, 0xf, 0xe7,
    0x0, 0xff, 0x30, 0x7, 0xf1, 0x80, 0x4c, 0x1,
    0xfc, 0xc0, 0x1f, 0xec, 0x0, 0xfe, 0xd0, 0xb,
    0xc0, 0x3f, 0xb0, 0x3, 0xfc, 0xe4, 0x1, 0xf1,
    0xa0, 0x4, 0xa4, 0x1, 0xf1, 0x30, 0x7, 0xfd,
    0xe2, 0x1, 0xc5, 0xa0, 0x1d, 0x84, 0x1, 0xc5,
    0xe0, 0x1f, 0xfc, 0x2, 0xe8, 0x43, 0x49, 0xd1,
    0x0, 0xe1, 0xd9, 0x43, 0x48, 0xd2, 0x0, 0xff,
    0xe1, 0x3d, 0xe5, 0xb0, 0x7, 0xf3, 0x5e, 0x5b,
    0x80, 0x7f, 0xff, 0xc0, 0x3f, 0xfc, 0xe2, 0x8c,
    0xef, 0x31, 0x88, 0x7, 0xff, 0x2c, 0xe3, 0x7a,
    0xe6, 0x22, 0x9c, 0xed, 0x82, 0x0, 0xff, 0xe3,
    0x1e, 0x61, 0xc8, 0x3, 0xf8, 0x9f, 0x6c, 0x80,
    0x3f, 0xf8, 0x73, 0x86, 0x1, 0xff, 0xc3, 0x4d,
    0x80, 0xf, 0xfe, 0x1, 0x6b, 0x0, 0x7f, 0xf1,
    0xdf, 0x4, 0x3, 0xf8, 0xb0, 0x80, 0x3f, 0xf9,
    0x27, 0x82, 0x1, 0xf0, 0xe0, 0x80, 0x7f, 0xf2,
    0xcb, 0x0, 0x3e, 0xd1, 0x0, 0xff, 0xe6, 0x95,
    0x0, 0x73, 0x98, 0x7, 0xff, 0x3d, 0x50, 0x3,
    0x48, 0x7, 0xff, 0x1, 0x1e, 0x1d, 0x0, 0x3f,
    0xf8, 0x12, 0x1, 0x38, 0x80, 0x7f, 0x9f, 0xee,
    0x1e, 0x2f, 0x94, 0x3, 0xfc, 0x48, 0x0, 0xb0,
    0xf, 0xf5, 0x40, 0x7, 0x86, 0xa0, 0x3, 0xfd,
    0xc0, 0x26, 0x1, 0xfc, 0xea, 0x1, 0xfc, 0xea,
    0x1, 0xfc, 0xa0, 0xa0, 0x1f, 0xc3, 0x0, 0x1f,
    0xf5, 0x80, 0x7f, 0x88, 0xc0, 0x3f, 0x90, 0x3,
    0xff, 0x80, 0x26, 0x1, 0xfc, 0xfe, 0x1, 0xfd,
    0xa0, 0x1f, 0xfc, 0x15, 0x0, 0xfe, 0x31, 0x0,
    0xfe, 0x10, 0xf, 0xfe, 0x8, 0x80, 0x7f, 0x84,
    0x3, 0xf8, 0x40, 0x3f, 0xf8, 0x22, 0x1, 0xfe,
    0xf0, 0xf, 0xed, 0x0, 0xff, 0xe0, 0xa8, 0x7,
    0xf1, 0x98, 0x3, 0xf9, 0x0, 0x3f, 0xf8, 0x4,
    0x60, 0x1f, 0xce, 0xa0, 0x1f, 0xc2, 0xe0, 0x1f,
    0xf4, 0x0, 0x7f, 0x9, 0x9, 0x80, 0x7f, 0x42,
    0x0, 0x7f, 0x32, 0x80, 0x7f, 0x20, 0x2, 0x80,
    0x3f, 0xd7, 0x0, 0x1e, 0x19, 0x90, 0x7, 0xfb,
    0x80, 0xc, 0x20, 0x1f, 0xe7, 0xfa, 0x87, 0x8b,
    0xe6, 0x0, 0xff, 0x1a, 0x0, 0x50, 0x1, 0xff,
    0xc0, 0x57, 0x87, 0x40, 0xf, 0xfe, 0x4, 0x0,
    0x66, 0x40, 0xf, 0xfe, 0x7b, 0x20, 0x7, 0x50,
    0x80, 0x7f, 0xf3, 0x4e, 0x40, 0x3c, 0x38, 0x20,
    0x1f, 0xfc, 0xb2, 0xd0, 0xf, 0xc5, 0x84, 0x1,
    0xff, 0xc9, 0x3c, 0x10, 0xf, 0xe2, 0xd6, 0x0,
    0xff, 0xe3, 0xbe, 0x8, 0x7, 0xff, 0x2, 0x71,
    0x0, 0x3f, 0xf8, 0x6b, 0xb0, 0x1, 0xff, 0xc3,
    0x3b, 0xc7, 0x20, 0xf, 0xe2, 0x7d, 0xa2, 0x0,
    0xff, 0xe3, 0x1c, 0x6f, 0x5c, 0xc4, 0x53, 0x9d,
    0xb0, 0x40, 0x1f, 0xe0,

    /* U+00F7 "÷" */
    0x0, 0xff, 0xe0, 0x92, 0xb1, 0x80, 0x7f, 0xf3,
    0x7, 0x36, 0xa7, 0x30, 0x40, 0x1f, 0xfc, 0x91,
    0xf3, 0x0, 0xc7, 0x82, 0x1, 0xff, 0xc8, 0x81,
    0x0, 0xf0, 0xd8, 0x7, 0xff, 0x21, 0xc0, 0x3f,
    0x28, 0x7, 0xff, 0x20, 0x40, 0x3f, 0x88, 0x3,
    0xff, 0xa2, 0x60, 0x1f, 0xfc, 0x72, 0x0, 0xfc,
    0x22, 0x0, 0xff, 0xe3, 0xd8, 0x7, 0xe9, 0x0,
    0xff, 0xe4, 0x33, 0x0, 0x3c, 0xae, 0x1, 0xff,
    0xc9, 0x9a, 0x30, 0x1, 0xcd, 0x0, 0x7f, 0xf2,
    0xd7, 0x3f, 0xd8, 0xc0, 0x1f, 0xfd, 0xe2, 0x2f,
    0xfe, 0x97, 0xee, 0xff, 0xf4, 0x30, 0x3, 0xff,
    0xfe, 0x1, 0xff, 0xff, 0x0, 0xff, 0xf8, 0x6f,
    0xff, 0xff, 0x43, 0x80, 0x3f, 0xfb, 0xe8, 0xee,
    0x40, 0xf, 0xfe, 0x61, 0x6d, 0xc4, 0x2f, 0x4c,
    0x3, 0xff, 0x92, 0x38, 0x40, 0x18, 0xb4, 0x80,
    0x3f, 0xf9, 0x10, 0x20, 0x1e, 0x18, 0x0, 0xff,
    0xe4, 0x38, 0x7, 0xe5, 0x0, 0xff, 0xe4, 0x8,
    0x7, 0xf1, 0x0, 0x7f, 0xf4, 0x4c, 0x3, 0xff,
    0x8e, 0x60, 0x1f, 0x84, 0x40, 0x1f, 0xfc, 0x79,
    0x0, 0xfd, 0x0, 0x1f, 0xfc, 0x85, 0x60, 0xf,
    0x2b, 0x0, 0x7f, 0xf2, 0x66, 0x8c, 0x0, 0x73,
    0x40, 0x1f, 0xf0,

    /* U+00F8 "ø" */
    0x0, 0xff, 0xe8, 0x8a, 0x80, 0x7f, 0xf1, 0x45,
    0x19, 0xdc, 0xca, 0x60, 0x1f, 0xe, 0x53, 0x0,
    0x7f, 0xf0, 0x4e, 0x77, 0xae, 0x62, 0x13, 0x59,
    0xf8, 0xc2, 0x0, 0x1c, 0x20, 0x96, 0x0, 0xff,
    0x26, 0x61, 0x88, 0x3, 0xf8, 0xe7, 0xa4, 0xf0,
    0x80, 0x29, 0x60, 0xf, 0x86, 0xac, 0xc0, 0x3f,
    0xf8, 0x6d, 0x84, 0x1, 0xd2, 0xa0, 0x1c, 0x58,
    0xa0, 0x1f, 0xfd, 0x33, 0xd2, 0x0, 0xff, 0xe7,
    0x52, 0x80, 0x45, 0xa0, 0x1f, 0xfc, 0xfa, 0x50,
    0xd, 0xc2, 0x1, 0xff, 0xce, 0x55, 0x0, 0x67,
    0x30, 0xf, 0xf0, 0xb4, 0x41, 0xd0, 0x3, 0xfe,
    0x52, 0x0, 0x86, 0x0, 0x3f, 0x8a, 0xba, 0x5d,
    0xd1, 0x46, 0x1, 0xff, 0x48, 0x4, 0xc0, 0x1f,
    0xc7, 0x8a, 0x1, 0x87, 0xc, 0x3, 0xfe, 0x42,
    0x0, 0x50, 0x7, 0xe2, 0xd1, 0x0, 0xc3, 0x84,
    0x1, 0xff, 0xc1, 0xb0, 0x12, 0x0, 0xfd, 0x22,
    0x1, 0x87, 0x8, 0x3, 0xff, 0x84, 0x80, 0x80,
    0x1f, 0x89, 0x0, 0x31, 0x79, 0x0, 0x7f, 0xf0,
    0xc8, 0x48, 0x3, 0xf2, 0x0, 0x62, 0xc1, 0x0,
    0xfb, 0x8, 0x3, 0xf2, 0xf8, 0x7, 0xee, 0x0,
    0x8b, 0x4, 0x3, 0xc3, 0x86, 0xe0, 0x1f, 0x84,
    0x40, 0x1f, 0x84, 0x0, 0x78, 0x20, 0x1e, 0x1c,
    0x30, 0x30, 0xf, 0xc6, 0x20, 0x1f, 0x84, 0xf,
    0x4, 0x3, 0xc3, 0x84, 0x0, 0x30, 0xf, 0xee,
    0x0, 0xfd, 0xc7, 0x80, 0x1f, 0xe, 0x10, 0x4,
    0xc0, 0x1f, 0x8c, 0x80, 0x3f, 0x3e, 0x0, 0x7c,
    0x5e, 0x40, 0x10, 0x98, 0x7, 0xe7, 0x40, 0xf,
    0xc2, 0x1, 0xf1, 0x60, 0x80, 0x69, 0x0, 0xfe,
    0x20, 0x40, 0xf, 0xfe, 0x11, 0x60, 0x80, 0x63,
    0x70, 0xf, 0xca, 0x0, 0xe0, 0xf, 0xfe, 0x9,
    0xe0, 0x80, 0x63, 0xd0, 0xf, 0xee, 0x0, 0x29,
    0x0, 0x7f, 0xc7, 0x82, 0x1, 0x9f, 0x4, 0x3,
    0xf1, 0x20, 0x5, 0x20, 0x1f, 0xf1, 0x54, 0x42,
    0x6f, 0xe0, 0x3, 0xfd, 0x20, 0x19, 0xc, 0x3,
    0xfc, 0x2a, 0xee, 0x64, 0x0, 0xff, 0x99, 0x0,
    0x33, 0x18, 0x7, 0xff, 0x38, 0xa4, 0x3, 0x34,
    0x80, 0x7f, 0xf3, 0x8b, 0x0, 0x33, 0x48, 0x7,
    0xff, 0x38, 0xf0, 0x40, 0x37, 0x0, 0x7f, 0xf3,
    0x9f, 0x4, 0x3, 0xa1, 0x80, 0x38, 0xf1, 0x40,
    0x3f, 0xf8, 0x6b, 0xb0, 0x1, 0xfa, 0x58, 0x2,
    0x3c, 0x3a, 0xd7, 0x20, 0xf, 0xe2, 0x7d, 0xa2,
    0x0, 0xff, 0x4b, 0x1, 0xe0, 0x4, 0x51, 0xbd,
    0x73, 0x11, 0x4e, 0x76, 0xc1, 0x0, 0x7f, 0xf0,
    0x66, 0x30, 0x3, 0xe1, 0x46, 0x77, 0x98, 0xc4,
    0x3, 0xff, 0x82,

    /* U+00F9 "ù" */
    0x0, 0xff, 0x9c, 0x80, 0x3f, 0xf9, 0xe9, 0x18,
    0x60, 0x1f, 0xfc, 0xd1, 0xa0, 0x1c, 0x30, 0xf,
    0xfe, 0x65, 0x88, 0x5, 0x88, 0x1, 0xff, 0xca,
    0x65, 0x0, 0xeb, 0x50, 0xf, 0xfe, 0x41, 0x48,
    0x7, 0xd4, 0xc0, 0x1f, 0xfc, 0x7e, 0x0, 0xfe,
    0x96, 0x0, 0xff, 0xe2, 0xb1, 0x80, 0x7f, 0xa5,
    0xc0, 0x3f, 0xf8, 0x8d, 0x22, 0x1, 0xfe, 0x88,
    0x0, 0x7f, 0xf1, 0x1b, 0xa0, 0x3, 0xfc, 0xf0,
    0x1, 0xff, 0xc5, 0x7e, 0x60, 0xf, 0xed, 0x0,
    0xff, 0xe3, 0xc, 0xea, 0x80, 0x79, 0x54, 0x1,
    0xff, 0xc8, 0x2a, 0xc4, 0x0, 0x86, 0xc0, 0x3f,
    0xf9, 0x67, 0x76, 0x20, 0xb1, 0x0, 0xff, 0xe6,
    0xa6, 0xda, 0x80, 0x7f, 0xf4, 0x10, 0x3, 0xff,
    0xf6, 0xbf, 0xff, 0xce, 0x1, 0xfd, 0xff, 0xfd,
    0xa0, 0x1f, 0xff, 0xf0, 0xf, 0xff, 0xf8, 0x7,
    0xff, 0xfc, 0x3, 0xff, 0xfe, 0x1, 0xff, 0xff,
    0x0, 0xff, 0xff, 0x80, 0x7f, 0xf4, 0x84, 0x3,
    0xff, 0xa0, 0x20, 0x1f, 0xef, 0x0, 0xff, 0xe3,
    0xb8, 0x7, 0xf1, 0x80, 0x7e, 0x30, 0xf, 0xe7,
    0x20, 0xf, 0xe4, 0x20, 0xf, 0xa4, 0x3, 0xf8,
    0xc4, 0x80, 0x3f, 0xbc, 0x40, 0x39, 0x94, 0x3,
    0xfb, 0x41, 0x40, 0x3f, 0x8b, 0xe1, 0x51, 0xae,
    0x40, 0x3f, 0xc8, 0x14, 0x1, 0xfe, 0x17, 0xab,
    0x94, 0x0, 0xff, 0x28, 0x81, 0x28, 0x7, 0xff,
    0x36, 0x40, 0x2b, 0x0, 0xff, 0xe6, 0x31, 0x80,
    0x43, 0x40, 0x1f, 0xfc, 0xa2, 0x90, 0xe, 0x59,
    0x0, 0xff, 0xe4, 0x16, 0x0, 0x7c, 0xd6, 0x1,
    0xff, 0xc6, 0x4c, 0x10, 0xf, 0xc9, 0xca, 0x1,
    0xff, 0xc2, 0x19, 0xb1, 0x0, 0xff, 0xd, 0x6b,
    0x90, 0x7, 0xf2, 0x4f, 0x30, 0x7, 0xff, 0x8,
    0xa3, 0x7a, 0xe6, 0x22, 0xac, 0xfb, 0x60, 0xf,
    0xc0,

    /* U+00FA "ú" */
    0x0, 0xff, 0xe2, 0xc0, 0x7, 0xff, 0x42, 0xde,
    0x40, 0x3f, 0xf9, 0xa3, 0x88, 0xc, 0x80, 0x1f,
    0xfc, 0xb1, 0xc3, 0x0, 0xa8, 0x40, 0x3f, 0xf9,
    0x23, 0x84, 0x1, 0x86, 0x80, 0x3f, 0xf9, 0x5,
    0xe4, 0x1, 0xe4, 0x60, 0xf, 0xfe, 0x31, 0x60,
    0x80, 0x7e, 0x92, 0x0, 0xff, 0xe2, 0x1e, 0x8,
    0x7, 0xfb, 0x80, 0x3f, 0xf8, 0x69, 0x82, 0x1,
    0xfe, 0x6d, 0x0, 0xff, 0xe1, 0x1d, 0x80, 0x7f,
    0x97, 0x64, 0x40, 0x3f, 0xf8, 0x44, 0x20, 0x1f,
    0x8f, 0x28, 0x80, 0x3f, 0xf8, 0x83, 0x60, 0x1e,
    0x2b, 0xc3, 0x0, 0xff, 0xe3, 0xaa, 0x80, 0x21,
    0x9d, 0x40, 0xf, 0xfe, 0x55, 0x88, 0xa3, 0x98,
    0x3, 0xff, 0x98, 0x3b, 0xee, 0x1, 0xff, 0xcf,
    0x31, 0x0, 0xff, 0xff, 0x80, 0x4b, 0xff, 0xfc,
    0xe0, 0x1f, 0xdf, 0xff, 0xda, 0x1, 0xff, 0xff,
    0x0, 0xff, 0xff, 0x80, 0x7f, 0xff, 0xc0, 0x3f,
    0xff, 0xe0, 0x1f, 0xff, 0xf0, 0xf, 0xff, 0xf8,
    0x7, 0xff, 0x48, 0x40, 0x3f, 0xfa, 0x2, 0x1,
    0xfe, 0xf0, 0xf, 0xfe, 0x3b, 0x80, 0x7f, 0x18,
    0x7, 0xe3, 0x0, 0xfe, 0x72, 0x0, 0xfe, 0x42,
    0x0, 0xfa, 0x40, 0x3f, 0x8c, 0x48, 0x3, 0xfb,
    0xc4, 0x3, 0x99, 0x40, 0x3f, 0xb4, 0x14, 0x3,
    0xf8, 0xbe, 0x15, 0x1a, 0xe4, 0x3, 0xfc, 0x81,
    0x40, 0x1f, 0xe1, 0x7a, 0xb9, 0x40, 0xf, 0xf2,
    0x88, 0x12, 0x80, 0x7f, 0xf3, 0x64, 0x2, 0xb0,
    0xf, 0xfe, 0x63, 0x18, 0x4, 0x34, 0x1, 0xff,
    0xca, 0x29, 0x0, 0xe5, 0x90, 0xf, 0xfe, 0x41,
    0x60, 0x7, 0xcd, 0x60, 0x1f, 0xfc, 0x64, 0xc1,
    0x0, 0xfc, 0x9c, 0xa0, 0x1f, 0xfc, 0x21, 0x9b,
    0x10, 0xf, 0xf0, 0xd6, 0xb9, 0x0, 0x7f, 0x24,
    0xf3, 0x0, 0x7f, 0xf0, 0x8a, 0x37, 0xae, 0x62,
    0x2a, 0xcf, 0xb6, 0x0, 0xfc,

    /* U+00FB "û" */
    0x0, 0xff, 0xe0, 0x34, 0x47, 0x10, 0x7, 0xff,
    0x29, 0xe5, 0xdf, 0xb0, 0x80, 0x3f, 0xf9, 0xf,
    0x0, 0x1e, 0x1c, 0x20, 0xf, 0xfe, 0x33, 0x40,
    0x7, 0xe1, 0xf1, 0x0, 0xff, 0xe2, 0x34, 0x80,
    0x7f, 0x8b, 0x4, 0x3, 0xff, 0x84, 0xb2, 0x1,
    0xff, 0xc0, 0x2c, 0x10, 0xf, 0xfe, 0x2, 0xd0,
    0x7, 0xff, 0x8, 0xb4, 0x40, 0x3f, 0xc9, 0x40,
    0x1f, 0xfc, 0x43, 0xd0, 0xf, 0xe4, 0xb0, 0xf,
    0xfe, 0x31, 0xe0, 0x7, 0xc7, 0x60, 0x1f, 0x86,
    0xbd, 0x80, 0x3f, 0x1d, 0x80, 0x7a, 0x80, 0x3f,
    0x37, 0xa8, 0x4e, 0x10, 0x7, 0xc8, 0x60, 0x1d,
    0x24, 0x1, 0xc5, 0x92, 0x20, 0x11, 0xeb, 0x80,
    0x7a, 0xc, 0x3, 0xde, 0x1, 0xa3, 0x4c, 0x3,
    0xe8, 0xc3, 0x0, 0x91, 0xc0, 0x3e, 0x29, 0x4,
    0xe7, 0x0, 0xff, 0x1e, 0x40, 0xd, 0x0, 0x7f,
    0x36, 0x58, 0x80, 0x7f, 0xf0, 0x5f, 0x74, 0x20,
    0x1f, 0xe3, 0x0, 0xff, 0xe2, 0x11, 0x80, 0x7f,
    0xfd, 0x57, 0xff, 0xf9, 0xc0, 0x3f, 0xbf, 0xff,
    0xb4, 0x3, 0xff, 0xfe, 0x1, 0xff, 0xff, 0x0,
    0xff, 0xff, 0x80, 0x7f, 0xff, 0xc0, 0x3f, 0xff,
    0xe0, 0x1f, 0xff, 0xf0, 0xf, 0xfe, 0x90, 0x80,
    0x7f, 0xf4, 0x4, 0x3, 0xfd, 0xe0, 0x1f, 0xfc,
    0x77, 0x0, 0xfe, 0x30, 0xf, 0xc6, 0x1, 0xfc,
    0xe4, 0x1, 0xfc, 0x84, 0x1, 0xf4, 0x80, 0x7f,
    0x18, 0x90, 0x7, 0xf7, 0x88, 0x7, 0x32, 0x80,
    0x7f, 0x68, 0x28, 0x7, 0xf1, 0x7c, 0x2a, 0x35,
    0xc8, 0x7, 0xf9, 0x2, 0x80, 0x3f, 0xc2, 0xf5,
    0x72, 0x80, 0x1f, 0xe5, 0x10, 0x25, 0x0, 0xff,
    0xe6, 0xc8, 0x5, 0x60, 0x1f, 0xfc, 0xc6, 0x30,
    0x8, 0x68, 0x3, 0xff, 0x94, 0x52, 0x1, 0xcb,
    0x20, 0x1f, 0xfc, 0x82, 0xc0, 0xf, 0x9a, 0xc0,
    0x3f, 0xf8, 0xc9, 0x82, 0x1, 0xf9, 0x39, 0x40,
    0x3f, 0xf8, 0x43, 0x36, 0x20, 0x1f, 0xe1, 0xad,
    0x72, 0x0, 0xfe, 0x49, 0xe6, 0x0, 0xff, 0xe1,
    0x14, 0x6f, 0x5c, 0xc4, 0x55, 0x9f, 0x6c, 0x1,
    0xf8,

    /* U+00FC "ü" */
    0x0, 0xe3, 0xbe, 0xfd, 0x80, 0xf, 0xc5, 0x5d,
    0xfb, 0x22, 0x1, 0xf9, 0xb1, 0x4, 0x9, 0xf4,
    0x40, 0x39, 0x75, 0x44, 0x9, 0xbc, 0x80, 0x3c,
    0x72, 0x1, 0xe2, 0xa0, 0xc, 0x54, 0x1, 0xe1,
    0xe0, 0xf, 0x48, 0x7, 0xe4, 0x30, 0xa, 0xc0,
    0x3f, 0x1a, 0x0, 0x72, 0x0, 0x7f, 0x20, 0x4,
    0x80, 0x1f, 0xd8, 0x1, 0xc2, 0x1, 0xfd, 0xe0,
    0x11, 0x80, 0x7f, 0x8, 0x7, 0x8, 0x7, 0xf7,
    0x0, 0x44, 0x1, 0xfc, 0x20, 0x1c, 0xe0, 0x1f,
    0xc8, 0x1, 0x20, 0x7, 0xf5, 0x80, 0x75, 0x80,
    0x7e, 0x62, 0x0, 0xa4, 0x40, 0x3e, 0x43, 0x0,
    0xe2, 0xb0, 0xf, 0x24, 0x80, 0x61, 0xd1, 0x0,
    0xe3, 0xa0, 0xf, 0x93, 0x9d, 0xd, 0x6a, 0xc0,
    0x3c, 0x7f, 0x8, 0x6b, 0x38, 0x20, 0x1f, 0x86,
    0x2f, 0x29, 0x40, 0x3f, 0xb, 0xde, 0x53, 0x0,
    0x7f, 0xff, 0xc0, 0x3f, 0xfc, 0xcb, 0xff, 0xfc,
    0xe0, 0x1f, 0xdf, 0xff, 0xda, 0x1, 0xff, 0xff,
    0x0, 0xff, 0xff, 0x80, 0x7f, 0xff, 0xc0, 0x3f,
    0xff, 0xe0, 0x1f, 0xff, 0xf0, 0xf, 0xff, 0xf8,
    0x7, 0xff, 0x48, 0x40, 0x3f, 0xfa, 0x2, 0x1,
    0xfe, 0xf0, 0xf, 0xfe, 0x3b, 0x80, 0x7f, 0x18,
    0x7, 0xe3, 0x0, 0xfe, 0x72, 0x0, 0xfe, 0x42,
    0x0, 0xfa, 0x40, 0x3f, 0x8c, 0x48, 0x3, 0xfb,
    0xc4, 0x3, 0x99, 0x40, 0x3f, 0xb4, 0x14, 0x3,
    0xf8, 0xbe, 0x15, 0x1a, 0xe4, 0x3, 0xfc, 0x81,
    0x40, 0x1f, 0xe1, 0x7a, 0xb9, 0x40, 0xf, 0xf2,
    0x88, 0x12, 0x80, 0x7f, 0xf3, 0x64, 0x2, 0xb0,
    0xf, 0xfe, 0x63, 0x18, 0x4, 0x34, 0x1, 0xff,
    0xca, 0x29, 0x0, 0xe5, 0x90, 0xf, 0xfe, 0x41,
    0x60, 0x7, 0xcd, 0x60, 0x1f, 0xfc, 0x64, 0xc1,
    0x0, 0xfc, 0x9c, 0xa0, 0x1f, 0xfc, 0x21, 0x9b,
    0x10, 0xf, 0xf0, 0xd6, 0xb9, 0x0, 0x7f, 0x24,
    0xf3, 0x0, 0x7f, 0xf0, 0x8a, 0x37, 0xae, 0x62,
    0x2a, 0xcf, 0xb6, 0x0, 0xfc,

    /* U+00FD "ý" */
    0x0, 0xff, 0xe3, 0xc, 0x0, 0x7f, 0xf4, 0xc7,
    0x1d, 0x80, 0x3f, 0xfa, 0x25, 0xe4, 0x12, 0x40,
    0x1f, 0xfc, 0xf2, 0xc1, 0x0, 0xb8, 0x3, 0xff,
    0x9c, 0x78, 0x20, 0x18, 0xe0, 0x3, 0xff, 0x98,
    0x98, 0x20, 0x1e, 0x73, 0x0, 0xff, 0xe5, 0x25,
    0x80, 0x7f, 0x70, 0x7, 0xff, 0x25, 0x6c, 0x3,
    0xfc, 0x52, 0x1, 0xff, 0xc7, 0x6a, 0x0, 0xff,
    0xa2, 0x40, 0x3f, 0xf8, 0xcd, 0x20, 0x1f, 0xe6,
    0xe7, 0x0, 0xff, 0xe3, 0xa8, 0x7, 0xf2, 0xec,
    0x88, 0x7, 0xff, 0x20, 0xdc, 0x3, 0xc9, 0x94,
    0x40, 0x1f, 0xfc, 0xb8, 0x20, 0x8, 0xee, 0xc6,
    0x1, 0xff, 0xce, 0xe0, 0x1a, 0xc4, 0x0, 0xff,
    0xe8, 0x1e, 0x72, 0x80, 0x7f, 0xf4, 0xcc, 0x3,
    0xff, 0xfe, 0x1, 0xff, 0xc2, 0x8f, 0xff, 0xf0,
    0x7, 0xff, 0x3, 0x3f, 0xff, 0xae, 0x80, 0x3f,
    0xc8, 0x1, 0xfe, 0x23, 0x0, 0xfe, 0xf2, 0x40,
    0xf, 0xee, 0x0, 0xff, 0x28, 0x7, 0xf1, 0x20,
    0x70, 0x7, 0xf2, 0x0, 0x7f, 0xac, 0x3, 0xfa,
    0xc0, 0xa, 0x20, 0x1f, 0x85, 0x0, 0x3f, 0x11,
    0x80, 0x7f, 0x30, 0x4, 0xc0, 0x1f, 0xda, 0x1,
    0xf9, 0x40, 0x3f, 0x98, 0x3, 0x48, 0x7, 0xf3,
    0x80, 0x7e, 0xb0, 0xf, 0xeb, 0x0, 0xc2, 0x80,
    0x1f, 0x85, 0x0, 0x3c, 0x46, 0x1, 0xf9, 0x8,
    0x3, 0xbc, 0x3, 0xfb, 0x40, 0x3c, 0xa0, 0x1f,
    0xdc, 0x1, 0xe4, 0x10, 0xf, 0xce, 0x1, 0xeb,
    0x0, 0xfc, 0x2a, 0x1, 0xf4, 0x80, 0x7e, 0x13,
    0x0, 0xc4, 0x60, 0x1f, 0xa4, 0x3, 0xf3, 0x0,
    0x7f, 0x50, 0x6, 0x50, 0xf, 0xe6, 0x0, 0xfc,
    0x2a, 0x1, 0xf9, 0xc0, 0x35, 0x80, 0x7e, 0x61,
    0x0, 0xfe, 0xe0, 0xf, 0xc2, 0x60, 0x2, 0x30,
    0xf, 0xd4, 0x1, 0xfe, 0x42, 0x0, 0xfd, 0x60,
    0x5, 0x0, 0xfc, 0x66, 0x0, 0xff, 0xa8, 0x3,
    0xf2, 0x80, 0x2c, 0x3, 0xf4, 0x80, 0x7f, 0xf0,
    0x18, 0x3, 0xf1, 0x18, 0x98, 0x7, 0xc2, 0xa0,
    0x1f, 0xfc, 0x1, 0x50, 0xf, 0xd6, 0xc0, 0x1f,
    0x98, 0x3, 0xff, 0x85, 0x20, 0x1f, 0x96, 0xc0,
    0x3f, 0x48, 0x7, 0xff, 0x8, 0xc8, 0x3, 0xe2,
    0x30, 0xf, 0x94, 0x40, 0x3f, 0xf8, 0x76, 0x1,
    0xff, 0xc4, 0x90, 0xf, 0xfe, 0x23, 0x0, 0x7f,
    0xf0, 0xcc, 0xc0, 0x1f, 0xfc, 0x56, 0x0, 0xff,
    0xe1, 0x50, 0x7, 0xff, 0x1a, 0x80, 0x3f, 0xf8,
    0x22, 0xc0, 0x1f, 0xfc, 0x63, 0x30, 0x7, 0xff,
    0x1, 0x80, 0x3f, 0xf9, 0x14, 0x1, 0xff, 0xc0,
    0x90, 0xf, 0xfe, 0x43, 0x0, 0x7f, 0xc8, 0x20,
    0x1f, 0xfc, 0x96, 0x0, 0xff, 0x78, 0x7, 0xff,
    0x2a, 0xc0, 0x3f, 0x89, 0x0, 0x3f, 0xf9, 0x46,
    0x1, 0xfd, 0x60, 0x1f, 0xfc, 0xb9, 0x0, 0xfe,
    0x60, 0xf, 0xfe, 0x5b, 0x0, 0x7e, 0x60, 0xf,
    0xfe, 0x5b, 0x88, 0x7, 0xeb, 0x0, 0xff, 0xe5,
    0xc8, 0x7, 0xe4, 0x20, 0xf, 0xfe, 0x52, 0x88,
    0x7, 0xef, 0x0, 0xff, 0xe5, 0xc0, 0x7, 0xe1,
    0x40, 0xf, 0xfe, 0x52, 0x10, 0x7, 0xe9, 0x0,
    0xff, 0xe5, 0xf8, 0x7, 0xf3, 0x0, 0x7f, 0xf2,
    0x8d, 0x0, 0x3f, 0x28, 0x80, 0x7f, 0xf2, 0xa4,
    0x3, 0xfa, 0x40, 0x3f, 0xf9, 0x44, 0xa0, 0x1f,
    0x8c, 0xc0, 0x1f, 0xfc, 0xab, 0x0, 0xfe, 0x90,
    0xf, 0xfe, 0x50, 0xb0, 0x7, 0xe1, 0x50, 0xf,
    0xfe, 0x53, 0x0, 0x7f, 0x30, 0x7, 0xff, 0x2c,
    0x62, 0x3f, 0xa4, 0x3, 0xff, 0x8c,

    /* U+00FE "þ" */
    0x8f, 0xff, 0xe4, 0x0, 0xff, 0xff, 0x80, 0x7f,
    0xff, 0xc0, 0x3f, 0xff, 0xe0, 0x1f, 0xff, 0xf0,
    0xf, 0xff, 0xf8, 0x7, 0xff, 0xfc, 0x3, 0xff,
    0xe8, 0x4a, 0xce, 0xca, 0x40, 0x1f, 0xfc, 0xc2,
    0x9e, 0xda, 0x98, 0x9a, 0xdf, 0xa4, 0x0, 0xff,
    0xe4, 0x46, 0xb0, 0x80, 0x7e, 0x5b, 0xc3, 0x0,
    0xff, 0xe2, 0xd3, 0x80, 0x7f, 0xf0, 0x4f, 0x20,
    0x3, 0xff, 0x88, 0x20, 0x1f, 0xfc, 0x47, 0xa0,
    0xf, 0xfe, 0xaa, 0xd0, 0x7, 0xff, 0x55, 0x58,
    0x3, 0xff, 0xab, 0x24, 0x1, 0xff, 0xd5, 0x80,
    0xf, 0xfe, 0x22, 0x44, 0xc2, 0x88, 0x7, 0xfc,
    0xa4, 0x1, 0xff, 0xc1, 0x5e, 0xb7, 0x67, 0xae,
    0x80, 0xf, 0xfa, 0x80, 0x3f, 0xf8, 0xf, 0x42,
    0x1, 0xe7, 0xb0, 0xf, 0xf2, 0x80, 0x7f, 0xc9,
    0x0, 0x1f, 0xc9, 0x0, 0x1f, 0xc4, 0x20, 0x1f,
    0xe8, 0x0, 0xff, 0x9c, 0x40, 0x3f, 0x94, 0x3,
    0xf8, 0x4c, 0x3, 0xff, 0x80, 0x80, 0x1f, 0xc4,
    0x1, 0xfc, 0x40, 0x1f, 0xfc, 0x1d, 0x0, 0xfe,
    0x10, 0xf, 0xe7, 0x0, 0xff, 0xe0, 0x88, 0x7,
    0xf7, 0x80, 0x7f, 0xf2, 0xc4, 0x3, 0xfb, 0xc0,
    0x3f, 0x94, 0x3, 0xff, 0x83, 0xa0, 0x1f, 0xc2,
    0x1, 0xfc, 0x26, 0x1, 0xff, 0xc0, 0x40, 0xf,
    0xe2, 0x0, 0xff, 0x40, 0x7, 0xfc, 0xe2, 0x1,
    0xfc, 0xa0, 0x1f, 0xe4, 0x80, 0xf, 0xe4, 0x80,
    0xf, 0xe2, 0x10, 0xf, 0xf9, 0xe4, 0x40, 0x3c,
    0xf6, 0x1, 0xfe, 0x50, 0xf, 0xfe, 0xb, 0x75,
    0x3b, 0x3c, 0xf4, 0x0, 0x7f, 0xd4, 0x1, 0xff,
    0xc3, 0x58, 0x98, 0x61, 0x0, 0xff, 0x90, 0x80,
    0x3f, 0xfa, 0x92, 0x1, 0xff, 0xd4, 0x82, 0x0,
    0xff, 0xe9, 0xab, 0x80, 0x7f, 0xf4, 0xd6, 0x80,
    0x3f, 0xfa, 0x6f, 0x40, 0x1f, 0xfc, 0x3c, 0x50,
    0xf, 0xfe, 0x9, 0xe4, 0x0, 0x7f, 0xf1, 0x6,
    0xb5, 0x84, 0x3, 0xf2, 0xde, 0x18, 0x7, 0xff,
    0x1c, 0xa7, 0xb2, 0xa6, 0x26, 0xb7, 0xe9, 0x0,
    0x3f, 0xf9, 0x86, 0xac, 0xec, 0xa4, 0x1, 0xff,
    0xff, 0x0, 0xff, 0xff, 0x80, 0x7f, 0xff, 0xc0,
    0x3f, 0xff, 0xe0, 0x1f, 0xff, 0x23, 0x0, 0xff,
    0xe5, 0x80,

    /* U+00FF "ÿ" */
    0x0, 0xf9, 0x6f, 0xfd, 0x8e, 0x1, 0xf9, 0x2f,
    0xbf, 0x5c, 0x3, 0xff, 0x83, 0x34, 0x80, 0x3,
    0x8b, 0x0, 0xf4, 0x5a, 0x8, 0x14, 0x60, 0x7,
    0xfc, 0xcc, 0x0, 0xf2, 0x40, 0x6, 0x47, 0x0,
    0xf1, 0xd0, 0x7, 0xfa, 0xc0, 0x3f, 0x38, 0x6,
    0x80, 0xf, 0xca, 0x20, 0x1f, 0x84, 0x80, 0x3f,
    0x90, 0x2, 0x30, 0xf, 0xe4, 0x0, 0xfc, 0x60,
    0x1f, 0xe1, 0x0, 0x8, 0x7, 0xf8, 0xc0, 0x3f,
    0x18, 0x7, 0xf9, 0x80, 0x2, 0x1, 0xfe, 0x30,
    0xf, 0xc2, 0x60, 0x1f, 0x84, 0xc0, 0x24, 0x0,
    0xfe, 0x40, 0xf, 0xe8, 0x0, 0xfd, 0x0, 0x1a,
    0x0, 0x3f, 0x38, 0x80, 0x7f, 0x24, 0x80, 0x79,
    0x98, 0x1, 0x8e, 0x80, 0x3c, 0xb0, 0x1, 0xff,
    0x36, 0xb1, 0x99, 0x6e, 0x40, 0x3c, 0xba, 0xe6,
    0x65, 0xba, 0x0, 0xff, 0xe0, 0x94, 0xe6, 0x29,
    0x0, 0x3f, 0x14, 0x66, 0x29, 0x0, 0x3f, 0xff,
    0xe0, 0x1f, 0xff, 0x88, 0xff, 0xff, 0x0, 0x7f,
    0xf0, 0x33, 0xff, 0xfa, 0xe8, 0x3, 0xfc, 0x80,
    0x1f, 0xe2, 0x30, 0xf, 0xef, 0x24, 0x0, 0xfe,
    0xe0, 0xf, 0xf2, 0x80, 0x7f, 0x12, 0x7, 0x0,
    0x7f, 0x20, 0x7, 0xfa, 0xc0, 0x3f, 0xac, 0x0,
    0xa2, 0x1, 0xf8, 0x50, 0x3, 0xf1, 0x18, 0x7,
    0xf3, 0x0, 0x4c, 0x1, 0xfd, 0xa0, 0x1f, 0x94,
    0x3, 0xf9, 0x80, 0x34, 0x80, 0x7f, 0x38, 0x7,
    0xeb, 0x0, 0xfe, 0xb0, 0xc, 0x28, 0x1, 0xf8,
    0x50, 0x3, 0xc4, 0x60, 0x1f, 0x90, 0x80, 0x3b,
    0xc0, 0x3f, 0xb4, 0x3, 0xca, 0x1, 0xfd, 0xc0,
    0x1e, 0x41, 0x0, 0xfc, 0xe0, 0x1e, 0xb0, 0xf,
    0xc2, 0xa0, 0x1f, 0x48, 0x7, 0xe1, 0x30, 0xc,
    0x46, 0x1, 0xfa, 0x40, 0x3f, 0x30, 0x7, 0xf5,
    0x0, 0x65, 0x0, 0xfe, 0x60, 0xf, 0xc2, 0xa0,
    0x1f, 0x9c, 0x3, 0x58, 0x7, 0xe6, 0x10, 0xf,
    0xee, 0x0, 0xfc, 0x26, 0x0, 0x23, 0x0, 0xfd,
    0x40, 0x1f, 0xe4, 0x20, 0xf, 0xd6, 0x0, 0x50,
    0xf, 0xc6, 0x60, 0xf, 0xfa, 0x80, 0x3f, 0x28,
    0x2, 0xc0, 0x3f, 0x48, 0x7, 0xff, 0x1, 0x80,
    0x3f, 0x11, 0x89, 0x80, 0x7c, 0x2a, 0x1, 0xff,
    0xc0, 0x15, 0x0, 0xfd, 0x6c, 0x1, 0xf9, 0x80,
    0x3f, 0xf8, 0x52, 0x1, 0xf9, 0x6c, 0x3, 0xf4,
    0x80, 0x7f, 0xf0, 0x8c, 0x80, 0x3e, 0x23, 0x0,
    0xf9, 0x44, 0x3, 0xff, 0x87, 0x60, 0x1f, 0xfc,
    0x49, 0x0, 0xff, 0xe2, 0x30, 0x7, 0xff, 0xc,
    0xcc, 0x1, 0xff, 0xc5, 0x60, 0xf, 0xfe, 0x15,
    0x0, 0x7f, 0xf1, 0xa8, 0x3, 0xff, 0x82, 0x2c,
    0x1, 0xff, 0xc6, 0x33, 0x0, 0x7f, 0xf0, 0x18,
    0x3, 0xff, 0x91, 0x40, 0x1f, 0xfc, 0x9, 0x0,
    0xff, 0xe4, 0x30, 0x7, 0xfc, 0x82, 0x1, 0xff,
    0xc9, 0x60, 0xf, 0xf7, 0x80, 0x7f, 0xf2, 0xac,
    0x3, 0xf8, 0x90, 0x3, 0xff, 0x94, 0x60, 0x1f,
    0xd6, 0x1, 0xff, 0xcb, 0x90, 0xf, 0xe6, 0x0,
    0xff, 0xe5, 0xb0, 0x7, 0xe6, 0x0, 0xff, 0xe5,
    0xb8, 0x80, 0x7e, 0xb0, 0xf, 0xfe, 0x5c, 0x80,
    0x7e, 0x42, 0x0, 0xff, 0xe5, 0x28, 0x80, 0x7e,
    0xf0, 0xf, 0xfe, 0x5c, 0x0, 0x7e, 0x14, 0x0,
    0xff, 0xe5, 0x21, 0x0, 0x7e, 0x90, 0xf, 0xfe,
    0x5f, 0x80, 0x7f, 0x30, 0x7, 0xff, 0x28, 0xd0,
    0x3, 0xf2, 0x88, 0x7, 0xff, 0x2a, 0x40, 0x3f,
    0xa4, 0x3, 0xff, 0x94, 0x4a, 0x1, 0xf8, 0xcc,
    0x1, 0xff, 0xca, 0xb0, 0xf, 0xe9, 0x0, 0xff,
    0xe5, 0xb, 0x0, 0x7e, 0x15, 0x0, 0xff, 0xe5,
    0x30, 0x7, 0xf3, 0x0, 0x7f, 0xf2, 0xc6, 0x23,
    0xfa, 0x40, 0x3f, 0xf8, 0xc0
};


/*---------------------
 *  GLYPH DESCRIPTION
 *--------------------*/

static const lv_font_fmt_txt_glyph_dsc_t glyph_dsc[] = {
    {.bitmap_index = 0, .adv_w = 0, .box_w = 0, .box_h = 0, .ofs_x = 0, .ofs_y = 0} /* id = 0 reserved */,
    {.bitmap_index = 0, .adv_w = 195, .box_w = 0, .box_h = 0, .ofs_x = 0, .ofs_y = 0},
    {.bitmap_index = 0, .adv_w = 293, .box_w = 12, .box_h = 48, .ofs_x = 3, .ofs_y = -1},
    {.bitmap_index = 165, .adv_w = 467, .box_w = 23, .box_h = 20, .ofs_x = 3, .ofs_y = 27},
    {.bitmap_index = 313, .adv_w = 678, .box_w = 39, .box_h = 46, .ofs_x = 2, .ofs_y = 0},
    {.bitmap_index = 694, .adv_w = 617, .box_w = 34, .box_h = 59, .ofs_x = 2, .ofs_y = -6},
    {.bitmap_index = 1128, .adv_w = 701, .box_w = 40, .box_h = 48, .ofs_x = 2, .ofs_y = -1},
    {.bitmap_index = 1673, .adv_w = 708, .box_w = 43, .box_h = 48, .ofs_x = 2, .ofs_y = -1},
    {.bitmap_index = 2128, .adv_w = 256, .box_w = 10, .box_h = 20, .ofs_x = 3, .ofs_y = 27},
    {.bitmap_index = 2196, .adv_w = 317, .box_w = 17, .box_h = 58, .ofs_x = 2, .ofs_y = -9},
    {.bitmap_index = 2470, .adv_w = 317, .box_w = 18, .box_h = 58, .ofs_x = 0, .ofs_y = -9},
    {.bitmap_index = 2750, .adv_w = 502, .box_w = 27, .box_h = 28, .ofs_x = 2, .ofs_y = 20},
    {.bitmap_index = 2974, .adv_w = 577, .box_w = 30, .box_h = 32, .ofs_x = 3, .ofs_y = 6},
    {.bitmap_index = 3044, .adv_w = 290, .box_w = 13, .box_h = 22, .ofs_x = 3, .ofs_y = -11},
    {.bitmap_index = 3142, .adv_w = 473, .box_w = 24, .box_h = 9, .ofs_x = 3, .ofs_y = 12},
    {.bitmap_index = 3160, .adv_w = 307, .box_w = 13, .box_h = 13, .ofs_x = 3, .ofs_y = -1},
    {.bitmap_index = 3218, .adv_w = 393, .box_w = 25, .box_h = 52, .ofs_x = 0, .ofs_y = -4},
    {.bitmap_index = 3541, .adv_w = 682, .box_w = 39, .box_h = 48, .ofs_x = 2, .ofs_y = -1},
    {.bitmap_index = 4001, .adv_w = 387, .box_w = 19, .box_h = 46, .ofs_x = 1, .ofs_y = 0},
    {.bitmap_index = 4050, .adv_w = 578, .box_w = 34, .box_h = 47, .ofs_x = 1, .ofs_y = 0},
    {.bitmap_index = 4399, .adv_w = 572, .box_w = 33, .box_h = 47, .ofs_x = 1, .ofs_y = -1},
    {.bitmap_index = 4723, .adv_w = 624, .box_w = 37, .box_h = 46, .ofs_x = 1, .ofs_y = 0},
    {.bitmap_index = 4971, .adv_w = 573, .box_w = 34, .box_h = 47, .ofs_x = 0, .ofs_y = -1},
    {.bitmap_index = 5315, .adv_w = 587, .box_w = 35, .box_h = 47, .ofs_x = 1, .ofs_y = -1},
    {.bitmap_index = 5711, .adv_w = 540, .box_w = 32, .box_h = 46, .ofs_x = 1, .ofs_y = 0},
    {.bitmap_index = 5978, .adv_w = 575, .box_w = 34, .box_h = 48, .ofs_x = 1, .ofs_y = -1},
    {.bitmap_index = 6419, .adv_w = 587, .box_w = 35, .box_h = 47, .ofs_x = 1, .ofs_y = 0},
    {.bitmap_index = 6828, .adv_w = 297, .box_w = 13, .box_h = 31, .ofs_x = 3, .ofs_y = -1},
    {.bitmap_index = 6947, .adv_w = 287, .box_w = 13, .box_h = 41, .ofs_x = 3, .ofs_y = -11},
    {.bitmap_index = 7107, .adv_w = 577, .box_w = 30, .box_h = 33, .ofs_x = 3, .ofs_y = 5},
    {.bitmap_index = 7323, .adv_w = 577, .box_w = 30, .box_h = 24, .ofs_x = 3, .ofs_y = 10},
    {.bitmap_index = 7367, .adv_w = 577, .box_w = 30, .box_h = 33, .ofs_x = 3, .ofs_y = 5},
    {.bitmap_index = 7581, .adv_w = 511, .box_w = 29, .box_h = 49, .ofs_x = 1, .ofs_y = -1},
    {.bitmap_index = 7912, .adv_w = 774, .box_w = 44, .box_h = 44, .ofs_x = 2, .ofs_y = -7},
    {.bitmap_index = 8454, .adv_w = 746, .box_w = 46, .box_h = 46, .ofs_x = 0, .ofs_y = 0},
    {.bitmap_index = 8876, .adv_w = 656, .box_w = 35, .box_h = 46, .ofs_x = 4, .ofs_y = 0},
    {.bitmap_index = 9158, .adv_w = 706, .box_w = 41, .box_h = 48, .ofs_x = 2, .ofs_y = -1},
    {.bitmap_index = 9578, .adv_w = 772, .box_w = 43, .box_h = 46, .ofs_x = 4, .ofs_y = 0},
    {.bitmap_index = 9878, .adv_w = 630, .box_w = 33, .box_h = 46, .ofs_x = 4, .ofs_y = 0},
    {.bitmap_index = 9980, .adv_w = 604, .box_w = 32, .box_h = 46, .ofs_x = 4, .ofs_y = 0},
    {.bitmap_index = 10067, .adv_w = 804, .box_w = 47, .box_h = 48, .ofs_x = 2, .ofs_y = -1},
    {.bitmap_index = 10548, .adv_w = 748, .box_w = 39, .box_h = 46, .ofs_x = 4, .ofs_y = 0},
    {.bitmap_index = 10654, .adv_w = 300, .box_w = 11, .box_h = 46, .ofs_x = 4, .ofs_y = 0},
    {.bitmap_index = 10682, .adv_w = 545, .box_w = 31, .box_h = 47, .ofs_x = 0, .ofs_y = -1},
    {.bitmap_index = 10862, .adv_w = 722, .box_w = 41, .box_h = 46, .ofs_x = 4, .ofs_y = 0},
    {.bitmap_index = 11196, .adv_w = 574, .box_w = 31, .box_h = 46, .ofs_x = 4, .ofs_y = 0},
    {.bitmap_index = 11271, .adv_w = 879, .box_w = 47, .box_h = 46, .ofs_x = 4, .ofs_y = 0},
    {.bitmap_index = 11592, .adv_w = 756, .box_w = 39, .box_h = 46, .ofs_x = 4, .ofs_y = 0},
    {.bitmap_index = 11820, .adv_w = 825, .box_w = 48, .box_h = 48, .ofs_x = 2, .ofs_y = -1},
    {.bitmap_index = 12337, .adv_w = 643, .box_w = 35, .box_h = 46, .ofs_x = 4, .ofs_y = 0},
    {.bitmap_index = 12548, .adv_w = 839, .box_w = 50, .box_h = 51, .ofs_x = 2, .ofs_y = -4},
    {.bitmap_index = 13162, .adv_w = 668, .box_w = 37, .box_h = 46, .ofs_x = 4, .ofs_y = 0},
    {.bitmap_index = 13456, .adv_w = 597, .box_w = 35, .box_h = 48, .ofs_x = 1, .ofs_y = -1},
    {.bitmap_index = 13885, .adv_w = 654, .box_w = 39, .box_h = 46, .ofs_x = 1, .ofs_y = 0},
    {.bitmap_index = 13975, .adv_w = 719, .box_w = 39, .box_h = 47, .ofs_x = 3, .ofs_y = -1},
    {.bitmap_index = 14217, .adv_w = 730, .box_w = 44, .box_h = 46, .ofs_x = 1, .ofs_y = 0},
    {.bitmap_index = 14669, .adv_w = 1026, .box_w = 63, .box_h = 46, .ofs_x = 1, .ofs_y = 0},
    {.bitmap_index = 15394, .adv_w = 732, .box_w = 45, .box_h = 46, .ofs_x = 0, .ofs_y = 0},
    {.bitmap_index = 15880, .adv_w = 703, .box_w = 44, .box_h = 46, .ofs_x = 0, .ofs_y = 0},
    {.bitmap_index = 16195, .adv_w = 623, .box_w = 36, .box_h = 46, .ofs_x = 1, .ofs_y = 0},
    {.bitmap_index = 16453, .adv_w = 357, .box_w = 17, .box_h = 53, .ofs_x = 4, .ofs_y = -6},
    {.bitmap_index = 16511, .adv_w = 393, .box_w = 25, .box_h = 52, .ofs_x = 0, .ofs_y = -4},
    {.bitmap_index = 16828, .adv_w = 357, .box_w = 17, .box_h = 53, .ofs_x = 2, .ofs_y = -6},
    {.bitmap_index = 16886, .adv_w = 477, .box_w = 26, .box_h = 18, .ofs_x = 2, .ofs_y = 29},
    {.bitmap_index = 17025, .adv_w = 517, .box_w = 33, .box_h = 8, .ofs_x = 0, .ofs_y = -10},
    {.bitmap_index = 17042, .adv_w = 331, .box_w = 17, .box_h = 16, .ofs_x = 2, .ofs_y = 34},
    {.bitmap_index = 17128, .adv_w = 609, .box_w = 34, .box_h = 33, .ofs_x = 1, .ofs_y = -1},
    {.bitmap_index = 17390, .adv_w = 609, .box_w = 34, .box_h = 48, .ofs_x = 3, .ofs_y = -1},
    {.bitmap_index = 17666, .adv_w = 508, .box_w = 30, .box_h = 33, .ofs_x = 1, .ofs_y = -1},
    {.bitmap_index = 17933, .adv_w = 609, .box_w = 34, .box_h = 48, .ofs_x = 1, .ofs_y = -1},
    {.bitmap_index = 18212, .adv_w = 561, .box_w = 33, .box_h = 33, .ofs_x = 1, .ofs_y = -1},
    {.bitmap_index = 18484, .adv_w = 446, .box_w = 31, .box_h = 48, .ofs_x = 0, .ofs_y = 0},
    {.bitmap_index = 18666, .adv_w = 598, .box_w = 33, .box_h = 47, .ofs_x = 1, .ofs_y = -15},
    {.bitmap_index = 19038, .adv_w = 586, .box_w = 31, .box_h = 47, .ofs_x = 3, .ofs_y = 0},
    {.bitmap_index = 19188, .adv_w = 267, .box_w = 11, .box_h = 47, .ofs_x = 3, .ofs_y = 0},
    {.bitmap_index = 19258, .adv_w = 280, .box_w = 24, .box_h = 61, .ofs_x = -9, .ofs_y = -14},
    {.bitmap_index = 19464, .adv_w = 559, .box_w = 32, .box_h = 47, .ofs_x = 3, .ofs_y = 0},
    {.bitmap_index = 19698, .adv_w = 267, .box_w = 11, .box_h = 47, .ofs_x = 3, .ofs_y = 0},
    {.bitmap_index = 19723, .adv_w = 894, .box_w = 51, .box_h = 32, .ofs_x = 3, .ofs_y = 0},
    {.bitmap_index = 19937, .adv_w = 586, .box_w = 31, .box_h = 32, .ofs_x = 3, .ofs_y = 0},
    {.bitmap_index = 20069, .adv_w = 590, .box_w = 35, .box_h = 33, .ofs_x = 1, .ofs_y = -1},
    {.bitmap_index = 20374, .adv_w = 609, .box_w = 34, .box_h = 46, .ofs_x = 3, .ofs_y = -14},
    {.bitmap_index = 20654, .adv_w = 609, .box_w = 34, .box_h = 46, .ofs_x = 1, .ofs_y = -14},
    {.bitmap_index = 20940, .adv_w = 455, .box_w = 26, .box_h = 32, .ofs_x = 3, .ofs_y = 0},
    {.bitmap_index = 21050, .adv_w = 469, .box_w = 29, .box_h = 33, .ofs_x = 0, .ofs_y = -1},
    {.bitmap_index = 21325, .adv_w = 409, .box_w = 25, .box_h = 45, .ofs_x = 0, .ofs_y = 0},
    {.bitmap_index = 21403, .adv_w = 552, .box_w = 30, .box_h = 32, .ofs_x = 2, .ofs_y = -1},
    {.bitmap_index = 21547, .adv_w = 550, .box_w = 35, .box_h = 31, .ofs_x = 0, .ofs_y = 0},
    {.bitmap_index = 21823, .adv_w = 804, .box_w = 50, .box_h = 31, .ofs_x = 0, .ofs_y = 0},
    {.bitmap_index = 22250, .adv_w = 549, .box_w = 35, .box_h = 31, .ofs_x = 0, .ofs_y = 0},
    {.bitmap_index = 22535, .adv_w = 547, .box_w = 34, .box_h = 45, .ofs_x = 0, .ofs_y = -14},
    {.bitmap_index = 22896, .adv_w = 493, .box_w = 28, .box_h = 31, .ofs_x = 1, .ofs_y = 0},
    {.bitmap_index = 23048, .adv_w = 350, .box_w = 19, .box_h = 53, .ofs_x = 1, .ofs_y = -6},
    {.bitmap_index = 23300, .adv_w = 307, .box_w = 10, .box_h = 59, .ofs_x = 5, .ofs_y = -8},
    {.bitmap_index = 23331, .adv_w = 350, .box_w = 20, .box_h = 53, .ofs_x = 1, .ofs_y = -6},
    {.bitmap_index = 23581, .adv_w = 577, .box_w = 33, .box_h = 12, .ofs_x = 2, .ofs_y = 17},
    {.bitmap_index = 23701, .adv_w = 195, .box_w = 0, .box_h = 0, .ofs_x = 0, .ofs_y = 0},
    {.bitmap_index = 23701, .adv_w = 294, .box_w = 12, .box_h = 46, .ofs_x = 3, .ofs_y = -14},
    {.bitmap_index = 23860, .adv_w = 528, .box_w = 31, .box_h = 44, .ofs_x = 1, .ofs_y = 1},
    {.bitmap_index = 24135, .adv_w = 644, .box_w = 35, .box_h = 47, .ofs_x = 3, .ofs_y = 0},
    {.bitmap_index = 24355, .adv_w = 615, .box_w = 33, .box_h = 32, .ofs_x = 3, .ofs_y = 6},
    {.bitmap_index = 24640, .adv_w = 688, .box_w = 39, .box_h = 46, .ofs_x = 2, .ofs_y = 0},
    {.bitmap_index = 24927, .adv_w = 307, .box_w = 10, .box_h = 59, .ofs_x = 5, .ofs_y = -8},
    {.bitmap_index = 24967, .adv_w = 551, .box_w = 30, .box_h = 54, .ofs_x = 2, .ofs_y = -7},
    {.bitmap_index = 25415, .adv_w = 507, .box_w = 26, .box_h = 11, .ofs_x = 3, .ofs_y = 35},
    {.bitmap_index = 25514, .adv_w = 830, .box_w = 48, .box_h = 47, .ofs_x = 2, .ofs_y = -1},
    {.bitmap_index = 26197, .adv_w = 370, .box_w = 22, .box_h = 19, .ofs_x = 0, .ofs_y = 26},
    {.bitmap_index = 26319, .adv_w = 522, .box_w = 31, .box_h = 23, .ofs_x = 1, .ofs_y = 5},
    {.bitmap_index = 26542, .adv_w = 577, .box_w = 30, .box_h = 19, .ofs_x = 3, .ofs_y = 11},
    {.bitmap_index = 26576, .adv_w = 559, .box_w = 29, .box_h = 29, .ofs_x = 3, .ofs_y = 17},
    {.bitmap_index = 26906, .adv_w = 475, .box_w = 26, .box_h = 8, .ofs_x = 2, .ofs_y = 37},
    {.bitmap_index = 26923, .adv_w = 406, .box_w = 23, .box_h = 21, .ofs_x = 1, .ofs_y = 25},
    {.bitmap_index = 27076, .adv_w = 577, .box_w = 30, .box_h = 32, .ofs_x = 3, .ofs_y = 5},
    {.bitmap_index = 27158, .adv_w = 348, .box_w = 19, .box_h = 23, .ofs_x = 1, .ofs_y = 22},
    {.bitmap_index = 27280, .adv_w = 342, .box_w = 19, .box_h = 23, .ofs_x = 1, .ofs_y = 22},
    {.bitmap_index = 27399, .adv_w = 331, .box_w = 17, .box_h = 16, .ofs_x = 2, .ofs_y = 34},
    {.bitmap_index = 27483, .adv_w = 607, .box_w = 30, .box_h = 44, .ofs_x = 5, .ofs_y = -13},
    {.bitmap_index = 27629, .adv_w = 735, .box_w = 42, .box_h = 52, .ofs_x = 2, .ofs_y = -6},
    {.bitmap_index = 27852, .adv_w = 186, .box_w = 12, .box_h = 12, .ofs_x = 0, .ofs_y = 18},
    {.bitmap_index = 27902, .adv_w = 311, .box_w = 17, .box_h = 15, .ofs_x = 1, .ofs_y = -14},
    {.bitmap_index = 27989, .adv_w = 272, .box_w = 12, .box_h = 23, .ofs_x = 1, .ofs_y = 22},
    {.bitmap_index = 28007, .adv_w = 357, .box_w = 22, .box_h = 20, .ofs_x = 0, .ofs_y = 25},
    {.bitmap_index = 28151, .adv_w = 522, .box_w = 31, .box_h = 23, .ofs_x = 1, .ofs_y = 5},
    {.bitmap_index = 28376, .adv_w = 712, .box_w = 42, .box_h = 48, .ofs_x = 1, .ofs_y = -1},
    {.bitmap_index = 28788, .adv_w = 709, .box_w = 42, .box_h = 48, .ofs_x = 1, .ofs_y = -1},
    {.bitmap_index = 29227, .adv_w = 707, .box_w = 42, .box_h = 48, .ofs_x = 1, .ofs_y = -1},
    {.bitmap_index = 29732, .adv_w = 500, .box_w = 29, .box_h = 47, .ofs_x = 2, .ofs_y = -15},
    {.bitmap_index = 30043, .adv_w = 746, .box_w = 46, .box_h = 64, .ofs_x = 0, .ofs_y = 0},
    {.bitmap_index = 30573, .adv_w = 746, .box_w = 46, .box_h = 64, .ofs_x = 0, .ofs_y = 0},
    {.bitmap_index = 31098, .adv_w = 746, .box_w = 46, .box_h = 63, .ofs_x = 0, .ofs_y = 0},
    {.bitmap_index = 31663, .adv_w = 746, .box_w = 46, .box_h = 60, .ofs_x = 0, .ofs_y = 0},
    {.bitmap_index = 32213, .adv_w = 746, .box_w = 46, .box_h = 60, .ofs_x = 0, .ofs_y = 0},
    {.bitmap_index = 32776, .adv_w = 746, .box_w = 46, .box_h = 59, .ofs_x = 0, .ofs_y = 0},
    {.bitmap_index = 33317, .adv_w = 1018, .box_w = 62, .box_h = 46, .ofs_x = 0, .ofs_y = 0},
    {.bitmap_index = 33626, .adv_w = 706, .box_w = 41, .box_h = 61, .ofs_x = 2, .ofs_y = -14},
    {.bitmap_index = 34150, .adv_w = 630, .box_w = 33, .box_h = 64, .ofs_x = 4, .ofs_y = 0},
    {.bitmap_index = 34359, .adv_w = 630, .box_w = 33, .box_h = 64, .ofs_x = 4, .ofs_y = 0},
    {.bitmap_index = 34570, .adv_w = 630, .box_w = 33, .box_h = 63, .ofs_x = 4, .ofs_y = 0},
    {.bitmap_index = 34810, .adv_w = 630, .box_w = 33, .box_h = 60, .ofs_x = 4, .ofs_y = 0},
    {.bitmap_index = 35040, .adv_w = 300, .box_w = 16, .box_h = 64, .ofs_x = 0, .ofs_y = 0},
    {.bitmap_index = 35163, .adv_w = 300, .box_w = 17, .box_h = 64, .ofs_x = 1, .ofs_y = 0},
    {.bitmap_index = 35289, .adv_w = 300, .box_w = 25, .box_h = 63, .ofs_x = -3, .ofs_y = 0},
    {.bitmap_index = 35464, .adv_w = 300, .box_w = 25, .box_h = 60, .ofs_x = -3, .ofs_y = 0},
    {.bitmap_index = 35630, .adv_w = 793, .box_w = 47, .box_h = 46, .ofs_x = 1, .ofs_y = 0},
    {.bitmap_index = 35955, .adv_w = 756, .box_w = 39, .box_h = 60, .ofs_x = 4, .ofs_y = 0},
    {.bitmap_index = 36316, .adv_w = 825, .box_w = 48, .box_h = 66, .ofs_x = 2, .ofs_y = -1},
    {.bitmap_index = 36936, .adv_w = 825, .box_w = 48, .box_h = 66, .ofs_x = 2, .ofs_y = -1},
    {.bitmap_index = 37560, .adv_w = 825, .box_w = 48, .box_h = 64, .ofs_x = 2, .ofs_y = -1},
    {.bitmap_index = 38217, .adv_w = 825, .box_w = 48, .box_h = 61, .ofs_x = 2, .ofs_y = -1},
    {.bitmap_index = 38856, .adv_w = 825, .box_w = 48, .box_h = 62, .ofs_x = 2, .ofs_y = -1},
    {.bitmap_index = 39511, .adv_w = 577, .box_w = 31, .box_h = 31, .ofs_x = 3, .ofs_y = 6},
    {.bitmap_index = 39808, .adv_w = 825, .box_w = 49, .box_h = 50, .ofs_x = 1, .ofs_y = -2},
    {.bitmap_index = 40431, .adv_w = 719, .box_w = 39, .box_h = 65, .ofs_x = 3, .ofs_y = -1},
    {.bitmap_index = 40783, .adv_w = 719, .box_w = 39, .box_h = 65, .ofs_x = 3, .ofs_y = -1},
    {.bitmap_index = 41132, .adv_w = 719, .box_w = 39, .box_h = 64, .ofs_x = 3, .ofs_y = -1},
    {.bitmap_index = 41515, .adv_w = 719, .box_w = 39, .box_h = 62, .ofs_x = 3, .ofs_y = -1},
    {.bitmap_index = 41893, .adv_w = 703, .box_w = 44, .box_h = 64, .ofs_x = 0, .ofs_y = 0},
    {.bitmap_index = 42317, .adv_w = 643, .box_w = 35, .box_h = 46, .ofs_x = 4, .ofs_y = 0},
    {.bitmap_index = 42536, .adv_w = 606, .box_w = 34, .box_h = 49, .ofs_x = 3, .ofs_y = -1},
    {.bitmap_index = 42904, .adv_w = 609, .box_w = 34, .box_h = 50, .ofs_x = 1, .ofs_y = -1},
    {.bitmap_index = 43268, .adv_w = 609, .box_w = 34, .box_h = 50, .ofs_x = 1, .ofs_y = -1},
    {.bitmap_index = 43633, .adv_w = 609, .box_w = 34, .box_h = 50, .ofs_x = 1, .ofs_y = -1},
    {.bitmap_index = 44037, .adv_w = 609, .box_w = 34, .box_h = 47, .ofs_x = 1, .ofs_y = -1},
    {.bitmap_index = 44419, .adv_w = 609, .box_w = 34, .box_h = 48, .ofs_x = 1, .ofs_y = -1},
    {.bitmap_index = 44811, .adv_w = 609, .box_w = 34, .box_h = 52, .ofs_x = 1, .ofs_y = -1},
    {.bitmap_index = 45221, .adv_w = 957, .box_w = 58, .box_h = 33, .ofs_x = 1, .ofs_y = -1},
    {.bitmap_index = 45660, .adv_w = 508, .box_w = 30, .box_h = 46, .ofs_x = 1, .ofs_y = -14},
    {.bitmap_index = 46031, .adv_w = 561, .box_w = 33, .box_h = 50, .ofs_x = 1, .ofs_y = -1},
    {.bitmap_index = 46408, .adv_w = 561, .box_w = 33, .box_h = 50, .ofs_x = 1, .ofs_y = -1},
    {.bitmap_index = 46785, .adv_w = 561, .box_w = 33, .box_h = 50, .ofs_x = 1, .ofs_y = -1},
    {.bitmap_index = 47196, .adv_w = 561, .box_w = 33, .box_h = 48, .ofs_x = 1, .ofs_y = -1},
    {.bitmap_index = 47595, .adv_w = 267, .box_w = 16, .box_h = 49, .ofs_x = -1, .ofs_y = 0},
    {.bitmap_index = 47706, .adv_w = 267, .box_w = 17, .box_h = 49, .ofs_x = 0, .ofs_y = 0},
    {.bitmap_index = 47818, .adv_w = 267, .box_w = 25, .box_h = 48, .ofs_x = -4, .ofs_y = 0},
    {.bitmap_index = 47975, .adv_w = 267, .box_w = 25, .box_h = 47, .ofs_x = -4, .ofs_y = 0},
    {.bitmap_index = 48124, .adv_w = 587, .box_w = 35, .box_h = 47, .ofs_x = 1, .ofs_y = -1},
    {.bitmap_index = 48564, .adv_w = 586, .box_w = 31, .box_h = 46, .ofs_x = 3, .ofs_y = 0},
    {.bitmap_index = 48808, .adv_w = 590, .box_w = 35, .box_h = 50, .ofs_x = 1, .ofs_y = -1},
    {.bitmap_index = 49216, .adv_w = 590, .box_w = 35, .box_h = 50, .ofs_x = 1, .ofs_y = -1},
    {.bitmap_index = 49623, .adv_w = 590, .box_w = 35, .box_h = 50, .ofs_x = 1, .ofs_y = -1},
    {.bitmap_index = 50072, .adv_w = 590, .box_w = 35, .box_h = 47, .ofs_x = 1, .ofs_y = -1},
    {.bitmap_index = 50498, .adv_w = 590, .box_w = 35, .box_h = 48, .ofs_x = 1, .ofs_y = -1},
    {.bitmap_index = 50934, .adv_w = 577, .box_w = 30, .box_h = 35, .ofs_x = 3, .ofs_y = 4},
    {.bitmap_index = 51105, .adv_w = 590, .box_w = 35, .box_h = 35, .ofs_x = 1, .ofs_y = -2},
    {.bitmap_index = 51460, .adv_w = 552, .box_w = 30, .box_h = 50, .ofs_x = 2, .ofs_y = -1},
    {.bitmap_index = 51709, .adv_w = 552, .box_w = 30, .box_h = 50, .ofs_x = 2, .ofs_y = -1},
    {.bitmap_index = 51962, .adv_w = 552, .box_w = 30, .box_h = 50, .ofs_x = 2, .ofs_y = -1},
    {.bitmap_index = 52243, .adv_w = 552, .box_w = 30, .box_h = 48, .ofs_x = 2, .ofs_y = -1},
    {.bitmap_index = 52512, .adv_w = 547, .box_w = 34, .box_h = 63, .ofs_x = 0, .ofs_y = -14},
    {.bitmap_index = 52982, .adv_w = 609, .box_w = 34, .box_h = 60, .ofs_x = 3, .ofs_y = -13},
    {.bitmap_index = 53280, .adv_w = 547, .box_w = 34, .box_h = 61, .ofs_x = 0, .ofs_y = -14}
};

/*---------------------
 *  CHARACTER MAPPING
 *--------------------*/



/*Collect the unicode lists and glyph_id offsets*/
static const lv_font_fmt_txt_cmap_t cmaps[] =
{
    {
        .range_start = 32, .range_length = 95, .glyph_id_start = 1,
        .unicode_list = NULL, .glyph_id_ofs_list = NULL, .list_length = 0, .type = LV_FONT_FMT_TXT_CMAP_FORMAT0_TINY
    },
    {
        .range_start = 160, .range_length = 13, .glyph_id_start = 96,
        .unicode_list = NULL, .glyph_id_ofs_list = NULL, .list_length = 0, .type = LV_FONT_FMT_TXT_CMAP_FORMAT0_TINY
    },
    {
        .range_start = 174, .range_length = 82, .glyph_id_start = 109,
        .unicode_list = NULL, .glyph_id_ofs_list = NULL, .list_length = 0, .type = LV_FONT_FMT_TXT_CMAP_FORMAT0_TINY
    }
};



/*--------------------
 *  ALL CUSTOM DATA
 *--------------------*/

#if LVGL_VERSION_MAJOR == 8
/*Store all the custom data of the font*/
static  lv_font_fmt_txt_glyph_cache_t cache;
#endif

#if LVGL_VERSION_MAJOR >= 8
static const lv_font_fmt_txt_dsc_t font_dsc = {
#else
static lv_font_fmt_txt_dsc_t font_dsc = {
#endif
    .glyph_bitmap = glyph_bitmap,
    .glyph_dsc = glyph_dsc,
    .cmaps = cmaps,
    .kern_dsc = NULL,
    .kern_scale = 0,
    .cmap_num = 3,
    .bpp = 4,
    .kern_classes = 0,
    .bitmap_format = 1,
#if LVGL_VERSION_MAJOR == 8
    .cache = &cache
#endif
};



/*-----------------
 *  PUBLIC FONT
 *----------------*/

/*Initialize a public general font descriptor*/
#if LVGL_VERSION_MAJOR >= 8
const lv_font_t fv_outfit_64 = {
#else
lv_font_t fv_outfit_64 = {
#endif
    .get_glyph_dsc = lv_font_get_glyph_dsc_fmt_txt,    /*Function pointer to get glyph's data*/
    .get_glyph_bitmap = lv_font_get_bitmap_fmt_txt,    /*Function pointer to get glyph's bitmap*/
    .line_height = 80,          /*The maximum line height required by the font*/
    .base_line = 15,             /*Baseline measured from the bottom of the line*/
#if !(LVGL_VERSION_MAJOR == 6 && LVGL_VERSION_MINOR == 0)
    .subpx = LV_FONT_SUBPX_NONE,
#endif
#if LV_VERSION_CHECK(7, 4, 0) || LVGL_VERSION_MAJOR >= 8
    .underline_position = -6,
    .underline_thickness = 3,
#endif
    .dsc = &font_dsc,          /*The custom font data. Will be accessed by `get_glyph_bitmap/dsc` */
#if LV_VERSION_CHECK(8, 2, 0) || LVGL_VERSION_MAJOR >= 9
    .fallback = NULL,
#endif
    .user_data = NULL,
};



#endif /*#if FV_OUTFIT_64*/

